Lockfile is up to date, resolution step is skipped
Already up to date

. prepare$ husky || true
. prepare: Done
Done in 1.3s using pnpm v11.1.2
$ next build && node scripts/security/csp-shell-gate.mjs
▲ Next.js 16.3.3 (Turbopack)
- Environments: .env.local
✓ Running next.config.ts took 521ms
- Cache Components enabled
- Experiments (use with caution):
  · optimizePackageImports
  · serverActions

  Creating an optimized production build ...
✓ Compiled successfully in 49s
  Running next.config.js provided runAfterProductionCompile ...
✓ Completed runAfterProductionCompile in 8.9s
  Running TypeScript ...
✓ Finished writing to filesystem cache in 58s
  Finished TypeScript in 108s ...
  Collecting page data using 7 workers ...
(node:37846) ExperimentalWarning: The supports Web Crypto API method is an experimental feature and might change at any time
(Use `node --trace-warnings ...` to show where the warning was created)
(node:37846) ExperimentalWarning: The ML-DSA-44 Web Crypto API algorithm is an experimental feature and might change at any time
{"ts":"2026-10-07T14:21:39.711Z","level":"warn","event":"db.query_slow","request_id":null,"method":"GET","target":"categories","status":200,"duration_ms":3461,"threshold_ms":300}
{"ts":"2026-10-07T14:21:39.726Z","level":"warn","event":"db.query_slow","request_id":null,"method":"GET","target":"suppliers","status":200,"duration_ms":3324,"threshold_ms":300}
{"ts":"2026-10-07T14:21:39.742Z","level":"warn","event":"db.query_slow","request_id":null,"method":"GET","target":"coupon_deals","status":200,"duration_ms":3567,"threshold_ms":300}
{"ts":"2026-10-07T14:21:39.778Z","level":"warn","event":"db.query_slow","request_id":null,"method":"GET","target":"products","status":200,"duration_ms":3196,"threshold_ms":300}
{"ts":"2026-10-07T14:21:39.800Z","level":"warn","event":"db.query_slow","request_id":null,"method":"GET","target":"products","status":200,"duration_ms":3277,"threshold_ms":300}
  Generating static pages using 7 workers (0/291) ...
{"ts":"2026-10-07T14:21:41.824Z","level":"warn","event":"db.query_slow","request_id":null,"method":"GET","target":"products","status":200,"duration_ms":1310,"threshold_ms":300}
{"ts":"2026-10-07T14:21:41.845Z","level":"warn","event":"db.query_slow","request_id":null,"method":"GET","target":"products","status":200,"duration_ms":986,"threshold_ms":300}
{"ts":"2026-10-07T14:21:41.848Z","level":"warn","event":"db.query_slow","request_id":null,"method":"GET","target":"products","status":200,"duration_ms":1120,"threshold_ms":300}
{"ts":"2026-10-07T14:21:41.853Z","level":"warn","event":"db.query_slow","request_id":null,"method":"GET","target":"products","status":200,"duration_ms":1113,"threshold_ms":300}
{"ts":"2026-10-07T14:21:41.855Z","level":"warn","event":"db.query_slow","request_id":null,"method":"GET","target":"products","status":200,"duration_ms":1114,"threshold_ms":300}
{"ts":"2026-10-07T14:21:41.859Z","level":"warn","event":"db.query_slow","request_id":null,"method":"GET","target":"products","status":200,"duration_ms":1008,"threshold_ms":300}
{"ts":"2026-10-07T14:21:41.867Z","level":"warn","event":"db.query_slow","request_id":null,"method":"GET","target":"products","status":200,"duration_ms":1019,"threshold_ms":300}
{"ts":"2026-10-07T14:21:41.873Z","level":"warn","event":"db.query_slow","request_id":null,"method":"GET","target":"products","status":200,"duration_ms":1011,"threshold_ms":300}
{"ts":"2026-10-07T14:21:41.882Z","level":"warn","event":"db.query_slow","request_id":null,"method":"GET","target":"products","status":200,"duration_ms":1132,"threshold_ms":300}
{"ts":"2026-10-07T14:21:41.884Z","level":"warn","event":"db.query_slow","request_id":null,"method":"GET","target":"products","status":200,"duration_ms":1150,"threshold_ms":300}
{"ts":"2026-10-07T14:21:41.887Z","level":"warn","event":"db.query_slow","request_id":null,"method":"GET","target":"products","status":200,"duration_ms":1002,"threshold_ms":300}
{"ts":"2026-10-07T14:21:41.889Z","level":"warn","event":"db.query_slow","request_id":null,"method":"GET","target":"products","status":200,"duration_ms":1153,"threshold_ms":300}
{"ts":"2026-10-07T14:21:41.894Z","level":"warn","event":"db.query_slow","request_id":null,"method":"GET","target":"products","status":200,"duration_ms":1147,"threshold_ms":300}
{"ts":"2026-10-07T14:21:41.920Z","level":"warn","event":"db.query_slow","request_id":null,"method":"GET","target":"products","status":200,"duration_ms":1348,"threshold_ms":300}
{"ts":"2026-10-07T14:21:41.921Z","level":"warn","event":"db.query_slow","request_id":null,"method":"GET","target":"products","status":200,"duration_ms":1191,"threshold_ms":300}
{"ts":"2026-10-07T14:21:41.933Z","level":"warn","event":"db.query_slow","request_id":null,"method":"GET","target":"products","status":200,"duration_ms":540,"threshold_ms":300}
{"ts":"2026-10-07T14:21:42.101Z","level":"warn","event":"db.query_slow","request_id":null,"method":"GET","target":"coupon_deals","status":200,"duration_ms":1577,"threshold_ms":300}
{"ts":"2026-10-07T14:21:42.108Z","level":"warn","event":"db.query_slow","request_id":null,"method":"GET","target":"coupon_deals","status":200,"duration_ms":1269,"threshold_ms":300}
{"ts":"2026-10-07T14:21:42.222Z","level":"warn","event":"db.query_slow","request_id":null,"method":"GET","target":"products","status":200,"duration_ms":772,"threshold_ms":300}
{"ts":"2026-10-07T14:21:42.224Z","level":"warn","event":"db.query_slow","request_id":null,"method":"GET","target":"products","status":200,"duration_ms":715,"threshold_ms":300}
{"ts":"2026-10-07T14:21:42.226Z","level":"warn","event":"db.query_slow","request_id":null,"method":"GET","target":"products","status":200,"duration_ms":719,"threshold_ms":300}
{"ts":"2026-10-07T14:21:42.227Z","level":"warn","event":"db.query_slow","request_id":null,"method":"GET","target":"products","status":200,"duration_ms":730,"threshold_ms":300}
{"ts":"2026-10-07T14:21:42.228Z","level":"warn","event":"db.query_slow","request_id":null,"method":"GET","target":"products","status":200,"duration_ms":739,"threshold_ms":300}
{"ts":"2026-10-07T14:21:42.354Z","level":"warn","event":"db.query_slow","request_id":null,"method":"GET","target":"products","status":200,"duration_ms":1472,"threshold_ms":300}
{"ts":"2026-10-07T14:21:42.564Z","level":"warn","event":"db.query_slow","request_id":null,"method":"GET","target":"coupon_deals","status":200,"duration_ms":1599,"threshold_ms":300}
{"ts":"2026-10-07T14:21:42.564Z","level":"warn","event":"db.query_slow","request_id":null,"method":"GET","target":"product_variants","status":200,"duration_ms":619,"threshold_ms":300}
{"ts":"2026-10-07T14:21:42.566Z","level":"warn","event":"db.query_slow","request_id":null,"method":"GET","target":"products","status":400,"duration_ms":606,"threshold_ms":300}
{"ts":"2026-10-07T14:21:42.568Z","level":"warn","event":"db.query_slow","request_id":null,"method":"GET","target":"suppliers","status":200,"duration_ms":604,"threshold_ms":300}
{"ts":"2026-10-07T14:21:42.569Z","level":"warn","event":"db.query_slow","request_id":null,"method":"GET","target":"products","status":400,"duration_ms":559,"threshold_ms":300}
{"ts":"2026-10-07T14:21:42.570Z","level":"warn","event":"db.query_slow","request_id":null,"method":"GET","target":"products","status":400,"duration_ms":606,"threshold_ms":300}
{"ts":"2026-10-07T14:21:42.571Z","level":"warn","event":"db.query_slow","request_id":null,"method":"GET","target":"media_assets","status":200,"duration_ms":612,"threshold_ms":300}
{"ts":"2026-10-07T14:21:42.574Z","level":"warn","event":"db.query_slow","request_id":null,"method":"GET","target":"coupon_deals","status":200,"duration_ms":1744,"threshold_ms":300}
{"ts":"2026-10-07T14:21:42.730Z","level":"warn","event":"db.query_slow","request_id":null,"method":"GET","target":"product_variants","status":200,"duration_ms":380,"threshold_ms":300}
{"ts":"2026-10-07T14:21:42.731Z","level":"warn","event":"db.query_slow","request_id":null,"method":"POST","target":"rpc:product_rating_summary","status":404,"duration_ms":479,"threshold_ms":300}
{"ts":"2026-10-07T14:21:42.733Z","level":"warn","event":"db.query_slow","request_id":null,"method":"GET","target":"suppliers","status":200,"duration_ms":482,"threshold_ms":300}
{"ts":"2026-10-07T14:21:42.734Z","level":"warn","event":"db.query_slow","request_id":null,"method":"POST","target":"rpc:product_rating_summary","status":404,"duration_ms":757,"threshold_ms":300}
{"ts":"2026-10-07T14:21:42.738Z","level":"warn","event":"db.query_slow","request_id":null,"method":"GET","target":"products","status":200,"duration_ms":487,"threshold_ms":300}
{"ts":"2026-10-07T14:21:42.739Z","level":"warn","event":"db.query_slow","request_id":null,"method":"GET","target":"suppliers","status":200,"duration_ms":762,"threshold_ms":300}
{"ts":"2026-10-07T14:21:42.740Z","level":"warn","event":"db.query_slow","request_id":null,"method":"GET","target":"products","status":200,"duration_ms":763,"threshold_ms":300}
{"ts":"2026-10-07T14:21:42.741Z","level":"warn","event":"db.query_slow","request_id":null,"method":"GET","target":"product_variants","status":200,"duration_ms":491,"threshold_ms":300}
{"ts":"2026-10-07T14:21:42.747Z","level":"warn","event":"db.query_slow","request_id":null,"method":"GET","target":"products","status":200,"duration_ms":769,"threshold_ms":300}
{"ts":"2026-10-07T14:21:42.760Z","level":"warn","event":"db.query_slow","request_id":null,"method":"GET","target":"media_assets","status":200,"duration_ms":508,"threshold_ms":300}
{"ts":"2026-10-07T14:21:42.764Z","level":"warn","event":"db.query_slow","request_id":null,"method":"GET","target":"products","status":200,"duration_ms":513,"threshold_ms":300}
{"ts":"2026-10-07T14:21:42.780Z","level":"warn","event":"db.query_slow","request_id":null,"method":"GET","target":"suppliers","status":200,"duration_ms":517,"threshold_ms":300}
  Generating static pages using 7 workers (72/291) 
{"ts":"2026-10-07T14:21:43.039Z","level":"warn","event":"db.query_slow","request_id":null,"method":"GET","target":"products","status":200,"duration_ms":471,"threshold_ms":300}
{"ts":"2026-10-07T14:21:43.041Z","level":"warn","event":"db.query_slow","request_id":null,"method":"GET","target":"products","status":200,"duration_ms":470,"threshold_ms":300}
{"ts":"2026-10-07T14:21:43.042Z","level":"warn","event":"db.query_slow","request_id":null,"method":"GET","target":"products","status":200,"duration_ms":473,"threshold_ms":300}
{"ts":"2026-10-07T14:21:43.044Z","level":"warn","event":"db.query_slow","request_id":null,"method":"GET","target":"suppliers","status":200,"duration_ms":1085,"threshold_ms":300}
{"ts":"2026-10-07T14:21:43.045Z","level":"warn","event":"db.query_slow","request_id":null,"method":"GET","target":"product_variants","status":200,"duration_ms":1082,"threshold_ms":300}
{"ts":"2026-10-07T14:21:43.048Z","level":"warn","event":"db.query_slow","request_id":null,"method":"GET","target":"product_variants","status":200,"duration_ms":1081,"threshold_ms":300}
{"ts":"2026-10-07T14:21:43.067Z","level":"warn","event":"db.query_slow","request_id":null,"method":"GET","target":"suppliers","status":200,"duration_ms":1078,"threshold_ms":300}
{"ts":"2026-10-07T14:21:43.086Z","level":"warn","event":"db.query_slow","request_id":null,"method":"GET","target":"media_assets","status":200,"duration_ms":1122,"threshold_ms":300}
{"ts":"2026-10-07T14:21:43.110Z","level":"warn","event":"db.query_slow","request_id":null,"method":"GET","target":"media_assets","status":200,"duration_ms":1115,"threshold_ms":300}
{"ts":"2026-10-07T14:21:43.116Z","level":"warn","event":"db.query_slow","request_id":null,"method":"POST","target":"rpc:product_rating_summary","status":404,"duration_ms":1121,"threshold_ms":300}
{"ts":"2026-10-07T14:21:43.119Z","level":"warn","event":"db.query_slow","request_id":null,"method":"POST","target":"rpc:product_rating_summary","status":404,"duration_ms":1160,"threshold_ms":300}
{"ts":"2026-10-07T14:21:43.163Z","level":"warn","event":"db.query_slow","request_id":null,"method":"GET","target":"products","status":400,"duration_ms":1186,"threshold_ms":300}
{"ts":"2026-10-07T14:21:43.172Z","level":"warn","event":"db.query_slow","request_id":null,"method":"POST","target":"rpc:product_rating_summary","status":404,"duration_ms":1208,"threshold_ms":300}
{"ts":"2026-10-07T14:21:43.194Z","level":"warn","event":"db.query_slow","request_id":null,"method":"GET","target":"product_variants","status":200,"duration_ms":1169,"threshold_ms":300}
(node:37844) ExperimentalWarning: The supports Web Crypto API method is an experimental feature and might change at any time
(Use `node --trace-warnings ...` to show where the warning was created)
(node:37844) ExperimentalWarning: The ML-DSA-44 Web Crypto API algorithm is an experimental feature and might change at any time
{"ts":"2026-10-07T14:21:43.654Z","level":"error","event":"db.query_failed","request_id":null,"method":"GET","target":"referral_program_settings","duration_ms":153,"err":{"name":"Error","message":"During prerendering, fetch() rejects when the prerender is complete. Typically these errors are handled by React but if you move fetch() to a different context by using `setTimeout`, `after`, or similar functions you may observe this error and you should handle it in that context. This occurred at route \"/account/referrals\".","stack":"Error: During prerendering, fetch() rejects when the prerender is complete. Typically these errors are handled by React but if you move fetch() to a different context by using `setTimeout`, `after`, or similar functions you may observe this error and you should handle it in that context. This occurred at route \"/account/referrals\".\n    at eu (/Users/ofir/kenyonexpress-autopilot/.next/server/chunks/[root-of-the-server]__1jlk8z1._.js:2:58687)\n    at /Users/ofir/kenyonexpress-autopilot/.next/server/chunks/[root-of-the-server]__1jlk8z1._.js:2:87004\n    at /Users/ofir/kenyonexpress-autopilot/.next/server/chunks/[root-of-the-server]__1jlk8z1._.js:2:54057\n    at /Users/ofir/kenyonexpress-autopilot/.next/server/chunks/[root-of-the-server]__1jlk8z1._.js:2:54347\n    at Object.with (/Users/ofir/kenyonexpress-autopilot/.next/server/chunks/[root-of-the-server]__1jlk8z1._.js:2:4124)\n    at S.with (/Users/ofir/kenyonexpress-autopilot/.next/server/chunks/[root-of-the-server]__1jlk8z1._.js:2:4450)\n    at G.startActiveSpan (/Users/ofir/kenyonexpress-autopilot/.next/server/chunks/[root-of-the-server]__1jlk8z1._.js:2:6806)\n    at H.startActiveSpan (/Users/ofir/kenyonexpress-autopilot/.next/server/chunks/[root-of-the-server]__1jlk8z1._.js:2:7045)\n    at e.runWithActiveSpan (/Users/ofir/kenyonexpress-autopilot/.next/server/chunks/[root-of-the-server]__1jlk8z1._.js:2:54324)\n    at /Users/ofir/kenyonexpress-autopilot/.next/server/chunks/[root-of-the-server]__1jlk8z1._.js:2:53577\n    at Object.with (/Users/ofir/kenyonexpress-autopilot/.next/server/chunks/[root-of-the-server]__1jlk8z1._.js:2:4124)\n    at S.with (/Users/ofir/kenyonexpress-autopilot/.next/server/chunks/[root-of-the-server]__1jlk8z1._.js:2:4450)\n    at e.trace (/Users/ofir/kenyonexpress-autopilot/.next/server/chunks/[root-of-the-server]__1jlk8z1._.js:2:53551)\n    at fetch (/Users/ofir/kenyonexpress-autopilot/.next/server/chunks/[root-of-the-server]__1jlk8z1._.js:2:84044)\n    at /Users/ofir/kenyonexpress-autopilot/.next/server/c","digest":"HANGING_PROMISE_REJECTION"}}
{"ts":"2026-10-07T14:21:43.902Z","level":"error","event":"db.query_failed","request_id":null,"method":"GET","target":"referral_program_settings","duration_ms":43,"err":{"name":"Error","message":"During prerendering, fetch() rejects when the prerender is complete. Typically these errors are handled by React but if you move fetch() to a different context by using `setTimeout`, `after`, or similar functions you may observe this error and you should handle it in that context. This occurred at route \"/account/referrals\".","stack":"Error: During prerendering, fetch() rejects when the prerender is complete. Typically these errors are handled by React but if you move fetch() to a different context by using `setTimeout`, `after`, or similar functions you may observe this error and you should handle it in that context. This occurred at route \"/account/referrals\".\n    at eu (/Users/ofir/kenyonexpress-autopilot/.next/server/chunks/[root-of-the-server]__1jlk8z1._.js:2:58687)\n    at /Users/ofir/kenyonexpress-autopilot/.next/server/chunks/[root-of-the-server]__1jlk8z1._.js:2:87004\n    at /Users/ofir/kenyonexpress-autopilot/.next/server/chunks/[root-of-the-server]__1jlk8z1._.js:2:54057\n    at /Users/ofir/kenyonexpress-autopilot/.next/server/chunks/[root-of-the-server]__1jlk8z1._.js:2:54347\n    at Object.with (/Users/ofir/kenyonexpress-autopilot/.next/server/chunks/[root-of-the-server]__1jlk8z1._.js:2:4124)\n    at S.with (/Users/ofir/kenyonexpress-autopilot/.next/server/chunks/[root-of-the-server]__1jlk8z1._.js:2:4450)\n    at G.startActiveSpan (/Users/ofir/kenyonexpress-autopilot/.next/server/chunks/[root-of-the-server]__1jlk8z1._.js:2:6806)\n    at H.startActiveSpan (/Users/ofir/kenyonexpress-autopilot/.next/server/chunks/[root-of-the-server]__1jlk8z1._.js:2:7045)\n    at e.runWithActiveSpan (/Users/ofir/kenyonexpress-autopilot/.next/server/chunks/[root-of-the-server]__1jlk8z1._.js:2:54324)\n    at /Users/ofir/kenyonexpress-autopilot/.next/server/chunks/[root-of-the-server]__1jlk8z1._.js:2:53577\n    at Object.with (/Users/ofir/kenyonexpress-autopilot/.next/server/chunks/[root-of-the-server]__1jlk8z1._.js:2:4124)\n    at S.with (/Users/ofir/kenyonexpress-autopilot/.next/server/chunks/[root-of-the-server]__1jlk8z1._.js:2:4450)\n    at e.trace (/Users/ofir/kenyonexpress-autopilot/.next/server/chunks/[root-of-the-server]__1jlk8z1._.js:2:53551)\n    at fetch (/Users/ofir/kenyonexpress-autopilot/.next/server/chunks/[root-of-the-server]__1jlk8z1._.js:2:84044)\n    at /Users/ofir/kenyonexpress-autopilot/.next/server/c","digest":"HANGING_PROMISE_REJECTION"}}
{"ts":"2026-10-07T14:21:43.920Z","level":"warn","event":"db.query_slow","request_id":null,"method":"POST","target":"rpc:product_rating_summary","status":404,"duration_ms":1885,"threshold_ms":300}
{"ts":"2026-10-07T14:21:43.922Z","level":"warn","event":"db.query_slow","request_id":null,"method":"GET","target":"products","status":200,"duration_ms":776,"threshold_ms":300}
{"ts":"2026-10-07T14:21:43.923Z","level":"warn","event":"db.query_slow","request_id":null,"method":"GET","target":"products","status":400,"duration_ms":1536,"threshold_ms":300}
{"ts":"2026-10-07T14:21:43.926Z","level":"warn","event":"db.query_slow","request_id":null,"method":"POST","target":"rpc:product_rating_summary","status":404,"duration_ms":1857,"threshold_ms":300}
{"ts":"2026-10-07T14:21:43.927Z","level":"warn","event":"db.query_slow","request_id":null,"method":"GET","target":"product_variants","status":200,"duration_ms":1893,"threshold_ms":300}
{"ts":"2026-10-07T14:21:43.929Z","level":"warn","event":"db.query_slow","request_id":null,"method":"GET","target":"products","status":200,"duration_ms":725,"threshold_ms":300}
{"ts":"2026-10-07T14:21:43.930Z","level":"warn","event":"db.query_slow","request_id":null,"method":"POST","target":"rpc:product_rating_summary","status":404,"duration_ms":1581,"threshold_ms":300}
{"ts":"2026-10-07T14:21:43.929Z","level":"warn","event":"db.query_slow","request_id":null,"method":"POST","target":"rpc:product_rating_summary","status":404,"duration_ms":1665,"threshold_ms":300}
{"ts":"2026-10-07T14:21:43.932Z","level":"warn","event":"db.query_slow","request_id":null,"method":"POST","target":"rpc:product_rating_summary","status":404,"duration_ms":1545,"threshold_ms":300}
{"ts":"2026-10-07T14:21:43.932Z","level":"warn","event":"db.query_slow","request_id":null,"method":"GET","target":"media_assets","status":200,"duration_ms":1863,"threshold_ms":300}
{"ts":"2026-10-07T14:21:43.933Z","level":"warn","event":"db.query_slow","request_id":null,"method":"GET","target":"media_assets","status":200,"duration_ms":1546,"threshold_ms":300}
{"ts":"2026-10-07T14:21:43.935Z","level":"warn","event":"db.query_slow","request_id":null,"method":"GET","target":"products","status":400,"duration_ms":1900,"threshold_ms":300}
{"ts":"2026-10-07T14:21:43.936Z","level":"warn","event":"db.query_slow","request_id":null,"method":"GET","target":"products","status":400,"duration_ms":1866,"threshold_ms":300}
{"ts":"2026-10-07T14:21:43.937Z","level":"warn","event":"db.query_slow","request_id":null,"method":"GET","target":"product_variants","status":200,"duration_ms":1868,"threshold_ms":300}
{"ts":"2026-10-07T14:21:43.939Z","level":"warn","event":"db.query_slow","request_id":null,"method":"GET","target":"products","status":400,"duration_ms":1589,"threshold_ms":300}
{"ts":"2026-10-07T14:21:43.940Z","level":"warn","event":"db.query_slow","request_id":null,"method":"GET","target":"media_assets","status":200,"duration_ms":1905,"threshold_ms":300}
{"ts":"2026-10-07T14:21:43.941Z","level":"warn","event":"db.query_slow","request_id":null,"method":"GET","target":"suppliers","status":200,"duration_ms":1591,"threshold_ms":300}
{"ts":"2026-10-07T14:21:43.947Z","level":"warn","event":"db.query_slow","request_id":null,"method":"GET","target":"products","status":400,"duration_ms":1921,"threshold_ms":300}
{"ts":"2026-10-07T14:21:43.956Z","level":"warn","event":"db.query_slow","request_id":null,"method":"GET","target":"media_assets","status":200,"duration_ms":1606,"threshold_ms":300}
{"ts":"2026-10-07T14:21:43.981Z","level":"warn","event":"db.query_slow","request_id":null,"method":"POST","target":"rpc:product_rating_summary","status":404,"duration_ms":1955,"threshold_ms":300}
{"ts":"2026-10-07T14:21:44.059Z","level":"warn","event":"db.query_slow","request_id":null,"method":"GET","target":"products","status":200,"duration_ms":890,"threshold_ms":300}
{"ts":"2026-10-07T14:21:44.060Z","level":"warn","event":"db.query_slow","request_id":null,"method":"GET","target":"media_assets","status":200,"duration_ms":2034,"threshold_ms":300}
{"ts":"2026-10-07T14:21:44.087Z","level":"warn","event":"db.query_slow","request_id":null,"method":"GET","target":"products","status":200,"duration_ms":889,"threshold_ms":300}
{"ts":"2026-10-07T14:21:44.142Z","level":"warn","event":"db.query_slow","request_id":null,"method":"GET","target":"suppliers","status":200,"duration_ms":2117,"threshold_ms":300}
{"ts":"2026-10-07T14:21:44.145Z","level":"warn","event":"db.query_slow","request_id":null,"method":"GET","target":"suppliers","status":200,"duration_ms":1758,"threshold_ms":300}
{"ts":"2026-10-07T14:21:44.557Z","level":"warn","event":"db.query_slow","request_id":null,"method":"GET","target":"categories","status":200,"duration_ms":791,"threshold_ms":300}
{"ts":"2026-10-07T14:21:44.559Z","level":"warn","event":"db.query_slow","request_id":null,"method":"GET","target":"products","status":200,"duration_ms":622,"threshold_ms":300}
{"ts":"2026-10-07T14:21:44.559Z","level":"warn","event":"db.query_slow","request_id":null,"method":"GET","target":"categories","status":200,"duration_ms":790,"threshold_ms":300}
{"ts":"2026-10-07T14:21:44.560Z","level":"warn","event":"db.query_slow","request_id":null,"method":"GET","target":"products","status":200,"duration_ms":625,"threshold_ms":300}
{"ts":"2026-10-07T14:21:44.561Z","level":"warn","event":"db.query_slow","request_id":null,"method":"GET","target":"categories","status":200,"duration_ms":804,"threshold_ms":300}
{"ts":"2026-10-07T14:21:44.561Z","level":"warn","event":"db.query_slow","request_id":null,"method":"GET","target":"suppliers","status":200,"duration_ms":2527,"threshold_ms":300}
{"ts":"2026-10-07T14:21:44.741Z","level":"warn","event":"db.query_slow","request_id":null,"method":"GET","target":"products","status":200,"duration_ms":817,"threshold_ms":300}
{"ts":"2026-10-07T14:21:44.742Z","level":"warn","event":"db.query_slow","request_id":null,"method":"GET","target":"products","status":200,"duration_ms":792,"threshold_ms":300}
{"ts":"2026-10-07T14:21:44.743Z","level":"warn","event":"db.query_slow","request_id":null,"method":"GET","target":"products","status":200,"duration_ms":804,"threshold_ms":300}
{"ts":"2026-10-07T14:21:44.744Z","level":"warn","event":"db.query_slow","request_id":null,"method":"GET","target":"products","status":200,"duration_ms":802,"threshold_ms":300}
{"ts":"2026-10-07T14:21:44.747Z","level":"warn","event":"db.query_slow","request_id":null,"method":"GET","target":"products","status":400,"duration_ms":2495,"threshold_ms":300}
{"ts":"2026-10-07T14:21:44.770Z","level":"warn","event":"db.query_slow","request_id":null,"method":"GET","target":"products","status":200,"duration_ms":2507,"threshold_ms":300}
{"ts":"2026-10-07T14:21:44.774Z","level":"warn","event":"db.query_slow","request_id":null,"method":"GET","target":"products","status":400,"duration_ms":2510,"threshold_ms":300}
{"ts":"2026-10-07T14:21:44.780Z","level":"warn","event":"db.query_slow","request_id":null,"method":"GET","target":"products","status":200,"duration_ms":842,"threshold_ms":300}
{"ts":"2026-10-07T14:21:44.782Z","level":"warn","event":"db.query_slow","request_id":null,"method":"GET","target":"product_variants","status":200,"duration_ms":2396,"threshold_ms":300}
{"ts":"2026-10-07T14:21:44.794Z","level":"warn","event":"db.query_slow","request_id":null,"method":"GET","target":"media_assets","status":200,"duration_ms":2532,"threshold_ms":300}
{"ts":"2026-10-07T14:21:44.797Z","level":"warn","event":"db.query_slow","request_id":null,"method":"GET","target":"products","status":200,"duration_ms":734,"threshold_ms":300}
{"ts":"2026-10-07T14:21:44.803Z","level":"warn","event":"db.query_slow","request_id":null,"method":"GET","target":"products","status":200,"duration_ms":2540,"threshold_ms":300}
{"ts":"2026-10-07T14:21:44.804Z","level":"warn","event":"db.query_slow","request_id":null,"method":"GET","target":"product_variants","status":200,"duration_ms":2542,"threshold_ms":300}
{"ts":"2026-10-07T14:21:44.813Z","level":"warn","event":"db.query_slow","request_id":null,"method":"GET","target":"products","status":200,"duration_ms":1646,"threshold_ms":300}
{"ts":"2026-10-07T14:21:44.834Z","level":"error","event":"db.query_failed","request_id":null,"method":"POST","target":"rpc:available_stock","duration_ms":1631,"err":{"name":"Error","message":"During prerendering, fetch() rejects when the prerender is complete. Typically these errors are handled by React but if you move fetch() to a different context by using `setTimeout`, `after`, or similar functions you may observe this error and you should handle it in that context. This occurred at route \"/product/[slug]\".","stack":"Error: During prerendering, fetch() rejects when the prerender is complete. Typically these errors are handled by React but if you move fetch() to a different context by using `setTimeout`, `after`, or similar functions you may observe this error and you should handle it in that context. This occurred at route \"/product/[slug]\".\n    at eu (/Users/ofir/kenyonexpress-autopilot/.next/server/chunks/[root-of-the-server]__1jlk8z1._.js:2:58687)\n    at /Users/ofir/kenyonexpress-autopilot/.next/server/chunks/[root-of-the-server]__1jlk8z1._.js:2:87004\n    at /Users/ofir/kenyonexpress-autopilot/.next/server/chunks/[root-of-the-server]__1jlk8z1._.js:2:54057\n    at /Users/ofir/kenyonexpress-autopilot/.next/server/chunks/[root-of-the-server]__1jlk8z1._.js:2:54347\n    at Object.with (/Users/ofir/kenyonexpress-autopilot/.next/server/chunks/[root-of-the-server]__1jlk8z1._.js:2:4124)\n    at S.with (/Users/ofir/kenyonexpress-autopilot/.next/server/chunks/[root-of-the-server]__1jlk8z1._.js:2:4450)\n    at G.startActiveSpan (/Users/ofir/kenyonexpress-autopilot/.next/server/chunks/[root-of-the-server]__1jlk8z1._.js:2:6806)\n    at H.startActiveSpan (/Users/ofir/kenyonexpress-autopilot/.next/server/chunks/[root-of-the-server]__1jlk8z1._.js:2:7045)\n    at e.runWithActiveSpan (/Users/ofir/kenyonexpress-autopilot/.next/server/chunks/[root-of-the-server]__1jlk8z1._.js:2:54324)\n    at /Users/ofir/kenyonexpress-autopilot/.next/server/chunks/[root-of-the-server]__1jlk8z1._.js:2:53577\n    at Object.with (/Users/ofir/kenyonexpress-autopilot/.next/server/chunks/[root-of-the-server]__1jlk8z1._.js:2:4124)\n    at S.with (/Users/ofir/kenyonexpress-autopilot/.next/server/chunks/[root-of-the-server]__1jlk8z1._.js:2:4450)\n    at e.trace (/Users/ofir/kenyonexpress-autopilot/.next/server/chunks/[root-of-the-server]__1jlk8z1._.js:2:53551)\n    at fetch (/Users/ofir/kenyonexpress-autopilot/.next/server/chunks/[root-of-the-server]__1jlk8z1._.js:2:84044)\n    at /Users/ofir/kenyonexpress-autopilot/.next/server/chun","digest":"HANGING_PROMISE_REJECTION"}}
{"ts":"2026-10-07T14:21:44.835Z","level":"error","event":"db.query_failed","request_id":null,"method":"GET","target":"products","duration_ms":1631,"err":{"name":"Error","message":"During prerendering, fetch() rejects when the prerender is complete. Typically these errors are handled by React but if you move fetch() to a different context by using `setTimeout`, `after`, or similar functions you may observe this error and you should handle it in that context. This occurred at route \"/product/[slug]\".","stack":"Error: During prerendering, fetch() rejects when the prerender is complete. Typically these errors are handled by React but if you move fetch() to a different context by using `setTimeout`, `after`, or similar functions you may observe this error and you should handle it in that context. This occurred at route \"/product/[slug]\".\n    at eu (/Users/ofir/kenyonexpress-autopilot/.next/server/chunks/[root-of-the-server]__1jlk8z1._.js:2:58687)\n    at /Users/ofir/kenyonexpress-autopilot/.next/server/chunks/[root-of-the-server]__1jlk8z1._.js:2:87004\n    at /Users/ofir/kenyonexpress-autopilot/.next/server/chunks/[root-of-the-server]__1jlk8z1._.js:2:54057\n    at /Users/ofir/kenyonexpress-autopilot/.next/server/chunks/[root-of-the-server]__1jlk8z1._.js:2:54347\n    at Object.with (/Users/ofir/kenyonexpress-autopilot/.next/server/chunks/[root-of-the-server]__1jlk8z1._.js:2:4124)\n    at S.with (/Users/ofir/kenyonexpress-autopilot/.next/server/chunks/[root-of-the-server]__1jlk8z1._.js:2:4450)\n    at G.startActiveSpan (/Users/ofir/kenyonexpress-autopilot/.next/server/chunks/[root-of-the-server]__1jlk8z1._.js:2:6806)\n    at H.startActiveSpan (/Users/ofir/kenyonexpress-autopilot/.next/server/chunks/[root-of-the-server]__1jlk8z1._.js:2:7045)\n    at e.runWithActiveSpan (/Users/ofir/kenyonexpress-autopilot/.next/server/chunks/[root-of-the-server]__1jlk8z1._.js:2:54324)\n    at /Users/ofir/kenyonexpress-autopilot/.next/server/chunks/[root-of-the-server]__1jlk8z1._.js:2:53577\n    at Object.with (/Users/ofir/kenyonexpress-autopilot/.next/server/chunks/[root-of-the-server]__1jlk8z1._.js:2:4124)\n    at S.with (/Users/ofir/kenyonexpress-autopilot/.next/server/chunks/[root-of-the-server]__1jlk8z1._.js:2:4450)\n    at e.trace (/Users/ofir/kenyonexpress-autopilot/.next/server/chunks/[root-of-the-server]__1jlk8z1._.js:2:53551)\n    at fetch (/Users/ofir/kenyonexpress-autopilot/.next/server/chunks/[root-of-the-server]__1jlk8z1._.js:2:84044)\n    at /Users/ofir/kenyonexpress-autopilot/.next/server/chun","digest":"HANGING_PROMISE_REJECTION"}}
{"ts":"2026-10-07T14:21:44.845Z","level":"warn","event":"db.query_slow","request_id":null,"method":"POST","target":"rpc:product_rating_summary","status":404,"duration_ms":1356,"threshold_ms":300}
{"ts":"2026-10-07T14:21:44.848Z","level":"warn","event":"db.query_slow","request_id":null,"method":"GET","target":"products","status":400,"duration_ms":1359,"threshold_ms":300}
{"ts":"2026-10-07T14:21:44.862Z","level":"error","event":"db.query_failed","request_id":null,"method":"GET","target":"referral_program_settings","duration_ms":5,"err":{"name":"Error","message":"During prerendering, fetch() rejects when the prerender is complete. Typically these errors are handled by React but if you move fetch() to a different context by using `setTimeout`, `after`, or similar functions you may observe this error and you should handle it in that context. This occurred at route \"/account/referrals\".","stack":"Error: During prerendering, fetch() rejects when the prerender is complete. Typically these errors are handled by React but if you move fetch() to a different context by using `setTimeout`, `after`, or similar functions you may observe this error and you should handle it in that context. This occurred at route \"/account/referrals\".\n    at eu (/Users/ofir/kenyonexpress-autopilot/.next/server/chunks/[root-of-the-server]__1jlk8z1._.js:2:58687)\n    at /Users/ofir/kenyonexpress-autopilot/.next/server/chunks/[root-of-the-server]__1jlk8z1._.js:2:87004\n    at /Users/ofir/kenyonexpress-autopilot/.next/server/chunks/[root-of-the-server]__1jlk8z1._.js:2:54057\n    at /Users/ofir/kenyonexpress-autopilot/.next/server/chunks/[root-of-the-server]__1jlk8z1._.js:2:54347\n    at Object.with (/Users/ofir/kenyonexpress-autopilot/.next/server/chunks/[root-of-the-server]__1jlk8z1._.js:2:4124)\n    at S.with (/Users/ofir/kenyonexpress-autopilot/.next/server/chunks/[root-of-the-server]__1jlk8z1._.js:2:4450)\n    at G.startActiveSpan (/Users/ofir/kenyonexpress-autopilot/.next/server/chunks/[root-of-the-server]__1jlk8z1._.js:2:6806)\n    at H.startActiveSpan (/Users/ofir/kenyonexpress-autopilot/.next/server/chunks/[root-of-the-server]__1jlk8z1._.js:2:7045)\n    at e.runWithActiveSpan (/Users/ofir/kenyonexpress-autopilot/.next/server/chunks/[root-of-the-server]__1jlk8z1._.js:2:54324)\n    at /Users/ofir/kenyonexpress-autopilot/.next/server/chunks/[root-of-the-server]__1jlk8z1._.js:2:53577\n    at Object.with (/Users/ofir/kenyonexpress-autopilot/.next/server/chunks/[root-of-the-server]__1jlk8z1._.js:2:4124)\n    at S.with (/Users/ofir/kenyonexpress-autopilot/.next/server/chunks/[root-of-the-server]__1jlk8z1._.js:2:4450)\n    at e.trace (/Users/ofir/kenyonexpress-autopilot/.next/server/chunks/[root-of-the-server]__1jlk8z1._.js:2:53551)\n    at fetch (/Users/ofir/kenyonexpress-autopilot/.next/server/chunks/[root-of-the-server]__1jlk8z1._.js:2:84044)\n    at /Users/ofir/kenyonexpress-autopilot/.next/server/c","digest":"HANGING_PROMISE_REJECTION"}}
{"ts":"2026-10-07T14:21:45.022Z","level":"error","event":"db.query_failed","request_id":null,"method":"GET","target":"referral_program_settings","duration_ms":0,"err":{"name":"Error","message":"During prerendering, fetch() rejects when the prerender is complete. Typically these errors are handled by React but if you move fetch() to a different context by using `setTimeout`, `after`, or similar functions you may observe this error and you should handle it in that context. This occurred at route \"/account/referrals\".","stack":"Error: During prerendering, fetch() rejects when the prerender is complete. Typically these errors are handled by React but if you move fetch() to a different context by using `setTimeout`, `after`, or similar functions you may observe this error and you should handle it in that context. This occurred at route \"/account/referrals\".\n    at eu (/Users/ofir/kenyonexpress-autopilot/.next/server/chunks/[root-of-the-server]__1jlk8z1._.js:2:58687)\n    at /Users/ofir/kenyonexpress-autopilot/.next/server/chunks/[root-of-the-server]__1jlk8z1._.js:2:87004\n    at /Users/ofir/kenyonexpress-autopilot/.next/server/chunks/[root-of-the-server]__1jlk8z1._.js:2:54057\n    at /Users/ofir/kenyonexpress-autopilot/.next/server/chunks/[root-of-the-server]__1jlk8z1._.js:2:54347\n    at Object.with (/Users/ofir/kenyonexpress-autopilot/.next/server/chunks/[root-of-the-server]__1jlk8z1._.js:2:4124)\n    at S.with (/Users/ofir/kenyonexpress-autopilot/.next/server/chunks/[root-of-the-server]__1jlk8z1._.js:2:4450)\n    at G.startActiveSpan (/Users/ofir/kenyonexpress-autopilot/.next/server/chunks/[root-of-the-server]__1jlk8z1._.js:2:6806)\n    at H.startActiveSpan (/Users/ofir/kenyonexpress-autopilot/.next/server/chunks/[root-of-the-server]__1jlk8z1._.js:2:7045)\n    at e.runWithActiveSpan (/Users/ofir/kenyonexpress-autopilot/.next/server/chunks/[root-of-the-server]__1jlk8z1._.js:2:54324)\n    at /Users/ofir/kenyonexpress-autopilot/.next/server/chunks/[root-of-the-server]__1jlk8z1._.js:2:53577\n    at Object.with (/Users/ofir/kenyonexpress-autopilot/.next/server/chunks/[root-of-the-server]__1jlk8z1._.js:2:4124)\n    at S.with (/Users/ofir/kenyonexpress-autopilot/.next/server/chunks/[root-of-the-server]__1jlk8z1._.js:2:4450)\n    at e.trace (/Users/ofir/kenyonexpress-autopilot/.next/server/chunks/[root-of-the-server]__1jlk8z1._.js:2:53551)\n    at fetch (/Users/ofir/kenyonexpress-autopilot/.next/server/chunks/[root-of-the-server]__1jlk8z1._.js:2:84044)\n    at /Users/ofir/kenyonexpress-autopilot/.next/server/c","digest":"HANGING_PROMISE_REJECTION"}}
{"ts":"2026-10-07T14:21:45.083Z","level":"warn","event":"db.query_slow","request_id":null,"method":"GET","target":"suppliers","status":200,"duration_ms":3014,"threshold_ms":300}
{"ts":"2026-10-07T14:21:45.092Z","level":"error","event":"db.query_failed","request_id":null,"method":"POST","target":"rpc:available_stock","duration_ms":1951,"err":{"name":"Error","message":"During prerendering, fetch() rejects when the prerender is complete. Typically these errors are handled by React but if you move fetch() to a different context by using `setTimeout`, `after`, or similar functions you may observe this error and you should handle it in that context. This occurred at route \"/product/[slug]\".","stack":"Error: During prerendering, fetch() rejects when the prerender is complete. Typically these errors are handled by React but if you move fetch() to a different context by using `setTimeout`, `after`, or similar functions you may observe this error and you should handle it in that context. This occurred at route \"/product/[slug]\".\n    at eu (/Users/ofir/kenyonexpress-autopilot/.next/server/chunks/[root-of-the-server]__1jlk8z1._.js:2:58687)\n    at /Users/ofir/kenyonexpress-autopilot/.next/server/chunks/[root-of-the-server]__1jlk8z1._.js:2:87004\n    at /Users/ofir/kenyonexpress-autopilot/.next/server/chunks/[root-of-the-server]__1jlk8z1._.js:2:54057\n    at /Users/ofir/kenyonexpress-autopilot/.next/server/chunks/[root-of-the-server]__1jlk8z1._.js:2:54347\n    at Object.with (/Users/ofir/kenyonexpress-autopilot/.next/server/chunks/[root-of-the-server]__1jlk8z1._.js:2:4124)\n    at S.with (/Users/ofir/kenyonexpress-autopilot/.next/server/chunks/[root-of-the-server]__1jlk8z1._.js:2:4450)\n    at G.startActiveSpan (/Users/ofir/kenyonexpress-autopilot/.next/server/chunks/[root-of-the-server]__1jlk8z1._.js:2:6806)\n    at H.startActiveSpan (/Users/ofir/kenyonexpress-autopilot/.next/server/chunks/[root-of-the-server]__1jlk8z1._.js:2:7045)\n    at e.runWithActiveSpan (/Users/ofir/kenyonexpress-autopilot/.next/server/chunks/[root-of-the-server]__1jlk8z1._.js:2:54324)\n    at /Users/ofir/kenyonexpress-autopilot/.next/server/chunks/[root-of-the-server]__1jlk8z1._.js:2:53577\n    at Object.with (/Users/ofir/kenyonexpress-autopilot/.next/server/chunks/[root-of-the-server]__1jlk8z1._.js:2:4124)\n    at S.with (/Users/ofir/kenyonexpress-autopilot/.next/server/chunks/[root-of-the-server]__1jlk8z1._.js:2:4450)\n    at e.trace (/Users/ofir/kenyonexpress-autopilot/.next/server/chunks/[root-of-the-server]__1jlk8z1._.js:2:53551)\n    at fetch (/Users/ofir/kenyonexpress-autopilot/.next/server/chunks/[root-of-the-server]__1jlk8z1._.js:2:84044)\n    at /Users/ofir/kenyonexpress-autopilot/.next/server/chun","digest":"HANGING_PROMISE_REJECTION"}}
{"ts":"2026-10-07T14:21:45.092Z","level":"error","event":"db.query_failed","request_id":null,"method":"GET","target":"products","duration_ms":1945,"err":{"name":"Error","message":"During prerendering, fetch() rejects when the prerender is complete. Typically these errors are handled by React but if you move fetch() to a different context by using `setTimeout`, `after`, or similar functions you may observe this error and you should handle it in that context. This occurred at route \"/product/[slug]\".","stack":"Error: During prerendering, fetch() rejects when the prerender is complete. Typically these errors are handled by React but if you move fetch() to a different context by using `setTimeout`, `after`, or similar functions you may observe this error and you should handle it in that context. This occurred at route \"/product/[slug]\".\n    at eu (/Users/ofir/kenyonexpress-autopilot/.next/server/chunks/[root-of-the-server]__1jlk8z1._.js:2:58687)\n    at /Users/ofir/kenyonexpress-autopilot/.next/server/chunks/[root-of-the-server]__1jlk8z1._.js:2:87004\n    at /Users/ofir/kenyonexpress-autopilot/.next/server/chunks/[root-of-the-server]__1jlk8z1._.js:2:54057\n    at /Users/ofir/kenyonexpress-autopilot/.next/server/chunks/[root-of-the-server]__1jlk8z1._.js:2:54347\n    at Object.with (/Users/ofir/kenyonexpress-autopilot/.next/server/chunks/[root-of-the-server]__1jlk8z1._.js:2:4124)\n    at S.with (/Users/ofir/kenyonexpress-autopilot/.next/server/chunks/[root-of-the-server]__1jlk8z1._.js:2:4450)\n    at G.startActiveSpan (/Users/ofir/kenyonexpress-autopilot/.next/server/chunks/[root-of-the-server]__1jlk8z1._.js:2:6806)\n    at H.startActiveSpan (/Users/ofir/kenyonexpress-autopilot/.next/server/chunks/[root-of-the-server]__1jlk8z1._.js:2:7045)\n    at e.runWithActiveSpan (/Users/ofir/kenyonexpress-autopilot/.next/server/chunks/[root-of-the-server]__1jlk8z1._.js:2:54324)\n    at /Users/ofir/kenyonexpress-autopilot/.next/server/chunks/[root-of-the-server]__1jlk8z1._.js:2:53577\n    at Object.with (/Users/ofir/kenyonexpress-autopilot/.next/server/chunks/[root-of-the-server]__1jlk8z1._.js:2:4124)\n    at S.with (/Users/ofir/kenyonexpress-autopilot/.next/server/chunks/[root-of-the-server]__1jlk8z1._.js:2:4450)\n    at e.trace (/Users/ofir/kenyonexpress-autopilot/.next/server/chunks/[root-of-the-server]__1jlk8z1._.js:2:53551)\n    at fetch (/Users/ofir/kenyonexpress-autopilot/.next/server/chunks/[root-of-the-server]__1jlk8z1._.js:2:84044)\n    at /Users/ofir/kenyonexpress-autopilot/.next/server/chun","digest":"HANGING_PROMISE_REJECTION"}}
{"ts":"2026-10-07T14:21:45.095Z","level":"error","event":"db.query_failed","request_id":null,"method":"POST","target":"rpc:available_stock","duration_ms":1927,"err":{"name":"Error","message":"During prerendering, fetch() rejects when the prerender is complete. Typically these errors are handled by React but if you move fetch() to a different context by using `setTimeout`, `after`, or similar functions you may observe this error and you should handle it in that context. This occurred at route \"/product/[slug]\".","stack":"Error: During prerendering, fetch() rejects when the prerender is complete. Typically these errors are handled by React but if you move fetch() to a different context by using `setTimeout`, `after`, or similar functions you may observe this error and you should handle it in that context. This occurred at route \"/product/[slug]\".\n    at eu (/Users/ofir/kenyonexpress-autopilot/.next/server/chunks/[root-of-the-server]__1jlk8z1._.js:2:58687)\n    at /Users/ofir/kenyonexpress-autopilot/.next/server/chunks/[root-of-the-server]__1jlk8z1._.js:2:87004\n    at /Users/ofir/kenyonexpress-autopilot/.next/server/chunks/[root-of-the-server]__1jlk8z1._.js:2:54057\n    at /Users/ofir/kenyonexpress-autopilot/.next/server/chunks/[root-of-the-server]__1jlk8z1._.js:2:54347\n    at Object.with (/Users/ofir/kenyonexpress-autopilot/.next/server/chunks/[root-of-the-server]__1jlk8z1._.js:2:4124)\n    at S.with (/Users/ofir/kenyonexpress-autopilot/.next/server/chunks/[root-of-the-server]__1jlk8z1._.js:2:4450)\n    at G.startActiveSpan (/Users/ofir/kenyonexpress-autopilot/.next/server/chunks/[root-of-the-server]__1jlk8z1._.js:2:6806)\n    at H.startActiveSpan (/Users/ofir/kenyonexpress-autopilot/.next/server/chunks/[root-of-the-server]__1jlk8z1._.js:2:7045)\n    at e.runWithActiveSpan (/Users/ofir/kenyonexpress-autopilot/.next/server/chunks/[root-of-the-server]__1jlk8z1._.js:2:54324)\n    at /Users/ofir/kenyonexpress-autopilot/.next/server/chunks/[root-of-the-server]__1jlk8z1._.js:2:53577\n    at Object.with (/Users/ofir/kenyonexpress-autopilot/.next/server/chunks/[root-of-the-server]__1jlk8z1._.js:2:4124)\n    at S.with (/Users/ofir/kenyonexpress-autopilot/.next/server/chunks/[root-of-the-server]__1jlk8z1._.js:2:4450)\n    at e.trace (/Users/ofir/kenyonexpress-autopilot/.next/server/chunks/[root-of-the-server]__1jlk8z1._.js:2:53551)\n    at fetch (/Users/ofir/kenyonexpress-autopilot/.next/server/chunks/[root-of-the-server]__1jlk8z1._.js:2:84044)\n    at /Users/ofir/kenyonexpress-autopilot/.next/server/chun","digest":"HANGING_PROMISE_REJECTION"}}
{"ts":"2026-10-07T14:21:45.095Z","level":"error","event":"db.query_failed","request_id":null,"method":"GET","target":"products","duration_ms":1926,"err":{"name":"Error","message":"During prerendering, fetch() rejects when the prerender is complete. Typically these errors are handled by React but if you move fetch() to a different context by using `setTimeout`, `after`, or similar functions you may observe this error and you should handle it in that context. This occurred at route \"/product/[slug]\".","stack":"Error: During prerendering, fetch() rejects when the prerender is complete. Typically these errors are handled by React but if you move fetch() to a different context by using `setTimeout`, `after`, or similar functions you may observe this error and you should handle it in that context. This occurred at route \"/product/[slug]\".\n    at eu (/Users/ofir/kenyonexpress-autopilot/.next/server/chunks/[root-of-the-server]__1jlk8z1._.js:2:58687)\n    at /Users/ofir/kenyonexpress-autopilot/.next/server/chunks/[root-of-the-server]__1jlk8z1._.js:2:87004\n    at /Users/ofir/kenyonexpress-autopilot/.next/server/chunks/[root-of-the-server]__1jlk8z1._.js:2:54057\n    at /Users/ofir/kenyonexpress-autopilot/.next/server/chunks/[root-of-the-server]__1jlk8z1._.js:2:54347\n    at Object.with (/Users/ofir/kenyonexpress-autopilot/.next/server/chunks/[root-of-the-server]__1jlk8z1._.js:2:4124)\n    at S.with (/Users/ofir/kenyonexpress-autopilot/.next/server/chunks/[root-of-the-server]__1jlk8z1._.js:2:4450)\n    at G.startActiveSpan (/Users/ofir/kenyonexpress-autopilot/.next/server/chunks/[root-of-the-server]__1jlk8z1._.js:2:6806)\n    at H.startActiveSpan (/Users/ofir/kenyonexpress-autopilot/.next/server/chunks/[root-of-the-server]__1jlk8z1._.js:2:7045)\n    at e.runWithActiveSpan (/Users/ofir/kenyonexpress-autopilot/.next/server/chunks/[root-of-the-server]__1jlk8z1._.js:2:54324)\n    at /Users/ofir/kenyonexpress-autopilot/.next/server/chunks/[root-of-the-server]__1jlk8z1._.js:2:53577\n    at Object.with (/Users/ofir/kenyonexpress-autopilot/.next/server/chunks/[root-of-the-server]__1jlk8z1._.js:2:4124)\n    at S.with (/Users/ofir/kenyonexpress-autopilot/.next/server/chunks/[root-of-the-server]__1jlk8z1._.js:2:4450)\n    at e.trace (/Users/ofir/kenyonexpress-autopilot/.next/server/chunks/[root-of-the-server]__1jlk8z1._.js:2:53551)\n    at fetch (/Users/ofir/kenyonexpress-autopilot/.next/server/chunks/[root-of-the-server]__1jlk8z1._.js:2:84044)\n    at /Users/ofir/kenyonexpress-autopilot/.next/server/chun","digest":"HANGING_PROMISE_REJECTION"}}
{"ts":"2026-10-07T14:21:45.286Z","level":"error","event":"db.query_failed","request_id":null,"method":"POST","target":"rpc:available_stock","duration_ms":2,"err":{"name":"Error","message":"During prerendering, fetch() rejects when the prerender is complete. Typically these errors are handled by React but if you move fetch() to a different context by using `setTimeout`, `after`, or similar functions you may observe this error and you should handle it in that context. This occurred at route \"/product/[slug]\".","stack":"Error: During prerendering, fetch() rejects when the prerender is complete. Typically these errors are handled by React but if you move fetch() to a different context by using `setTimeout`, `after`, or similar functions you may observe this error and you should handle it in that context. This occurred at route \"/product/[slug]\".\n    at eu (/Users/ofir/kenyonexpress-autopilot/.next/server/chunks/[root-of-the-server]__1jlk8z1._.js:2:58687)\n    at /Users/ofir/kenyonexpress-autopilot/.next/server/chunks/[root-of-the-server]__1jlk8z1._.js:2:87004\n    at /Users/ofir/kenyonexpress-autopilot/.next/server/chunks/[root-of-the-server]__1jlk8z1._.js:2:54057\n    at /Users/ofir/kenyonexpress-autopilot/.next/server/chunks/[root-of-the-server]__1jlk8z1._.js:2:54347\n    at Object.with (/Users/ofir/kenyonexpress-autopilot/.next/server/chunks/[root-of-the-server]__1jlk8z1._.js:2:4124)\n    at S.with (/Users/ofir/kenyonexpress-autopilot/.next/server/chunks/[root-of-the-server]__1jlk8z1._.js:2:4450)\n    at G.startActiveSpan (/Users/ofir/kenyonexpress-autopilot/.next/server/chunks/[root-of-the-server]__1jlk8z1._.js:2:6806)\n    at H.startActiveSpan (/Users/ofir/kenyonexpress-autopilot/.next/server/chunks/[root-of-the-server]__1jlk8z1._.js:2:7045)\n    at e.runWithActiveSpan (/Users/ofir/kenyonexpress-autopilot/.next/server/chunks/[root-of-the-server]__1jlk8z1._.js:2:54324)\n    at /Users/ofir/kenyonexpress-autopilot/.next/server/chunks/[root-of-the-server]__1jlk8z1._.js:2:53577\n    at Object.with (/Users/ofir/kenyonexpress-autopilot/.next/server/chunks/[root-of-the-server]__1jlk8z1._.js:2:4124)\n    at S.with (/Users/ofir/kenyonexpress-autopilot/.next/server/chunks/[root-of-the-server]__1jlk8z1._.js:2:4450)\n    at e.trace (/Users/ofir/kenyonexpress-autopilot/.next/server/chunks/[root-of-the-server]__1jlk8z1._.js:2:53551)\n    at fetch (/Users/ofir/kenyonexpress-autopilot/.next/server/chunks/[root-of-the-server]__1jlk8z1._.js:2:84044)\n    at /Users/ofir/kenyonexpress-autopilot/.next/server/chun","digest":"HANGING_PROMISE_REJECTION"}}
{"ts":"2026-10-07T14:21:45.287Z","level":"error","event":"db.query_failed","request_id":null,"method":"GET","target":"products","duration_ms":3,"err":{"name":"Error","message":"During prerendering, fetch() rejects when the prerender is complete. Typically these errors are handled by React but if you move fetch() to a different context by using `setTimeout`, `after`, or similar functions you may observe this error and you should handle it in that context. This occurred at route \"/product/[slug]\".","stack":"Error: During prerendering, fetch() rejects when the prerender is complete. Typically these errors are handled by React but if you move fetch() to a different context by using `setTimeout`, `after`, or similar functions you may observe this error and you should handle it in that context. This occurred at route \"/product/[slug]\".\n    at eu (/Users/ofir/kenyonexpress-autopilot/.next/server/chunks/[root-of-the-server]__1jlk8z1._.js:2:58687)\n    at /Users/ofir/kenyonexpress-autopilot/.next/server/chunks/[root-of-the-server]__1jlk8z1._.js:2:87004\n    at /Users/ofir/kenyonexpress-autopilot/.next/server/chunks/[root-of-the-server]__1jlk8z1._.js:2:54057\n    at /Users/ofir/kenyonexpress-autopilot/.next/server/chunks/[root-of-the-server]__1jlk8z1._.js:2:54347\n    at Object.with (/Users/ofir/kenyonexpress-autopilot/.next/server/chunks/[root-of-the-server]__1jlk8z1._.js:2:4124)\n    at S.with (/Users/ofir/kenyonexpress-autopilot/.next/server/chunks/[root-of-the-server]__1jlk8z1._.js:2:4450)\n    at G.startActiveSpan (/Users/ofir/kenyonexpress-autopilot/.next/server/chunks/[root-of-the-server]__1jlk8z1._.js:2:6806)\n    at H.startActiveSpan (/Users/ofir/kenyonexpress-autopilot/.next/server/chunks/[root-of-the-server]__1jlk8z1._.js:2:7045)\n    at e.runWithActiveSpan (/Users/ofir/kenyonexpress-autopilot/.next/server/chunks/[root-of-the-server]__1jlk8z1._.js:2:54324)\n    at /Users/ofir/kenyonexpress-autopilot/.next/server/chunks/[root-of-the-server]__1jlk8z1._.js:2:53577\n    at Object.with (/Users/ofir/kenyonexpress-autopilot/.next/server/chunks/[root-of-the-server]__1jlk8z1._.js:2:4124)\n    at S.with (/Users/ofir/kenyonexpress-autopilot/.next/server/chunks/[root-of-the-server]__1jlk8z1._.js:2:4450)\n    at e.trace (/Users/ofir/kenyonexpress-autopilot/.next/server/chunks/[root-of-the-server]__1jlk8z1._.js:2:53551)\n    at fetch (/Users/ofir/kenyonexpress-autopilot/.next/server/chunks/[root-of-the-server]__1jlk8z1._.js:2:84044)\n    at /Users/ofir/kenyonexpress-autopilot/.next/server/chun","digest":"HANGING_PROMISE_REJECTION"}}
{"ts":"2026-10-07T14:21:45.322Z","level":"error","event":"db.query_failed","request_id":null,"method":"POST","target":"rpc:available_stock","duration_ms":5,"err":{"name":"Error","message":"During prerendering, fetch() rejects when the prerender is complete. Typically these errors are handled by React but if you move fetch() to a different context by using `setTimeout`, `after`, or similar functions you may observe this error and you should handle it in that context. This occurred at route \"/product/[slug]\".","stack":"Error: During prerendering, fetch() rejects when the prerender is complete. Typically these errors are handled by React but if you move fetch() to a different context by using `setTimeout`, `after`, or similar functions you may observe this error and you should handle it in that context. This occurred at route \"/product/[slug]\".\n    at eu (/Users/ofir/kenyonexpress-autopilot/.next/server/chunks/[root-of-the-server]__1jlk8z1._.js:2:58687)\n    at /Users/ofir/kenyonexpress-autopilot/.next/server/chunks/[root-of-the-server]__1jlk8z1._.js:2:87004\n    at /Users/ofir/kenyonexpress-autopilot/.next/server/chunks/[root-of-the-server]__1jlk8z1._.js:2:54057\n    at /Users/ofir/kenyonexpress-autopilot/.next/server/chunks/[root-of-the-server]__1jlk8z1._.js:2:54347\n    at Object.with (/Users/ofir/kenyonexpress-autopilot/.next/server/chunks/[root-of-the-server]__1jlk8z1._.js:2:4124)\n    at S.with (/Users/ofir/kenyonexpress-autopilot/.next/server/chunks/[root-of-the-server]__1jlk8z1._.js:2:4450)\n    at G.startActiveSpan (/Users/ofir/kenyonexpress-autopilot/.next/server/chunks/[root-of-the-server]__1jlk8z1._.js:2:6806)\n    at H.startActiveSpan (/Users/ofir/kenyonexpress-autopilot/.next/server/chunks/[root-of-the-server]__1jlk8z1._.js:2:7045)\n    at e.runWithActiveSpan (/Users/ofir/kenyonexpress-autopilot/.next/server/chunks/[root-of-the-server]__1jlk8z1._.js:2:54324)\n    at /Users/ofir/kenyonexpress-autopilot/.next/server/chunks/[root-of-the-server]__1jlk8z1._.js:2:53577\n    at Object.with (/Users/ofir/kenyonexpress-autopilot/.next/server/chunks/[root-of-the-server]__1jlk8z1._.js:2:4124)\n    at S.with (/Users/ofir/kenyonexpress-autopilot/.next/server/chunks/[root-of-the-server]__1jlk8z1._.js:2:4450)\n    at e.trace (/Users/ofir/kenyonexpress-autopilot/.next/server/chunks/[root-of-the-server]__1jlk8z1._.js:2:53551)\n    at fetch (/Users/ofir/kenyonexpress-autopilot/.next/server/chunks/[root-of-the-server]__1jlk8z1._.js:2:84044)\n    at /Users/ofir/kenyonexpress-autopilot/.next/server/chun","digest":"HANGING_PROMISE_REJECTION"}}
{"ts":"2026-10-07T14:21:45.323Z","level":"error","event":"db.query_failed","request_id":null,"method":"GET","target":"products","duration_ms":5,"err":{"name":"Error","message":"During prerendering, fetch() rejects when the prerender is complete. Typically these errors are handled by React but if you move fetch() to a different context by using `setTimeout`, `after`, or similar functions you may observe this error and you should handle it in that context. This occurred at route \"/product/[slug]\".","stack":"Error: During prerendering, fetch() rejects when the prerender is complete. Typically these errors are handled by React but if you move fetch() to a different context by using `setTimeout`, `after`, or similar functions you may observe this error and you should handle it in that context. This occurred at route \"/product/[slug]\".\n    at eu (/Users/ofir/kenyonexpress-autopilot/.next/server/chunks/[root-of-the-server]__1jlk8z1._.js:2:58687)\n    at /Users/ofir/kenyonexpress-autopilot/.next/server/chunks/[root-of-the-server]__1jlk8z1._.js:2:87004\n    at /Users/ofir/kenyonexpress-autopilot/.next/server/chunks/[root-of-the-server]__1jlk8z1._.js:2:54057\n    at /Users/ofir/kenyonexpress-autopilot/.next/server/chunks/[root-of-the-server]__1jlk8z1._.js:2:54347\n    at Object.with (/Users/ofir/kenyonexpress-autopilot/.next/server/chunks/[root-of-the-server]__1jlk8z1._.js:2:4124)\n    at S.with (/Users/ofir/kenyonexpress-autopilot/.next/server/chunks/[root-of-the-server]__1jlk8z1._.js:2:4450)\n    at G.startActiveSpan (/Users/ofir/kenyonexpress-autopilot/.next/server/chunks/[root-of-the-server]__1jlk8z1._.js:2:6806)\n    at H.startActiveSpan (/Users/ofir/kenyonexpress-autopilot/.next/server/chunks/[root-of-the-server]__1jlk8z1._.js:2:7045)\n    at e.runWithActiveSpan (/Users/ofir/kenyonexpress-autopilot/.next/server/chunks/[root-of-the-server]__1jlk8z1._.js:2:54324)\n    at /Users/ofir/kenyonexpress-autopilot/.next/server/chunks/[root-of-the-server]__1jlk8z1._.js:2:53577\n    at Object.with (/Users/ofir/kenyonexpress-autopilot/.next/server/chunks/[root-of-the-server]__1jlk8z1._.js:2:4124)\n    at S.with (/Users/ofir/kenyonexpress-autopilot/.next/server/chunks/[root-of-the-server]__1jlk8z1._.js:2:4450)\n    at e.trace (/Users/ofir/kenyonexpress-autopilot/.next/server/chunks/[root-of-the-server]__1jlk8z1._.js:2:53551)\n    at fetch (/Users/ofir/kenyonexpress-autopilot/.next/server/chunks/[root-of-the-server]__1jlk8z1._.js:2:84044)\n    at /Users/ofir/kenyonexpress-autopilot/.next/server/chun","digest":"HANGING_PROMISE_REJECTION"}}
{"ts":"2026-10-07T14:21:45.354Z","level":"error","event":"db.query_failed","request_id":null,"method":"POST","target":"rpc:available_stock","duration_ms":5,"err":{"name":"Error","message":"During prerendering, fetch() rejects when the prerender is complete. Typically these errors are handled by React but if you move fetch() to a different context by using `setTimeout`, `after`, or similar functions you may observe this error and you should handle it in that context. This occurred at route \"/product/[slug]\".","stack":"Error: During prerendering, fetch() rejects when the prerender is complete. Typically these errors are handled by React but if you move fetch() to a different context by using `setTimeout`, `after`, or similar functions you may observe this error and you should handle it in that context. This occurred at route \"/product/[slug]\".\n    at eu (/Users/ofir/kenyonexpress-autopilot/.next/server/chunks/[root-of-the-server]__1jlk8z1._.js:2:58687)\n    at /Users/ofir/kenyonexpress-autopilot/.next/server/chunks/[root-of-the-server]__1jlk8z1._.js:2:87004\n    at /Users/ofir/kenyonexpress-autopilot/.next/server/chunks/[root-of-the-server]__1jlk8z1._.js:2:54057\n    at /Users/ofir/kenyonexpress-autopilot/.next/server/chunks/[root-of-the-server]__1jlk8z1._.js:2:54347\n    at Object.with (/Users/ofir/kenyonexpress-autopilot/.next/server/chunks/[root-of-the-server]__1jlk8z1._.js:2:4124)\n    at S.with (/Users/ofir/kenyonexpress-autopilot/.next/server/chunks/[root-of-the-server]__1jlk8z1._.js:2:4450)\n    at G.startActiveSpan (/Users/ofir/kenyonexpress-autopilot/.next/server/chunks/[root-of-the-server]__1jlk8z1._.js:2:6806)\n    at H.startActiveSpan (/Users/ofir/kenyonexpress-autopilot/.next/server/chunks/[root-of-the-server]__1jlk8z1._.js:2:7045)\n    at e.runWithActiveSpan (/Users/ofir/kenyonexpress-autopilot/.next/server/chunks/[root-of-the-server]__1jlk8z1._.js:2:54324)\n    at /Users/ofir/kenyonexpress-autopilot/.next/server/chunks/[root-of-the-server]__1jlk8z1._.js:2:53577\n    at Object.with (/Users/ofir/kenyonexpress-autopilot/.next/server/chunks/[root-of-the-server]__1jlk8z1._.js:2:4124)\n    at S.with (/Users/ofir/kenyonexpress-autopilot/.next/server/chunks/[root-of-the-server]__1jlk8z1._.js:2:4450)\n    at e.trace (/Users/ofir/kenyonexpress-autopilot/.next/server/chunks/[root-of-the-server]__1jlk8z1._.js:2:53551)\n    at fetch (/Users/ofir/kenyonexpress-autopilot/.next/server/chunks/[root-of-the-server]__1jlk8z1._.js:2:84044)\n    at /Users/ofir/kenyonexpress-autopilot/.next/server/chun","digest":"HANGING_PROMISE_REJECTION"}}
{"ts":"2026-10-07T14:21:45.355Z","level":"error","event":"db.query_failed","request_id":null,"method":"GET","target":"products","duration_ms":6,"err":{"name":"Error","message":"During prerendering, fetch() rejects when the prerender is complete. Typically these errors are handled by React but if you move fetch() to a different context by using `setTimeout`, `after`, or similar functions you may observe this error and you should handle it in that context. This occurred at route \"/product/[slug]\".","stack":"Error: During prerendering, fetch() rejects when the prerender is complete. Typically these errors are handled by React but if you move fetch() to a different context by using `setTimeout`, `after`, or similar functions you may observe this error and you should handle it in that context. This occurred at route \"/product/[slug]\".\n    at eu (/Users/ofir/kenyonexpress-autopilot/.next/server/chunks/[root-of-the-server]__1jlk8z1._.js:2:58687)\n    at /Users/ofir/kenyonexpress-autopilot/.next/server/chunks/[root-of-the-server]__1jlk8z1._.js:2:87004\n    at /Users/ofir/kenyonexpress-autopilot/.next/server/chunks/[root-of-the-server]__1jlk8z1._.js:2:54057\n    at /Users/ofir/kenyonexpress-autopilot/.next/server/chunks/[root-of-the-server]__1jlk8z1._.js:2:54347\n    at Object.with (/Users/ofir/kenyonexpress-autopilot/.next/server/chunks/[root-of-the-server]__1jlk8z1._.js:2:4124)\n    at S.with (/Users/ofir/kenyonexpress-autopilot/.next/server/chunks/[root-of-the-server]__1jlk8z1._.js:2:4450)\n    at G.startActiveSpan (/Users/ofir/kenyonexpress-autopilot/.next/server/chunks/[root-of-the-server]__1jlk8z1._.js:2:6806)\n    at H.startActiveSpan (/Users/ofir/kenyonexpress-autopilot/.next/server/chunks/[root-of-the-server]__1jlk8z1._.js:2:7045)\n    at e.runWithActiveSpan (/Users/ofir/kenyonexpress-autopilot/.next/server/chunks/[root-of-the-server]__1jlk8z1._.js:2:54324)\n    at /Users/ofir/kenyonexpress-autopilot/.next/server/chunks/[root-of-the-server]__1jlk8z1._.js:2:53577\n    at Object.with (/Users/ofir/kenyonexpress-autopilot/.next/server/chunks/[root-of-the-server]__1jlk8z1._.js:2:4124)\n    at S.with (/Users/ofir/kenyonexpress-autopilot/.next/server/chunks/[root-of-the-server]__1jlk8z1._.js:2:4450)\n    at e.trace (/Users/ofir/kenyonexpress-autopilot/.next/server/chunks/[root-of-the-server]__1jlk8z1._.js:2:53551)\n    at fetch (/Users/ofir/kenyonexpress-autopilot/.next/server/chunks/[root-of-the-server]__1jlk8z1._.js:2:84044)\n    at /Users/ofir/kenyonexpress-autopilot/.next/server/chun","digest":"HANGING_PROMISE_REJECTION"}}
{"ts":"2026-10-07T14:21:45.488Z","level":"error","event":"db.query_failed","request_id":null,"method":"GET","target":"referral_program_settings","duration_ms":37,"err":{"name":"Error","message":"During prerendering, fetch() rejects when the prerender is complete. Typically these errors are handled by React but if you move fetch() to a different context by using `setTimeout`, `after`, or similar functions you may observe this error and you should handle it in that context. This occurred at route \"/account/wallet\".","stack":"Error: During prerendering, fetch() rejects when the prerender is complete. Typically these errors are handled by React but if you move fetch() to a different context by using `setTimeout`, `after`, or similar functions you may observe this error and you should handle it in that context. This occurred at route \"/account/wallet\".\n    at eu (/Users/ofir/kenyonexpress-autopilot/.next/server/chunks/[root-of-the-server]__1jlk8z1._.js:2:58687)\n    at /Users/ofir/kenyonexpress-autopilot/.next/server/chunks/[root-of-the-server]__1jlk8z1._.js:2:87004\n    at /Users/ofir/kenyonexpress-autopilot/.next/server/chunks/[root-of-the-server]__1jlk8z1._.js:2:54057\n    at /Users/ofir/kenyonexpress-autopilot/.next/server/chunks/[root-of-the-server]__1jlk8z1._.js:2:54347\n    at Object.with (/Users/ofir/kenyonexpress-autopilot/.next/server/chunks/[root-of-the-server]__1jlk8z1._.js:2:4124)\n    at S.with (/Users/ofir/kenyonexpress-autopilot/.next/server/chunks/[root-of-the-server]__1jlk8z1._.js:2:4450)\n    at G.startActiveSpan (/Users/ofir/kenyonexpress-autopilot/.next/server/chunks/[root-of-the-server]__1jlk8z1._.js:2:6806)\n    at H.startActiveSpan (/Users/ofir/kenyonexpress-autopilot/.next/server/chunks/[root-of-the-server]__1jlk8z1._.js:2:7045)\n    at e.runWithActiveSpan (/Users/ofir/kenyonexpress-autopilot/.next/server/chunks/[root-of-the-server]__1jlk8z1._.js:2:54324)\n    at /Users/ofir/kenyonexpress-autopilot/.next/server/chunks/[root-of-the-server]__1jlk8z1._.js:2:53577\n    at Object.with (/Users/ofir/kenyonexpress-autopilot/.next/server/chunks/[root-of-the-server]__1jlk8z1._.js:2:4124)\n    at S.with (/Users/ofir/kenyonexpress-autopilot/.next/server/chunks/[root-of-the-server]__1jlk8z1._.js:2:4450)\n    at e.trace (/Users/ofir/kenyonexpress-autopilot/.next/server/chunks/[root-of-the-server]__1jlk8z1._.js:2:53551)\n    at fetch (/Users/ofir/kenyonexpress-autopilot/.next/server/chunks/[root-of-the-server]__1jlk8z1._.js:2:84044)\n    at /Users/ofir/kenyonexpress-autopilot/.next/server/chun","digest":"HANGING_PROMISE_REJECTION"}}
(node:37845) ExperimentalWarning: The supports Web Crypto API method is an experimental feature and might change at any time
(Use `node --trace-warnings ...` to show where the warning was created)
(node:37845) ExperimentalWarning: The ML-DSA-44 Web Crypto API algorithm is an experimental feature and might change at any time
{"ts":"2026-10-07T14:21:45.650Z","level":"error","event":"db.query_failed","request_id":null,"method":"GET","target":"referral_program_settings","duration_ms":3,"err":{"name":"Error","message":"During prerendering, fetch() rejects when the prerender is complete. Typically these errors are handled by React but if you move fetch() to a different context by using `setTimeout`, `after`, or similar functions you may observe this error and you should handle it in that context. This occurred at route \"/account/wallet\".","stack":"Error: During prerendering, fetch() rejects when the prerender is complete. Typically these errors are handled by React but if you move fetch() to a different context by using `setTimeout`, `after`, or similar functions you may observe this error and you should handle it in that context. This occurred at route \"/account/wallet\".\n    at eu (/Users/ofir/kenyonexpress-autopilot/.next/server/chunks/[root-of-the-server]__1jlk8z1._.js:2:58687)\n    at /Users/ofir/kenyonexpress-autopilot/.next/server/chunks/[root-of-the-server]__1jlk8z1._.js:2:87004\n    at /Users/ofir/kenyonexpress-autopilot/.next/server/chunks/[root-of-the-server]__1jlk8z1._.js:2:54057\n    at /Users/ofir/kenyonexpress-autopilot/.next/server/chunks/[root-of-the-server]__1jlk8z1._.js:2:54347\n    at Object.with (/Users/ofir/kenyonexpress-autopilot/.next/server/chunks/[root-of-the-server]__1jlk8z1._.js:2:4124)\n    at S.with (/Users/ofir/kenyonexpress-autopilot/.next/server/chunks/[root-of-the-server]__1jlk8z1._.js:2:4450)\n    at G.startActiveSpan (/Users/ofir/kenyonexpress-autopilot/.next/server/chunks/[root-of-the-server]__1jlk8z1._.js:2:6806)\n    at H.startActiveSpan (/Users/ofir/kenyonexpress-autopilot/.next/server/chunks/[root-of-the-server]__1jlk8z1._.js:2:7045)\n    at e.runWithActiveSpan (/Users/ofir/kenyonexpress-autopilot/.next/server/chunks/[root-of-the-server]__1jlk8z1._.js:2:54324)\n    at /Users/ofir/kenyonexpress-autopilot/.next/server/chunks/[root-of-the-server]__1jlk8z1._.js:2:53577\n    at Object.with (/Users/ofir/kenyonexpress-autopilot/.next/server/chunks/[root-of-the-server]__1jlk8z1._.js:2:4124)\n    at S.with (/Users/ofir/kenyonexpress-autopilot/.next/server/chunks/[root-of-the-server]__1jlk8z1._.js:2:4450)\n    at e.trace (/Users/ofir/kenyonexpress-autopilot/.next/server/chunks/[root-of-the-server]__1jlk8z1._.js:2:53551)\n    at fetch (/Users/ofir/kenyonexpress-autopilot/.next/server/chunks/[root-of-the-server]__1jlk8z1._.js:2:84044)\n    at /Users/ofir/kenyonexpress-autopilot/.next/server/chun","digest":"HANGING_PROMISE_REJECTION"}}
{"ts":"2026-10-07T14:21:45.859Z","level":"error","event":"db.query_failed","request_id":null,"method":"GET","target":"products","duration_ms":0,"err":{"name":"Error","message":"During prerendering, fetch() rejects when the prerender is complete. Typically these errors are handled by React but if you move fetch() to a different context by using `setTimeout`, `after`, or similar functions you may observe this error and you should handle it in that context. This occurred at route \"/product/[slug]\".","stack":"Error: During prerendering, fetch() rejects when the prerender is complete. Typically these errors are handled by React but if you move fetch() to a different context by using `setTimeout`, `after`, or similar functions you may observe this error and you should handle it in that context. This occurred at route \"/product/[slug]\".\n    at eu (/Users/ofir/kenyonexpress-autopilot/.next/server/chunks/[root-of-the-server]__1jlk8z1._.js:2:58687)\n    at /Users/ofir/kenyonexpress-autopilot/.next/server/chunks/[root-of-the-server]__1jlk8z1._.js:2:87004\n    at /Users/ofir/kenyonexpress-autopilot/.next/server/chunks/[root-of-the-server]__1jlk8z1._.js:2:54057\n    at /Users/ofir/kenyonexpress-autopilot/.next/server/chunks/[root-of-the-server]__1jlk8z1._.js:2:54347\n    at Object.with (/Users/ofir/kenyonexpress-autopilot/.next/server/chunks/[root-of-the-server]__1jlk8z1._.js:2:4124)\n    at S.with (/Users/ofir/kenyonexpress-autopilot/.next/server/chunks/[root-of-the-server]__1jlk8z1._.js:2:4450)\n    at G.startActiveSpan (/Users/ofir/kenyonexpress-autopilot/.next/server/chunks/[root-of-the-server]__1jlk8z1._.js:2:6806)\n    at H.startActiveSpan (/Users/ofir/kenyonexpress-autopilot/.next/server/chunks/[root-of-the-server]__1jlk8z1._.js:2:7045)\n    at e.runWithActiveSpan (/Users/ofir/kenyonexpress-autopilot/.next/server/chunks/[root-of-the-server]__1jlk8z1._.js:2:54324)\n    at /Users/ofir/kenyonexpress-autopilot/.next/server/chunks/[root-of-the-server]__1jlk8z1._.js:2:53577\n    at Object.with (/Users/ofir/kenyonexpress-autopilot/.next/server/chunks/[root-of-the-server]__1jlk8z1._.js:2:4124)\n    at S.with (/Users/ofir/kenyonexpress-autopilot/.next/server/chunks/[root-of-the-server]__1jlk8z1._.js:2:4450)\n    at e.trace (/Users/ofir/kenyonexpress-autopilot/.next/server/chunks/[root-of-the-server]__1jlk8z1._.js:2:53551)\n    at fetch (/Users/ofir/kenyonexpress-autopilot/.next/server/chunks/[root-of-the-server]__1jlk8z1._.js:2:84044)\n    at /Users/ofir/kenyonexpress-autopilot/.next/server/chun","digest":"HANGING_PROMISE_REJECTION"}}
{"ts":"2026-10-07T14:21:46.095Z","level":"error","event":"db.query_failed","request_id":null,"method":"GET","target":"products","duration_ms":1,"err":{"name":"Error","message":"During prerendering, fetch() rejects when the prerender is complete. Typically these errors are handled by React but if you move fetch() to a different context by using `setTimeout`, `after`, or similar functions you may observe this error and you should handle it in that context. This occurred at route \"/product/[slug]\".","stack":"Error: During prerendering, fetch() rejects when the prerender is complete. Typically these errors are handled by React but if you move fetch() to a different context by using `setTimeout`, `after`, or similar functions you may observe this error and you should handle it in that context. This occurred at route \"/product/[slug]\".\n    at eu (/Users/ofir/kenyonexpress-autopilot/.next/server/chunks/[root-of-the-server]__1jlk8z1._.js:2:58687)\n    at /Users/ofir/kenyonexpress-autopilot/.next/server/chunks/[root-of-the-server]__1jlk8z1._.js:2:87004\n    at /Users/ofir/kenyonexpress-autopilot/.next/server/chunks/[root-of-the-server]__1jlk8z1._.js:2:54057\n    at /Users/ofir/kenyonexpress-autopilot/.next/server/chunks/[root-of-the-server]__1jlk8z1._.js:2:54347\n    at Object.with (/Users/ofir/kenyonexpress-autopilot/.next/server/chunks/[root-of-the-server]__1jlk8z1._.js:2:4124)\n    at S.with (/Users/ofir/kenyonexpress-autopilot/.next/server/chunks/[root-of-the-server]__1jlk8z1._.js:2:4450)\n    at G.startActiveSpan (/Users/ofir/kenyonexpress-autopilot/.next/server/chunks/[root-of-the-server]__1jlk8z1._.js:2:6806)\n    at H.startActiveSpan (/Users/ofir/kenyonexpress-autopilot/.next/server/chunks/[root-of-the-server]__1jlk8z1._.js:2:7045)\n    at e.runWithActiveSpan (/Users/ofir/kenyonexpress-autopilot/.next/server/chunks/[root-of-the-server]__1jlk8z1._.js:2:54324)\n    at /Users/ofir/kenyonexpress-autopilot/.next/server/chunks/[root-of-the-server]__1jlk8z1._.js:2:53577\n    at Object.with (/Users/ofir/kenyonexpress-autopilot/.next/server/chunks/[root-of-the-server]__1jlk8z1._.js:2:4124)\n    at S.with (/Users/ofir/kenyonexpress-autopilot/.next/server/chunks/[root-of-the-server]__1jlk8z1._.js:2:4450)\n    at e.trace (/Users/ofir/kenyonexpress-autopilot/.next/server/chunks/[root-of-the-server]__1jlk8z1._.js:2:53551)\n    at fetch (/Users/ofir/kenyonexpress-autopilot/.next/server/chunks/[root-of-the-server]__1jlk8z1._.js:2:84044)\n    at /Users/ofir/kenyonexpress-autopilot/.next/server/chun","digest":"HANGING_PROMISE_REJECTION"}}
{"ts":"2026-10-07T14:21:46.096Z","level":"error","event":"db.query_failed","request_id":null,"method":"GET","target":"products","duration_ms":0,"err":{"name":"Error","message":"During prerendering, fetch() rejects when the prerender is complete. Typically these errors are handled by React but if you move fetch() to a different context by using `setTimeout`, `after`, or similar functions you may observe this error and you should handle it in that context. This occurred at route \"/product/[slug]\".","stack":"Error: During prerendering, fetch() rejects when the prerender is complete. Typically these errors are handled by React but if you move fetch() to a different context by using `setTimeout`, `after`, or similar functions you may observe this error and you should handle it in that context. This occurred at route \"/product/[slug]\".\n    at eu (/Users/ofir/kenyonexpress-autopilot/.next/server/chunks/[root-of-the-server]__1jlk8z1._.js:2:58687)\n    at /Users/ofir/kenyonexpress-autopilot/.next/server/chunks/[root-of-the-server]__1jlk8z1._.js:2:87004\n    at /Users/ofir/kenyonexpress-autopilot/.next/server/chunks/[root-of-the-server]__1jlk8z1._.js:2:54057\n    at /Users/ofir/kenyonexpress-autopilot/.next/server/chunks/[root-of-the-server]__1jlk8z1._.js:2:54347\n    at Object.with (/Users/ofir/kenyonexpress-autopilot/.next/server/chunks/[root-of-the-server]__1jlk8z1._.js:2:4124)\n    at S.with (/Users/ofir/kenyonexpress-autopilot/.next/server/chunks/[root-of-the-server]__1jlk8z1._.js:2:4450)\n    at G.startActiveSpan (/Users/ofir/kenyonexpress-autopilot/.next/server/chunks/[root-of-the-server]__1jlk8z1._.js:2:6806)\n    at H.startActiveSpan (/Users/ofir/kenyonexpress-autopilot/.next/server/chunks/[root-of-the-server]__1jlk8z1._.js:2:7045)\n    at e.runWithActiveSpan (/Users/ofir/kenyonexpress-autopilot/.next/server/chunks/[root-of-the-server]__1jlk8z1._.js:2:54324)\n    at /Users/ofir/kenyonexpress-autopilot/.next/server/chunks/[root-of-the-server]__1jlk8z1._.js:2:53577\n    at Object.with (/Users/ofir/kenyonexpress-autopilot/.next/server/chunks/[root-of-the-server]__1jlk8z1._.js:2:4124)\n    at S.with (/Users/ofir/kenyonexpress-autopilot/.next/server/chunks/[root-of-the-server]__1jlk8z1._.js:2:4450)\n    at e.trace (/Users/ofir/kenyonexpress-autopilot/.next/server/chunks/[root-of-the-server]__1jlk8z1._.js:2:53551)\n    at fetch (/Users/ofir/kenyonexpress-autopilot/.next/server/chunks/[root-of-the-server]__1jlk8z1._.js:2:84044)\n    at /Users/ofir/kenyonexpress-autopilot/.next/server/chun","digest":"HANGING_PROMISE_REJECTION"}}
{"ts":"2026-10-07T14:21:46.291Z","level":"error","event":"db.query_failed","request_id":null,"method":"GET","target":"products","duration_ms":1,"err":{"name":"Error","message":"During prerendering, fetch() rejects when the prerender is complete. Typically these errors are handled by React but if you move fetch() to a different context by using `setTimeout`, `after`, or similar functions you may observe this error and you should handle it in that context. This occurred at route \"/product/[slug]\".","stack":"Error: During prerendering, fetch() rejects when the prerender is complete. Typically these errors are handled by React but if you move fetch() to a different context by using `setTimeout`, `after`, or similar functions you may observe this error and you should handle it in that context. This occurred at route \"/product/[slug]\".\n    at eu (/Users/ofir/kenyonexpress-autopilot/.next/server/chunks/[root-of-the-server]__1jlk8z1._.js:2:58687)\n    at /Users/ofir/kenyonexpress-autopilot/.next/server/chunks/[root-of-the-server]__1jlk8z1._.js:2:87004\n    at /Users/ofir/kenyonexpress-autopilot/.next/server/chunks/[root-of-the-server]__1jlk8z1._.js:2:54057\n    at /Users/ofir/kenyonexpress-autopilot/.next/server/chunks/[root-of-the-server]__1jlk8z1._.js:2:54347\n    at Object.with (/Users/ofir/kenyonexpress-autopilot/.next/server/chunks/[root-of-the-server]__1jlk8z1._.js:2:4124)\n    at S.with (/Users/ofir/kenyonexpress-autopilot/.next/server/chunks/[root-of-the-server]__1jlk8z1._.js:2:4450)\n    at G.startActiveSpan (/Users/ofir/kenyonexpress-autopilot/.next/server/chunks/[root-of-the-server]__1jlk8z1._.js:2:6806)\n    at H.startActiveSpan (/Users/ofir/kenyonexpress-autopilot/.next/server/chunks/[root-of-the-server]__1jlk8z1._.js:2:7045)\n    at e.runWithActiveSpan (/Users/ofir/kenyonexpress-autopilot/.next/server/chunks/[root-of-the-server]__1jlk8z1._.js:2:54324)\n    at /Users/ofir/kenyonexpress-autopilot/.next/server/chunks/[root-of-the-server]__1jlk8z1._.js:2:53577\n    at Object.with (/Users/ofir/kenyonexpress-autopilot/.next/server/chunks/[root-of-the-server]__1jlk8z1._.js:2:4124)\n    at S.with (/Users/ofir/kenyonexpress-autopilot/.next/server/chunks/[root-of-the-server]__1jlk8z1._.js:2:4450)\n    at e.trace (/Users/ofir/kenyonexpress-autopilot/.next/server/chunks/[root-of-the-server]__1jlk8z1._.js:2:53551)\n    at fetch (/Users/ofir/kenyonexpress-autopilot/.next/server/chunks/[root-of-the-server]__1jlk8z1._.js:2:84044)\n    at /Users/ofir/kenyonexpress-autopilot/.next/server/chun","digest":"HANGING_PROMISE_REJECTION"}}
{"ts":"2026-10-07T14:21:46.326Z","level":"error","event":"db.query_failed","request_id":null,"method":"GET","target":"products","duration_ms":0,"err":{"name":"Error","message":"During prerendering, fetch() rejects when the prerender is complete. Typically these errors are handled by React but if you move fetch() to a different context by using `setTimeout`, `after`, or similar functions you may observe this error and you should handle it in that context. This occurred at route \"/product/[slug]\".","stack":"Error: During prerendering, fetch() rejects when the prerender is complete. Typically these errors are handled by React but if you move fetch() to a different context by using `setTimeout`, `after`, or similar functions you may observe this error and you should handle it in that context. This occurred at route \"/product/[slug]\".\n    at eu (/Users/ofir/kenyonexpress-autopilot/.next/server/chunks/[root-of-the-server]__1jlk8z1._.js:2:58687)\n    at /Users/ofir/kenyonexpress-autopilot/.next/server/chunks/[root-of-the-server]__1jlk8z1._.js:2:87004\n    at /Users/ofir/kenyonexpress-autopilot/.next/server/chunks/[root-of-the-server]__1jlk8z1._.js:2:54057\n    at /Users/ofir/kenyonexpress-autopilot/.next/server/chunks/[root-of-the-server]__1jlk8z1._.js:2:54347\n    at Object.with (/Users/ofir/kenyonexpress-autopilot/.next/server/chunks/[root-of-the-server]__1jlk8z1._.js:2:4124)\n    at S.with (/Users/ofir/kenyonexpress-autopilot/.next/server/chunks/[root-of-the-server]__1jlk8z1._.js:2:4450)\n    at G.startActiveSpan (/Users/ofir/kenyonexpress-autopilot/.next/server/chunks/[root-of-the-server]__1jlk8z1._.js:2:6806)\n    at H.startActiveSpan (/Users/ofir/kenyonexpress-autopilot/.next/server/chunks/[root-of-the-server]__1jlk8z1._.js:2:7045)\n    at e.runWithActiveSpan (/Users/ofir/kenyonexpress-autopilot/.next/server/chunks/[root-of-the-server]__1jlk8z1._.js:2:54324)\n    at /Users/ofir/kenyonexpress-autopilot/.next/server/chunks/[root-of-the-server]__1jlk8z1._.js:2:53577\n    at Object.with (/Users/ofir/kenyonexpress-autopilot/.next/server/chunks/[root-of-the-server]__1jlk8z1._.js:2:4124)\n    at S.with (/Users/ofir/kenyonexpress-autopilot/.next/server/chunks/[root-of-the-server]__1jlk8z1._.js:2:4450)\n    at e.trace (/Users/ofir/kenyonexpress-autopilot/.next/server/chunks/[root-of-the-server]__1jlk8z1._.js:2:53551)\n    at fetch (/Users/ofir/kenyonexpress-autopilot/.next/server/chunks/[root-of-the-server]__1jlk8z1._.js:2:84044)\n    at /Users/ofir/kenyonexpress-autopilot/.next/server/chun","digest":"HANGING_PROMISE_REJECTION"}}
{"ts":"2026-10-07T14:21:46.358Z","level":"error","event":"db.query_failed","request_id":null,"method":"GET","target":"products","duration_ms":0,"err":{"name":"Error","message":"During prerendering, fetch() rejects when the prerender is complete. Typically these errors are handled by React but if you move fetch() to a different context by using `setTimeout`, `after`, or similar functions you may observe this error and you should handle it in that context. This occurred at route \"/product/[slug]\".","stack":"Error: During prerendering, fetch() rejects when the prerender is complete. Typically these errors are handled by React but if you move fetch() to a different context by using `setTimeout`, `after`, or similar functions you may observe this error and you should handle it in that context. This occurred at route \"/product/[slug]\".\n    at eu (/Users/ofir/kenyonexpress-autopilot/.next/server/chunks/[root-of-the-server]__1jlk8z1._.js:2:58687)\n    at /Users/ofir/kenyonexpress-autopilot/.next/server/chunks/[root-of-the-server]__1jlk8z1._.js:2:87004\n    at /Users/ofir/kenyonexpress-autopilot/.next/server/chunks/[root-of-the-server]__1jlk8z1._.js:2:54057\n    at /Users/ofir/kenyonexpress-autopilot/.next/server/chunks/[root-of-the-server]__1jlk8z1._.js:2:54347\n    at Object.with (/Users/ofir/kenyonexpress-autopilot/.next/server/chunks/[root-of-the-server]__1jlk8z1._.js:2:4124)\n    at S.with (/Users/ofir/kenyonexpress-autopilot/.next/server/chunks/[root-of-the-server]__1jlk8z1._.js:2:4450)\n    at G.startActiveSpan (/Users/ofir/kenyonexpress-autopilot/.next/server/chunks/[root-of-the-server]__1jlk8z1._.js:2:6806)\n    at H.startActiveSpan (/Users/ofir/kenyonexpress-autopilot/.next/server/chunks/[root-of-the-server]__1jlk8z1._.js:2:7045)\n    at e.runWithActiveSpan (/Users/ofir/kenyonexpress-autopilot/.next/server/chunks/[root-of-the-server]__1jlk8z1._.js:2:54324)\n    at /Users/ofir/kenyonexpress-autopilot/.next/server/chunks/[root-of-the-server]__1jlk8z1._.js:2:53577\n    at Object.with (/Users/ofir/kenyonexpress-autopilot/.next/server/chunks/[root-of-the-server]__1jlk8z1._.js:2:4124)\n    at S.with (/Users/ofir/kenyonexpress-autopilot/.next/server/chunks/[root-of-the-server]__1jlk8z1._.js:2:4450)\n    at e.trace (/Users/ofir/kenyonexpress-autopilot/.next/server/chunks/[root-of-the-server]__1jlk8z1._.js:2:53551)\n    at fetch (/Users/ofir/kenyonexpress-autopilot/.next/server/chunks/[root-of-the-server]__1jlk8z1._.js:2:84044)\n    at /Users/ofir/kenyonexpress-autopilot/.next/server/chun","digest":"HANGING_PROMISE_REJECTION"}}
  Generating static pages using 7 workers (145/291) 
{"ts":"2026-10-07T14:21:46.497Z","level":"error","event":"db.query_failed","request_id":null,"method":"GET","target":"referral_program_settings","duration_ms":5,"err":{"name":"Error","message":"During prerendering, fetch() rejects when the prerender is complete. Typically these errors are handled by React but if you move fetch() to a different context by using `setTimeout`, `after`, or similar functions you may observe this error and you should handle it in that context. This occurred at route \"/account/wallet\".","stack":"Error: During prerendering, fetch() rejects when the prerender is complete. Typically these errors are handled by React but if you move fetch() to a different context by using `setTimeout`, `after`, or similar functions you may observe this error and you should handle it in that context. This occurred at route \"/account/wallet\".\n    at eu (/Users/ofir/kenyonexpress-autopilot/.next/server/chunks/[root-of-the-server]__1jlk8z1._.js:2:58687)\n    at /Users/ofir/kenyonexpress-autopilot/.next/server/chunks/[root-of-the-server]__1jlk8z1._.js:2:87004\n    at /Users/ofir/kenyonexpress-autopilot/.next/server/chunks/[root-of-the-server]__1jlk8z1._.js:2:54057\n    at /Users/ofir/kenyonexpress-autopilot/.next/server/chunks/[root-of-the-server]__1jlk8z1._.js:2:54347\n    at Object.with (/Users/ofir/kenyonexpress-autopilot/.next/server/chunks/[root-of-the-server]__1jlk8z1._.js:2:4124)\n    at S.with (/Users/ofir/kenyonexpress-autopilot/.next/server/chunks/[root-of-the-server]__1jlk8z1._.js:2:4450)\n    at G.startActiveSpan (/Users/ofir/kenyonexpress-autopilot/.next/server/chunks/[root-of-the-server]__1jlk8z1._.js:2:6806)\n    at H.startActiveSpan (/Users/ofir/kenyonexpress-autopilot/.next/server/chunks/[root-of-the-server]__1jlk8z1._.js:2:7045)\n    at e.runWithActiveSpan (/Users/ofir/kenyonexpress-autopilot/.next/server/chunks/[root-of-the-server]__1jlk8z1._.js:2:54324)\n    at /Users/ofir/kenyonexpress-autopilot/.next/server/chunks/[root-of-the-server]__1jlk8z1._.js:2:53577\n    at Object.with (/Users/ofir/kenyonexpress-autopilot/.next/server/chunks/[root-of-the-server]__1jlk8z1._.js:2:4124)\n    at S.with (/Users/ofir/kenyonexpress-autopilot/.next/server/chunks/[root-of-the-server]__1jlk8z1._.js:2:4450)\n    at e.trace (/Users/ofir/kenyonexpress-autopilot/.next/server/chunks/[root-of-the-server]__1jlk8z1._.js:2:53551)\n    at fetch (/Users/ofir/kenyonexpress-autopilot/.next/server/chunks/[root-of-the-server]__1jlk8z1._.js:2:84044)\n    at /Users/ofir/kenyonexpress-autopilot/.next/server/chun","digest":"HANGING_PROMISE_REJECTION"}}
{"ts":"2026-10-07T14:21:46.675Z","level":"error","event":"db.query_failed","request_id":null,"method":"GET","target":"referral_program_settings","duration_ms":0,"err":{"name":"Error","message":"During prerendering, fetch() rejects when the prerender is complete. Typically these errors are handled by React but if you move fetch() to a different context by using `setTimeout`, `after`, or similar functions you may observe this error and you should handle it in that context. This occurred at route \"/account/wallet\".","stack":"Error: During prerendering, fetch() rejects when the prerender is complete. Typically these errors are handled by React but if you move fetch() to a different context by using `setTimeout`, `after`, or similar functions you may observe this error and you should handle it in that context. This occurred at route \"/account/wallet\".\n    at eu (/Users/ofir/kenyonexpress-autopilot/.next/server/chunks/[root-of-the-server]__1jlk8z1._.js:2:58687)\n    at /Users/ofir/kenyonexpress-autopilot/.next/server/chunks/[root-of-the-server]__1jlk8z1._.js:2:87004\n    at /Users/ofir/kenyonexpress-autopilot/.next/server/chunks/[root-of-the-server]__1jlk8z1._.js:2:54057\n    at /Users/ofir/kenyonexpress-autopilot/.next/server/chunks/[root-of-the-server]__1jlk8z1._.js:2:54347\n    at Object.with (/Users/ofir/kenyonexpress-autopilot/.next/server/chunks/[root-of-the-server]__1jlk8z1._.js:2:4124)\n    at S.with (/Users/ofir/kenyonexpress-autopilot/.next/server/chunks/[root-of-the-server]__1jlk8z1._.js:2:4450)\n    at G.startActiveSpan (/Users/ofir/kenyonexpress-autopilot/.next/server/chunks/[root-of-the-server]__1jlk8z1._.js:2:6806)\n    at H.startActiveSpan (/Users/ofir/kenyonexpress-autopilot/.next/server/chunks/[root-of-the-server]__1jlk8z1._.js:2:7045)\n    at e.runWithActiveSpan (/Users/ofir/kenyonexpress-autopilot/.next/server/chunks/[root-of-the-server]__1jlk8z1._.js:2:54324)\n    at /Users/ofir/kenyonexpress-autopilot/.next/server/chunks/[root-of-the-server]__1jlk8z1._.js:2:53577\n    at Object.with (/Users/ofir/kenyonexpress-autopilot/.next/server/chunks/[root-of-the-server]__1jlk8z1._.js:2:4124)\n    at S.with (/Users/ofir/kenyonexpress-autopilot/.next/server/chunks/[root-of-the-server]__1jlk8z1._.js:2:4450)\n    at e.trace (/Users/ofir/kenyonexpress-autopilot/.next/server/chunks/[root-of-the-server]__1jlk8z1._.js:2:53551)\n    at fetch (/Users/ofir/kenyonexpress-autopilot/.next/server/chunks/[root-of-the-server]__1jlk8z1._.js:2:84044)\n    at /Users/ofir/kenyonexpress-autopilot/.next/server/chun","digest":"HANGING_PROMISE_REJECTION"}}
{"ts":"2026-10-07T14:21:46.937Z","level":"error","event":"db.query_failed","request_id":null,"method":"GET","target":"referral_program_settings","duration_ms":0,"err":{"name":"Error","message":"During prerendering, fetch() rejects when the prerender is complete. Typically these errors are handled by React but if you move fetch() to a different context by using `setTimeout`, `after`, or similar functions you may observe this error and you should handle it in that context. This occurred at route \"/account/referrals\".","stack":"Error: During prerendering, fetch() rejects when the prerender is complete. Typically these errors are handled by React but if you move fetch() to a different context by using `setTimeout`, `after`, or similar functions you may observe this error and you should handle it in that context. This occurred at route \"/account/referrals\".\n    at eu (/Users/ofir/kenyonexpress-autopilot/.next/server/chunks/[root-of-the-server]__1jlk8z1._.js:2:58687)\n    at /Users/ofir/kenyonexpress-autopilot/.next/server/chunks/[root-of-the-server]__1jlk8z1._.js:2:87004\n    at /Users/ofir/kenyonexpress-autopilot/.next/server/chunks/[root-of-the-server]__1jlk8z1._.js:2:54057\n    at /Users/ofir/kenyonexpress-autopilot/.next/server/chunks/[root-of-the-server]__1jlk8z1._.js:2:54347\n    at Object.with (/Users/ofir/kenyonexpress-autopilot/.next/server/chunks/[root-of-the-server]__1jlk8z1._.js:2:4124)\n    at S.with (/Users/ofir/kenyonexpress-autopilot/.next/server/chunks/[root-of-the-server]__1jlk8z1._.js:2:4450)\n    at G.startActiveSpan (/Users/ofir/kenyonexpress-autopilot/.next/server/chunks/[root-of-the-server]__1jlk8z1._.js:2:6806)\n    at H.startActiveSpan (/Users/ofir/kenyonexpress-autopilot/.next/server/chunks/[root-of-the-server]__1jlk8z1._.js:2:7045)\n    at e.runWithActiveSpan (/Users/ofir/kenyonexpress-autopilot/.next/server/chunks/[root-of-the-server]__1jlk8z1._.js:2:54324)\n    at /Users/ofir/kenyonexpress-autopilot/.next/server/chunks/[root-of-the-server]__1jlk8z1._.js:2:53577\n    at Object.with (/Users/ofir/kenyonexpress-autopilot/.next/server/chunks/[root-of-the-server]__1jlk8z1._.js:2:4124)\n    at S.with (/Users/ofir/kenyonexpress-autopilot/.next/server/chunks/[root-of-the-server]__1jlk8z1._.js:2:4450)\n    at e.trace (/Users/ofir/kenyonexpress-autopilot/.next/server/chunks/[root-of-the-server]__1jlk8z1._.js:2:53551)\n    at fetch (/Users/ofir/kenyonexpress-autopilot/.next/server/chunks/[root-of-the-server]__1jlk8z1._.js:2:84044)\n    at /Users/ofir/kenyonexpress-autopilot/.next/server/c","digest":"HANGING_PROMISE_REJECTION"}}
{"ts":"2026-10-07T14:21:47.024Z","level":"error","event":"db.query_failed","request_id":null,"method":"GET","target":"referral_program_settings","duration_ms":1,"err":{"name":"Error","message":"During prerendering, fetch() rejects when the prerender is complete. Typically these errors are handled by React but if you move fetch() to a different context by using `setTimeout`, `after`, or similar functions you may observe this error and you should handle it in that context. This occurred at route \"/account/referrals\".","stack":"Error: During prerendering, fetch() rejects when the prerender is complete. Typically these errors are handled by React but if you move fetch() to a different context by using `setTimeout`, `after`, or similar functions you may observe this error and you should handle it in that context. This occurred at route \"/account/referrals\".\n    at eu (/Users/ofir/kenyonexpress-autopilot/.next/server/chunks/[root-of-the-server]__1jlk8z1._.js:2:58687)\n    at /Users/ofir/kenyonexpress-autopilot/.next/server/chunks/[root-of-the-server]__1jlk8z1._.js:2:87004\n    at /Users/ofir/kenyonexpress-autopilot/.next/server/chunks/[root-of-the-server]__1jlk8z1._.js:2:54057\n    at /Users/ofir/kenyonexpress-autopilot/.next/server/chunks/[root-of-the-server]__1jlk8z1._.js:2:54347\n    at Object.with (/Users/ofir/kenyonexpress-autopilot/.next/server/chunks/[root-of-the-server]__1jlk8z1._.js:2:4124)\n    at S.with (/Users/ofir/kenyonexpress-autopilot/.next/server/chunks/[root-of-the-server]__1jlk8z1._.js:2:4450)\n    at G.startActiveSpan (/Users/ofir/kenyonexpress-autopilot/.next/server/chunks/[root-of-the-server]__1jlk8z1._.js:2:6806)\n    at H.startActiveSpan (/Users/ofir/kenyonexpress-autopilot/.next/server/chunks/[root-of-the-server]__1jlk8z1._.js:2:7045)\n    at e.runWithActiveSpan (/Users/ofir/kenyonexpress-autopilot/.next/server/chunks/[root-of-the-server]__1jlk8z1._.js:2:54324)\n    at /Users/ofir/kenyonexpress-autopilot/.next/server/chunks/[root-of-the-server]__1jlk8z1._.js:2:53577\n    at Object.with (/Users/ofir/kenyonexpress-autopilot/.next/server/chunks/[root-of-the-server]__1jlk8z1._.js:2:4124)\n    at S.with (/Users/ofir/kenyonexpress-autopilot/.next/server/chunks/[root-of-the-server]__1jlk8z1._.js:2:4450)\n    at e.trace (/Users/ofir/kenyonexpress-autopilot/.next/server/chunks/[root-of-the-server]__1jlk8z1._.js:2:53551)\n    at fetch (/Users/ofir/kenyonexpress-autopilot/.next/server/chunks/[root-of-the-server]__1jlk8z1._.js:2:84044)\n    at /Users/ofir/kenyonexpress-autopilot/.next/server/c","digest":"HANGING_PROMISE_REJECTION"}}
{"ts":"2026-10-07T14:21:47.084Z","level":"warn","event":"db.query_slow","request_id":null,"method":"GET","target":"products","status":200,"duration_ms":2316,"threshold_ms":300}
{"ts":"2026-10-07T14:21:47.107Z","level":"warn","event":"db.query_slow","request_id":null,"method":"GET","target":"products","status":200,"duration_ms":2250,"threshold_ms":300}
{"ts":"2026-10-07T14:21:47.119Z","level":"warn","event":"db.query_slow","request_id":null,"method":"GET","target":"categories","status":200,"duration_ms":1981,"threshold_ms":300}
{"ts":"2026-10-07T14:21:47.135Z","level":"warn","event":"db.query_slow","request_id":null,"method":"GET","target":"products","status":200,"duration_ms":2349,"threshold_ms":300}
{"ts":"2026-10-07T14:21:47.152Z","level":"warn","event":"db.query_slow","request_id":null,"method":"GET","target":"categories","status":200,"duration_ms":2031,"threshold_ms":300}
{"ts":"2026-10-07T14:21:47.154Z","level":"warn","event":"db.query_slow","request_id":null,"method":"GET","target":"categories","status":200,"duration_ms":2046,"threshold_ms":300}
{"ts":"2026-10-07T14:21:47.271Z","level":"warn","event":"db.query_slow","request_id":null,"method":"GET","target":"products","status":200,"duration_ms":2516,"threshold_ms":300}
{"ts":"2026-10-07T14:21:47.287Z","level":"warn","event":"db.query_slow","request_id":null,"method":"GET","target":"products","status":200,"duration_ms":2491,"threshold_ms":300}
{"ts":"2026-10-07T14:21:47.288Z","level":"warn","event":"db.query_slow","request_id":null,"method":"GET","target":"products","status":200,"duration_ms":2494,"threshold_ms":300}
{"ts":"2026-10-07T14:21:47.512Z","level":"error","event":"db.query_failed","request_id":null,"method":"POST","target":"rpc:available_stock","duration_ms":2744,"err":{"name":"Error","message":"During prerendering, fetch() rejects when the prerender is complete. Typically these errors are handled by React but if you move fetch() to a different context by using `setTimeout`, `after`, or similar functions you may observe this error and you should handle it in that context. This occurred at route \"/product/[slug]\".","stack":"Error: During prerendering, fetch() rejects when the prerender is complete. Typically these errors are handled by React but if you move fetch() to a different context by using `setTimeout`, `after`, or similar functions you may observe this error and you should handle it in that context. This occurred at route \"/product/[slug]\".\n    at eu (/Users/ofir/kenyonexpress-autopilot/.next/server/chunks/[root-of-the-server]__1jlk8z1._.js:2:58687)\n    at /Users/ofir/kenyonexpress-autopilot/.next/server/chunks/[root-of-the-server]__1jlk8z1._.js:2:87004\n    at /Users/ofir/kenyonexpress-autopilot/.next/server/chunks/[root-of-the-server]__1jlk8z1._.js:2:54057\n    at /Users/ofir/kenyonexpress-autopilot/.next/server/chunks/[root-of-the-server]__1jlk8z1._.js:2:54347\n    at Object.with (/Users/ofir/kenyonexpress-autopilot/.next/server/chunks/[root-of-the-server]__1jlk8z1._.js:2:4124)\n    at S.with (/Users/ofir/kenyonexpress-autopilot/.next/server/chunks/[root-of-the-server]__1jlk8z1._.js:2:4450)\n    at G.startActiveSpan (/Users/ofir/kenyonexpress-autopilot/.next/server/chunks/[root-of-the-server]__1jlk8z1._.js:2:6806)\n    at H.startActiveSpan (/Users/ofir/kenyonexpress-autopilot/.next/server/chunks/[root-of-the-server]__1jlk8z1._.js:2:7045)\n    at e.runWithActiveSpan (/Users/ofir/kenyonexpress-autopilot/.next/server/chunks/[root-of-the-server]__1jlk8z1._.js:2:54324)\n    at /Users/ofir/kenyonexpress-autopilot/.next/server/chunks/[root-of-the-server]__1jlk8z1._.js:2:53577\n    at Object.with (/Users/ofir/kenyonexpress-autopilot/.next/server/chunks/[root-of-the-server]__1jlk8z1._.js:2:4124)\n    at S.with (/Users/ofir/kenyonexpress-autopilot/.next/server/chunks/[root-of-the-server]__1jlk8z1._.js:2:4450)\n    at e.trace (/Users/ofir/kenyonexpress-autopilot/.next/server/chunks/[root-of-the-server]__1jlk8z1._.js:2:53551)\n    at fetch (/Users/ofir/kenyonexpress-autopilot/.next/server/chunks/[root-of-the-server]__1jlk8z1._.js:2:84044)\n    at /Users/ofir/kenyonexpress-autopilot/.next/server/chun","digest":"HANGING_PROMISE_REJECTION"}}
{"ts":"2026-10-07T14:21:47.512Z","level":"error","event":"db.query_failed","request_id":null,"method":"GET","target":"products","duration_ms":2744,"err":{"name":"Error","message":"During prerendering, fetch() rejects when the prerender is complete. Typically these errors are handled by React but if you move fetch() to a different context by using `setTimeout`, `after`, or similar functions you may observe this error and you should handle it in that context. This occurred at route \"/product/[slug]\".","stack":"Error: During prerendering, fetch() rejects when the prerender is complete. Typically these errors are handled by React but if you move fetch() to a different context by using `setTimeout`, `after`, or similar functions you may observe this error and you should handle it in that context. This occurred at route \"/product/[slug]\".\n    at eu (/Users/ofir/kenyonexpress-autopilot/.next/server/chunks/[root-of-the-server]__1jlk8z1._.js:2:58687)\n    at /Users/ofir/kenyonexpress-autopilot/.next/server/chunks/[root-of-the-server]__1jlk8z1._.js:2:87004\n    at /Users/ofir/kenyonexpress-autopilot/.next/server/chunks/[root-of-the-server]__1jlk8z1._.js:2:54057\n    at /Users/ofir/kenyonexpress-autopilot/.next/server/chunks/[root-of-the-server]__1jlk8z1._.js:2:54347\n    at Object.with (/Users/ofir/kenyonexpress-autopilot/.next/server/chunks/[root-of-the-server]__1jlk8z1._.js:2:4124)\n    at S.with (/Users/ofir/kenyonexpress-autopilot/.next/server/chunks/[root-of-the-server]__1jlk8z1._.js:2:4450)\n    at G.startActiveSpan (/Users/ofir/kenyonexpress-autopilot/.next/server/chunks/[root-of-the-server]__1jlk8z1._.js:2:6806)\n    at H.startActiveSpan (/Users/ofir/kenyonexpress-autopilot/.next/server/chunks/[root-of-the-server]__1jlk8z1._.js:2:7045)\n    at e.runWithActiveSpan (/Users/ofir/kenyonexpress-autopilot/.next/server/chunks/[root-of-the-server]__1jlk8z1._.js:2:54324)\n    at /Users/ofir/kenyonexpress-autopilot/.next/server/chunks/[root-of-the-server]__1jlk8z1._.js:2:53577\n    at Object.with (/Users/ofir/kenyonexpress-autopilot/.next/server/chunks/[root-of-the-server]__1jlk8z1._.js:2:4124)\n    at S.with (/Users/ofir/kenyonexpress-autopilot/.next/server/chunks/[root-of-the-server]__1jlk8z1._.js:2:4450)\n    at e.trace (/Users/ofir/kenyonexpress-autopilot/.next/server/chunks/[root-of-the-server]__1jlk8z1._.js:2:53551)\n    at fetch (/Users/ofir/kenyonexpress-autopilot/.next/server/chunks/[root-of-the-server]__1jlk8z1._.js:2:84044)\n    at /Users/ofir/kenyonexpress-autopilot/.next/server/chun","digest":"HANGING_PROMISE_REJECTION"}}
{"ts":"2026-10-07T14:21:47.578Z","level":"error","event":"db.query_failed","request_id":null,"method":"POST","target":"rpc:available_stock","duration_ms":10,"err":{"name":"Error","message":"During prerendering, fetch() rejects when the prerender is complete. Typically these errors are handled by React but if you move fetch() to a different context by using `setTimeout`, `after`, or similar functions you may observe this error and you should handle it in that context. This occurred at route \"/product/[slug]\".","stack":"Error: During prerendering, fetch() rejects when the prerender is complete. Typically these errors are handled by React but if you move fetch() to a different context by using `setTimeout`, `after`, or similar functions you may observe this error and you should handle it in that context. This occurred at route \"/product/[slug]\".\n    at eu (/Users/ofir/kenyonexpress-autopilot/.next/server/chunks/[root-of-the-server]__1jlk8z1._.js:2:58687)\n    at /Users/ofir/kenyonexpress-autopilot/.next/server/chunks/[root-of-the-server]__1jlk8z1._.js:2:87004\n    at /Users/ofir/kenyonexpress-autopilot/.next/server/chunks/[root-of-the-server]__1jlk8z1._.js:2:54057\n    at /Users/ofir/kenyonexpress-autopilot/.next/server/chunks/[root-of-the-server]__1jlk8z1._.js:2:54347\n    at Object.with (/Users/ofir/kenyonexpress-autopilot/.next/server/chunks/[root-of-the-server]__1jlk8z1._.js:2:4124)\n    at S.with (/Users/ofir/kenyonexpress-autopilot/.next/server/chunks/[root-of-the-server]__1jlk8z1._.js:2:4450)\n    at G.startActiveSpan (/Users/ofir/kenyonexpress-autopilot/.next/server/chunks/[root-of-the-server]__1jlk8z1._.js:2:6806)\n    at H.startActiveSpan (/Users/ofir/kenyonexpress-autopilot/.next/server/chunks/[root-of-the-server]__1jlk8z1._.js:2:7045)\n    at e.runWithActiveSpan (/Users/ofir/kenyonexpress-autopilot/.next/server/chunks/[root-of-the-server]__1jlk8z1._.js:2:54324)\n    at /Users/ofir/kenyonexpress-autopilot/.next/server/chunks/[root-of-the-server]__1jlk8z1._.js:2:53577\n    at Object.with (/Users/ofir/kenyonexpress-autopilot/.next/server/chunks/[root-of-the-server]__1jlk8z1._.js:2:4124)\n    at S.with (/Users/ofir/kenyonexpress-autopilot/.next/server/chunks/[root-of-the-server]__1jlk8z1._.js:2:4450)\n    at e.trace (/Users/ofir/kenyonexpress-autopilot/.next/server/chunks/[root-of-the-server]__1jlk8z1._.js:2:53551)\n    at fetch (/Users/ofir/kenyonexpress-autopilot/.next/server/chunks/[root-of-the-server]__1jlk8z1._.js:2:84044)\n    at /Users/ofir/kenyonexpress-autopilot/.next/server/chun","digest":"HANGING_PROMISE_REJECTION"}}
{"ts":"2026-10-07T14:21:47.578Z","level":"error","event":"db.query_failed","request_id":null,"method":"GET","target":"products","duration_ms":9,"err":{"name":"Error","message":"During prerendering, fetch() rejects when the prerender is complete. Typically these errors are handled by React but if you move fetch() to a different context by using `setTimeout`, `after`, or similar functions you may observe this error and you should handle it in that context. This occurred at route \"/product/[slug]\".","stack":"Error: During prerendering, fetch() rejects when the prerender is complete. Typically these errors are handled by React but if you move fetch() to a different context by using `setTimeout`, `after`, or similar functions you may observe this error and you should handle it in that context. This occurred at route \"/product/[slug]\".\n    at eu (/Users/ofir/kenyonexpress-autopilot/.next/server/chunks/[root-of-the-server]__1jlk8z1._.js:2:58687)\n    at /Users/ofir/kenyonexpress-autopilot/.next/server/chunks/[root-of-the-server]__1jlk8z1._.js:2:87004\n    at /Users/ofir/kenyonexpress-autopilot/.next/server/chunks/[root-of-the-server]__1jlk8z1._.js:2:54057\n    at /Users/ofir/kenyonexpress-autopilot/.next/server/chunks/[root-of-the-server]__1jlk8z1._.js:2:54347\n    at Object.with (/Users/ofir/kenyonexpress-autopilot/.next/server/chunks/[root-of-the-server]__1jlk8z1._.js:2:4124)\n    at S.with (/Users/ofir/kenyonexpress-autopilot/.next/server/chunks/[root-of-the-server]__1jlk8z1._.js:2:4450)\n    at G.startActiveSpan (/Users/ofir/kenyonexpress-autopilot/.next/server/chunks/[root-of-the-server]__1jlk8z1._.js:2:6806)\n    at H.startActiveSpan (/Users/ofir/kenyonexpress-autopilot/.next/server/chunks/[root-of-the-server]__1jlk8z1._.js:2:7045)\n    at e.runWithActiveSpan (/Users/ofir/kenyonexpress-autopilot/.next/server/chunks/[root-of-the-server]__1jlk8z1._.js:2:54324)\n    at /Users/ofir/kenyonexpress-autopilot/.next/server/chunks/[root-of-the-server]__1jlk8z1._.js:2:53577\n    at Object.with (/Users/ofir/kenyonexpress-autopilot/.next/server/chunks/[root-of-the-server]__1jlk8z1._.js:2:4124)\n    at S.with (/Users/ofir/kenyonexpress-autopilot/.next/server/chunks/[root-of-the-server]__1jlk8z1._.js:2:4450)\n    at e.trace (/Users/ofir/kenyonexpress-autopilot/.next/server/chunks/[root-of-the-server]__1jlk8z1._.js:2:53551)\n    at fetch (/Users/ofir/kenyonexpress-autopilot/.next/server/chunks/[root-of-the-server]__1jlk8z1._.js:2:84044)\n    at /Users/ofir/kenyonexpress-autopilot/.next/server/chun","digest":"HANGING_PROMISE_REJECTION"}}
{"ts":"2026-10-07T14:21:47.579Z","level":"warn","event":"db.query_slow","request_id":null,"method":"GET","target":"categories","status":200,"duration_ms":2452,"threshold_ms":300}
{"ts":"2026-10-07T14:21:47.715Z","level":"warn","event":"db.query_slow","request_id":null,"method":"GET","target":"products","status":200,"duration_ms":2832,"threshold_ms":300}
{"ts":"2026-10-07T14:21:47.717Z","level":"warn","event":"db.query_slow","request_id":null,"method":"GET","target":"products","status":200,"duration_ms":2943,"threshold_ms":300}
{"ts":"2026-10-07T14:21:47.862Z","level":"error","event":"db.query_failed","request_id":null,"method":"GET","target":"products","duration_ms":0,"err":{"name":"Error","message":"During prerendering, fetch() rejects when the prerender is complete. Typically these errors are handled by React but if you move fetch() to a different context by using `setTimeout`, `after`, or similar functions you may observe this error and you should handle it in that context. This occurred at route \"/product/[slug]\".","stack":"Error: During prerendering, fetch() rejects when the prerender is complete. Typically these errors are handled by React but if you move fetch() to a different context by using `setTimeout`, `after`, or similar functions you may observe this error and you should handle it in that context. This occurred at route \"/product/[slug]\".\n    at eu (/Users/ofir/kenyonexpress-autopilot/.next/server/chunks/[root-of-the-server]__1jlk8z1._.js:2:58687)\n    at /Users/ofir/kenyonexpress-autopilot/.next/server/chunks/[root-of-the-server]__1jlk8z1._.js:2:87004\n    at /Users/ofir/kenyonexpress-autopilot/.next/server/chunks/[root-of-the-server]__1jlk8z1._.js:2:54057\n    at /Users/ofir/kenyonexpress-autopilot/.next/server/chunks/[root-of-the-server]__1jlk8z1._.js:2:54347\n    at Object.with (/Users/ofir/kenyonexpress-autopilot/.next/server/chunks/[root-of-the-server]__1jlk8z1._.js:2:4124)\n    at S.with (/Users/ofir/kenyonexpress-autopilot/.next/server/chunks/[root-of-the-server]__1jlk8z1._.js:2:4450)\n    at G.startActiveSpan (/Users/ofir/kenyonexpress-autopilot/.next/server/chunks/[root-of-the-server]__1jlk8z1._.js:2:6806)\n    at H.startActiveSpan (/Users/ofir/kenyonexpress-autopilot/.next/server/chunks/[root-of-the-server]__1jlk8z1._.js:2:7045)\n    at e.runWithActiveSpan (/Users/ofir/kenyonexpress-autopilot/.next/server/chunks/[root-of-the-server]__1jlk8z1._.js:2:54324)\n    at /Users/ofir/kenyonexpress-autopilot/.next/server/chunks/[root-of-the-server]__1jlk8z1._.js:2:53577\n    at Object.with (/Users/ofir/kenyonexpress-autopilot/.next/server/chunks/[root-of-the-server]__1jlk8z1._.js:2:4124)\n    at S.with (/Users/ofir/kenyonexpress-autopilot/.next/server/chunks/[root-of-the-server]__1jlk8z1._.js:2:4450)\n    at e.trace (/Users/ofir/kenyonexpress-autopilot/.next/server/chunks/[root-of-the-server]__1jlk8z1._.js:2:53551)\n    at fetch (/Users/ofir/kenyonexpress-autopilot/.next/server/chunks/[root-of-the-server]__1jlk8z1._.js:2:84044)\n    at /Users/ofir/kenyonexpress-autopilot/.next/server/chun","digest":"HANGING_PROMISE_REJECTION"}}
{"ts":"2026-10-07T14:21:47.910Z","level":"warn","event":"db.query_slow","request_id":null,"method":"GET","target":"products","status":200,"duration_ms":2819,"threshold_ms":300}
{"ts":"2026-10-07T14:21:48.005Z","level":"error","event":"db.query_failed","request_id":null,"method":"POST","target":"rpc:available_stock","duration_ms":2915,"err":{"name":"Error","message":"During prerendering, fetch() rejects when the prerender is complete. Typically these errors are handled by React but if you move fetch() to a different context by using `setTimeout`, `after`, or similar functions you may observe this error and you should handle it in that context. This occurred at route \"/product/[slug]\".","stack":"Error: During prerendering, fetch() rejects when the prerender is complete. Typically these errors are handled by React but if you move fetch() to a different context by using `setTimeout`, `after`, or similar functions you may observe this error and you should handle it in that context. This occurred at route \"/product/[slug]\".\n    at eu (/Users/ofir/kenyonexpress-autopilot/.next/server/chunks/[root-of-the-server]__1jlk8z1._.js:2:58687)\n    at /Users/ofir/kenyonexpress-autopilot/.next/server/chunks/[root-of-the-server]__1jlk8z1._.js:2:87004\n    at /Users/ofir/kenyonexpress-autopilot/.next/server/chunks/[root-of-the-server]__1jlk8z1._.js:2:54057\n    at /Users/ofir/kenyonexpress-autopilot/.next/server/chunks/[root-of-the-server]__1jlk8z1._.js:2:54347\n    at Object.with (/Users/ofir/kenyonexpress-autopilot/.next/server/chunks/[root-of-the-server]__1jlk8z1._.js:2:4124)\n    at S.with (/Users/ofir/kenyonexpress-autopilot/.next/server/chunks/[root-of-the-server]__1jlk8z1._.js:2:4450)\n    at G.startActiveSpan (/Users/ofir/kenyonexpress-autopilot/.next/server/chunks/[root-of-the-server]__1jlk8z1._.js:2:6806)\n    at H.startActiveSpan (/Users/ofir/kenyonexpress-autopilot/.next/server/chunks/[root-of-the-server]__1jlk8z1._.js:2:7045)\n    at e.runWithActiveSpan (/Users/ofir/kenyonexpress-autopilot/.next/server/chunks/[root-of-the-server]__1jlk8z1._.js:2:54324)\n    at /Users/ofir/kenyonexpress-autopilot/.next/server/chunks/[root-of-the-server]__1jlk8z1._.js:2:53577\n    at Object.with (/Users/ofir/kenyonexpress-autopilot/.next/server/chunks/[root-of-the-server]__1jlk8z1._.js:2:4124)\n    at S.with (/Users/ofir/kenyonexpress-autopilot/.next/server/chunks/[root-of-the-server]__1jlk8z1._.js:2:4450)\n    at e.trace (/Users/ofir/kenyonexpress-autopilot/.next/server/chunks/[root-of-the-server]__1jlk8z1._.js:2:53551)\n    at fetch (/Users/ofir/kenyonexpress-autopilot/.next/server/chunks/[root-of-the-server]__1jlk8z1._.js:2:84044)\n    at /Users/ofir/kenyonexpress-autopilot/.next/server/chun","digest":"HANGING_PROMISE_REJECTION"}}
{"ts":"2026-10-07T14:21:48.007Z","level":"error","event":"db.query_failed","request_id":null,"method":"GET","target":"products","duration_ms":2917,"err":{"name":"Error","message":"During prerendering, fetch() rejects when the prerender is complete. Typically these errors are handled by React but if you move fetch() to a different context by using `setTimeout`, `after`, or similar functions you may observe this error and you should handle it in that context. This occurred at route \"/product/[slug]\".","stack":"Error: During prerendering, fetch() rejects when the prerender is complete. Typically these errors are handled by React but if you move fetch() to a different context by using `setTimeout`, `after`, or similar functions you may observe this error and you should handle it in that context. This occurred at route \"/product/[slug]\".\n    at eu (/Users/ofir/kenyonexpress-autopilot/.next/server/chunks/[root-of-the-server]__1jlk8z1._.js:2:58687)\n    at /Users/ofir/kenyonexpress-autopilot/.next/server/chunks/[root-of-the-server]__1jlk8z1._.js:2:87004\n    at /Users/ofir/kenyonexpress-autopilot/.next/server/chunks/[root-of-the-server]__1jlk8z1._.js:2:54057\n    at /Users/ofir/kenyonexpress-autopilot/.next/server/chunks/[root-of-the-server]__1jlk8z1._.js:2:54347\n    at Object.with (/Users/ofir/kenyonexpress-autopilot/.next/server/chunks/[root-of-the-server]__1jlk8z1._.js:2:4124)\n    at S.with (/Users/ofir/kenyonexpress-autopilot/.next/server/chunks/[root-of-the-server]__1jlk8z1._.js:2:4450)\n    at G.startActiveSpan (/Users/ofir/kenyonexpress-autopilot/.next/server/chunks/[root-of-the-server]__1jlk8z1._.js:2:6806)\n    at H.startActiveSpan (/Users/ofir/kenyonexpress-autopilot/.next/server/chunks/[root-of-the-server]__1jlk8z1._.js:2:7045)\n    at e.runWithActiveSpan (/Users/ofir/kenyonexpress-autopilot/.next/server/chunks/[root-of-the-server]__1jlk8z1._.js:2:54324)\n    at /Users/ofir/kenyonexpress-autopilot/.next/server/chunks/[root-of-the-server]__1jlk8z1._.js:2:53577\n    at Object.with (/Users/ofir/kenyonexpress-autopilot/.next/server/chunks/[root-of-the-server]__1jlk8z1._.js:2:4124)\n    at S.with (/Users/ofir/kenyonexpress-autopilot/.next/server/chunks/[root-of-the-server]__1jlk8z1._.js:2:4450)\n    at e.trace (/Users/ofir/kenyonexpress-autopilot/.next/server/chunks/[root-of-the-server]__1jlk8z1._.js:2:53551)\n    at fetch (/Users/ofir/kenyonexpress-autopilot/.next/server/chunks/[root-of-the-server]__1jlk8z1._.js:2:84044)\n    at /Users/ofir/kenyonexpress-autopilot/.next/server/chun","digest":"HANGING_PROMISE_REJECTION"}}
{"ts":"2026-10-07T14:21:48.027Z","level":"error","event":"db.query_failed","request_id":null,"method":"POST","target":"rpc:available_stock","duration_ms":1,"err":{"name":"Error","message":"During prerendering, fetch() rejects when the prerender is complete. Typically these errors are handled by React but if you move fetch() to a different context by using `setTimeout`, `after`, or similar functions you may observe this error and you should handle it in that context. This occurred at route \"/product/[slug]\".","stack":"Error: During prerendering, fetch() rejects when the prerender is complete. Typically these errors are handled by React but if you move fetch() to a different context by using `setTimeout`, `after`, or similar functions you may observe this error and you should handle it in that context. This occurred at route \"/product/[slug]\".\n    at eu (/Users/ofir/kenyonexpress-autopilot/.next/server/chunks/[root-of-the-server]__1jlk8z1._.js:2:58687)\n    at /Users/ofir/kenyonexpress-autopilot/.next/server/chunks/[root-of-the-server]__1jlk8z1._.js:2:87004\n    at /Users/ofir/kenyonexpress-autopilot/.next/server/chunks/[root-of-the-server]__1jlk8z1._.js:2:54057\n    at /Users/ofir/kenyonexpress-autopilot/.next/server/chunks/[root-of-the-server]__1jlk8z1._.js:2:54347\n    at Object.with (/Users/ofir/kenyonexpress-autopilot/.next/server/chunks/[root-of-the-server]__1jlk8z1._.js:2:4124)\n    at S.with (/Users/ofir/kenyonexpress-autopilot/.next/server/chunks/[root-of-the-server]__1jlk8z1._.js:2:4450)\n    at G.startActiveSpan (/Users/ofir/kenyonexpress-autopilot/.next/server/chunks/[root-of-the-server]__1jlk8z1._.js:2:6806)\n    at H.startActiveSpan (/Users/ofir/kenyonexpress-autopilot/.next/server/chunks/[root-of-the-server]__1jlk8z1._.js:2:7045)\n    at e.runWithActiveSpan (/Users/ofir/kenyonexpress-autopilot/.next/server/chunks/[root-of-the-server]__1jlk8z1._.js:2:54324)\n    at /Users/ofir/kenyonexpress-autopilot/.next/server/chunks/[root-of-the-server]__1jlk8z1._.js:2:53577\n    at Object.with (/Users/ofir/kenyonexpress-autopilot/.next/server/chunks/[root-of-the-server]__1jlk8z1._.js:2:4124)\n    at S.with (/Users/ofir/kenyonexpress-autopilot/.next/server/chunks/[root-of-the-server]__1jlk8z1._.js:2:4450)\n    at e.trace (/Users/ofir/kenyonexpress-autopilot/.next/server/chunks/[root-of-the-server]__1jlk8z1._.js:2:53551)\n    at fetch (/Users/ofir/kenyonexpress-autopilot/.next/server/chunks/[root-of-the-server]__1jlk8z1._.js:2:84044)\n    at /Users/ofir/kenyonexpress-autopilot/.next/server/chun","digest":"HANGING_PROMISE_REJECTION"}}
{"ts":"2026-10-07T14:21:48.028Z","level":"error","event":"db.query_failed","request_id":null,"method":"GET","target":"products","duration_ms":1,"err":{"name":"Error","message":"During prerendering, fetch() rejects when the prerender is complete. Typically these errors are handled by React but if you move fetch() to a different context by using `setTimeout`, `after`, or similar functions you may observe this error and you should handle it in that context. This occurred at route \"/product/[slug]\".","stack":"Error: During prerendering, fetch() rejects when the prerender is complete. Typically these errors are handled by React but if you move fetch() to a different context by using `setTimeout`, `after`, or similar functions you may observe this error and you should handle it in that context. This occurred at route \"/product/[slug]\".\n    at eu (/Users/ofir/kenyonexpress-autopilot/.next/server/chunks/[root-of-the-server]__1jlk8z1._.js:2:58687)\n    at /Users/ofir/kenyonexpress-autopilot/.next/server/chunks/[root-of-the-server]__1jlk8z1._.js:2:87004\n    at /Users/ofir/kenyonexpress-autopilot/.next/server/chunks/[root-of-the-server]__1jlk8z1._.js:2:54057\n    at /Users/ofir/kenyonexpress-autopilot/.next/server/chunks/[root-of-the-server]__1jlk8z1._.js:2:54347\n    at Object.with (/Users/ofir/kenyonexpress-autopilot/.next/server/chunks/[root-of-the-server]__1jlk8z1._.js:2:4124)\n    at S.with (/Users/ofir/kenyonexpress-autopilot/.next/server/chunks/[root-of-the-server]__1jlk8z1._.js:2:4450)\n    at G.startActiveSpan (/Users/ofir/kenyonexpress-autopilot/.next/server/chunks/[root-of-the-server]__1jlk8z1._.js:2:6806)\n    at H.startActiveSpan (/Users/ofir/kenyonexpress-autopilot/.next/server/chunks/[root-of-the-server]__1jlk8z1._.js:2:7045)\n    at e.runWithActiveSpan (/Users/ofir/kenyonexpress-autopilot/.next/server/chunks/[root-of-the-server]__1jlk8z1._.js:2:54324)\n    at /Users/ofir/kenyonexpress-autopilot/.next/server/chunks/[root-of-the-server]__1jlk8z1._.js:2:53577\n    at Object.with (/Users/ofir/kenyonexpress-autopilot/.next/server/chunks/[root-of-the-server]__1jlk8z1._.js:2:4124)\n    at S.with (/Users/ofir/kenyonexpress-autopilot/.next/server/chunks/[root-of-the-server]__1jlk8z1._.js:2:4450)\n    at e.trace (/Users/ofir/kenyonexpress-autopilot/.next/server/chunks/[root-of-the-server]__1jlk8z1._.js:2:53551)\n    at fetch (/Users/ofir/kenyonexpress-autopilot/.next/server/chunks/[root-of-the-server]__1jlk8z1._.js:2:84044)\n    at /Users/ofir/kenyonexpress-autopilot/.next/server/chun","digest":"HANGING_PROMISE_REJECTION"}}
{"ts":"2026-10-07T14:21:48.097Z","level":"error","event":"db.query_failed","request_id":null,"method":"GET","target":"products","duration_ms":1,"err":{"name":"Error","message":"During prerendering, fetch() rejects when the prerender is complete. Typically these errors are handled by React but if you move fetch() to a different context by using `setTimeout`, `after`, or similar functions you may observe this error and you should handle it in that context. This occurred at route \"/product/[slug]\".","stack":"Error: During prerendering, fetch() rejects when the prerender is complete. Typically these errors are handled by React but if you move fetch() to a different context by using `setTimeout`, `after`, or similar functions you may observe this error and you should handle it in that context. This occurred at route \"/product/[slug]\".\n    at eu (/Users/ofir/kenyonexpress-autopilot/.next/server/chunks/[root-of-the-server]__1jlk8z1._.js:2:58687)\n    at /Users/ofir/kenyonexpress-autopilot/.next/server/chunks/[root-of-the-server]__1jlk8z1._.js:2:87004\n    at /Users/ofir/kenyonexpress-autopilot/.next/server/chunks/[root-of-the-server]__1jlk8z1._.js:2:54057\n    at /Users/ofir/kenyonexpress-autopilot/.next/server/chunks/[root-of-the-server]__1jlk8z1._.js:2:54347\n    at Object.with (/Users/ofir/kenyonexpress-autopilot/.next/server/chunks/[root-of-the-server]__1jlk8z1._.js:2:4124)\n    at S.with (/Users/ofir/kenyonexpress-autopilot/.next/server/chunks/[root-of-the-server]__1jlk8z1._.js:2:4450)\n    at G.startActiveSpan (/Users/ofir/kenyonexpress-autopilot/.next/server/chunks/[root-of-the-server]__1jlk8z1._.js:2:6806)\n    at H.startActiveSpan (/Users/ofir/kenyonexpress-autopilot/.next/server/chunks/[root-of-the-server]__1jlk8z1._.js:2:7045)\n    at e.runWithActiveSpan (/Users/ofir/kenyonexpress-autopilot/.next/server/chunks/[root-of-the-server]__1jlk8z1._.js:2:54324)\n    at /Users/ofir/kenyonexpress-autopilot/.next/server/chunks/[root-of-the-server]__1jlk8z1._.js:2:53577\n    at Object.with (/Users/ofir/kenyonexpress-autopilot/.next/server/chunks/[root-of-the-server]__1jlk8z1._.js:2:4124)\n    at S.with (/Users/ofir/kenyonexpress-autopilot/.next/server/chunks/[root-of-the-server]__1jlk8z1._.js:2:4450)\n    at e.trace (/Users/ofir/kenyonexpress-autopilot/.next/server/chunks/[root-of-the-server]__1jlk8z1._.js:2:53551)\n    at fetch (/Users/ofir/kenyonexpress-autopilot/.next/server/chunks/[root-of-the-server]__1jlk8z1._.js:2:84044)\n    at /Users/ofir/kenyonexpress-autopilot/.next/server/chun","digest":"HANGING_PROMISE_REJECTION"}}
{"ts":"2026-10-07T14:21:48.099Z","level":"error","event":"db.query_failed","request_id":null,"method":"GET","target":"products","duration_ms":2,"err":{"name":"Error","message":"During prerendering, fetch() rejects when the prerender is complete. Typically these errors are handled by React but if you move fetch() to a different context by using `setTimeout`, `after`, or similar functions you may observe this error and you should handle it in that context. This occurred at route \"/product/[slug]\".","stack":"Error: During prerendering, fetch() rejects when the prerender is complete. Typically these errors are handled by React but if you move fetch() to a different context by using `setTimeout`, `after`, or similar functions you may observe this error and you should handle it in that context. This occurred at route \"/product/[slug]\".\n    at eu (/Users/ofir/kenyonexpress-autopilot/.next/server/chunks/[root-of-the-server]__1jlk8z1._.js:2:58687)\n    at /Users/ofir/kenyonexpress-autopilot/.next/server/chunks/[root-of-the-server]__1jlk8z1._.js:2:87004\n    at /Users/ofir/kenyonexpress-autopilot/.next/server/chunks/[root-of-the-server]__1jlk8z1._.js:2:54057\n    at /Users/ofir/kenyonexpress-autopilot/.next/server/chunks/[root-of-the-server]__1jlk8z1._.js:2:54347\n    at Object.with (/Users/ofir/kenyonexpress-autopilot/.next/server/chunks/[root-of-the-server]__1jlk8z1._.js:2:4124)\n    at S.with (/Users/ofir/kenyonexpress-autopilot/.next/server/chunks/[root-of-the-server]__1jlk8z1._.js:2:4450)\n    at G.startActiveSpan (/Users/ofir/kenyonexpress-autopilot/.next/server/chunks/[root-of-the-server]__1jlk8z1._.js:2:6806)\n    at H.startActiveSpan (/Users/ofir/kenyonexpress-autopilot/.next/server/chunks/[root-of-the-server]__1jlk8z1._.js:2:7045)\n    at e.runWithActiveSpan (/Users/ofir/kenyonexpress-autopilot/.next/server/chunks/[root-of-the-server]__1jlk8z1._.js:2:54324)\n    at /Users/ofir/kenyonexpress-autopilot/.next/server/chunks/[root-of-the-server]__1jlk8z1._.js:2:53577\n    at Object.with (/Users/ofir/kenyonexpress-autopilot/.next/server/chunks/[root-of-the-server]__1jlk8z1._.js:2:4124)\n    at S.with (/Users/ofir/kenyonexpress-autopilot/.next/server/chunks/[root-of-the-server]__1jlk8z1._.js:2:4450)\n    at e.trace (/Users/ofir/kenyonexpress-autopilot/.next/server/chunks/[root-of-the-server]__1jlk8z1._.js:2:53551)\n    at fetch (/Users/ofir/kenyonexpress-autopilot/.next/server/chunks/[root-of-the-server]__1jlk8z1._.js:2:84044)\n    at /Users/ofir/kenyonexpress-autopilot/.next/server/chun","digest":"HANGING_PROMISE_REJECTION"}}
{"ts":"2026-10-07T14:21:48.294Z","level":"error","event":"db.query_failed","request_id":null,"method":"GET","target":"products","duration_ms":0,"err":{"name":"Error","message":"During prerendering, fetch() rejects when the prerender is complete. Typically these errors are handled by React but if you move fetch() to a different context by using `setTimeout`, `after`, or similar functions you may observe this error and you should handle it in that context. This occurred at route \"/product/[slug]\".","stack":"Error: During prerendering, fetch() rejects when the prerender is complete. Typically these errors are handled by React but if you move fetch() to a different context by using `setTimeout`, `after`, or similar functions you may observe this error and you should handle it in that context. This occurred at route \"/product/[slug]\".\n    at eu (/Users/ofir/kenyonexpress-autopilot/.next/server/chunks/[root-of-the-server]__1jlk8z1._.js:2:58687)\n    at /Users/ofir/kenyonexpress-autopilot/.next/server/chunks/[root-of-the-server]__1jlk8z1._.js:2:87004\n    at /Users/ofir/kenyonexpress-autopilot/.next/server/chunks/[root-of-the-server]__1jlk8z1._.js:2:54057\n    at /Users/ofir/kenyonexpress-autopilot/.next/server/chunks/[root-of-the-server]__1jlk8z1._.js:2:54347\n    at Object.with (/Users/ofir/kenyonexpress-autopilot/.next/server/chunks/[root-of-the-server]__1jlk8z1._.js:2:4124)\n    at S.with (/Users/ofir/kenyonexpress-autopilot/.next/server/chunks/[root-of-the-server]__1jlk8z1._.js:2:4450)\n    at G.startActiveSpan (/Users/ofir/kenyonexpress-autopilot/.next/server/chunks/[root-of-the-server]__1jlk8z1._.js:2:6806)\n    at H.startActiveSpan (/Users/ofir/kenyonexpress-autopilot/.next/server/chunks/[root-of-the-server]__1jlk8z1._.js:2:7045)\n    at e.runWithActiveSpan (/Users/ofir/kenyonexpress-autopilot/.next/server/chunks/[root-of-the-server]__1jlk8z1._.js:2:54324)\n    at /Users/ofir/kenyonexpress-autopilot/.next/server/chunks/[root-of-the-server]__1jlk8z1._.js:2:53577\n    at Object.with (/Users/ofir/kenyonexpress-autopilot/.next/server/chunks/[root-of-the-server]__1jlk8z1._.js:2:4124)\n    at S.with (/Users/ofir/kenyonexpress-autopilot/.next/server/chunks/[root-of-the-server]__1jlk8z1._.js:2:4450)\n    at e.trace (/Users/ofir/kenyonexpress-autopilot/.next/server/chunks/[root-of-the-server]__1jlk8z1._.js:2:53551)\n    at fetch (/Users/ofir/kenyonexpress-autopilot/.next/server/chunks/[root-of-the-server]__1jlk8z1._.js:2:84044)\n    at /Users/ofir/kenyonexpress-autopilot/.next/server/chun","digest":"HANGING_PROMISE_REJECTION"}}
{"ts":"2026-10-07T14:21:48.331Z","level":"error","event":"db.query_failed","request_id":null,"method":"GET","target":"products","duration_ms":0,"err":{"name":"Error","message":"During prerendering, fetch() rejects when the prerender is complete. Typically these errors are handled by React but if you move fetch() to a different context by using `setTimeout`, `after`, or similar functions you may observe this error and you should handle it in that context. This occurred at route \"/product/[slug]\".","stack":"Error: During prerendering, fetch() rejects when the prerender is complete. Typically these errors are handled by React but if you move fetch() to a different context by using `setTimeout`, `after`, or similar functions you may observe this error and you should handle it in that context. This occurred at route \"/product/[slug]\".\n    at eu (/Users/ofir/kenyonexpress-autopilot/.next/server/chunks/[root-of-the-server]__1jlk8z1._.js:2:58687)\n    at /Users/ofir/kenyonexpress-autopilot/.next/server/chunks/[root-of-the-server]__1jlk8z1._.js:2:87004\n    at /Users/ofir/kenyonexpress-autopilot/.next/server/chunks/[root-of-the-server]__1jlk8z1._.js:2:54057\n    at /Users/ofir/kenyonexpress-autopilot/.next/server/chunks/[root-of-the-server]__1jlk8z1._.js:2:54347\n    at Object.with (/Users/ofir/kenyonexpress-autopilot/.next/server/chunks/[root-of-the-server]__1jlk8z1._.js:2:4124)\n    at S.with (/Users/ofir/kenyonexpress-autopilot/.next/server/chunks/[root-of-the-server]__1jlk8z1._.js:2:4450)\n    at G.startActiveSpan (/Users/ofir/kenyonexpress-autopilot/.next/server/chunks/[root-of-the-server]__1jlk8z1._.js:2:6806)\n    at H.startActiveSpan (/Users/ofir/kenyonexpress-autopilot/.next/server/chunks/[root-of-the-server]__1jlk8z1._.js:2:7045)\n    at e.runWithActiveSpan (/Users/ofir/kenyonexpress-autopilot/.next/server/chunks/[root-of-the-server]__1jlk8z1._.js:2:54324)\n    at /Users/ofir/kenyonexpress-autopilot/.next/server/chunks/[root-of-the-server]__1jlk8z1._.js:2:53577\n    at Object.with (/Users/ofir/kenyonexpress-autopilot/.next/server/chunks/[root-of-the-server]__1jlk8z1._.js:2:4124)\n    at S.with (/Users/ofir/kenyonexpress-autopilot/.next/server/chunks/[root-of-the-server]__1jlk8z1._.js:2:4450)\n    at e.trace (/Users/ofir/kenyonexpress-autopilot/.next/server/chunks/[root-of-the-server]__1jlk8z1._.js:2:53551)\n    at fetch (/Users/ofir/kenyonexpress-autopilot/.next/server/chunks/[root-of-the-server]__1jlk8z1._.js:2:84044)\n    at /Users/ofir/kenyonexpress-autopilot/.next/server/chun","digest":"HANGING_PROMISE_REJECTION"}}
{"ts":"2026-10-07T14:21:48.368Z","level":"error","event":"db.query_failed","request_id":null,"method":"GET","target":"products","duration_ms":0,"err":{"name":"Error","message":"During prerendering, fetch() rejects when the prerender is complete. Typically these errors are handled by React but if you move fetch() to a different context by using `setTimeout`, `after`, or similar functions you may observe this error and you should handle it in that context. This occurred at route \"/product/[slug]\".","stack":"Error: During prerendering, fetch() rejects when the prerender is complete. Typically these errors are handled by React but if you move fetch() to a different context by using `setTimeout`, `after`, or similar functions you may observe this error and you should handle it in that context. This occurred at route \"/product/[slug]\".\n    at eu (/Users/ofir/kenyonexpress-autopilot/.next/server/chunks/[root-of-the-server]__1jlk8z1._.js:2:58687)\n    at /Users/ofir/kenyonexpress-autopilot/.next/server/chunks/[root-of-the-server]__1jlk8z1._.js:2:87004\n    at /Users/ofir/kenyonexpress-autopilot/.next/server/chunks/[root-of-the-server]__1jlk8z1._.js:2:54057\n    at /Users/ofir/kenyonexpress-autopilot/.next/server/chunks/[root-of-the-server]__1jlk8z1._.js:2:54347\n    at Object.with (/Users/ofir/kenyonexpress-autopilot/.next/server/chunks/[root-of-the-server]__1jlk8z1._.js:2:4124)\n    at S.with (/Users/ofir/kenyonexpress-autopilot/.next/server/chunks/[root-of-the-server]__1jlk8z1._.js:2:4450)\n    at G.startActiveSpan (/Users/ofir/kenyonexpress-autopilot/.next/server/chunks/[root-of-the-server]__1jlk8z1._.js:2:6806)\n    at H.startActiveSpan (/Users/ofir/kenyonexpress-autopilot/.next/server/chunks/[root-of-the-server]__1jlk8z1._.js:2:7045)\n    at e.runWithActiveSpan (/Users/ofir/kenyonexpress-autopilot/.next/server/chunks/[root-of-the-server]__1jlk8z1._.js:2:54324)\n    at /Users/ofir/kenyonexpress-autopilot/.next/server/chunks/[root-of-the-server]__1jlk8z1._.js:2:53577\n    at Object.with (/Users/ofir/kenyonexpress-autopilot/.next/server/chunks/[root-of-the-server]__1jlk8z1._.js:2:4124)\n    at S.with (/Users/ofir/kenyonexpress-autopilot/.next/server/chunks/[root-of-the-server]__1jlk8z1._.js:2:4450)\n    at e.trace (/Users/ofir/kenyonexpress-autopilot/.next/server/chunks/[root-of-the-server]__1jlk8z1._.js:2:53551)\n    at fetch (/Users/ofir/kenyonexpress-autopilot/.next/server/chunks/[root-of-the-server]__1jlk8z1._.js:2:84044)\n    at /Users/ofir/kenyonexpress-autopilot/.next/server/chun","digest":"HANGING_PROMISE_REJECTION"}}
{"ts":"2026-10-07T14:21:48.411Z","level":"warn","event":"db.query_slow","request_id":null,"method":"GET","target":"categories","status":200,"duration_ms":5213,"threshold_ms":300}
{"ts":"2026-10-07T14:21:48.412Z","level":"warn","event":"db.query_slow","request_id":null,"method":"GET","target":"products","status":200,"duration_ms":5146,"threshold_ms":300}
{"ts":"2026-10-07T14:21:48.504Z","level":"error","event":"db.query_failed","request_id":null,"method":"GET","target":"referral_program_settings","duration_ms":0,"err":{"name":"Error","message":"During prerendering, fetch() rejects when the prerender is complete. Typically these errors are handled by React but if you move fetch() to a different context by using `setTimeout`, `after`, or similar functions you may observe this error and you should handle it in that context. This occurred at route \"/account/wallet\".","stack":"Error: During prerendering, fetch() rejects when the prerender is complete. Typically these errors are handled by React but if you move fetch() to a different context by using `setTimeout`, `after`, or similar functions you may observe this error and you should handle it in that context. This occurred at route \"/account/wallet\".\n    at eu (/Users/ofir/kenyonexpress-autopilot/.next/server/chunks/[root-of-the-server]__1jlk8z1._.js:2:58687)\n    at /Users/ofir/kenyonexpress-autopilot/.next/server/chunks/[root-of-the-server]__1jlk8z1._.js:2:87004\n    at /Users/ofir/kenyonexpress-autopilot/.next/server/chunks/[root-of-the-server]__1jlk8z1._.js:2:54057\n    at /Users/ofir/kenyonexpress-autopilot/.next/server/chunks/[root-of-the-server]__1jlk8z1._.js:2:54347\n    at Object.with (/Users/ofir/kenyonexpress-autopilot/.next/server/chunks/[root-of-the-server]__1jlk8z1._.js:2:4124)\n    at S.with (/Users/ofir/kenyonexpress-autopilot/.next/server/chunks/[root-of-the-server]__1jlk8z1._.js:2:4450)\n    at G.startActiveSpan (/Users/ofir/kenyonexpress-autopilot/.next/server/chunks/[root-of-the-server]__1jlk8z1._.js:2:6806)\n    at H.startActiveSpan (/Users/ofir/kenyonexpress-autopilot/.next/server/chunks/[root-of-the-server]__1jlk8z1._.js:2:7045)\n    at e.runWithActiveSpan (/Users/ofir/kenyonexpress-autopilot/.next/server/chunks/[root-of-the-server]__1jlk8z1._.js:2:54324)\n    at /Users/ofir/kenyonexpress-autopilot/.next/server/chunks/[root-of-the-server]__1jlk8z1._.js:2:53577\n    at Object.with (/Users/ofir/kenyonexpress-autopilot/.next/server/chunks/[root-of-the-server]__1jlk8z1._.js:2:4124)\n    at S.with (/Users/ofir/kenyonexpress-autopilot/.next/server/chunks/[root-of-the-server]__1jlk8z1._.js:2:4450)\n    at e.trace (/Users/ofir/kenyonexpress-autopilot/.next/server/chunks/[root-of-the-server]__1jlk8z1._.js:2:53551)\n    at fetch (/Users/ofir/kenyonexpress-autopilot/.next/server/chunks/[root-of-the-server]__1jlk8z1._.js:2:84044)\n    at /Users/ofir/kenyonexpress-autopilot/.next/server/chun","digest":"HANGING_PROMISE_REJECTION"}}
{"ts":"2026-10-07T14:21:48.515Z","level":"error","event":"db.query_failed","request_id":null,"method":"GET","target":"products","duration_ms":0,"err":{"name":"Error","message":"During prerendering, fetch() rejects when the prerender is complete. Typically these errors are handled by React but if you move fetch() to a different context by using `setTimeout`, `after`, or similar functions you may observe this error and you should handle it in that context. This occurred at route \"/product/[slug]\".","stack":"Error: During prerendering, fetch() rejects when the prerender is complete. Typically these errors are handled by React but if you move fetch() to a different context by using `setTimeout`, `after`, or similar functions you may observe this error and you should handle it in that context. This occurred at route \"/product/[slug]\".\n    at eu (/Users/ofir/kenyonexpress-autopilot/.next/server/chunks/[root-of-the-server]__1jlk8z1._.js:2:58687)\n    at /Users/ofir/kenyonexpress-autopilot/.next/server/chunks/[root-of-the-server]__1jlk8z1._.js:2:87004\n    at /Users/ofir/kenyonexpress-autopilot/.next/server/chunks/[root-of-the-server]__1jlk8z1._.js:2:54057\n    at /Users/ofir/kenyonexpress-autopilot/.next/server/chunks/[root-of-the-server]__1jlk8z1._.js:2:54347\n    at Object.with (/Users/ofir/kenyonexpress-autopilot/.next/server/chunks/[root-of-the-server]__1jlk8z1._.js:2:4124)\n    at S.with (/Users/ofir/kenyonexpress-autopilot/.next/server/chunks/[root-of-the-server]__1jlk8z1._.js:2:4450)\n    at G.startActiveSpan (/Users/ofir/kenyonexpress-autopilot/.next/server/chunks/[root-of-the-server]__1jlk8z1._.js:2:6806)\n    at H.startActiveSpan (/Users/ofir/kenyonexpress-autopilot/.next/server/chunks/[root-of-the-server]__1jlk8z1._.js:2:7045)\n    at e.runWithActiveSpan (/Users/ofir/kenyonexpress-autopilot/.next/server/chunks/[root-of-the-server]__1jlk8z1._.js:2:54324)\n    at /Users/ofir/kenyonexpress-autopilot/.next/server/chunks/[root-of-the-server]__1jlk8z1._.js:2:53577\n    at Object.with (/Users/ofir/kenyonexpress-autopilot/.next/server/chunks/[root-of-the-server]__1jlk8z1._.js:2:4124)\n    at S.with (/Users/ofir/kenyonexpress-autopilot/.next/server/chunks/[root-of-the-server]__1jlk8z1._.js:2:4450)\n    at e.trace (/Users/ofir/kenyonexpress-autopilot/.next/server/chunks/[root-of-the-server]__1jlk8z1._.js:2:53551)\n    at fetch (/Users/ofir/kenyonexpress-autopilot/.next/server/chunks/[root-of-the-server]__1jlk8z1._.js:2:84044)\n    at /Users/ofir/kenyonexpress-autopilot/.next/server/chun","digest":"HANGING_PROMISE_REJECTION"}}
{"ts":"2026-10-07T14:21:48.581Z","level":"error","event":"db.query_failed","request_id":null,"method":"GET","target":"products","duration_ms":0,"err":{"name":"Error","message":"During prerendering, fetch() rejects when the prerender is complete. Typically these errors are handled by React but if you move fetch() to a different context by using `setTimeout`, `after`, or similar functions you may observe this error and you should handle it in that context. This occurred at route \"/product/[slug]\".","stack":"Error: During prerendering, fetch() rejects when the prerender is complete. Typically these errors are handled by React but if you move fetch() to a different context by using `setTimeout`, `after`, or similar functions you may observe this error and you should handle it in that context. This occurred at route \"/product/[slug]\".\n    at eu (/Users/ofir/kenyonexpress-autopilot/.next/server/chunks/[root-of-the-server]__1jlk8z1._.js:2:58687)\n    at /Users/ofir/kenyonexpress-autopilot/.next/server/chunks/[root-of-the-server]__1jlk8z1._.js:2:87004\n    at /Users/ofir/kenyonexpress-autopilot/.next/server/chunks/[root-of-the-server]__1jlk8z1._.js:2:54057\n    at /Users/ofir/kenyonexpress-autopilot/.next/server/chunks/[root-of-the-server]__1jlk8z1._.js:2:54347\n    at Object.with (/Users/ofir/kenyonexpress-autopilot/.next/server/chunks/[root-of-the-server]__1jlk8z1._.js:2:4124)\n    at S.with (/Users/ofir/kenyonexpress-autopilot/.next/server/chunks/[root-of-the-server]__1jlk8z1._.js:2:4450)\n    at G.startActiveSpan (/Users/ofir/kenyonexpress-autopilot/.next/server/chunks/[root-of-the-server]__1jlk8z1._.js:2:6806)\n    at H.startActiveSpan (/Users/ofir/kenyonexpress-autopilot/.next/server/chunks/[root-of-the-server]__1jlk8z1._.js:2:7045)\n    at e.runWithActiveSpan (/Users/ofir/kenyonexpress-autopilot/.next/server/chunks/[root-of-the-server]__1jlk8z1._.js:2:54324)\n    at /Users/ofir/kenyonexpress-autopilot/.next/server/chunks/[root-of-the-server]__1jlk8z1._.js:2:53577\n    at Object.with (/Users/ofir/kenyonexpress-autopilot/.next/server/chunks/[root-of-the-server]__1jlk8z1._.js:2:4124)\n    at S.with (/Users/ofir/kenyonexpress-autopilot/.next/server/chunks/[root-of-the-server]__1jlk8z1._.js:2:4450)\n    at e.trace (/Users/ofir/kenyonexpress-autopilot/.next/server/chunks/[root-of-the-server]__1jlk8z1._.js:2:53551)\n    at fetch (/Users/ofir/kenyonexpress-autopilot/.next/server/chunks/[root-of-the-server]__1jlk8z1._.js:2:84044)\n    at /Users/ofir/kenyonexpress-autopilot/.next/server/chun","digest":"HANGING_PROMISE_REJECTION"}}
{"ts":"2026-10-07T14:21:48.642Z","level":"warn","event":"db.query_slow","request_id":null,"method":"GET","target":"coupon_deals","status":200,"duration_ms":5444,"threshold_ms":300}
{"ts":"2026-10-07T14:21:48.643Z","level":"warn","event":"db.query_slow","request_id":null,"method":"GET","target":"products","status":200,"duration_ms":5374,"threshold_ms":300}
{"ts":"2026-10-07T14:21:48.647Z","level":"warn","event":"db.query_slow","request_id":null,"method":"GET","target":"products","status":200,"duration_ms":1460,"threshold_ms":300}
{"ts":"2026-10-07T14:21:48.677Z","level":"error","event":"db.query_failed","request_id":null,"method":"GET","target":"referral_program_settings","duration_ms":0,"err":{"name":"Error","message":"During prerendering, fetch() rejects when the prerender is complete. Typically these errors are handled by React but if you move fetch() to a different context by using `setTimeout`, `after`, or similar functions you may observe this error and you should handle it in that context. This occurred at route \"/account/wallet\".","stack":"Error: During prerendering, fetch() rejects when the prerender is complete. Typically these errors are handled by React but if you move fetch() to a different context by using `setTimeout`, `after`, or similar functions you may observe this error and you should handle it in that context. This occurred at route \"/account/wallet\".\n    at eu (/Users/ofir/kenyonexpress-autopilot/.next/server/chunks/[root-of-the-server]__1jlk8z1._.js:2:58687)\n    at /Users/ofir/kenyonexpress-autopilot/.next/server/chunks/[root-of-the-server]__1jlk8z1._.js:2:87004\n    at /Users/ofir/kenyonexpress-autopilot/.next/server/chunks/[root-of-the-server]__1jlk8z1._.js:2:54057\n    at /Users/ofir/kenyonexpress-autopilot/.next/server/chunks/[root-of-the-server]__1jlk8z1._.js:2:54347\n    at Object.with (/Users/ofir/kenyonexpress-autopilot/.next/server/chunks/[root-of-the-server]__1jlk8z1._.js:2:4124)\n    at S.with (/Users/ofir/kenyonexpress-autopilot/.next/server/chunks/[root-of-the-server]__1jlk8z1._.js:2:4450)\n    at G.startActiveSpan (/Users/ofir/kenyonexpress-autopilot/.next/server/chunks/[root-of-the-server]__1jlk8z1._.js:2:6806)\n    at H.startActiveSpan (/Users/ofir/kenyonexpress-autopilot/.next/server/chunks/[root-of-the-server]__1jlk8z1._.js:2:7045)\n    at e.runWithActiveSpan (/Users/ofir/kenyonexpress-autopilot/.next/server/chunks/[root-of-the-server]__1jlk8z1._.js:2:54324)\n    at /Users/ofir/kenyonexpress-autopilot/.next/server/chunks/[root-of-the-server]__1jlk8z1._.js:2:53577\n    at Object.with (/Users/ofir/kenyonexpress-autopilot/.next/server/chunks/[root-of-the-server]__1jlk8z1._.js:2:4124)\n    at S.with (/Users/ofir/kenyonexpress-autopilot/.next/server/chunks/[root-of-the-server]__1jlk8z1._.js:2:4450)\n    at e.trace (/Users/ofir/kenyonexpress-autopilot/.next/server/chunks/[root-of-the-server]__1jlk8z1._.js:2:53551)\n    at fetch (/Users/ofir/kenyonexpress-autopilot/.next/server/chunks/[root-of-the-server]__1jlk8z1._.js:2:84044)\n    at /Users/ofir/kenyonexpress-autopilot/.next/server/chun","digest":"HANGING_PROMISE_REJECTION"}}
{"ts":"2026-10-07T14:21:48.820Z","level":"warn","event":"db.query_slow","request_id":null,"method":"GET","target":"popular_searches","status":200,"duration_ms":5622,"threshold_ms":300}
{"ts":"2026-10-07T14:21:48.965Z","level":"warn","event":"db.query_slow","request_id":null,"method":"GET","target":"coupon_deals","status":200,"duration_ms":2549,"threshold_ms":300}
{"ts":"2026-10-07T14:21:48.967Z","level":"warn","event":"db.query_slow","request_id":null,"method":"GET","target":"coupon_deals","status":200,"duration_ms":2575,"threshold_ms":300}
{"ts":"2026-10-07T14:21:49.010Z","level":"error","event":"db.query_failed","request_id":null,"method":"GET","target":"products","duration_ms":0,"err":{"name":"Error","message":"During prerendering, fetch() rejects when the prerender is complete. Typically these errors are handled by React but if you move fetch() to a different context by using `setTimeout`, `after`, or similar functions you may observe this error and you should handle it in that context. This occurred at route \"/product/[slug]\".","stack":"Error: During prerendering, fetch() rejects when the prerender is complete. Typically these errors are handled by React but if you move fetch() to a different context by using `setTimeout`, `after`, or similar functions you may observe this error and you should handle it in that context. This occurred at route \"/product/[slug]\".\n    at eu (/Users/ofir/kenyonexpress-autopilot/.next/server/chunks/[root-of-the-server]__1jlk8z1._.js:2:58687)\n    at /Users/ofir/kenyonexpress-autopilot/.next/server/chunks/[root-of-the-server]__1jlk8z1._.js:2:87004\n    at /Users/ofir/kenyonexpress-autopilot/.next/server/chunks/[root-of-the-server]__1jlk8z1._.js:2:54057\n    at /Users/ofir/kenyonexpress-autopilot/.next/server/chunks/[root-of-the-server]__1jlk8z1._.js:2:54347\n    at Object.with (/Users/ofir/kenyonexpress-autopilot/.next/server/chunks/[root-of-the-server]__1jlk8z1._.js:2:4124)\n    at S.with (/Users/ofir/kenyonexpress-autopilot/.next/server/chunks/[root-of-the-server]__1jlk8z1._.js:2:4450)\n    at G.startActiveSpan (/Users/ofir/kenyonexpress-autopilot/.next/server/chunks/[root-of-the-server]__1jlk8z1._.js:2:6806)\n    at H.startActiveSpan (/Users/ofir/kenyonexpress-autopilot/.next/server/chunks/[root-of-the-server]__1jlk8z1._.js:2:7045)\n    at e.runWithActiveSpan (/Users/ofir/kenyonexpress-autopilot/.next/server/chunks/[root-of-the-server]__1jlk8z1._.js:2:54324)\n    at /Users/ofir/kenyonexpress-autopilot/.next/server/chunks/[root-of-the-server]__1jlk8z1._.js:2:53577\n    at Object.with (/Users/ofir/kenyonexpress-autopilot/.next/server/chunks/[root-of-the-server]__1jlk8z1._.js:2:4124)\n    at S.with (/Users/ofir/kenyonexpress-autopilot/.next/server/chunks/[root-of-the-server]__1jlk8z1._.js:2:4450)\n    at e.trace (/Users/ofir/kenyonexpress-autopilot/.next/server/chunks/[root-of-the-server]__1jlk8z1._.js:2:53551)\n    at fetch (/Users/ofir/kenyonexpress-autopilot/.next/server/chunks/[root-of-the-server]__1jlk8z1._.js:2:84044)\n    at /Users/ofir/kenyonexpress-autopilot/.next/server/chun","digest":"HANGING_PROMISE_REJECTION"}}
{"ts":"2026-10-07T14:21:49.030Z","level":"error","event":"db.query_failed","request_id":null,"method":"GET","target":"products","duration_ms":0,"err":{"name":"Error","message":"During prerendering, fetch() rejects when the prerender is complete. Typically these errors are handled by React but if you move fetch() to a different context by using `setTimeout`, `after`, or similar functions you may observe this error and you should handle it in that context. This occurred at route \"/product/[slug]\".","stack":"Error: During prerendering, fetch() rejects when the prerender is complete. Typically these errors are handled by React but if you move fetch() to a different context by using `setTimeout`, `after`, or similar functions you may observe this error and you should handle it in that context. This occurred at route \"/product/[slug]\".\n    at eu (/Users/ofir/kenyonexpress-autopilot/.next/server/chunks/[root-of-the-server]__1jlk8z1._.js:2:58687)\n    at /Users/ofir/kenyonexpress-autopilot/.next/server/chunks/[root-of-the-server]__1jlk8z1._.js:2:87004\n    at /Users/ofir/kenyonexpress-autopilot/.next/server/chunks/[root-of-the-server]__1jlk8z1._.js:2:54057\n    at /Users/ofir/kenyonexpress-autopilot/.next/server/chunks/[root-of-the-server]__1jlk8z1._.js:2:54347\n    at Object.with (/Users/ofir/kenyonexpress-autopilot/.next/server/chunks/[root-of-the-server]__1jlk8z1._.js:2:4124)\n    at S.with (/Users/ofir/kenyonexpress-autopilot/.next/server/chunks/[root-of-the-server]__1jlk8z1._.js:2:4450)\n    at G.startActiveSpan (/Users/ofir/kenyonexpress-autopilot/.next/server/chunks/[root-of-the-server]__1jlk8z1._.js:2:6806)\n    at H.startActiveSpan (/Users/ofir/kenyonexpress-autopilot/.next/server/chunks/[root-of-the-server]__1jlk8z1._.js:2:7045)\n    at e.runWithActiveSpan (/Users/ofir/kenyonexpress-autopilot/.next/server/chunks/[root-of-the-server]__1jlk8z1._.js:2:54324)\n    at /Users/ofir/kenyonexpress-autopilot/.next/server/chunks/[root-of-the-server]__1jlk8z1._.js:2:53577\n    at Object.with (/Users/ofir/kenyonexpress-autopilot/.next/server/chunks/[root-of-the-server]__1jlk8z1._.js:2:4124)\n    at S.with (/Users/ofir/kenyonexpress-autopilot/.next/server/chunks/[root-of-the-server]__1jlk8z1._.js:2:4450)\n    at e.trace (/Users/ofir/kenyonexpress-autopilot/.next/server/chunks/[root-of-the-server]__1jlk8z1._.js:2:53551)\n    at fetch (/Users/ofir/kenyonexpress-autopilot/.next/server/chunks/[root-of-the-server]__1jlk8z1._.js:2:84044)\n    at /Users/ofir/kenyonexpress-autopilot/.next/server/chun","digest":"HANGING_PROMISE_REJECTION"}}
{"ts":"2026-10-07T14:21:49.285Z","level":"warn","event":"db.query_slow","request_id":null,"method":"GET","target":"products","status":200,"duration_ms":1541,"threshold_ms":300}
{"ts":"2026-10-07T14:21:49.757Z","level":"error","event":"db.query_failed","request_id":null,"method":"POST","target":"rpc:available_stock","duration_ms":4971,"err":{"name":"Error","message":"During prerendering, fetch() rejects when the prerender is complete. Typically these errors are handled by React but if you move fetch() to a different context by using `setTimeout`, `after`, or similar functions you may observe this error and you should handle it in that context. This occurred at route \"/product/[slug]\".","stack":"Error: During prerendering, fetch() rejects when the prerender is complete. Typically these errors are handled by React but if you move fetch() to a different context by using `setTimeout`, `after`, or similar functions you may observe this error and you should handle it in that context. This occurred at route \"/product/[slug]\".\n    at eu (/Users/ofir/kenyonexpress-autopilot/.next/server/chunks/[root-of-the-server]__1jlk8z1._.js:2:58687)\n    at /Users/ofir/kenyonexpress-autopilot/.next/server/chunks/[root-of-the-server]__1jlk8z1._.js:2:87004\n    at /Users/ofir/kenyonexpress-autopilot/.next/server/chunks/[root-of-the-server]__1jlk8z1._.js:2:54057\n    at /Users/ofir/kenyonexpress-autopilot/.next/server/chunks/[root-of-the-server]__1jlk8z1._.js:2:54347\n    at Object.with (/Users/ofir/kenyonexpress-autopilot/.next/server/chunks/[root-of-the-server]__1jlk8z1._.js:2:4124)\n    at S.with (/Users/ofir/kenyonexpress-autopilot/.next/server/chunks/[root-of-the-server]__1jlk8z1._.js:2:4450)\n    at G.startActiveSpan (/Users/ofir/kenyonexpress-autopilot/.next/server/chunks/[root-of-the-server]__1jlk8z1._.js:2:6806)\n    at H.startActiveSpan (/Users/ofir/kenyonexpress-autopilot/.next/server/chunks/[root-of-the-server]__1jlk8z1._.js:2:7045)\n    at e.runWithActiveSpan (/Users/ofir/kenyonexpress-autopilot/.next/server/chunks/[root-of-the-server]__1jlk8z1._.js:2:54324)\n    at /Users/ofir/kenyonexpress-autopilot/.next/server/chunks/[root-of-the-server]__1jlk8z1._.js:2:53577\n    at Object.with (/Users/ofir/kenyonexpress-autopilot/.next/server/chunks/[root-of-the-server]__1jlk8z1._.js:2:4124)\n    at S.with (/Users/ofir/kenyonexpress-autopilot/.next/server/chunks/[root-of-the-server]__1jlk8z1._.js:2:4450)\n    at e.trace (/Users/ofir/kenyonexpress-autopilot/.next/server/chunks/[root-of-the-server]__1jlk8z1._.js:2:53551)\n    at fetch (/Users/ofir/kenyonexpress-autopilot/.next/server/chunks/[root-of-the-server]__1jlk8z1._.js:2:84044)\n    at /Users/ofir/kenyonexpress-autopilot/.next/server/chun","digest":"HANGING_PROMISE_REJECTION"}}
{"ts":"2026-10-07T14:21:49.757Z","level":"error","event":"db.query_failed","request_id":null,"method":"GET","target":"products","duration_ms":4971,"err":{"name":"Error","message":"During prerendering, fetch() rejects when the prerender is complete. Typically these errors are handled by React but if you move fetch() to a different context by using `setTimeout`, `after`, or similar functions you may observe this error and you should handle it in that context. This occurred at route \"/product/[slug]\".","stack":"Error: During prerendering, fetch() rejects when the prerender is complete. Typically these errors are handled by React but if you move fetch() to a different context by using `setTimeout`, `after`, or similar functions you may observe this error and you should handle it in that context. This occurred at route \"/product/[slug]\".\n    at eu (/Users/ofir/kenyonexpress-autopilot/.next/server/chunks/[root-of-the-server]__1jlk8z1._.js:2:58687)\n    at /Users/ofir/kenyonexpress-autopilot/.next/server/chunks/[root-of-the-server]__1jlk8z1._.js:2:87004\n    at /Users/ofir/kenyonexpress-autopilot/.next/server/chunks/[root-of-the-server]__1jlk8z1._.js:2:54057\n    at /Users/ofir/kenyonexpress-autopilot/.next/server/chunks/[root-of-the-server]__1jlk8z1._.js:2:54347\n    at Object.with (/Users/ofir/kenyonexpress-autopilot/.next/server/chunks/[root-of-the-server]__1jlk8z1._.js:2:4124)\n    at S.with (/Users/ofir/kenyonexpress-autopilot/.next/server/chunks/[root-of-the-server]__1jlk8z1._.js:2:4450)\n    at G.startActiveSpan (/Users/ofir/kenyonexpress-autopilot/.next/server/chunks/[root-of-the-server]__1jlk8z1._.js:2:6806)\n    at H.startActiveSpan (/Users/ofir/kenyonexpress-autopilot/.next/server/chunks/[root-of-the-server]__1jlk8z1._.js:2:7045)\n    at e.runWithActiveSpan (/Users/ofir/kenyonexpress-autopilot/.next/server/chunks/[root-of-the-server]__1jlk8z1._.js:2:54324)\n    at /Users/ofir/kenyonexpress-autopilot/.next/server/chunks/[root-of-the-server]__1jlk8z1._.js:2:53577\n    at Object.with (/Users/ofir/kenyonexpress-autopilot/.next/server/chunks/[root-of-the-server]__1jlk8z1._.js:2:4124)\n    at S.with (/Users/ofir/kenyonexpress-autopilot/.next/server/chunks/[root-of-the-server]__1jlk8z1._.js:2:4450)\n    at e.trace (/Users/ofir/kenyonexpress-autopilot/.next/server/chunks/[root-of-the-server]__1jlk8z1._.js:2:53551)\n    at fetch (/Users/ofir/kenyonexpress-autopilot/.next/server/chunks/[root-of-the-server]__1jlk8z1._.js:2:84044)\n    at /Users/ofir/kenyonexpress-autopilot/.next/server/chun","digest":"HANGING_PROMISE_REJECTION"}}
{"ts":"2026-10-07T14:21:49.757Z","level":"error","event":"db.query_failed","request_id":null,"method":"POST","target":"rpc:available_stock","duration_ms":4963,"err":{"name":"Error","message":"During prerendering, fetch() rejects when the prerender is complete. Typically these errors are handled by React but if you move fetch() to a different context by using `setTimeout`, `after`, or similar functions you may observe this error and you should handle it in that context. This occurred at route \"/product/[slug]\".","stack":"Error: During prerendering, fetch() rejects when the prerender is complete. Typically these errors are handled by React but if you move fetch() to a different context by using `setTimeout`, `after`, or similar functions you may observe this error and you should handle it in that context. This occurred at route \"/product/[slug]\".\n    at eu (/Users/ofir/kenyonexpress-autopilot/.next/server/chunks/[root-of-the-server]__1jlk8z1._.js:2:58687)\n    at /Users/ofir/kenyonexpress-autopilot/.next/server/chunks/[root-of-the-server]__1jlk8z1._.js:2:87004\n    at /Users/ofir/kenyonexpress-autopilot/.next/server/chunks/[root-of-the-server]__1jlk8z1._.js:2:54057\n    at /Users/ofir/kenyonexpress-autopilot/.next/server/chunks/[root-of-the-server]__1jlk8z1._.js:2:54347\n    at Object.with (/Users/ofir/kenyonexpress-autopilot/.next/server/chunks/[root-of-the-server]__1jlk8z1._.js:2:4124)\n    at S.with (/Users/ofir/kenyonexpress-autopilot/.next/server/chunks/[root-of-the-server]__1jlk8z1._.js:2:4450)\n    at G.startActiveSpan (/Users/ofir/kenyonexpress-autopilot/.next/server/chunks/[root-of-the-server]__1jlk8z1._.js:2:6806)\n    at H.startActiveSpan (/Users/ofir/kenyonexpress-autopilot/.next/server/chunks/[root-of-the-server]__1jlk8z1._.js:2:7045)\n    at e.runWithActiveSpan (/Users/ofir/kenyonexpress-autopilot/.next/server/chunks/[root-of-the-server]__1jlk8z1._.js:2:54324)\n    at /Users/ofir/kenyonexpress-autopilot/.next/server/chunks/[root-of-the-server]__1jlk8z1._.js:2:53577\n    at Object.with (/Users/ofir/kenyonexpress-autopilot/.next/server/chunks/[root-of-the-server]__1jlk8z1._.js:2:4124)\n    at S.with (/Users/ofir/kenyonexpress-autopilot/.next/server/chunks/[root-of-the-server]__1jlk8z1._.js:2:4450)\n    at e.trace (/Users/ofir/kenyonexpress-autopilot/.next/server/chunks/[root-of-the-server]__1jlk8z1._.js:2:53551)\n    at fetch (/Users/ofir/kenyonexpress-autopilot/.next/server/chunks/[root-of-the-server]__1jlk8z1._.js:2:84044)\n    at /Users/ofir/kenyonexpress-autopilot/.next/server/chun","digest":"HANGING_PROMISE_REJECTION"}}
{"ts":"2026-10-07T14:21:49.757Z","level":"error","event":"db.query_failed","request_id":null,"method":"GET","target":"products","duration_ms":4963,"err":{"name":"Error","message":"During prerendering, fetch() rejects when the prerender is complete. Typically these errors are handled by React but if you move fetch() to a different context by using `setTimeout`, `after`, or similar functions you may observe this error and you should handle it in that context. This occurred at route \"/product/[slug]\".","stack":"Error: During prerendering, fetch() rejects when the prerender is complete. Typically these errors are handled by React but if you move fetch() to a different context by using `setTimeout`, `after`, or similar functions you may observe this error and you should handle it in that context. This occurred at route \"/product/[slug]\".\n    at eu (/Users/ofir/kenyonexpress-autopilot/.next/server/chunks/[root-of-the-server]__1jlk8z1._.js:2:58687)\n    at /Users/ofir/kenyonexpress-autopilot/.next/server/chunks/[root-of-the-server]__1jlk8z1._.js:2:87004\n    at /Users/ofir/kenyonexpress-autopilot/.next/server/chunks/[root-of-the-server]__1jlk8z1._.js:2:54057\n    at /Users/ofir/kenyonexpress-autopilot/.next/server/chunks/[root-of-the-server]__1jlk8z1._.js:2:54347\n    at Object.with (/Users/ofir/kenyonexpress-autopilot/.next/server/chunks/[root-of-the-server]__1jlk8z1._.js:2:4124)\n    at S.with (/Users/ofir/kenyonexpress-autopilot/.next/server/chunks/[root-of-the-server]__1jlk8z1._.js:2:4450)\n    at G.startActiveSpan (/Users/ofir/kenyonexpress-autopilot/.next/server/chunks/[root-of-the-server]__1jlk8z1._.js:2:6806)\n    at H.startActiveSpan (/Users/ofir/kenyonexpress-autopilot/.next/server/chunks/[root-of-the-server]__1jlk8z1._.js:2:7045)\n    at e.runWithActiveSpan (/Users/ofir/kenyonexpress-autopilot/.next/server/chunks/[root-of-the-server]__1jlk8z1._.js:2:54324)\n    at /Users/ofir/kenyonexpress-autopilot/.next/server/chunks/[root-of-the-server]__1jlk8z1._.js:2:53577\n    at Object.with (/Users/ofir/kenyonexpress-autopilot/.next/server/chunks/[root-of-the-server]__1jlk8z1._.js:2:4124)\n    at S.with (/Users/ofir/kenyonexpress-autopilot/.next/server/chunks/[root-of-the-server]__1jlk8z1._.js:2:4450)\n    at e.trace (/Users/ofir/kenyonexpress-autopilot/.next/server/chunks/[root-of-the-server]__1jlk8z1._.js:2:53551)\n    at fetch (/Users/ofir/kenyonexpress-autopilot/.next/server/chunks/[root-of-the-server]__1jlk8z1._.js:2:84044)\n    at /Users/ofir/kenyonexpress-autopilot/.next/server/chun","digest":"HANGING_PROMISE_REJECTION"}}
{"ts":"2026-10-07T14:21:49.785Z","level":"error","event":"db.query_failed","request_id":null,"method":"POST","target":"rpc:available_stock","duration_ms":1,"err":{"name":"Error","message":"During prerendering, fetch() rejects when the prerender is complete. Typically these errors are handled by React but if you move fetch() to a different context by using `setTimeout`, `after`, or similar functions you may observe this error and you should handle it in that context. This occurred at route \"/product/[slug]\".","stack":"Error: During prerendering, fetch() rejects when the prerender is complete. Typically these errors are handled by React but if you move fetch() to a different context by using `setTimeout`, `after`, or similar functions you may observe this error and you should handle it in that context. This occurred at route \"/product/[slug]\".\n    at eu (/Users/ofir/kenyonexpress-autopilot/.next/server/chunks/[root-of-the-server]__1jlk8z1._.js:2:58687)\n    at /Users/ofir/kenyonexpress-autopilot/.next/server/chunks/[root-of-the-server]__1jlk8z1._.js:2:87004\n    at /Users/ofir/kenyonexpress-autopilot/.next/server/chunks/[root-of-the-server]__1jlk8z1._.js:2:54057\n    at /Users/ofir/kenyonexpress-autopilot/.next/server/chunks/[root-of-the-server]__1jlk8z1._.js:2:54347\n    at Object.with (/Users/ofir/kenyonexpress-autopilot/.next/server/chunks/[root-of-the-server]__1jlk8z1._.js:2:4124)\n    at S.with (/Users/ofir/kenyonexpress-autopilot/.next/server/chunks/[root-of-the-server]__1jlk8z1._.js:2:4450)\n    at G.startActiveSpan (/Users/ofir/kenyonexpress-autopilot/.next/server/chunks/[root-of-the-server]__1jlk8z1._.js:2:6806)\n    at H.startActiveSpan (/Users/ofir/kenyonexpress-autopilot/.next/server/chunks/[root-of-the-server]__1jlk8z1._.js:2:7045)\n    at e.runWithActiveSpan (/Users/ofir/kenyonexpress-autopilot/.next/server/chunks/[root-of-the-server]__1jlk8z1._.js:2:54324)\n    at /Users/ofir/kenyonexpress-autopilot/.next/server/chunks/[root-of-the-server]__1jlk8z1._.js:2:53577\n    at Object.with (/Users/ofir/kenyonexpress-autopilot/.next/server/chunks/[root-of-the-server]__1jlk8z1._.js:2:4124)\n    at S.with (/Users/ofir/kenyonexpress-autopilot/.next/server/chunks/[root-of-the-server]__1jlk8z1._.js:2:4450)\n    at e.trace (/Users/ofir/kenyonexpress-autopilot/.next/server/chunks/[root-of-the-server]__1jlk8z1._.js:2:53551)\n    at fetch (/Users/ofir/kenyonexpress-autopilot/.next/server/chunks/[root-of-the-server]__1jlk8z1._.js:2:84044)\n    at /Users/ofir/kenyonexpress-autopilot/.next/server/chun","digest":"HANGING_PROMISE_REJECTION"}}
{"ts":"2026-10-07T14:21:49.786Z","level":"error","event":"db.query_failed","request_id":null,"method":"GET","target":"products","duration_ms":1,"err":{"name":"Error","message":"During prerendering, fetch() rejects when the prerender is complete. Typically these errors are handled by React but if you move fetch() to a different context by using `setTimeout`, `after`, or similar functions you may observe this error and you should handle it in that context. This occurred at route \"/product/[slug]\".","stack":"Error: During prerendering, fetch() rejects when the prerender is complete. Typically these errors are handled by React but if you move fetch() to a different context by using `setTimeout`, `after`, or similar functions you may observe this error and you should handle it in that context. This occurred at route \"/product/[slug]\".\n    at eu (/Users/ofir/kenyonexpress-autopilot/.next/server/chunks/[root-of-the-server]__1jlk8z1._.js:2:58687)\n    at /Users/ofir/kenyonexpress-autopilot/.next/server/chunks/[root-of-the-server]__1jlk8z1._.js:2:87004\n    at /Users/ofir/kenyonexpress-autopilot/.next/server/chunks/[root-of-the-server]__1jlk8z1._.js:2:54057\n    at /Users/ofir/kenyonexpress-autopilot/.next/server/chunks/[root-of-the-server]__1jlk8z1._.js:2:54347\n    at Object.with (/Users/ofir/kenyonexpress-autopilot/.next/server/chunks/[root-of-the-server]__1jlk8z1._.js:2:4124)\n    at S.with (/Users/ofir/kenyonexpress-autopilot/.next/server/chunks/[root-of-the-server]__1jlk8z1._.js:2:4450)\n    at G.startActiveSpan (/Users/ofir/kenyonexpress-autopilot/.next/server/chunks/[root-of-the-server]__1jlk8z1._.js:2:6806)\n    at H.startActiveSpan (/Users/ofir/kenyonexpress-autopilot/.next/server/chunks/[root-of-the-server]__1jlk8z1._.js:2:7045)\n    at e.runWithActiveSpan (/Users/ofir/kenyonexpress-autopilot/.next/server/chunks/[root-of-the-server]__1jlk8z1._.js:2:54324)\n    at /Users/ofir/kenyonexpress-autopilot/.next/server/chunks/[root-of-the-server]__1jlk8z1._.js:2:53577\n    at Object.with (/Users/ofir/kenyonexpress-autopilot/.next/server/chunks/[root-of-the-server]__1jlk8z1._.js:2:4124)\n    at S.with (/Users/ofir/kenyonexpress-autopilot/.next/server/chunks/[root-of-the-server]__1jlk8z1._.js:2:4450)\n    at e.trace (/Users/ofir/kenyonexpress-autopilot/.next/server/chunks/[root-of-the-server]__1jlk8z1._.js:2:53551)\n    at fetch (/Users/ofir/kenyonexpress-autopilot/.next/server/chunks/[root-of-the-server]__1jlk8z1._.js:2:84044)\n    at /Users/ofir/kenyonexpress-autopilot/.next/server/chun","digest":"HANGING_PROMISE_REJECTION"}}
{"ts":"2026-10-07T14:21:49.794Z","level":"error","event":"db.query_failed","request_id":null,"method":"POST","target":"rpc:available_stock","duration_ms":1,"err":{"name":"Error","message":"During prerendering, fetch() rejects when the prerender is complete. Typically these errors are handled by React but if you move fetch() to a different context by using `setTimeout`, `after`, or similar functions you may observe this error and you should handle it in that context. This occurred at route \"/product/[slug]\".","stack":"Error: During prerendering, fetch() rejects when the prerender is complete. Typically these errors are handled by React but if you move fetch() to a different context by using `setTimeout`, `after`, or similar functions you may observe this error and you should handle it in that context. This occurred at route \"/product/[slug]\".\n    at eu (/Users/ofir/kenyonexpress-autopilot/.next/server/chunks/[root-of-the-server]__1jlk8z1._.js:2:58687)\n    at /Users/ofir/kenyonexpress-autopilot/.next/server/chunks/[root-of-the-server]__1jlk8z1._.js:2:87004\n    at /Users/ofir/kenyonexpress-autopilot/.next/server/chunks/[root-of-the-server]__1jlk8z1._.js:2:54057\n    at /Users/ofir/kenyonexpress-autopilot/.next/server/chunks/[root-of-the-server]__1jlk8z1._.js:2:54347\n    at Object.with (/Users/ofir/kenyonexpress-autopilot/.next/server/chunks/[root-of-the-server]__1jlk8z1._.js:2:4124)\n    at S.with (/Users/ofir/kenyonexpress-autopilot/.next/server/chunks/[root-of-the-server]__1jlk8z1._.js:2:4450)\n    at G.startActiveSpan (/Users/ofir/kenyonexpress-autopilot/.next/server/chunks/[root-of-the-server]__1jlk8z1._.js:2:6806)\n    at H.startActiveSpan (/Users/ofir/kenyonexpress-autopilot/.next/server/chunks/[root-of-the-server]__1jlk8z1._.js:2:7045)\n    at e.runWithActiveSpan (/Users/ofir/kenyonexpress-autopilot/.next/server/chunks/[root-of-the-server]__1jlk8z1._.js:2:54324)\n    at /Users/ofir/kenyonexpress-autopilot/.next/server/chunks/[root-of-the-server]__1jlk8z1._.js:2:53577\n    at Object.with (/Users/ofir/kenyonexpress-autopilot/.next/server/chunks/[root-of-the-server]__1jlk8z1._.js:2:4124)\n    at S.with (/Users/ofir/kenyonexpress-autopilot/.next/server/chunks/[root-of-the-server]__1jlk8z1._.js:2:4450)\n    at e.trace (/Users/ofir/kenyonexpress-autopilot/.next/server/chunks/[root-of-the-server]__1jlk8z1._.js:2:53551)\n    at fetch (/Users/ofir/kenyonexpress-autopilot/.next/server/chunks/[root-of-the-server]__1jlk8z1._.js:2:84044)\n    at /Users/ofir/kenyonexpress-autopilot/.next/server/chun","digest":"HANGING_PROMISE_REJECTION"}}
{"ts":"2026-10-07T14:21:49.794Z","level":"error","event":"db.query_failed","request_id":null,"method":"GET","target":"products","duration_ms":1,"err":{"name":"Error","message":"During prerendering, fetch() rejects when the prerender is complete. Typically these errors are handled by React but if you move fetch() to a different context by using `setTimeout`, `after`, or similar functions you may observe this error and you should handle it in that context. This occurred at route \"/product/[slug]\".","stack":"Error: During prerendering, fetch() rejects when the prerender is complete. Typically these errors are handled by React but if you move fetch() to a different context by using `setTimeout`, `after`, or similar functions you may observe this error and you should handle it in that context. This occurred at route \"/product/[slug]\".\n    at eu (/Users/ofir/kenyonexpress-autopilot/.next/server/chunks/[root-of-the-server]__1jlk8z1._.js:2:58687)\n    at /Users/ofir/kenyonexpress-autopilot/.next/server/chunks/[root-of-the-server]__1jlk8z1._.js:2:87004\n    at /Users/ofir/kenyonexpress-autopilot/.next/server/chunks/[root-of-the-server]__1jlk8z1._.js:2:54057\n    at /Users/ofir/kenyonexpress-autopilot/.next/server/chunks/[root-of-the-server]__1jlk8z1._.js:2:54347\n    at Object.with (/Users/ofir/kenyonexpress-autopilot/.next/server/chunks/[root-of-the-server]__1jlk8z1._.js:2:4124)\n    at S.with (/Users/ofir/kenyonexpress-autopilot/.next/server/chunks/[root-of-the-server]__1jlk8z1._.js:2:4450)\n    at G.startActiveSpan (/Users/ofir/kenyonexpress-autopilot/.next/server/chunks/[root-of-the-server]__1jlk8z1._.js:2:6806)\n    at H.startActiveSpan (/Users/ofir/kenyonexpress-autopilot/.next/server/chunks/[root-of-the-server]__1jlk8z1._.js:2:7045)\n    at e.runWithActiveSpan (/Users/ofir/kenyonexpress-autopilot/.next/server/chunks/[root-of-the-server]__1jlk8z1._.js:2:54324)\n    at /Users/ofir/kenyonexpress-autopilot/.next/server/chunks/[root-of-the-server]__1jlk8z1._.js:2:53577\n    at Object.with (/Users/ofir/kenyonexpress-autopilot/.next/server/chunks/[root-of-the-server]__1jlk8z1._.js:2:4124)\n    at S.with (/Users/ofir/kenyonexpress-autopilot/.next/server/chunks/[root-of-the-server]__1jlk8z1._.js:2:4450)\n    at e.trace (/Users/ofir/kenyonexpress-autopilot/.next/server/chunks/[root-of-the-server]__1jlk8z1._.js:2:53551)\n    at fetch (/Users/ofir/kenyonexpress-autopilot/.next/server/chunks/[root-of-the-server]__1jlk8z1._.js:2:84044)\n    at /Users/ofir/kenyonexpress-autopilot/.next/server/chun","digest":"HANGING_PROMISE_REJECTION"}}
{"ts":"2026-10-07T14:21:49.994Z","level":"warn","event":"db.query_slow","request_id":null,"method":"GET","target":"products","status":200,"duration_ms":2650,"threshold_ms":300}
{"ts":"2026-10-07T14:21:49.996Z","level":"warn","event":"db.query_slow","request_id":null,"method":"GET","target":"products","status":200,"duration_ms":2279,"threshold_ms":300}
{"ts":"2026-10-07T14:21:50.050Z","level":"warn","event":"db.query_slow","request_id":null,"method":"GET","target":"products","status":200,"duration_ms":1390,"threshold_ms":300}
{"ts":"2026-10-07T14:21:50.066Z","level":"error","event":"db.query_failed","request_id":null,"method":"POST","target":"rpc:available_stock","duration_ms":2879,"err":{"name":"Error","message":"During prerendering, fetch() rejects when the prerender is complete. Typically these errors are handled by React but if you move fetch() to a different context by using `setTimeout`, `after`, or similar functions you may observe this error and you should handle it in that context. This occurred at route \"/product/[slug]\".","stack":"Error: During prerendering, fetch() rejects when the prerender is complete. Typically these errors are handled by React but if you move fetch() to a different context by using `setTimeout`, `after`, or similar functions you may observe this error and you should handle it in that context. This occurred at route \"/product/[slug]\".\n    at /Users/ofir/kenyonexpress-autopilot/.next/server/chunks/ssr/[root-of-the-server]__1_aa14n._.js:2:23832\n    at /Users/ofir/kenyonexpress-autopilot/.next/server/chunks/ssr/[root-of-the-server]__1_aa14n._.js:11:48366\n    at /Users/ofir/kenyonexpress-autopilot/.next/server/chunks/ssr/[root-of-the-server]__1_aa14n._.js:11:66894\n    at /Users/ofir/kenyonexpress-autopilot/.next/server/chunks/ssr/[root-of-the-server]__1_aa14n._.js:11:67121\n    at Object.with (/Users/ofir/kenyonexpress-autopilot/.next/server/chunks/ssr/0sj1_@opentelemetry_api_build_esm_1_uv6rc._.js:2:3907)\n    at v.with (/Users/ofir/kenyonexpress-autopilot/.next/server/chunks/ssr/0sj1_@opentelemetry_api_build_esm_1_uv6rc._.js:2:4233)\n    at P.startActiveSpan (/Users/ofir/kenyonexpress-autopilot/.next/server/chunks/ssr/0sj1_@opentelemetry_api_build_esm_1_uv6rc._.js:2:6588)\n    at R.startActiveSpan (/Users/ofir/kenyonexpress-autopilot/.next/server/chunks/ssr/0sj1_@opentelemetry_api_build_esm_1_uv6rc._.js:2:6827)\n    at a.runWithActiveSpan (/Users/ofir/kenyonexpress-autopilot/.next/server/chunks/ssr/[root-of-the-server]__1_aa14n._.js:11:67098)\n    at /Users/ofir/kenyonexpress-autopilot/.next/server/chunks/ssr/[root-of-the-server]__1_aa14n._.js:11:66397\n    at Object.with (/Users/ofir/kenyonexpress-autopilot/.next/server/chunks/ssr/0sj1_@opentelemetry_api_build_esm_1_uv6rc._.js:2:3907)\n    at v.with (/Users/ofir/kenyonexpress-autopilot/.next/server/chunks/ssr/0sj1_@opentelemetry_api_build_esm_1_uv6rc._.js:2:4233)\n    at a.trace (/Users/ofir/kenyonexpress-autopilot/.next/server/chunks/ssr/[root-of-the-server]__1_aa14n._.js:11:66371)\n    at fetch (/Users/ofir/kenyonexpress-autopilot","digest":"HANGING_PROMISE_REJECTION"}}
{"ts":"2026-10-07T14:21:50.070Z","level":"error","event":"db.query_failed","request_id":null,"method":"GET","target":"products","duration_ms":2882,"err":{"name":"Error","message":"During prerendering, fetch() rejects when the prerender is complete. Typically these errors are handled by React but if you move fetch() to a different context by using `setTimeout`, `after`, or similar functions you may observe this error and you should handle it in that context. This occurred at route \"/product/[slug]\".","stack":"Error: During prerendering, fetch() rejects when the prerender is complete. Typically these errors are handled by React but if you move fetch() to a different context by using `setTimeout`, `after`, or similar functions you may observe this error and you should handle it in that context. This occurred at route \"/product/[slug]\".\n    at /Users/ofir/kenyonexpress-autopilot/.next/server/chunks/ssr/[root-of-the-server]__1_aa14n._.js:2:23832\n    at /Users/ofir/kenyonexpress-autopilot/.next/server/chunks/ssr/[root-of-the-server]__1_aa14n._.js:11:48366\n    at /Users/ofir/kenyonexpress-autopilot/.next/server/chunks/ssr/[root-of-the-server]__1_aa14n._.js:11:66894\n    at /Users/ofir/kenyonexpress-autopilot/.next/server/chunks/ssr/[root-of-the-server]__1_aa14n._.js:11:67121\n    at Object.with (/Users/ofir/kenyonexpress-autopilot/.next/server/chunks/ssr/0sj1_@opentelemetry_api_build_esm_1_uv6rc._.js:2:3907)\n    at v.with (/Users/ofir/kenyonexpress-autopilot/.next/server/chunks/ssr/0sj1_@opentelemetry_api_build_esm_1_uv6rc._.js:2:4233)\n    at P.startActiveSpan (/Users/ofir/kenyonexpress-autopilot/.next/server/chunks/ssr/0sj1_@opentelemetry_api_build_esm_1_uv6rc._.js:2:6588)\n    at R.startActiveSpan (/Users/ofir/kenyonexpress-autopilot/.next/server/chunks/ssr/0sj1_@opentelemetry_api_build_esm_1_uv6rc._.js:2:6827)\n    at a.runWithActiveSpan (/Users/ofir/kenyonexpress-autopilot/.next/server/chunks/ssr/[root-of-the-server]__1_aa14n._.js:11:67098)\n    at /Users/ofir/kenyonexpress-autopilot/.next/server/chunks/ssr/[root-of-the-server]__1_aa14n._.js:11:66397\n    at Object.with (/Users/ofir/kenyonexpress-autopilot/.next/server/chunks/ssr/0sj1_@opentelemetry_api_build_esm_1_uv6rc._.js:2:3907)\n    at v.with (/Users/ofir/kenyonexpress-autopilot/.next/server/chunks/ssr/0sj1_@opentelemetry_api_build_esm_1_uv6rc._.js:2:4233)\n    at a.trace (/Users/ofir/kenyonexpress-autopilot/.next/server/chunks/ssr/[root-of-the-server]__1_aa14n._.js:11:66371)\n    at fetch (/Users/ofir/kenyonexpress-autopilot","digest":"HANGING_PROMISE_REJECTION"}}
{"ts":"2026-10-07T14:21:50.138Z","level":"warn","event":"db.query_slow","request_id":null,"method":"GET","target":"coupon_deals","status":200,"duration_ms":3716,"threshold_ms":300}
{"ts":"2026-10-07T14:21:50.198Z","level":"error","event":"db.query_failed","request_id":null,"method":"POST","target":"rpc:available_stock","duration_ms":1,"err":{"name":"Error","message":"During prerendering, fetch() rejects when the prerender is complete. Typically these errors are handled by React but if you move fetch() to a different context by using `setTimeout`, `after`, or similar functions you may observe this error and you should handle it in that context. This occurred at route \"/product/[slug]\".","stack":"Error: During prerendering, fetch() rejects when the prerender is complete. Typically these errors are handled by React but if you move fetch() to a different context by using `setTimeout`, `after`, or similar functions you may observe this error and you should handle it in that context. This occurred at route \"/product/[slug]\".\n    at /Users/ofir/kenyonexpress-autopilot/.next/server/chunks/ssr/[root-of-the-server]__1_aa14n._.js:2:23832\n    at /Users/ofir/kenyonexpress-autopilot/.next/server/chunks/ssr/[root-of-the-server]__1_aa14n._.js:11:48366\n    at /Users/ofir/kenyonexpress-autopilot/.next/server/chunks/ssr/[root-of-the-server]__1_aa14n._.js:11:66894\n    at /Users/ofir/kenyonexpress-autopilot/.next/server/chunks/ssr/[root-of-the-server]__1_aa14n._.js:11:67121\n    at Object.with (/Users/ofir/kenyonexpress-autopilot/.next/server/chunks/ssr/0sj1_@opentelemetry_api_build_esm_1_uv6rc._.js:2:3907)\n    at v.with (/Users/ofir/kenyonexpress-autopilot/.next/server/chunks/ssr/0sj1_@opentelemetry_api_build_esm_1_uv6rc._.js:2:4233)\n    at P.startActiveSpan (/Users/ofir/kenyonexpress-autopilot/.next/server/chunks/ssr/0sj1_@opentelemetry_api_build_esm_1_uv6rc._.js:2:6588)\n    at R.startActiveSpan (/Users/ofir/kenyonexpress-autopilot/.next/server/chunks/ssr/0sj1_@opentelemetry_api_build_esm_1_uv6rc._.js:2:6827)\n    at a.runWithActiveSpan (/Users/ofir/kenyonexpress-autopilot/.next/server/chunks/ssr/[root-of-the-server]__1_aa14n._.js:11:67098)\n    at /Users/ofir/kenyonexpress-autopilot/.next/server/chunks/ssr/[root-of-the-server]__1_aa14n._.js:11:66397\n    at Object.with (/Users/ofir/kenyonexpress-autopilot/.next/server/chunks/ssr/0sj1_@opentelemetry_api_build_esm_1_uv6rc._.js:2:3907)\n    at v.with (/Users/ofir/kenyonexpress-autopilot/.next/server/chunks/ssr/0sj1_@opentelemetry_api_build_esm_1_uv6rc._.js:2:4233)\n    at a.trace (/Users/ofir/kenyonexpress-autopilot/.next/server/chunks/ssr/[root-of-the-server]__1_aa14n._.js:11:66371)\n    at fetch (/Users/ofir/kenyonexpress-autopilot","digest":"HANGING_PROMISE_REJECTION"}}
{"ts":"2026-10-07T14:21:50.199Z","level":"error","event":"db.query_failed","request_id":null,"method":"GET","target":"products","duration_ms":1,"err":{"name":"Error","message":"During prerendering, fetch() rejects when the prerender is complete. Typically these errors are handled by React but if you move fetch() to a different context by using `setTimeout`, `after`, or similar functions you may observe this error and you should handle it in that context. This occurred at route \"/product/[slug]\".","stack":"Error: During prerendering, fetch() rejects when the prerender is complete. Typically these errors are handled by React but if you move fetch() to a different context by using `setTimeout`, `after`, or similar functions you may observe this error and you should handle it in that context. This occurred at route \"/product/[slug]\".\n    at /Users/ofir/kenyonexpress-autopilot/.next/server/chunks/ssr/[root-of-the-server]__1_aa14n._.js:2:23832\n    at /Users/ofir/kenyonexpress-autopilot/.next/server/chunks/ssr/[root-of-the-server]__1_aa14n._.js:11:48366\n    at /Users/ofir/kenyonexpress-autopilot/.next/server/chunks/ssr/[root-of-the-server]__1_aa14n._.js:11:66894\n    at /Users/ofir/kenyonexpress-autopilot/.next/server/chunks/ssr/[root-of-the-server]__1_aa14n._.js:11:67121\n    at Object.with (/Users/ofir/kenyonexpress-autopilot/.next/server/chunks/ssr/0sj1_@opentelemetry_api_build_esm_1_uv6rc._.js:2:3907)\n    at v.with (/Users/ofir/kenyonexpress-autopilot/.next/server/chunks/ssr/0sj1_@opentelemetry_api_build_esm_1_uv6rc._.js:2:4233)\n    at P.startActiveSpan (/Users/ofir/kenyonexpress-autopilot/.next/server/chunks/ssr/0sj1_@opentelemetry_api_build_esm_1_uv6rc._.js:2:6588)\n    at R.startActiveSpan (/Users/ofir/kenyonexpress-autopilot/.next/server/chunks/ssr/0sj1_@opentelemetry_api_build_esm_1_uv6rc._.js:2:6827)\n    at a.runWithActiveSpan (/Users/ofir/kenyonexpress-autopilot/.next/server/chunks/ssr/[root-of-the-server]__1_aa14n._.js:11:67098)\n    at /Users/ofir/kenyonexpress-autopilot/.next/server/chunks/ssr/[root-of-the-server]__1_aa14n._.js:11:66397\n    at Object.with (/Users/ofir/kenyonexpress-autopilot/.next/server/chunks/ssr/0sj1_@opentelemetry_api_build_esm_1_uv6rc._.js:2:3907)\n    at v.with (/Users/ofir/kenyonexpress-autopilot/.next/server/chunks/ssr/0sj1_@opentelemetry_api_build_esm_1_uv6rc._.js:2:4233)\n    at a.trace (/Users/ofir/kenyonexpress-autopilot/.next/server/chunks/ssr/[root-of-the-server]__1_aa14n._.js:11:66371)\n    at fetch (/Users/ofir/kenyonexpress-autopilot","digest":"HANGING_PROMISE_REJECTION"}}
{"ts":"2026-10-07T14:21:50.519Z","level":"error","event":"db.query_failed","request_id":null,"method":"GET","target":"products","duration_ms":0,"err":{"name":"Error","message":"During prerendering, fetch() rejects when the prerender is complete. Typically these errors are handled by React but if you move fetch() to a different context by using `setTimeout`, `after`, or similar functions you may observe this error and you should handle it in that context. This occurred at route \"/product/[slug]\".","stack":"Error: During prerendering, fetch() rejects when the prerender is complete. Typically these errors are handled by React but if you move fetch() to a different context by using `setTimeout`, `after`, or similar functions you may observe this error and you should handle it in that context. This occurred at route \"/product/[slug]\".\n    at eu (/Users/ofir/kenyonexpress-autopilot/.next/server/chunks/[root-of-the-server]__1jlk8z1._.js:2:58687)\n    at /Users/ofir/kenyonexpress-autopilot/.next/server/chunks/[root-of-the-server]__1jlk8z1._.js:2:87004\n    at /Users/ofir/kenyonexpress-autopilot/.next/server/chunks/[root-of-the-server]__1jlk8z1._.js:2:54057\n    at /Users/ofir/kenyonexpress-autopilot/.next/server/chunks/[root-of-the-server]__1jlk8z1._.js:2:54347\n    at Object.with (/Users/ofir/kenyonexpress-autopilot/.next/server/chunks/[root-of-the-server]__1jlk8z1._.js:2:4124)\n    at S.with (/Users/ofir/kenyonexpress-autopilot/.next/server/chunks/[root-of-the-server]__1jlk8z1._.js:2:4450)\n    at G.startActiveSpan (/Users/ofir/kenyonexpress-autopilot/.next/server/chunks/[root-of-the-server]__1jlk8z1._.js:2:6806)\n    at H.startActiveSpan (/Users/ofir/kenyonexpress-autopilot/.next/server/chunks/[root-of-the-server]__1jlk8z1._.js:2:7045)\n    at e.runWithActiveSpan (/Users/ofir/kenyonexpress-autopilot/.next/server/chunks/[root-of-the-server]__1jlk8z1._.js:2:54324)\n    at /Users/ofir/kenyonexpress-autopilot/.next/server/chunks/[root-of-the-server]__1jlk8z1._.js:2:53577\n    at Object.with (/Users/ofir/kenyonexpress-autopilot/.next/server/chunks/[root-of-the-server]__1jlk8z1._.js:2:4124)\n    at S.with (/Users/ofir/kenyonexpress-autopilot/.next/server/chunks/[root-of-the-server]__1jlk8z1._.js:2:4450)\n    at e.trace (/Users/ofir/kenyonexpress-autopilot/.next/server/chunks/[root-of-the-server]__1jlk8z1._.js:2:53551)\n    at fetch (/Users/ofir/kenyonexpress-autopilot/.next/server/chunks/[root-of-the-server]__1jlk8z1._.js:2:84044)\n    at /Users/ofir/kenyonexpress-autopilot/.next/server/chun","digest":"HANGING_PROMISE_REJECTION"}}
{"ts":"2026-10-07T14:21:50.585Z","level":"error","event":"db.query_failed","request_id":null,"method":"GET","target":"products","duration_ms":0,"err":{"name":"Error","message":"During prerendering, fetch() rejects when the prerender is complete. Typically these errors are handled by React but if you move fetch() to a different context by using `setTimeout`, `after`, or similar functions you may observe this error and you should handle it in that context. This occurred at route \"/product/[slug]\".","stack":"Error: During prerendering, fetch() rejects when the prerender is complete. Typically these errors are handled by React but if you move fetch() to a different context by using `setTimeout`, `after`, or similar functions you may observe this error and you should handle it in that context. This occurred at route \"/product/[slug]\".\n    at eu (/Users/ofir/kenyonexpress-autopilot/.next/server/chunks/[root-of-the-server]__1jlk8z1._.js:2:58687)\n    at /Users/ofir/kenyonexpress-autopilot/.next/server/chunks/[root-of-the-server]__1jlk8z1._.js:2:87004\n    at /Users/ofir/kenyonexpress-autopilot/.next/server/chunks/[root-of-the-server]__1jlk8z1._.js:2:54057\n    at /Users/ofir/kenyonexpress-autopilot/.next/server/chunks/[root-of-the-server]__1jlk8z1._.js:2:54347\n    at Object.with (/Users/ofir/kenyonexpress-autopilot/.next/server/chunks/[root-of-the-server]__1jlk8z1._.js:2:4124)\n    at S.with (/Users/ofir/kenyonexpress-autopilot/.next/server/chunks/[root-of-the-server]__1jlk8z1._.js:2:4450)\n    at G.startActiveSpan (/Users/ofir/kenyonexpress-autopilot/.next/server/chunks/[root-of-the-server]__1jlk8z1._.js:2:6806)\n    at H.startActiveSpan (/Users/ofir/kenyonexpress-autopilot/.next/server/chunks/[root-of-the-server]__1jlk8z1._.js:2:7045)\n    at e.runWithActiveSpan (/Users/ofir/kenyonexpress-autopilot/.next/server/chunks/[root-of-the-server]__1jlk8z1._.js:2:54324)\n    at /Users/ofir/kenyonexpress-autopilot/.next/server/chunks/[root-of-the-server]__1jlk8z1._.js:2:53577\n    at Object.with (/Users/ofir/kenyonexpress-autopilot/.next/server/chunks/[root-of-the-server]__1jlk8z1._.js:2:4124)\n    at S.with (/Users/ofir/kenyonexpress-autopilot/.next/server/chunks/[root-of-the-server]__1jlk8z1._.js:2:4450)\n    at e.trace (/Users/ofir/kenyonexpress-autopilot/.next/server/chunks/[root-of-the-server]__1jlk8z1._.js:2:53551)\n    at fetch (/Users/ofir/kenyonexpress-autopilot/.next/server/chunks/[root-of-the-server]__1jlk8z1._.js:2:84044)\n    at /Users/ofir/kenyonexpress-autopilot/.next/server/chun","digest":"HANGING_PROMISE_REJECTION"}}
{"ts":"2026-10-07T14:21:50.759Z","level":"error","event":"db.query_failed","request_id":null,"method":"GET","target":"products","duration_ms":0,"err":{"name":"Error","message":"During prerendering, fetch() rejects when the prerender is complete. Typically these errors are handled by React but if you move fetch() to a different context by using `setTimeout`, `after`, or similar functions you may observe this error and you should handle it in that context. This occurred at route \"/product/[slug]\".","stack":"Error: During prerendering, fetch() rejects when the prerender is complete. Typically these errors are handled by React but if you move fetch() to a different context by using `setTimeout`, `after`, or similar functions you may observe this error and you should handle it in that context. This occurred at route \"/product/[slug]\".\n    at eu (/Users/ofir/kenyonexpress-autopilot/.next/server/chunks/[root-of-the-server]__1jlk8z1._.js:2:58687)\n    at /Users/ofir/kenyonexpress-autopilot/.next/server/chunks/[root-of-the-server]__1jlk8z1._.js:2:87004\n    at /Users/ofir/kenyonexpress-autopilot/.next/server/chunks/[root-of-the-server]__1jlk8z1._.js:2:54057\n    at /Users/ofir/kenyonexpress-autopilot/.next/server/chunks/[root-of-the-server]__1jlk8z1._.js:2:54347\n    at Object.with (/Users/ofir/kenyonexpress-autopilot/.next/server/chunks/[root-of-the-server]__1jlk8z1._.js:2:4124)\n    at S.with (/Users/ofir/kenyonexpress-autopilot/.next/server/chunks/[root-of-the-server]__1jlk8z1._.js:2:4450)\n    at G.startActiveSpan (/Users/ofir/kenyonexpress-autopilot/.next/server/chunks/[root-of-the-server]__1jlk8z1._.js:2:6806)\n    at H.startActiveSpan (/Users/ofir/kenyonexpress-autopilot/.next/server/chunks/[root-of-the-server]__1jlk8z1._.js:2:7045)\n    at e.runWithActiveSpan (/Users/ofir/kenyonexpress-autopilot/.next/server/chunks/[root-of-the-server]__1jlk8z1._.js:2:54324)\n    at /Users/ofir/kenyonexpress-autopilot/.next/server/chunks/[root-of-the-server]__1jlk8z1._.js:2:53577\n    at Object.with (/Users/ofir/kenyonexpress-autopilot/.next/server/chunks/[root-of-the-server]__1jlk8z1._.js:2:4124)\n    at S.with (/Users/ofir/kenyonexpress-autopilot/.next/server/chunks/[root-of-the-server]__1jlk8z1._.js:2:4450)\n    at e.trace (/Users/ofir/kenyonexpress-autopilot/.next/server/chunks/[root-of-the-server]__1jlk8z1._.js:2:53551)\n    at fetch (/Users/ofir/kenyonexpress-autopilot/.next/server/chunks/[root-of-the-server]__1jlk8z1._.js:2:84044)\n    at /Users/ofir/kenyonexpress-autopilot/.next/server/chun","digest":"HANGING_PROMISE_REJECTION"}}
{"ts":"2026-10-07T14:21:50.760Z","level":"error","event":"db.query_failed","request_id":null,"method":"GET","target":"products","duration_ms":0,"err":{"name":"Error","message":"During prerendering, fetch() rejects when the prerender is complete. Typically these errors are handled by React but if you move fetch() to a different context by using `setTimeout`, `after`, or similar functions you may observe this error and you should handle it in that context. This occurred at route \"/product/[slug]\".","stack":"Error: During prerendering, fetch() rejects when the prerender is complete. Typically these errors are handled by React but if you move fetch() to a different context by using `setTimeout`, `after`, or similar functions you may observe this error and you should handle it in that context. This occurred at route \"/product/[slug]\".\n    at eu (/Users/ofir/kenyonexpress-autopilot/.next/server/chunks/[root-of-the-server]__1jlk8z1._.js:2:58687)\n    at /Users/ofir/kenyonexpress-autopilot/.next/server/chunks/[root-of-the-server]__1jlk8z1._.js:2:87004\n    at /Users/ofir/kenyonexpress-autopilot/.next/server/chunks/[root-of-the-server]__1jlk8z1._.js:2:54057\n    at /Users/ofir/kenyonexpress-autopilot/.next/server/chunks/[root-of-the-server]__1jlk8z1._.js:2:54347\n    at Object.with (/Users/ofir/kenyonexpress-autopilot/.next/server/chunks/[root-of-the-server]__1jlk8z1._.js:2:4124)\n    at S.with (/Users/ofir/kenyonexpress-autopilot/.next/server/chunks/[root-of-the-server]__1jlk8z1._.js:2:4450)\n    at G.startActiveSpan (/Users/ofir/kenyonexpress-autopilot/.next/server/chunks/[root-of-the-server]__1jlk8z1._.js:2:6806)\n    at H.startActiveSpan (/Users/ofir/kenyonexpress-autopilot/.next/server/chunks/[root-of-the-server]__1jlk8z1._.js:2:7045)\n    at e.runWithActiveSpan (/Users/ofir/kenyonexpress-autopilot/.next/server/chunks/[root-of-the-server]__1jlk8z1._.js:2:54324)\n    at /Users/ofir/kenyonexpress-autopilot/.next/server/chunks/[root-of-the-server]__1jlk8z1._.js:2:53577\n    at Object.with (/Users/ofir/kenyonexpress-autopilot/.next/server/chunks/[root-of-the-server]__1jlk8z1._.js:2:4124)\n    at S.with (/Users/ofir/kenyonexpress-autopilot/.next/server/chunks/[root-of-the-server]__1jlk8z1._.js:2:4450)\n    at e.trace (/Users/ofir/kenyonexpress-autopilot/.next/server/chunks/[root-of-the-server]__1jlk8z1._.js:2:53551)\n    at fetch (/Users/ofir/kenyonexpress-autopilot/.next/server/chunks/[root-of-the-server]__1jlk8z1._.js:2:84044)\n    at /Users/ofir/kenyonexpress-autopilot/.next/server/chun","digest":"HANGING_PROMISE_REJECTION"}}
{"ts":"2026-10-07T14:21:50.787Z","level":"error","event":"db.query_failed","request_id":null,"method":"GET","target":"products","duration_ms":0,"err":{"name":"Error","message":"During prerendering, fetch() rejects when the prerender is complete. Typically these errors are handled by React but if you move fetch() to a different context by using `setTimeout`, `after`, or similar functions you may observe this error and you should handle it in that context. This occurred at route \"/product/[slug]\".","stack":"Error: During prerendering, fetch() rejects when the prerender is complete. Typically these errors are handled by React but if you move fetch() to a different context by using `setTimeout`, `after`, or similar functions you may observe this error and you should handle it in that context. This occurred at route \"/product/[slug]\".\n    at eu (/Users/ofir/kenyonexpress-autopilot/.next/server/chunks/[root-of-the-server]__1jlk8z1._.js:2:58687)\n    at /Users/ofir/kenyonexpress-autopilot/.next/server/chunks/[root-of-the-server]__1jlk8z1._.js:2:87004\n    at /Users/ofir/kenyonexpress-autopilot/.next/server/chunks/[root-of-the-server]__1jlk8z1._.js:2:54057\n    at /Users/ofir/kenyonexpress-autopilot/.next/server/chunks/[root-of-the-server]__1jlk8z1._.js:2:54347\n    at Object.with (/Users/ofir/kenyonexpress-autopilot/.next/server/chunks/[root-of-the-server]__1jlk8z1._.js:2:4124)\n    at S.with (/Users/ofir/kenyonexpress-autopilot/.next/server/chunks/[root-of-the-server]__1jlk8z1._.js:2:4450)\n    at G.startActiveSpan (/Users/ofir/kenyonexpress-autopilot/.next/server/chunks/[root-of-the-server]__1jlk8z1._.js:2:6806)\n    at H.startActiveSpan (/Users/ofir/kenyonexpress-autopilot/.next/server/chunks/[root-of-the-server]__1jlk8z1._.js:2:7045)\n    at e.runWithActiveSpan (/Users/ofir/kenyonexpress-autopilot/.next/server/chunks/[root-of-the-server]__1jlk8z1._.js:2:54324)\n    at /Users/ofir/kenyonexpress-autopilot/.next/server/chunks/[root-of-the-server]__1jlk8z1._.js:2:53577\n    at Object.with (/Users/ofir/kenyonexpress-autopilot/.next/server/chunks/[root-of-the-server]__1jlk8z1._.js:2:4124)\n    at S.with (/Users/ofir/kenyonexpress-autopilot/.next/server/chunks/[root-of-the-server]__1jlk8z1._.js:2:4450)\n    at e.trace (/Users/ofir/kenyonexpress-autopilot/.next/server/chunks/[root-of-the-server]__1jlk8z1._.js:2:53551)\n    at fetch (/Users/ofir/kenyonexpress-autopilot/.next/server/chunks/[root-of-the-server]__1jlk8z1._.js:2:84044)\n    at /Users/ofir/kenyonexpress-autopilot/.next/server/chun","digest":"HANGING_PROMISE_REJECTION"}}
{"ts":"2026-10-07T14:21:50.797Z","level":"error","event":"db.query_failed","request_id":null,"method":"GET","target":"products","duration_ms":0,"err":{"name":"Error","message":"During prerendering, fetch() rejects when the prerender is complete. Typically these errors are handled by React but if you move fetch() to a different context by using `setTimeout`, `after`, or similar functions you may observe this error and you should handle it in that context. This occurred at route \"/product/[slug]\".","stack":"Error: During prerendering, fetch() rejects when the prerender is complete. Typically these errors are handled by React but if you move fetch() to a different context by using `setTimeout`, `after`, or similar functions you may observe this error and you should handle it in that context. This occurred at route \"/product/[slug]\".\n    at eu (/Users/ofir/kenyonexpress-autopilot/.next/server/chunks/[root-of-the-server]__1jlk8z1._.js:2:58687)\n    at /Users/ofir/kenyonexpress-autopilot/.next/server/chunks/[root-of-the-server]__1jlk8z1._.js:2:87004\n    at /Users/ofir/kenyonexpress-autopilot/.next/server/chunks/[root-of-the-server]__1jlk8z1._.js:2:54057\n    at /Users/ofir/kenyonexpress-autopilot/.next/server/chunks/[root-of-the-server]__1jlk8z1._.js:2:54347\n    at Object.with (/Users/ofir/kenyonexpress-autopilot/.next/server/chunks/[root-of-the-server]__1jlk8z1._.js:2:4124)\n    at S.with (/Users/ofir/kenyonexpress-autopilot/.next/server/chunks/[root-of-the-server]__1jlk8z1._.js:2:4450)\n    at G.startActiveSpan (/Users/ofir/kenyonexpress-autopilot/.next/server/chunks/[root-of-the-server]__1jlk8z1._.js:2:6806)\n    at H.startActiveSpan (/Users/ofir/kenyonexpress-autopilot/.next/server/chunks/[root-of-the-server]__1jlk8z1._.js:2:7045)\n    at e.runWithActiveSpan (/Users/ofir/kenyonexpress-autopilot/.next/server/chunks/[root-of-the-server]__1jlk8z1._.js:2:54324)\n    at /Users/ofir/kenyonexpress-autopilot/.next/server/chunks/[root-of-the-server]__1jlk8z1._.js:2:53577\n    at Object.with (/Users/ofir/kenyonexpress-autopilot/.next/server/chunks/[root-of-the-server]__1jlk8z1._.js:2:4124)\n    at S.with (/Users/ofir/kenyonexpress-autopilot/.next/server/chunks/[root-of-the-server]__1jlk8z1._.js:2:4450)\n    at e.trace (/Users/ofir/kenyonexpress-autopilot/.next/server/chunks/[root-of-the-server]__1jlk8z1._.js:2:53551)\n    at fetch (/Users/ofir/kenyonexpress-autopilot/.next/server/chunks/[root-of-the-server]__1jlk8z1._.js:2:84044)\n    at /Users/ofir/kenyonexpress-autopilot/.next/server/chun","digest":"HANGING_PROMISE_REJECTION"}}
{"ts":"2026-10-07T14:21:50.943Z","level":"error","event":"db.query_failed","request_id":null,"method":"GET","target":"referral_program_settings","duration_ms":2,"err":{"name":"Error","message":"During prerendering, fetch() rejects when the prerender is complete. Typically these errors are handled by React but if you move fetch() to a different context by using `setTimeout`, `after`, or similar functions you may observe this error and you should handle it in that context. This occurred at route \"/account/referrals\".","stack":"Error: During prerendering, fetch() rejects when the prerender is complete. Typically these errors are handled by React but if you move fetch() to a different context by using `setTimeout`, `after`, or similar functions you may observe this error and you should handle it in that context. This occurred at route \"/account/referrals\".\n    at eu (/Users/ofir/kenyonexpress-autopilot/.next/server/chunks/[root-of-the-server]__1jlk8z1._.js:2:58687)\n    at /Users/ofir/kenyonexpress-autopilot/.next/server/chunks/[root-of-the-server]__1jlk8z1._.js:2:87004\n    at /Users/ofir/kenyonexpress-autopilot/.next/server/chunks/[root-of-the-server]__1jlk8z1._.js:2:54057\n    at /Users/ofir/kenyonexpress-autopilot/.next/server/chunks/[root-of-the-server]__1jlk8z1._.js:2:54347\n    at Object.with (/Users/ofir/kenyonexpress-autopilot/.next/server/chunks/[root-of-the-server]__1jlk8z1._.js:2:4124)\n    at S.with (/Users/ofir/kenyonexpress-autopilot/.next/server/chunks/[root-of-the-server]__1jlk8z1._.js:2:4450)\n    at G.startActiveSpan (/Users/ofir/kenyonexpress-autopilot/.next/server/chunks/[root-of-the-server]__1jlk8z1._.js:2:6806)\n    at H.startActiveSpan (/Users/ofir/kenyonexpress-autopilot/.next/server/chunks/[root-of-the-server]__1jlk8z1._.js:2:7045)\n    at e.runWithActiveSpan (/Users/ofir/kenyonexpress-autopilot/.next/server/chunks/[root-of-the-server]__1jlk8z1._.js:2:54324)\n    at /Users/ofir/kenyonexpress-autopilot/.next/server/chunks/[root-of-the-server]__1jlk8z1._.js:2:53577\n    at Object.with (/Users/ofir/kenyonexpress-autopilot/.next/server/chunks/[root-of-the-server]__1jlk8z1._.js:2:4124)\n    at S.with (/Users/ofir/kenyonexpress-autopilot/.next/server/chunks/[root-of-the-server]__1jlk8z1._.js:2:4450)\n    at e.trace (/Users/ofir/kenyonexpress-autopilot/.next/server/chunks/[root-of-the-server]__1jlk8z1._.js:2:53551)\n    at fetch (/Users/ofir/kenyonexpress-autopilot/.next/server/chunks/[root-of-the-server]__1jlk8z1._.js:2:84044)\n    at /Users/ofir/kenyonexpress-autopilot/.next/server/c","digest":"HANGING_PROMISE_REJECTION"}}
{"ts":"2026-10-07T14:21:50.946Z","level":"warn","event":"referrals.settings_read_failed","request_id":null,"reason":"Error: During prerendering, fetch() rejects when the prerender is complete. Typically these errors are handled by React but if you move fetch() to a different context by using `setTimeout`, `after`, or similar functions you may observe this error and you should handle it in that context. This occurred at route \"/account/referrals\"."}
{"ts":"2026-10-07T14:21:51.013Z","level":"error","event":"db.query_failed","request_id":null,"method":"GET","target":"products","duration_ms":0,"err":{"name":"Error","message":"During prerendering, fetch() rejects when the prerender is complete. Typically these errors are handled by React but if you move fetch() to a different context by using `setTimeout`, `after`, or similar functions you may observe this error and you should handle it in that context. This occurred at route \"/product/[slug]\".","stack":"Error: During prerendering, fetch() rejects when the prerender is complete. Typically these errors are handled by React but if you move fetch() to a different context by using `setTimeout`, `after`, or similar functions you may observe this error and you should handle it in that context. This occurred at route \"/product/[slug]\".\n    at eu (/Users/ofir/kenyonexpress-autopilot/.next/server/chunks/[root-of-the-server]__1jlk8z1._.js:2:58687)\n    at /Users/ofir/kenyonexpress-autopilot/.next/server/chunks/[root-of-the-server]__1jlk8z1._.js:2:87004\n    at /Users/ofir/kenyonexpress-autopilot/.next/server/chunks/[root-of-the-server]__1jlk8z1._.js:2:54057\n    at /Users/ofir/kenyonexpress-autopilot/.next/server/chunks/[root-of-the-server]__1jlk8z1._.js:2:54347\n    at Object.with (/Users/ofir/kenyonexpress-autopilot/.next/server/chunks/[root-of-the-server]__1jlk8z1._.js:2:4124)\n    at S.with (/Users/ofir/kenyonexpress-autopilot/.next/server/chunks/[root-of-the-server]__1jlk8z1._.js:2:4450)\n    at G.startActiveSpan (/Users/ofir/kenyonexpress-autopilot/.next/server/chunks/[root-of-the-server]__1jlk8z1._.js:2:6806)\n    at H.startActiveSpan (/Users/ofir/kenyonexpress-autopilot/.next/server/chunks/[root-of-the-server]__1jlk8z1._.js:2:7045)\n    at e.runWithActiveSpan (/Users/ofir/kenyonexpress-autopilot/.next/server/chunks/[root-of-the-server]__1jlk8z1._.js:2:54324)\n    at /Users/ofir/kenyonexpress-autopilot/.next/server/chunks/[root-of-the-server]__1jlk8z1._.js:2:53577\n    at Object.with (/Users/ofir/kenyonexpress-autopilot/.next/server/chunks/[root-of-the-server]__1jlk8z1._.js:2:4124)\n    at S.with (/Users/ofir/kenyonexpress-autopilot/.next/server/chunks/[root-of-the-server]__1jlk8z1._.js:2:4450)\n    at e.trace (/Users/ofir/kenyonexpress-autopilot/.next/server/chunks/[root-of-the-server]__1jlk8z1._.js:2:53551)\n    at fetch (/Users/ofir/kenyonexpress-autopilot/.next/server/chunks/[root-of-the-server]__1jlk8z1._.js:2:84044)\n    at /Users/ofir/kenyonexpress-autopilot/.next/server/chun","digest":"HANGING_PROMISE_REJECTION"}}
{"ts":"2026-10-07T14:21:51.027Z","level":"error","event":"db.query_failed","request_id":null,"method":"GET","target":"referral_program_settings","duration_ms":0,"err":{"name":"Error","message":"During prerendering, fetch() rejects when the prerender is complete. Typically these errors are handled by React but if you move fetch() to a different context by using `setTimeout`, `after`, or similar functions you may observe this error and you should handle it in that context. This occurred at route \"/account/referrals\".","stack":"Error: During prerendering, fetch() rejects when the prerender is complete. Typically these errors are handled by React but if you move fetch() to a different context by using `setTimeout`, `after`, or similar functions you may observe this error and you should handle it in that context. This occurred at route \"/account/referrals\".\n    at eu (/Users/ofir/kenyonexpress-autopilot/.next/server/chunks/[root-of-the-server]__1jlk8z1._.js:2:58687)\n    at /Users/ofir/kenyonexpress-autopilot/.next/server/chunks/[root-of-the-server]__1jlk8z1._.js:2:87004\n    at /Users/ofir/kenyonexpress-autopilot/.next/server/chunks/[root-of-the-server]__1jlk8z1._.js:2:54057\n    at /Users/ofir/kenyonexpress-autopilot/.next/server/chunks/[root-of-the-server]__1jlk8z1._.js:2:54347\n    at Object.with (/Users/ofir/kenyonexpress-autopilot/.next/server/chunks/[root-of-the-server]__1jlk8z1._.js:2:4124)\n    at S.with (/Users/ofir/kenyonexpress-autopilot/.next/server/chunks/[root-of-the-server]__1jlk8z1._.js:2:4450)\n    at G.startActiveSpan (/Users/ofir/kenyonexpress-autopilot/.next/server/chunks/[root-of-the-server]__1jlk8z1._.js:2:6806)\n    at H.startActiveSpan (/Users/ofir/kenyonexpress-autopilot/.next/server/chunks/[root-of-the-server]__1jlk8z1._.js:2:7045)\n    at e.runWithActiveSpan (/Users/ofir/kenyonexpress-autopilot/.next/server/chunks/[root-of-the-server]__1jlk8z1._.js:2:54324)\n    at /Users/ofir/kenyonexpress-autopilot/.next/server/chunks/[root-of-the-server]__1jlk8z1._.js:2:53577\n    at Object.with (/Users/ofir/kenyonexpress-autopilot/.next/server/chunks/[root-of-the-server]__1jlk8z1._.js:2:4124)\n    at S.with (/Users/ofir/kenyonexpress-autopilot/.next/server/chunks/[root-of-the-server]__1jlk8z1._.js:2:4450)\n    at e.trace (/Users/ofir/kenyonexpress-autopilot/.next/server/chunks/[root-of-the-server]__1jlk8z1._.js:2:53551)\n    at fetch (/Users/ofir/kenyonexpress-autopilot/.next/server/chunks/[root-of-the-server]__1jlk8z1._.js:2:84044)\n    at /Users/ofir/kenyonexpress-autopilot/.next/server/c","digest":"HANGING_PROMISE_REJECTION"}}
{"ts":"2026-10-07T14:21:51.027Z","level":"warn","event":"referrals.settings_read_failed","request_id":null,"reason":"Error: During prerendering, fetch() rejects when the prerender is complete. Typically these errors are handled by React but if you move fetch() to a different context by using `setTimeout`, `after`, or similar functions you may observe this error and you should handle it in that context. This occurred at route \"/account/referrals\"."}
{"ts":"2026-10-07T14:21:51.032Z","level":"error","event":"db.query_failed","request_id":null,"method":"GET","target":"products","duration_ms":0,"err":{"name":"Error","message":"During prerendering, fetch() rejects when the prerender is complete. Typically these errors are handled by React but if you move fetch() to a different context by using `setTimeout`, `after`, or similar functions you may observe this error and you should handle it in that context. This occurred at route \"/product/[slug]\".","stack":"Error: During prerendering, fetch() rejects when the prerender is complete. Typically these errors are handled by React but if you move fetch() to a different context by using `setTimeout`, `after`, or similar functions you may observe this error and you should handle it in that context. This occurred at route \"/product/[slug]\".\n    at eu (/Users/ofir/kenyonexpress-autopilot/.next/server/chunks/[root-of-the-server]__1jlk8z1._.js:2:58687)\n    at /Users/ofir/kenyonexpress-autopilot/.next/server/chunks/[root-of-the-server]__1jlk8z1._.js:2:87004\n    at /Users/ofir/kenyonexpress-autopilot/.next/server/chunks/[root-of-the-server]__1jlk8z1._.js:2:54057\n    at /Users/ofir/kenyonexpress-autopilot/.next/server/chunks/[root-of-the-server]__1jlk8z1._.js:2:54347\n    at Object.with (/Users/ofir/kenyonexpress-autopilot/.next/server/chunks/[root-of-the-server]__1jlk8z1._.js:2:4124)\n    at S.with (/Users/ofir/kenyonexpress-autopilot/.next/server/chunks/[root-of-the-server]__1jlk8z1._.js:2:4450)\n    at G.startActiveSpan (/Users/ofir/kenyonexpress-autopilot/.next/server/chunks/[root-of-the-server]__1jlk8z1._.js:2:6806)\n    at H.startActiveSpan (/Users/ofir/kenyonexpress-autopilot/.next/server/chunks/[root-of-the-server]__1jlk8z1._.js:2:7045)\n    at e.runWithActiveSpan (/Users/ofir/kenyonexpress-autopilot/.next/server/chunks/[root-of-the-server]__1jlk8z1._.js:2:54324)\n    at /Users/ofir/kenyonexpress-autopilot/.next/server/chunks/[root-of-the-server]__1jlk8z1._.js:2:53577\n    at Object.with (/Users/ofir/kenyonexpress-autopilot/.next/server/chunks/[root-of-the-server]__1jlk8z1._.js:2:4124)\n    at S.with (/Users/ofir/kenyonexpress-autopilot/.next/server/chunks/[root-of-the-server]__1jlk8z1._.js:2:4450)\n    at e.trace (/Users/ofir/kenyonexpress-autopilot/.next/server/chunks/[root-of-the-server]__1jlk8z1._.js:2:53551)\n    at fetch (/Users/ofir/kenyonexpress-autopilot/.next/server/chunks/[root-of-the-server]__1jlk8z1._.js:2:84044)\n    at /Users/ofir/kenyonexpress-autopilot/.next/server/chun","digest":"HANGING_PROMISE_REJECTION"}}
{"ts":"2026-10-07T14:21:51.073Z","level":"error","event":"db.query_failed","request_id":null,"method":"GET","target":"products","duration_ms":1,"err":{"name":"Error","message":"During prerendering, fetch() rejects when the prerender is complete. Typically these errors are handled by React but if you move fetch() to a different context by using `setTimeout`, `after`, or similar functions you may observe this error and you should handle it in that context. This occurred at route \"/product/[slug]\".","stack":"Error: During prerendering, fetch() rejects when the prerender is complete. Typically these errors are handled by React but if you move fetch() to a different context by using `setTimeout`, `after`, or similar functions you may observe this error and you should handle it in that context. This occurred at route \"/product/[slug]\".\n    at /Users/ofir/kenyonexpress-autopilot/.next/server/chunks/ssr/[root-of-the-server]__1_aa14n._.js:2:23832\n    at /Users/ofir/kenyonexpress-autopilot/.next/server/chunks/ssr/[root-of-the-server]__1_aa14n._.js:11:48366\n    at /Users/ofir/kenyonexpress-autopilot/.next/server/chunks/ssr/[root-of-the-server]__1_aa14n._.js:11:66894\n    at /Users/ofir/kenyonexpress-autopilot/.next/server/chunks/ssr/[root-of-the-server]__1_aa14n._.js:11:67121\n    at Object.with (/Users/ofir/kenyonexpress-autopilot/.next/server/chunks/ssr/0sj1_@opentelemetry_api_build_esm_1_uv6rc._.js:2:3907)\n    at v.with (/Users/ofir/kenyonexpress-autopilot/.next/server/chunks/ssr/0sj1_@opentelemetry_api_build_esm_1_uv6rc._.js:2:4233)\n    at P.startActiveSpan (/Users/ofir/kenyonexpress-autopilot/.next/server/chunks/ssr/0sj1_@opentelemetry_api_build_esm_1_uv6rc._.js:2:6588)\n    at R.startActiveSpan (/Users/ofir/kenyonexpress-autopilot/.next/server/chunks/ssr/0sj1_@opentelemetry_api_build_esm_1_uv6rc._.js:2:6827)\n    at a.runWithActiveSpan (/Users/ofir/kenyonexpress-autopilot/.next/server/chunks/ssr/[root-of-the-server]__1_aa14n._.js:11:67098)\n    at /Users/ofir/kenyonexpress-autopilot/.next/server/chunks/ssr/[root-of-the-server]__1_aa14n._.js:11:66397\n    at Object.with (/Users/ofir/kenyonexpress-autopilot/.next/server/chunks/ssr/0sj1_@opentelemetry_api_build_esm_1_uv6rc._.js:2:3907)\n    at v.with (/Users/ofir/kenyonexpress-autopilot/.next/server/chunks/ssr/0sj1_@opentelemetry_api_build_esm_1_uv6rc._.js:2:4233)\n    at a.trace (/Users/ofir/kenyonexpress-autopilot/.next/server/chunks/ssr/[root-of-the-server]__1_aa14n._.js:11:66371)\n    at fetch (/Users/ofir/kenyonexpress-autopilot","digest":"HANGING_PROMISE_REJECTION"}}
{"ts":"2026-10-07T14:21:51.210Z","level":"error","event":"db.query_failed","request_id":null,"method":"GET","target":"products","duration_ms":2,"err":{"name":"Error","message":"During prerendering, fetch() rejects when the prerender is complete. Typically these errors are handled by React but if you move fetch() to a different context by using `setTimeout`, `after`, or similar functions you may observe this error and you should handle it in that context. This occurred at route \"/product/[slug]\".","stack":"Error: During prerendering, fetch() rejects when the prerender is complete. Typically these errors are handled by React but if you move fetch() to a different context by using `setTimeout`, `after`, or similar functions you may observe this error and you should handle it in that context. This occurred at route \"/product/[slug]\".\n    at /Users/ofir/kenyonexpress-autopilot/.next/server/chunks/ssr/[root-of-the-server]__1_aa14n._.js:2:23832\n    at /Users/ofir/kenyonexpress-autopilot/.next/server/chunks/ssr/[root-of-the-server]__1_aa14n._.js:11:48366\n    at /Users/ofir/kenyonexpress-autopilot/.next/server/chunks/ssr/[root-of-the-server]__1_aa14n._.js:11:66894\n    at /Users/ofir/kenyonexpress-autopilot/.next/server/chunks/ssr/[root-of-the-server]__1_aa14n._.js:11:67121\n    at Object.with (/Users/ofir/kenyonexpress-autopilot/.next/server/chunks/ssr/0sj1_@opentelemetry_api_build_esm_1_uv6rc._.js:2:3907)\n    at v.with (/Users/ofir/kenyonexpress-autopilot/.next/server/chunks/ssr/0sj1_@opentelemetry_api_build_esm_1_uv6rc._.js:2:4233)\n    at P.startActiveSpan (/Users/ofir/kenyonexpress-autopilot/.next/server/chunks/ssr/0sj1_@opentelemetry_api_build_esm_1_uv6rc._.js:2:6588)\n    at R.startActiveSpan (/Users/ofir/kenyonexpress-autopilot/.next/server/chunks/ssr/0sj1_@opentelemetry_api_build_esm_1_uv6rc._.js:2:6827)\n    at a.runWithActiveSpan (/Users/ofir/kenyonexpress-autopilot/.next/server/chunks/ssr/[root-of-the-server]__1_aa14n._.js:11:67098)\n    at /Users/ofir/kenyonexpress-autopilot/.next/server/chunks/ssr/[root-of-the-server]__1_aa14n._.js:11:66397\n    at Object.with (/Users/ofir/kenyonexpress-autopilot/.next/server/chunks/ssr/0sj1_@opentelemetry_api_build_esm_1_uv6rc._.js:2:3907)\n    at v.with (/Users/ofir/kenyonexpress-autopilot/.next/server/chunks/ssr/0sj1_@opentelemetry_api_build_esm_1_uv6rc._.js:2:4233)\n    at a.trace (/Users/ofir/kenyonexpress-autopilot/.next/server/chunks/ssr/[root-of-the-server]__1_aa14n._.js:11:66371)\n    at fetch (/Users/ofir/kenyonexpress-autopilot","digest":"HANGING_PROMISE_REJECTION"}}
{"ts":"2026-10-07T14:21:51.528Z","level":"warn","event":"db.query_slow","request_id":null,"method":"GET","target":"products","status":200,"duration_ms":1733,"threshold_ms":300}
{"ts":"2026-10-07T14:21:51.528Z","level":"warn","event":"db.query_slow","request_id":null,"method":"GET","target":"products","status":200,"duration_ms":2241,"threshold_ms":300}
{"ts":"2026-10-07T14:21:51.535Z","level":"error","event":"db.query_failed","request_id":null,"method":"POST","target":"rpc:available_stock","duration_ms":6739,"err":{"name":"Error","message":"During prerendering, fetch() rejects when the prerender is complete. Typically these errors are handled by React but if you move fetch() to a different context by using `setTimeout`, `after`, or similar functions you may observe this error and you should handle it in that context. This occurred at route \"/product/[slug]\".","stack":"Error: During prerendering, fetch() rejects when the prerender is complete. Typically these errors are handled by React but if you move fetch() to a different context by using `setTimeout`, `after`, or similar functions you may observe this error and you should handle it in that context. This occurred at route \"/product/[slug]\".\n    at eu (/Users/ofir/kenyonexpress-autopilot/.next/server/chunks/[root-of-the-server]__1jlk8z1._.js:2:58687)\n    at /Users/ofir/kenyonexpress-autopilot/.next/server/chunks/[root-of-the-server]__1jlk8z1._.js:2:87004\n    at /Users/ofir/kenyonexpress-autopilot/.next/server/chunks/[root-of-the-server]__1jlk8z1._.js:2:54057\n    at /Users/ofir/kenyonexpress-autopilot/.next/server/chunks/[root-of-the-server]__1jlk8z1._.js:2:54347\n    at Object.with (/Users/ofir/kenyonexpress-autopilot/.next/server/chunks/[root-of-the-server]__1jlk8z1._.js:2:4124)\n    at S.with (/Users/ofir/kenyonexpress-autopilot/.next/server/chunks/[root-of-the-server]__1jlk8z1._.js:2:4450)\n    at G.startActiveSpan (/Users/ofir/kenyonexpress-autopilot/.next/server/chunks/[root-of-the-server]__1jlk8z1._.js:2:6806)\n    at H.startActiveSpan (/Users/ofir/kenyonexpress-autopilot/.next/server/chunks/[root-of-the-server]__1jlk8z1._.js:2:7045)\n    at e.runWithActiveSpan (/Users/ofir/kenyonexpress-autopilot/.next/server/chunks/[root-of-the-server]__1jlk8z1._.js:2:54324)\n    at /Users/ofir/kenyonexpress-autopilot/.next/server/chunks/[root-of-the-server]__1jlk8z1._.js:2:53577\n    at Object.with (/Users/ofir/kenyonexpress-autopilot/.next/server/chunks/[root-of-the-server]__1jlk8z1._.js:2:4124)\n    at S.with (/Users/ofir/kenyonexpress-autopilot/.next/server/chunks/[root-of-the-server]__1jlk8z1._.js:2:4450)\n    at e.trace (/Users/ofir/kenyonexpress-autopilot/.next/server/chunks/[root-of-the-server]__1jlk8z1._.js:2:53551)\n    at fetch (/Users/ofir/kenyonexpress-autopilot/.next/server/chunks/[root-of-the-server]__1jlk8z1._.js:2:84044)\n    at /Users/ofir/kenyonexpress-autopilot/.next/server/chun","digest":"HANGING_PROMISE_REJECTION"}}
{"ts":"2026-10-07T14:21:51.535Z","level":"error","event":"db.query_failed","request_id":null,"method":"GET","target":"products","duration_ms":6739,"err":{"name":"Error","message":"During prerendering, fetch() rejects when the prerender is complete. Typically these errors are handled by React but if you move fetch() to a different context by using `setTimeout`, `after`, or similar functions you may observe this error and you should handle it in that context. This occurred at route \"/product/[slug]\".","stack":"Error: During prerendering, fetch() rejects when the prerender is complete. Typically these errors are handled by React but if you move fetch() to a different context by using `setTimeout`, `after`, or similar functions you may observe this error and you should handle it in that context. This occurred at route \"/product/[slug]\".\n    at eu (/Users/ofir/kenyonexpress-autopilot/.next/server/chunks/[root-of-the-server]__1jlk8z1._.js:2:58687)\n    at /Users/ofir/kenyonexpress-autopilot/.next/server/chunks/[root-of-the-server]__1jlk8z1._.js:2:87004\n    at /Users/ofir/kenyonexpress-autopilot/.next/server/chunks/[root-of-the-server]__1jlk8z1._.js:2:54057\n    at /Users/ofir/kenyonexpress-autopilot/.next/server/chunks/[root-of-the-server]__1jlk8z1._.js:2:54347\n    at Object.with (/Users/ofir/kenyonexpress-autopilot/.next/server/chunks/[root-of-the-server]__1jlk8z1._.js:2:4124)\n    at S.with (/Users/ofir/kenyonexpress-autopilot/.next/server/chunks/[root-of-the-server]__1jlk8z1._.js:2:4450)\n    at G.startActiveSpan (/Users/ofir/kenyonexpress-autopilot/.next/server/chunks/[root-of-the-server]__1jlk8z1._.js:2:6806)\n    at H.startActiveSpan (/Users/ofir/kenyonexpress-autopilot/.next/server/chunks/[root-of-the-server]__1jlk8z1._.js:2:7045)\n    at e.runWithActiveSpan (/Users/ofir/kenyonexpress-autopilot/.next/server/chunks/[root-of-the-server]__1jlk8z1._.js:2:54324)\n    at /Users/ofir/kenyonexpress-autopilot/.next/server/chunks/[root-of-the-server]__1jlk8z1._.js:2:53577\n    at Object.with (/Users/ofir/kenyonexpress-autopilot/.next/server/chunks/[root-of-the-server]__1jlk8z1._.js:2:4124)\n    at S.with (/Users/ofir/kenyonexpress-autopilot/.next/server/chunks/[root-of-the-server]__1jlk8z1._.js:2:4450)\n    at e.trace (/Users/ofir/kenyonexpress-autopilot/.next/server/chunks/[root-of-the-server]__1jlk8z1._.js:2:53551)\n    at fetch (/Users/ofir/kenyonexpress-autopilot/.next/server/chunks/[root-of-the-server]__1jlk8z1._.js:2:84044)\n    at /Users/ofir/kenyonexpress-autopilot/.next/server/chun","digest":"HANGING_PROMISE_REJECTION"}}
{"ts":"2026-10-07T14:21:51.558Z","level":"error","event":"db.query_failed","request_id":null,"method":"POST","target":"rpc:available_stock","duration_ms":1,"err":{"name":"Error","message":"During prerendering, fetch() rejects when the prerender is complete. Typically these errors are handled by React but if you move fetch() to a different context by using `setTimeout`, `after`, or similar functions you may observe this error and you should handle it in that context. This occurred at route \"/product/[slug]\".","stack":"Error: During prerendering, fetch() rejects when the prerender is complete. Typically these errors are handled by React but if you move fetch() to a different context by using `setTimeout`, `after`, or similar functions you may observe this error and you should handle it in that context. This occurred at route \"/product/[slug]\".\n    at eu (/Users/ofir/kenyonexpress-autopilot/.next/server/chunks/[root-of-the-server]__1jlk8z1._.js:2:58687)\n    at /Users/ofir/kenyonexpress-autopilot/.next/server/chunks/[root-of-the-server]__1jlk8z1._.js:2:87004\n    at /Users/ofir/kenyonexpress-autopilot/.next/server/chunks/[root-of-the-server]__1jlk8z1._.js:2:54057\n    at /Users/ofir/kenyonexpress-autopilot/.next/server/chunks/[root-of-the-server]__1jlk8z1._.js:2:54347\n    at Object.with (/Users/ofir/kenyonexpress-autopilot/.next/server/chunks/[root-of-the-server]__1jlk8z1._.js:2:4124)\n    at S.with (/Users/ofir/kenyonexpress-autopilot/.next/server/chunks/[root-of-the-server]__1jlk8z1._.js:2:4450)\n    at G.startActiveSpan (/Users/ofir/kenyonexpress-autopilot/.next/server/chunks/[root-of-the-server]__1jlk8z1._.js:2:6806)\n    at H.startActiveSpan (/Users/ofir/kenyonexpress-autopilot/.next/server/chunks/[root-of-the-server]__1jlk8z1._.js:2:7045)\n    at e.runWithActiveSpan (/Users/ofir/kenyonexpress-autopilot/.next/server/chunks/[root-of-the-server]__1jlk8z1._.js:2:54324)\n    at /Users/ofir/kenyonexpress-autopilot/.next/server/chunks/[root-of-the-server]__1jlk8z1._.js:2:53577\n    at Object.with (/Users/ofir/kenyonexpress-autopilot/.next/server/chunks/[root-of-the-server]__1jlk8z1._.js:2:4124)\n    at S.with (/Users/ofir/kenyonexpress-autopilot/.next/server/chunks/[root-of-the-server]__1jlk8z1._.js:2:4450)\n    at e.trace (/Users/ofir/kenyonexpress-autopilot/.next/server/chunks/[root-of-the-server]__1jlk8z1._.js:2:53551)\n    at fetch (/Users/ofir/kenyonexpress-autopilot/.next/server/chunks/[root-of-the-server]__1jlk8z1._.js:2:84044)\n    at /Users/ofir/kenyonexpress-autopilot/.next/server/chun","digest":"HANGING_PROMISE_REJECTION"}}
{"ts":"2026-10-07T14:21:51.558Z","level":"error","event":"db.query_failed","request_id":null,"method":"GET","target":"products","duration_ms":1,"err":{"name":"Error","message":"During prerendering, fetch() rejects when the prerender is complete. Typically these errors are handled by React but if you move fetch() to a different context by using `setTimeout`, `after`, or similar functions you may observe this error and you should handle it in that context. This occurred at route \"/product/[slug]\".","stack":"Error: During prerendering, fetch() rejects when the prerender is complete. Typically these errors are handled by React but if you move fetch() to a different context by using `setTimeout`, `after`, or similar functions you may observe this error and you should handle it in that context. This occurred at route \"/product/[slug]\".\n    at eu (/Users/ofir/kenyonexpress-autopilot/.next/server/chunks/[root-of-the-server]__1jlk8z1._.js:2:58687)\n    at /Users/ofir/kenyonexpress-autopilot/.next/server/chunks/[root-of-the-server]__1jlk8z1._.js:2:87004\n    at /Users/ofir/kenyonexpress-autopilot/.next/server/chunks/[root-of-the-server]__1jlk8z1._.js:2:54057\n    at /Users/ofir/kenyonexpress-autopilot/.next/server/chunks/[root-of-the-server]__1jlk8z1._.js:2:54347\n    at Object.with (/Users/ofir/kenyonexpress-autopilot/.next/server/chunks/[root-of-the-server]__1jlk8z1._.js:2:4124)\n    at S.with (/Users/ofir/kenyonexpress-autopilot/.next/server/chunks/[root-of-the-server]__1jlk8z1._.js:2:4450)\n    at G.startActiveSpan (/Users/ofir/kenyonexpress-autopilot/.next/server/chunks/[root-of-the-server]__1jlk8z1._.js:2:6806)\n    at H.startActiveSpan (/Users/ofir/kenyonexpress-autopilot/.next/server/chunks/[root-of-the-server]__1jlk8z1._.js:2:7045)\n    at e.runWithActiveSpan (/Users/ofir/kenyonexpress-autopilot/.next/server/chunks/[root-of-the-server]__1jlk8z1._.js:2:54324)\n    at /Users/ofir/kenyonexpress-autopilot/.next/server/chunks/[root-of-the-server]__1jlk8z1._.js:2:53577\n    at Object.with (/Users/ofir/kenyonexpress-autopilot/.next/server/chunks/[root-of-the-server]__1jlk8z1._.js:2:4124)\n    at S.with (/Users/ofir/kenyonexpress-autopilot/.next/server/chunks/[root-of-the-server]__1jlk8z1._.js:2:4450)\n    at e.trace (/Users/ofir/kenyonexpress-autopilot/.next/server/chunks/[root-of-the-server]__1jlk8z1._.js:2:53551)\n    at fetch (/Users/ofir/kenyonexpress-autopilot/.next/server/chunks/[root-of-the-server]__1jlk8z1._.js:2:84044)\n    at /Users/ofir/kenyonexpress-autopilot/.next/server/chun","digest":"HANGING_PROMISE_REJECTION"}}
{"ts":"2026-10-07T14:21:51.851Z","level":"warn","event":"db.query_slow","request_id":null,"method":"GET","target":"products","status":200,"duration_ms":1853,"threshold_ms":300}
{"ts":"2026-10-07T14:21:51.853Z","level":"warn","event":"db.query_slow","request_id":null,"method":"GET","target":"products","status":200,"duration_ms":321,"threshold_ms":300}
{"ts":"2026-10-07T14:21:51.854Z","level":"warn","event":"db.query_slow","request_id":null,"method":"GET","target":"categories","status":200,"duration_ms":6680,"threshold_ms":300}
{"ts":"2026-10-07T14:21:51.864Z","level":"error","event":"db.query_failed","request_id":null,"method":"GET","target":"products","duration_ms":0,"err":{"name":"Error","message":"During prerendering, fetch() rejects when the prerender is complete. Typically these errors are handled by React but if you move fetch() to a different context by using `setTimeout`, `after`, or similar functions you may observe this error and you should handle it in that context. This occurred at route \"/product/[slug]\".","stack":"Error: During prerendering, fetch() rejects when the prerender is complete. Typically these errors are handled by React but if you move fetch() to a different context by using `setTimeout`, `after`, or similar functions you may observe this error and you should handle it in that context. This occurred at route \"/product/[slug]\".\n    at eu (/Users/ofir/kenyonexpress-autopilot/.next/server/chunks/[root-of-the-server]__1jlk8z1._.js:2:58687)\n    at /Users/ofir/kenyonexpress-autopilot/.next/server/chunks/[root-of-the-server]__1jlk8z1._.js:2:87004\n    at /Users/ofir/kenyonexpress-autopilot/.next/server/chunks/[root-of-the-server]__1jlk8z1._.js:2:54057\n    at /Users/ofir/kenyonexpress-autopilot/.next/server/chunks/[root-of-the-server]__1jlk8z1._.js:2:54347\n    at Object.with (/Users/ofir/kenyonexpress-autopilot/.next/server/chunks/[root-of-the-server]__1jlk8z1._.js:2:4124)\n    at S.with (/Users/ofir/kenyonexpress-autopilot/.next/server/chunks/[root-of-the-server]__1jlk8z1._.js:2:4450)\n    at G.startActiveSpan (/Users/ofir/kenyonexpress-autopilot/.next/server/chunks/[root-of-the-server]__1jlk8z1._.js:2:6806)\n    at H.startActiveSpan (/Users/ofir/kenyonexpress-autopilot/.next/server/chunks/[root-of-the-server]__1jlk8z1._.js:2:7045)\n    at e.runWithActiveSpan (/Users/ofir/kenyonexpress-autopilot/.next/server/chunks/[root-of-the-server]__1jlk8z1._.js:2:54324)\n    at /Users/ofir/kenyonexpress-autopilot/.next/server/chunks/[root-of-the-server]__1jlk8z1._.js:2:53577\n    at Object.with (/Users/ofir/kenyonexpress-autopilot/.next/server/chunks/[root-of-the-server]__1jlk8z1._.js:2:4124)\n    at S.with (/Users/ofir/kenyonexpress-autopilot/.next/server/chunks/[root-of-the-server]__1jlk8z1._.js:2:4450)\n    at e.trace (/Users/ofir/kenyonexpress-autopilot/.next/server/chunks/[root-of-the-server]__1jlk8z1._.js:2:53551)\n    at fetch (/Users/ofir/kenyonexpress-autopilot/.next/server/chunks/[root-of-the-server]__1jlk8z1._.js:2:84044)\n    at /Users/ofir/kenyonexpress-autopilot/.next/server/chun","digest":"HANGING_PROMISE_REJECTION"}}
{"ts":"2026-10-07T14:21:51.865Z","level":"warn","event":"stock.available_read_failed","request_id":null,"productId":"052bdbc1-c2f7-4772-bd9f-9ffb478e6330","reason":"Error: During prerendering, fetch() rejects when the prerender is complete. Typically these errors are handled by React but if you move fetch() to a different context by using `setTimeout`, `after`, or similar functions you may observe this error and you should handle it in that context. This occurred at route \"/product/[slug]\"."}
{"ts":"2026-10-07T14:21:51.874Z","level":"error","event":"db.query_failed","request_id":null,"method":"POST","target":"rpc:available_stock","duration_ms":6991,"err":{"name":"Error","message":"During prerendering, fetch() rejects when the prerender is complete. Typically these errors are handled by React but if you move fetch() to a different context by using `setTimeout`, `after`, or similar functions you may observe this error and you should handle it in that context. This occurred at route \"/coupon/[slug]\".","stack":"Error: During prerendering, fetch() rejects when the prerender is complete. Typically these errors are handled by React but if you move fetch() to a different context by using `setTimeout`, `after`, or similar functions you may observe this error and you should handle it in that context. This occurred at route \"/coupon/[slug]\".\n    at /Users/ofir/kenyonexpress-autopilot/.next/server/chunks/ssr/[root-of-the-server]__1_aa14n._.js:2:23832\n    at /Users/ofir/kenyonexpress-autopilot/.next/server/chunks/ssr/[root-of-the-server]__1_aa14n._.js:11:48366\n    at /Users/ofir/kenyonexpress-autopilot/.next/server/chunks/ssr/[root-of-the-server]__1_aa14n._.js:11:66894\n    at /Users/ofir/kenyonexpress-autopilot/.next/server/chunks/ssr/[root-of-the-server]__1_aa14n._.js:11:67121\n    at Object.with (/Users/ofir/kenyonexpress-autopilot/.next/server/chunks/ssr/0sj1_@opentelemetry_api_build_esm_1_uv6rc._.js:2:3907)\n    at v.with (/Users/ofir/kenyonexpress-autopilot/.next/server/chunks/ssr/0sj1_@opentelemetry_api_build_esm_1_uv6rc._.js:2:4233)\n    at P.startActiveSpan (/Users/ofir/kenyonexpress-autopilot/.next/server/chunks/ssr/0sj1_@opentelemetry_api_build_esm_1_uv6rc._.js:2:6588)\n    at R.startActiveSpan (/Users/ofir/kenyonexpress-autopilot/.next/server/chunks/ssr/0sj1_@opentelemetry_api_build_esm_1_uv6rc._.js:2:6827)\n    at a.runWithActiveSpan (/Users/ofir/kenyonexpress-autopilot/.next/server/chunks/ssr/[root-of-the-server]__1_aa14n._.js:11:67098)\n    at /Users/ofir/kenyonexpress-autopilot/.next/server/chunks/ssr/[root-of-the-server]__1_aa14n._.js:11:66397\n    at Object.with (/Users/ofir/kenyonexpress-autopilot/.next/server/chunks/ssr/0sj1_@opentelemetry_api_build_esm_1_uv6rc._.js:2:3907)\n    at v.with (/Users/ofir/kenyonexpress-autopilot/.next/server/chunks/ssr/0sj1_@opentelemetry_api_build_esm_1_uv6rc._.js:2:4233)\n    at a.trace (/Users/ofir/kenyonexpress-autopilot/.next/server/chunks/ssr/[root-of-the-server]__1_aa14n._.js:11:66371)\n    at fetch (/Users/ofir/kenyonexpress-autopilot/","digest":"HANGING_PROMISE_REJECTION"}}
{"ts":"2026-10-07T14:21:51.876Z","level":"error","event":"db.query_failed","request_id":null,"method":"GET","target":"products","duration_ms":6992,"err":{"name":"Error","message":"During prerendering, fetch() rejects when the prerender is complete. Typically these errors are handled by React but if you move fetch() to a different context by using `setTimeout`, `after`, or similar functions you may observe this error and you should handle it in that context. This occurred at route \"/coupon/[slug]\".","stack":"Error: During prerendering, fetch() rejects when the prerender is complete. Typically these errors are handled by React but if you move fetch() to a different context by using `setTimeout`, `after`, or similar functions you may observe this error and you should handle it in that context. This occurred at route \"/coupon/[slug]\".\n    at /Users/ofir/kenyonexpress-autopilot/.next/server/chunks/ssr/[root-of-the-server]__1_aa14n._.js:2:23832\n    at /Users/ofir/kenyonexpress-autopilot/.next/server/chunks/ssr/[root-of-the-server]__1_aa14n._.js:11:48366\n    at /Users/ofir/kenyonexpress-autopilot/.next/server/chunks/ssr/[root-of-the-server]__1_aa14n._.js:11:66894\n    at /Users/ofir/kenyonexpress-autopilot/.next/server/chunks/ssr/[root-of-the-server]__1_aa14n._.js:11:67121\n    at Object.with (/Users/ofir/kenyonexpress-autopilot/.next/server/chunks/ssr/0sj1_@opentelemetry_api_build_esm_1_uv6rc._.js:2:3907)\n    at v.with (/Users/ofir/kenyonexpress-autopilot/.next/server/chunks/ssr/0sj1_@opentelemetry_api_build_esm_1_uv6rc._.js:2:4233)\n    at P.startActiveSpan (/Users/ofir/kenyonexpress-autopilot/.next/server/chunks/ssr/0sj1_@opentelemetry_api_build_esm_1_uv6rc._.js:2:6588)\n    at R.startActiveSpan (/Users/ofir/kenyonexpress-autopilot/.next/server/chunks/ssr/0sj1_@opentelemetry_api_build_esm_1_uv6rc._.js:2:6827)\n    at a.runWithActiveSpan (/Users/ofir/kenyonexpress-autopilot/.next/server/chunks/ssr/[root-of-the-server]__1_aa14n._.js:11:67098)\n    at /Users/ofir/kenyonexpress-autopilot/.next/server/chunks/ssr/[root-of-the-server]__1_aa14n._.js:11:66397\n    at Object.with (/Users/ofir/kenyonexpress-autopilot/.next/server/chunks/ssr/0sj1_@opentelemetry_api_build_esm_1_uv6rc._.js:2:3907)\n    at v.with (/Users/ofir/kenyonexpress-autopilot/.next/server/chunks/ssr/0sj1_@opentelemetry_api_build_esm_1_uv6rc._.js:2:4233)\n    at a.trace (/Users/ofir/kenyonexpress-autopilot/.next/server/chunks/ssr/[root-of-the-server]__1_aa14n._.js:11:66371)\n    at fetch (/Users/ofir/kenyonexpress-autopilot/","digest":"HANGING_PROMISE_REJECTION"}}
{"ts":"2026-10-07T14:21:51.877Z","level":"error","event":"db.query_failed","request_id":null,"method":"POST","target":"rpc:available_stock","duration_ms":4134,"err":{"name":"Error","message":"During prerendering, fetch() rejects when the prerender is complete. Typically these errors are handled by React but if you move fetch() to a different context by using `setTimeout`, `after`, or similar functions you may observe this error and you should handle it in that context. This occurred at route \"/coupon/[slug]\".","stack":"Error: During prerendering, fetch() rejects when the prerender is complete. Typically these errors are handled by React but if you move fetch() to a different context by using `setTimeout`, `after`, or similar functions you may observe this error and you should handle it in that context. This occurred at route \"/coupon/[slug]\".\n    at /Users/ofir/kenyonexpress-autopilot/.next/server/chunks/ssr/[root-of-the-server]__1_aa14n._.js:2:23832\n    at /Users/ofir/kenyonexpress-autopilot/.next/server/chunks/ssr/[root-of-the-server]__1_aa14n._.js:11:48366\n    at /Users/ofir/kenyonexpress-autopilot/.next/server/chunks/ssr/[root-of-the-server]__1_aa14n._.js:11:66894\n    at /Users/ofir/kenyonexpress-autopilot/.next/server/chunks/ssr/[root-of-the-server]__1_aa14n._.js:11:67121\n    at Object.with (/Users/ofir/kenyonexpress-autopilot/.next/server/chunks/ssr/0sj1_@opentelemetry_api_build_esm_1_uv6rc._.js:2:3907)\n    at v.with (/Users/ofir/kenyonexpress-autopilot/.next/server/chunks/ssr/0sj1_@opentelemetry_api_build_esm_1_uv6rc._.js:2:4233)\n    at P.startActiveSpan (/Users/ofir/kenyonexpress-autopilot/.next/server/chunks/ssr/0sj1_@opentelemetry_api_build_esm_1_uv6rc._.js:2:6588)\n    at R.startActiveSpan (/Users/ofir/kenyonexpress-autopilot/.next/server/chunks/ssr/0sj1_@opentelemetry_api_build_esm_1_uv6rc._.js:2:6827)\n    at a.runWithActiveSpan (/Users/ofir/kenyonexpress-autopilot/.next/server/chunks/ssr/[root-of-the-server]__1_aa14n._.js:11:67098)\n    at /Users/ofir/kenyonexpress-autopilot/.next/server/chunks/ssr/[root-of-the-server]__1_aa14n._.js:11:66397\n    at Object.with (/Users/ofir/kenyonexpress-autopilot/.next/server/chunks/ssr/0sj1_@opentelemetry_api_build_esm_1_uv6rc._.js:2:3907)\n    at v.with (/Users/ofir/kenyonexpress-autopilot/.next/server/chunks/ssr/0sj1_@opentelemetry_api_build_esm_1_uv6rc._.js:2:4233)\n    at a.trace (/Users/ofir/kenyonexpress-autopilot/.next/server/chunks/ssr/[root-of-the-server]__1_aa14n._.js:11:66371)\n    at fetch (/Users/ofir/kenyonexpress-autopilot/","digest":"HANGING_PROMISE_REJECTION"}}
{"ts":"2026-10-07T14:21:51.877Z","level":"error","event":"db.query_failed","request_id":null,"method":"GET","target":"products","duration_ms":4134,"err":{"name":"Error","message":"During prerendering, fetch() rejects when the prerender is complete. Typically these errors are handled by React but if you move fetch() to a different context by using `setTimeout`, `after`, or similar functions you may observe this error and you should handle it in that context. This occurred at route \"/coupon/[slug]\".","stack":"Error: During prerendering, fetch() rejects when the prerender is complete. Typically these errors are handled by React but if you move fetch() to a different context by using `setTimeout`, `after`, or similar functions you may observe this error and you should handle it in that context. This occurred at route \"/coupon/[slug]\".\n    at /Users/ofir/kenyonexpress-autopilot/.next/server/chunks/ssr/[root-of-the-server]__1_aa14n._.js:2:23832\n    at /Users/ofir/kenyonexpress-autopilot/.next/server/chunks/ssr/[root-of-the-server]__1_aa14n._.js:11:48366\n    at /Users/ofir/kenyonexpress-autopilot/.next/server/chunks/ssr/[root-of-the-server]__1_aa14n._.js:11:66894\n    at /Users/ofir/kenyonexpress-autopilot/.next/server/chunks/ssr/[root-of-the-server]__1_aa14n._.js:11:67121\n    at Object.with (/Users/ofir/kenyonexpress-autopilot/.next/server/chunks/ssr/0sj1_@opentelemetry_api_build_esm_1_uv6rc._.js:2:3907)\n    at v.with (/Users/ofir/kenyonexpress-autopilot/.next/server/chunks/ssr/0sj1_@opentelemetry_api_build_esm_1_uv6rc._.js:2:4233)\n    at P.startActiveSpan (/Users/ofir/kenyonexpress-autopilot/.next/server/chunks/ssr/0sj1_@opentelemetry_api_build_esm_1_uv6rc._.js:2:6588)\n    at R.startActiveSpan (/Users/ofir/kenyonexpress-autopilot/.next/server/chunks/ssr/0sj1_@opentelemetry_api_build_esm_1_uv6rc._.js:2:6827)\n    at a.runWithActiveSpan (/Users/ofir/kenyonexpress-autopilot/.next/server/chunks/ssr/[root-of-the-server]__1_aa14n._.js:11:67098)\n    at /Users/ofir/kenyonexpress-autopilot/.next/server/chunks/ssr/[root-of-the-server]__1_aa14n._.js:11:66397\n    at Object.with (/Users/ofir/kenyonexpress-autopilot/.next/server/chunks/ssr/0sj1_@opentelemetry_api_build_esm_1_uv6rc._.js:2:3907)\n    at v.with (/Users/ofir/kenyonexpress-autopilot/.next/server/chunks/ssr/0sj1_@opentelemetry_api_build_esm_1_uv6rc._.js:2:4233)\n    at a.trace (/Users/ofir/kenyonexpress-autopilot/.next/server/chunks/ssr/[root-of-the-server]__1_aa14n._.js:11:66371)\n    at fetch (/Users/ofir/kenyonexpress-autopilot/","digest":"HANGING_PROMISE_REJECTION"}}
{"ts":"2026-10-07T14:21:52.103Z","level":"error","event":"db.query_failed","request_id":null,"method":"GET","target":"v_banners_live","duration_ms":8906,"err":{"name":"Error","message":"During prerendering, fetch() rejects when the prerender is complete. Typically these errors are handled by React but if you move fetch() to a different context by using `setTimeout`, `after`, or similar functions you may observe this error and you should handle it in that context. This occurred at route \"/\".","stack":"Error: During prerendering, fetch() rejects when the prerender is complete. Typically these errors are handled by React but if you move fetch() to a different context by using `setTimeout`, `after`, or similar functions you may observe this error and you should handle it in that context. This occurred at route \"/\".\n    at /Users/ofir/kenyonexpress-autopilot/.next/server/chunks/ssr/[root-of-the-server]__1_aa14n._.js:2:23832\n    at /Users/ofir/kenyonexpress-autopilot/.next/server/chunks/ssr/[root-of-the-server]__1_aa14n._.js:11:48366\n    at /Users/ofir/kenyonexpress-autopilot/.next/server/chunks/ssr/[root-of-the-server]__1_aa14n._.js:11:66894\n    at /Users/ofir/kenyonexpress-autopilot/.next/server/chunks/ssr/[root-of-the-server]__1_aa14n._.js:11:67121\n    at Object.with (/Users/ofir/kenyonexpress-autopilot/.next/server/chunks/ssr/0sj1_@opentelemetry_api_build_esm_1_uv6rc._.js:2:3907)\n    at v.with (/Users/ofir/kenyonexpress-autopilot/.next/server/chunks/ssr/0sj1_@opentelemetry_api_build_esm_1_uv6rc._.js:2:4233)\n    at P.startActiveSpan (/Users/ofir/kenyonexpress-autopilot/.next/server/chunks/ssr/0sj1_@opentelemetry_api_build_esm_1_uv6rc._.js:2:6588)\n    at R.startActiveSpan (/Users/ofir/kenyonexpress-autopilot/.next/server/chunks/ssr/0sj1_@opentelemetry_api_build_esm_1_uv6rc._.js:2:6827)\n    at a.runWithActiveSpan (/Users/ofir/kenyonexpress-autopilot/.next/server/chunks/ssr/[root-of-the-server]__1_aa14n._.js:11:67098)\n    at /Users/ofir/kenyonexpress-autopilot/.next/server/chunks/ssr/[root-of-the-server]__1_aa14n._.js:11:66397\n    at Object.with (/Users/ofir/kenyonexpress-autopilot/.next/server/chunks/ssr/0sj1_@opentelemetry_api_build_esm_1_uv6rc._.js:2:3907)\n    at v.with (/Users/ofir/kenyonexpress-autopilot/.next/server/chunks/ssr/0sj1_@opentelemetry_api_build_esm_1_uv6rc._.js:2:4233)\n    at a.trace (/Users/ofir/kenyonexpress-autopilot/.next/server/chunks/ssr/[root-of-the-server]__1_aa14n._.js:11:66371)\n    at fetch (/Users/ofir/kenyonexpress-autopilot/.next/server/","digest":"HANGING_PROMISE_REJECTION"}}
{"ts":"2026-10-07T14:21:52.103Z","level":"error","event":"db.query_failed","request_id":null,"method":"GET","target":"v_homepage_sections_live","duration_ms":8906,"err":{"name":"Error","message":"During prerendering, fetch() rejects when the prerender is complete. Typically these errors are handled by React but if you move fetch() to a different context by using `setTimeout`, `after`, or similar functions you may observe this error and you should handle it in that context. This occurred at route \"/\".","stack":"Error: During prerendering, fetch() rejects when the prerender is complete. Typically these errors are handled by React but if you move fetch() to a different context by using `setTimeout`, `after`, or similar functions you may observe this error and you should handle it in that context. This occurred at route \"/\".\n    at /Users/ofir/kenyonexpress-autopilot/.next/server/chunks/ssr/[root-of-the-server]__1_aa14n._.js:2:23832\n    at /Users/ofir/kenyonexpress-autopilot/.next/server/chunks/ssr/[root-of-the-server]__1_aa14n._.js:11:48366\n    at /Users/ofir/kenyonexpress-autopilot/.next/server/chunks/ssr/[root-of-the-server]__1_aa14n._.js:11:66894\n    at /Users/ofir/kenyonexpress-autopilot/.next/server/chunks/ssr/[root-of-the-server]__1_aa14n._.js:11:67121\n    at Object.with (/Users/ofir/kenyonexpress-autopilot/.next/server/chunks/ssr/0sj1_@opentelemetry_api_build_esm_1_uv6rc._.js:2:3907)\n    at v.with (/Users/ofir/kenyonexpress-autopilot/.next/server/chunks/ssr/0sj1_@opentelemetry_api_build_esm_1_uv6rc._.js:2:4233)\n    at P.startActiveSpan (/Users/ofir/kenyonexpress-autopilot/.next/server/chunks/ssr/0sj1_@opentelemetry_api_build_esm_1_uv6rc._.js:2:6588)\n    at R.startActiveSpan (/Users/ofir/kenyonexpress-autopilot/.next/server/chunks/ssr/0sj1_@opentelemetry_api_build_esm_1_uv6rc._.js:2:6827)\n    at a.runWithActiveSpan (/Users/ofir/kenyonexpress-autopilot/.next/server/chunks/ssr/[root-of-the-server]__1_aa14n._.js:11:67098)\n    at /Users/ofir/kenyonexpress-autopilot/.next/server/chunks/ssr/[root-of-the-server]__1_aa14n._.js:11:66397\n    at Object.with (/Users/ofir/kenyonexpress-autopilot/.next/server/chunks/ssr/0sj1_@opentelemetry_api_build_esm_1_uv6rc._.js:2:3907)\n    at v.with (/Users/ofir/kenyonexpress-autopilot/.next/server/chunks/ssr/0sj1_@opentelemetry_api_build_esm_1_uv6rc._.js:2:4233)\n    at a.trace (/Users/ofir/kenyonexpress-autopilot/.next/server/chunks/ssr/[root-of-the-server]__1_aa14n._.js:11:66371)\n    at fetch (/Users/ofir/kenyonexpress-autopilot/.next/server/","digest":"HANGING_PROMISE_REJECTION"}}
{"ts":"2026-10-07T14:21:52.104Z","level":"error","event":"db.query_failed","request_id":null,"method":"GET","target":"products","duration_ms":0,"err":{"name":"Error","message":"During prerendering, fetch() rejects when the prerender is complete. Typically these errors are handled by React but if you move fetch() to a different context by using `setTimeout`, `after`, or similar functions you may observe this error and you should handle it in that context. This occurred at route \"/product/[slug]\".","stack":"Error: During prerendering, fetch() rejects when the prerender is complete. Typically these errors are handled by React but if you move fetch() to a different context by using `setTimeout`, `after`, or similar functions you may observe this error and you should handle it in that context. This occurred at route \"/product/[slug]\".\n    at eu (/Users/ofir/kenyonexpress-autopilot/.next/server/chunks/[root-of-the-server]__1jlk8z1._.js:2:58687)\n    at /Users/ofir/kenyonexpress-autopilot/.next/server/chunks/[root-of-the-server]__1jlk8z1._.js:2:87004\n    at /Users/ofir/kenyonexpress-autopilot/.next/server/chunks/[root-of-the-server]__1jlk8z1._.js:2:54057\n    at /Users/ofir/kenyonexpress-autopilot/.next/server/chunks/[root-of-the-server]__1jlk8z1._.js:2:54347\n    at Object.with (/Users/ofir/kenyonexpress-autopilot/.next/server/chunks/[root-of-the-server]__1jlk8z1._.js:2:4124)\n    at S.with (/Users/ofir/kenyonexpress-autopilot/.next/server/chunks/[root-of-the-server]__1jlk8z1._.js:2:4450)\n    at G.startActiveSpan (/Users/ofir/kenyonexpress-autopilot/.next/server/chunks/[root-of-the-server]__1jlk8z1._.js:2:6806)\n    at H.startActiveSpan (/Users/ofir/kenyonexpress-autopilot/.next/server/chunks/[root-of-the-server]__1jlk8z1._.js:2:7045)\n    at e.runWithActiveSpan (/Users/ofir/kenyonexpress-autopilot/.next/server/chunks/[root-of-the-server]__1jlk8z1._.js:2:54324)\n    at /Users/ofir/kenyonexpress-autopilot/.next/server/chunks/[root-of-the-server]__1jlk8z1._.js:2:53577\n    at Object.with (/Users/ofir/kenyonexpress-autopilot/.next/server/chunks/[root-of-the-server]__1jlk8z1._.js:2:4124)\n    at S.with (/Users/ofir/kenyonexpress-autopilot/.next/server/chunks/[root-of-the-server]__1jlk8z1._.js:2:4450)\n    at e.trace (/Users/ofir/kenyonexpress-autopilot/.next/server/chunks/[root-of-the-server]__1jlk8z1._.js:2:53551)\n    at fetch (/Users/ofir/kenyonexpress-autopilot/.next/server/chunks/[root-of-the-server]__1jlk8z1._.js:2:84044)\n    at /Users/ofir/kenyonexpress-autopilot/.next/server/chun","digest":"HANGING_PROMISE_REJECTION"}}
{"ts":"2026-10-07T14:21:52.104Z","level":"warn","event":"stock.available_read_failed","request_id":null,"productId":"80c2df5b-6a93-4eaf-8872-a7e257693fea","reason":"Error: During prerendering, fetch() rejects when the prerender is complete. Typically these errors are handled by React but if you move fetch() to a different context by using `setTimeout`, `after`, or similar functions you may observe this error and you should handle it in that context. This occurred at route \"/product/[slug]\"."}
{"ts":"2026-10-07T14:21:52.104Z","level":"error","event":"db.query_failed","request_id":null,"method":"GET","target":"products","duration_ms":0,"err":{"name":"Error","message":"During prerendering, fetch() rejects when the prerender is complete. Typically these errors are handled by React but if you move fetch() to a different context by using `setTimeout`, `after`, or similar functions you may observe this error and you should handle it in that context. This occurred at route \"/product/[slug]\".","stack":"Error: During prerendering, fetch() rejects when the prerender is complete. Typically these errors are handled by React but if you move fetch() to a different context by using `setTimeout`, `after`, or similar functions you may observe this error and you should handle it in that context. This occurred at route \"/product/[slug]\".\n    at eu (/Users/ofir/kenyonexpress-autopilot/.next/server/chunks/[root-of-the-server]__1jlk8z1._.js:2:58687)\n    at /Users/ofir/kenyonexpress-autopilot/.next/server/chunks/[root-of-the-server]__1jlk8z1._.js:2:87004\n    at /Users/ofir/kenyonexpress-autopilot/.next/server/chunks/[root-of-the-server]__1jlk8z1._.js:2:54057\n    at /Users/ofir/kenyonexpress-autopilot/.next/server/chunks/[root-of-the-server]__1jlk8z1._.js:2:54347\n    at Object.with (/Users/ofir/kenyonexpress-autopilot/.next/server/chunks/[root-of-the-server]__1jlk8z1._.js:2:4124)\n    at S.with (/Users/ofir/kenyonexpress-autopilot/.next/server/chunks/[root-of-the-server]__1jlk8z1._.js:2:4450)\n    at G.startActiveSpan (/Users/ofir/kenyonexpress-autopilot/.next/server/chunks/[root-of-the-server]__1jlk8z1._.js:2:6806)\n    at H.startActiveSpan (/Users/ofir/kenyonexpress-autopilot/.next/server/chunks/[root-of-the-server]__1jlk8z1._.js:2:7045)\n    at e.runWithActiveSpan (/Users/ofir/kenyonexpress-autopilot/.next/server/chunks/[root-of-the-server]__1jlk8z1._.js:2:54324)\n    at /Users/ofir/kenyonexpress-autopilot/.next/server/chunks/[root-of-the-server]__1jlk8z1._.js:2:53577\n    at Object.with (/Users/ofir/kenyonexpress-autopilot/.next/server/chunks/[root-of-the-server]__1jlk8z1._.js:2:4124)\n    at S.with (/Users/ofir/kenyonexpress-autopilot/.next/server/chunks/[root-of-the-server]__1jlk8z1._.js:2:4450)\n    at e.trace (/Users/ofir/kenyonexpress-autopilot/.next/server/chunks/[root-of-the-server]__1jlk8z1._.js:2:53551)\n    at fetch (/Users/ofir/kenyonexpress-autopilot/.next/server/chunks/[root-of-the-server]__1jlk8z1._.js:2:84044)\n    at /Users/ofir/kenyonexpress-autopilot/.next/server/chun","digest":"HANGING_PROMISE_REJECTION"}}
{"ts":"2026-10-07T14:21:52.105Z","level":"warn","event":"stock.available_read_failed","request_id":null,"productId":"3b2c1366-6d14-4f7c-b749-7142949400f4","reason":"Error: During prerendering, fetch() rejects when the prerender is complete. Typically these errors are handled by React but if you move fetch() to a different context by using `setTimeout`, `after`, or similar functions you may observe this error and you should handle it in that context. This occurred at route \"/product/[slug]\"."}
{"ts":"2026-10-07T14:21:52.138Z","level":"error","event":"db.query_failed","request_id":null,"method":"POST","target":"rpc:available_stock","duration_ms":9,"err":{"name":"Error","message":"During prerendering, fetch() rejects when the prerender is complete. Typically these errors are handled by React but if you move fetch() to a different context by using `setTimeout`, `after`, or similar functions you may observe this error and you should handle it in that context. This occurred at route \"/coupon/[slug]\".","stack":"Error: During prerendering, fetch() rejects when the prerender is complete. Typically these errors are handled by React but if you move fetch() to a different context by using `setTimeout`, `after`, or similar functions you may observe this error and you should handle it in that context. This occurred at route \"/coupon/[slug]\".\n    at /Users/ofir/kenyonexpress-autopilot/.next/server/chunks/ssr/[root-of-the-server]__1_aa14n._.js:2:23832\n    at /Users/ofir/kenyonexpress-autopilot/.next/server/chunks/ssr/[root-of-the-server]__1_aa14n._.js:11:48366\n    at /Users/ofir/kenyonexpress-autopilot/.next/server/chunks/ssr/[root-of-the-server]__1_aa14n._.js:11:66894\n    at /Users/ofir/kenyonexpress-autopilot/.next/server/chunks/ssr/[root-of-the-server]__1_aa14n._.js:11:67121\n    at Object.with (/Users/ofir/kenyonexpress-autopilot/.next/server/chunks/ssr/0sj1_@opentelemetry_api_build_esm_1_uv6rc._.js:2:3907)\n    at v.with (/Users/ofir/kenyonexpress-autopilot/.next/server/chunks/ssr/0sj1_@opentelemetry_api_build_esm_1_uv6rc._.js:2:4233)\n    at P.startActiveSpan (/Users/ofir/kenyonexpress-autopilot/.next/server/chunks/ssr/0sj1_@opentelemetry_api_build_esm_1_uv6rc._.js:2:6588)\n    at R.startActiveSpan (/Users/ofir/kenyonexpress-autopilot/.next/server/chunks/ssr/0sj1_@opentelemetry_api_build_esm_1_uv6rc._.js:2:6827)\n    at a.runWithActiveSpan (/Users/ofir/kenyonexpress-autopilot/.next/server/chunks/ssr/[root-of-the-server]__1_aa14n._.js:11:67098)\n    at /Users/ofir/kenyonexpress-autopilot/.next/server/chunks/ssr/[root-of-the-server]__1_aa14n._.js:11:66397\n    at Object.with (/Users/ofir/kenyonexpress-autopilot/.next/server/chunks/ssr/0sj1_@opentelemetry_api_build_esm_1_uv6rc._.js:2:3907)\n    at v.with (/Users/ofir/kenyonexpress-autopilot/.next/server/chunks/ssr/0sj1_@opentelemetry_api_build_esm_1_uv6rc._.js:2:4233)\n    at a.trace (/Users/ofir/kenyonexpress-autopilot/.next/server/chunks/ssr/[root-of-the-server]__1_aa14n._.js:11:66371)\n    at fetch (/Users/ofir/kenyonexpress-autopilot/","digest":"HANGING_PROMISE_REJECTION"}}
{"ts":"2026-10-07T14:21:52.138Z","level":"error","event":"db.query_failed","request_id":null,"method":"GET","target":"products","duration_ms":7,"err":{"name":"Error","message":"During prerendering, fetch() rejects when the prerender is complete. Typically these errors are handled by React but if you move fetch() to a different context by using `setTimeout`, `after`, or similar functions you may observe this error and you should handle it in that context. This occurred at route \"/coupon/[slug]\".","stack":"Error: During prerendering, fetch() rejects when the prerender is complete. Typically these errors are handled by React but if you move fetch() to a different context by using `setTimeout`, `after`, or similar functions you may observe this error and you should handle it in that context. This occurred at route \"/coupon/[slug]\".\n    at /Users/ofir/kenyonexpress-autopilot/.next/server/chunks/ssr/[root-of-the-server]__1_aa14n._.js:2:23832\n    at /Users/ofir/kenyonexpress-autopilot/.next/server/chunks/ssr/[root-of-the-server]__1_aa14n._.js:11:48366\n    at /Users/ofir/kenyonexpress-autopilot/.next/server/chunks/ssr/[root-of-the-server]__1_aa14n._.js:11:66894\n    at /Users/ofir/kenyonexpress-autopilot/.next/server/chunks/ssr/[root-of-the-server]__1_aa14n._.js:11:67121\n    at Object.with (/Users/ofir/kenyonexpress-autopilot/.next/server/chunks/ssr/0sj1_@opentelemetry_api_build_esm_1_uv6rc._.js:2:3907)\n    at v.with (/Users/ofir/kenyonexpress-autopilot/.next/server/chunks/ssr/0sj1_@opentelemetry_api_build_esm_1_uv6rc._.js:2:4233)\n    at P.startActiveSpan (/Users/ofir/kenyonexpress-autopilot/.next/server/chunks/ssr/0sj1_@opentelemetry_api_build_esm_1_uv6rc._.js:2:6588)\n    at R.startActiveSpan (/Users/ofir/kenyonexpress-autopilot/.next/server/chunks/ssr/0sj1_@opentelemetry_api_build_esm_1_uv6rc._.js:2:6827)\n    at a.runWithActiveSpan (/Users/ofir/kenyonexpress-autopilot/.next/server/chunks/ssr/[root-of-the-server]__1_aa14n._.js:11:67098)\n    at /Users/ofir/kenyonexpress-autopilot/.next/server/chunks/ssr/[root-of-the-server]__1_aa14n._.js:11:66397\n    at Object.with (/Users/ofir/kenyonexpress-autopilot/.next/server/chunks/ssr/0sj1_@opentelemetry_api_build_esm_1_uv6rc._.js:2:3907)\n    at v.with (/Users/ofir/kenyonexpress-autopilot/.next/server/chunks/ssr/0sj1_@opentelemetry_api_build_esm_1_uv6rc._.js:2:4233)\n    at a.trace (/Users/ofir/kenyonexpress-autopilot/.next/server/chunks/ssr/[root-of-the-server]__1_aa14n._.js:11:66371)\n    at fetch (/Users/ofir/kenyonexpress-autopilot/","digest":"HANGING_PROMISE_REJECTION"}}
{"ts":"2026-10-07T14:21:52.150Z","level":"error","event":"db.query_failed","request_id":null,"method":"GET","target":"v_banners_live","duration_ms":2,"err":{"name":"Error","message":"During prerendering, fetch() rejects when the prerender is complete. Typically these errors are handled by React but if you move fetch() to a different context by using `setTimeout`, `after`, or similar functions you may observe this error and you should handle it in that context. This occurred at route \"/\".","stack":"Error: During prerendering, fetch() rejects when the prerender is complete. Typically these errors are handled by React but if you move fetch() to a different context by using `setTimeout`, `after`, or similar functions you may observe this error and you should handle it in that context. This occurred at route \"/\".\n    at /Users/ofir/kenyonexpress-autopilot/.next/server/chunks/ssr/[root-of-the-server]__1_aa14n._.js:2:23832\n    at /Users/ofir/kenyonexpress-autopilot/.next/server/chunks/ssr/[root-of-the-server]__1_aa14n._.js:11:48366\n    at /Users/ofir/kenyonexpress-autopilot/.next/server/chunks/ssr/[root-of-the-server]__1_aa14n._.js:11:66894\n    at /Users/ofir/kenyonexpress-autopilot/.next/server/chunks/ssr/[root-of-the-server]__1_aa14n._.js:11:67121\n    at Object.with (/Users/ofir/kenyonexpress-autopilot/.next/server/chunks/ssr/0sj1_@opentelemetry_api_build_esm_1_uv6rc._.js:2:3907)\n    at v.with (/Users/ofir/kenyonexpress-autopilot/.next/server/chunks/ssr/0sj1_@opentelemetry_api_build_esm_1_uv6rc._.js:2:4233)\n    at P.startActiveSpan (/Users/ofir/kenyonexpress-autopilot/.next/server/chunks/ssr/0sj1_@opentelemetry_api_build_esm_1_uv6rc._.js:2:6588)\n    at R.startActiveSpan (/Users/ofir/kenyonexpress-autopilot/.next/server/chunks/ssr/0sj1_@opentelemetry_api_build_esm_1_uv6rc._.js:2:6827)\n    at a.runWithActiveSpan (/Users/ofir/kenyonexpress-autopilot/.next/server/chunks/ssr/[root-of-the-server]__1_aa14n._.js:11:67098)\n    at /Users/ofir/kenyonexpress-autopilot/.next/server/chunks/ssr/[root-of-the-server]__1_aa14n._.js:11:66397\n    at Object.with (/Users/ofir/kenyonexpress-autopilot/.next/server/chunks/ssr/0sj1_@opentelemetry_api_build_esm_1_uv6rc._.js:2:3907)\n    at v.with (/Users/ofir/kenyonexpress-autopilot/.next/server/chunks/ssr/0sj1_@opentelemetry_api_build_esm_1_uv6rc._.js:2:4233)\n    at a.trace (/Users/ofir/kenyonexpress-autopilot/.next/server/chunks/ssr/[root-of-the-server]__1_aa14n._.js:11:66371)\n    at fetch (/Users/ofir/kenyonexpress-autopilot/.next/server/","digest":"HANGING_PROMISE_REJECTION"}}
{"ts":"2026-10-07T14:21:52.150Z","level":"error","event":"db.query_failed","request_id":null,"method":"GET","target":"v_homepage_sections_live","duration_ms":2,"err":{"name":"Error","message":"During prerendering, fetch() rejects when the prerender is complete. Typically these errors are handled by React but if you move fetch() to a different context by using `setTimeout`, `after`, or similar functions you may observe this error and you should handle it in that context. This occurred at route \"/\".","stack":"Error: During prerendering, fetch() rejects when the prerender is complete. Typically these errors are handled by React but if you move fetch() to a different context by using `setTimeout`, `after`, or similar functions you may observe this error and you should handle it in that context. This occurred at route \"/\".\n    at /Users/ofir/kenyonexpress-autopilot/.next/server/chunks/ssr/[root-of-the-server]__1_aa14n._.js:2:23832\n    at /Users/ofir/kenyonexpress-autopilot/.next/server/chunks/ssr/[root-of-the-server]__1_aa14n._.js:11:48366\n    at /Users/ofir/kenyonexpress-autopilot/.next/server/chunks/ssr/[root-of-the-server]__1_aa14n._.js:11:66894\n    at /Users/ofir/kenyonexpress-autopilot/.next/server/chunks/ssr/[root-of-the-server]__1_aa14n._.js:11:67121\n    at Object.with (/Users/ofir/kenyonexpress-autopilot/.next/server/chunks/ssr/0sj1_@opentelemetry_api_build_esm_1_uv6rc._.js:2:3907)\n    at v.with (/Users/ofir/kenyonexpress-autopilot/.next/server/chunks/ssr/0sj1_@opentelemetry_api_build_esm_1_uv6rc._.js:2:4233)\n    at P.startActiveSpan (/Users/ofir/kenyonexpress-autopilot/.next/server/chunks/ssr/0sj1_@opentelemetry_api_build_esm_1_uv6rc._.js:2:6588)\n    at R.startActiveSpan (/Users/ofir/kenyonexpress-autopilot/.next/server/chunks/ssr/0sj1_@opentelemetry_api_build_esm_1_uv6rc._.js:2:6827)\n    at a.runWithActiveSpan (/Users/ofir/kenyonexpress-autopilot/.next/server/chunks/ssr/[root-of-the-server]__1_aa14n._.js:11:67098)\n    at /Users/ofir/kenyonexpress-autopilot/.next/server/chunks/ssr/[root-of-the-server]__1_aa14n._.js:11:66397\n    at Object.with (/Users/ofir/kenyonexpress-autopilot/.next/server/chunks/ssr/0sj1_@opentelemetry_api_build_esm_1_uv6rc._.js:2:3907)\n    at v.with (/Users/ofir/kenyonexpress-autopilot/.next/server/chunks/ssr/0sj1_@opentelemetry_api_build_esm_1_uv6rc._.js:2:4233)\n    at a.trace (/Users/ofir/kenyonexpress-autopilot/.next/server/chunks/ssr/[root-of-the-server]__1_aa14n._.js:11:66371)\n    at fetch (/Users/ofir/kenyonexpress-autopilot/.next/server/","digest":"HANGING_PROMISE_REJECTION"}}
{"ts":"2026-10-07T14:21:52.164Z","level":"error","event":"db.query_failed","request_id":null,"method":"POST","target":"rpc:available_stock","duration_ms":3,"err":{"name":"Error","message":"During prerendering, fetch() rejects when the prerender is complete. Typically these errors are handled by React but if you move fetch() to a different context by using `setTimeout`, `after`, or similar functions you may observe this error and you should handle it in that context. This occurred at route \"/coupon/[slug]\".","stack":"Error: During prerendering, fetch() rejects when the prerender is complete. Typically these errors are handled by React but if you move fetch() to a different context by using `setTimeout`, `after`, or similar functions you may observe this error and you should handle it in that context. This occurred at route \"/coupon/[slug]\".\n    at /Users/ofir/kenyonexpress-autopilot/.next/server/chunks/ssr/[root-of-the-server]__1_aa14n._.js:2:23832\n    at /Users/ofir/kenyonexpress-autopilot/.next/server/chunks/ssr/[root-of-the-server]__1_aa14n._.js:11:48366\n    at /Users/ofir/kenyonexpress-autopilot/.next/server/chunks/ssr/[root-of-the-server]__1_aa14n._.js:11:66894\n    at /Users/ofir/kenyonexpress-autopilot/.next/server/chunks/ssr/[root-of-the-server]__1_aa14n._.js:11:67121\n    at Object.with (/Users/ofir/kenyonexpress-autopilot/.next/server/chunks/ssr/0sj1_@opentelemetry_api_build_esm_1_uv6rc._.js:2:3907)\n    at v.with (/Users/ofir/kenyonexpress-autopilot/.next/server/chunks/ssr/0sj1_@opentelemetry_api_build_esm_1_uv6rc._.js:2:4233)\n    at P.startActiveSpan (/Users/ofir/kenyonexpress-autopilot/.next/server/chunks/ssr/0sj1_@opentelemetry_api_build_esm_1_uv6rc._.js:2:6588)\n    at R.startActiveSpan (/Users/ofir/kenyonexpress-autopilot/.next/server/chunks/ssr/0sj1_@opentelemetry_api_build_esm_1_uv6rc._.js:2:6827)\n    at a.runWithActiveSpan (/Users/ofir/kenyonexpress-autopilot/.next/server/chunks/ssr/[root-of-the-server]__1_aa14n._.js:11:67098)\n    at /Users/ofir/kenyonexpress-autopilot/.next/server/chunks/ssr/[root-of-the-server]__1_aa14n._.js:11:66397\n    at Object.with (/Users/ofir/kenyonexpress-autopilot/.next/server/chunks/ssr/0sj1_@opentelemetry_api_build_esm_1_uv6rc._.js:2:3907)\n    at v.with (/Users/ofir/kenyonexpress-autopilot/.next/server/chunks/ssr/0sj1_@opentelemetry_api_build_esm_1_uv6rc._.js:2:4233)\n    at a.trace (/Users/ofir/kenyonexpress-autopilot/.next/server/chunks/ssr/[root-of-the-server]__1_aa14n._.js:11:66371)\n    at fetch (/Users/ofir/kenyonexpress-autopilot/","digest":"HANGING_PROMISE_REJECTION"}}
{"ts":"2026-10-07T14:21:52.164Z","level":"error","event":"db.query_failed","request_id":null,"method":"GET","target":"products","duration_ms":3,"err":{"name":"Error","message":"During prerendering, fetch() rejects when the prerender is complete. Typically these errors are handled by React but if you move fetch() to a different context by using `setTimeout`, `after`, or similar functions you may observe this error and you should handle it in that context. This occurred at route \"/coupon/[slug]\".","stack":"Error: During prerendering, fetch() rejects when the prerender is complete. Typically these errors are handled by React but if you move fetch() to a different context by using `setTimeout`, `after`, or similar functions you may observe this error and you should handle it in that context. This occurred at route \"/coupon/[slug]\".\n    at /Users/ofir/kenyonexpress-autopilot/.next/server/chunks/ssr/[root-of-the-server]__1_aa14n._.js:2:23832\n    at /Users/ofir/kenyonexpress-autopilot/.next/server/chunks/ssr/[root-of-the-server]__1_aa14n._.js:11:48366\n    at /Users/ofir/kenyonexpress-autopilot/.next/server/chunks/ssr/[root-of-the-server]__1_aa14n._.js:11:66894\n    at /Users/ofir/kenyonexpress-autopilot/.next/server/chunks/ssr/[root-of-the-server]__1_aa14n._.js:11:67121\n    at Object.with (/Users/ofir/kenyonexpress-autopilot/.next/server/chunks/ssr/0sj1_@opentelemetry_api_build_esm_1_uv6rc._.js:2:3907)\n    at v.with (/Users/ofir/kenyonexpress-autopilot/.next/server/chunks/ssr/0sj1_@opentelemetry_api_build_esm_1_uv6rc._.js:2:4233)\n    at P.startActiveSpan (/Users/ofir/kenyonexpress-autopilot/.next/server/chunks/ssr/0sj1_@opentelemetry_api_build_esm_1_uv6rc._.js:2:6588)\n    at R.startActiveSpan (/Users/ofir/kenyonexpress-autopilot/.next/server/chunks/ssr/0sj1_@opentelemetry_api_build_esm_1_uv6rc._.js:2:6827)\n    at a.runWithActiveSpan (/Users/ofir/kenyonexpress-autopilot/.next/server/chunks/ssr/[root-of-the-server]__1_aa14n._.js:11:67098)\n    at /Users/ofir/kenyonexpress-autopilot/.next/server/chunks/ssr/[root-of-the-server]__1_aa14n._.js:11:66397\n    at Object.with (/Users/ofir/kenyonexpress-autopilot/.next/server/chunks/ssr/0sj1_@opentelemetry_api_build_esm_1_uv6rc._.js:2:3907)\n    at v.with (/Users/ofir/kenyonexpress-autopilot/.next/server/chunks/ssr/0sj1_@opentelemetry_api_build_esm_1_uv6rc._.js:2:4233)\n    at a.trace (/Users/ofir/kenyonexpress-autopilot/.next/server/chunks/ssr/[root-of-the-server]__1_aa14n._.js:11:66371)\n    at fetch (/Users/ofir/kenyonexpress-autopilot/","digest":"HANGING_PROMISE_REJECTION"}}
{"ts":"2026-10-07T14:21:52.175Z","level":"warn","event":"db.query_slow","request_id":null,"method":"GET","target":"products","status":200,"duration_ms":551,"threshold_ms":300}
{"ts":"2026-10-07T14:21:52.197Z","level":"warn","event":"db.query_slow","request_id":null,"method":"GET","target":"products","status":200,"duration_ms":570,"threshold_ms":300}
{"ts":"2026-10-07T14:21:52.297Z","level":"error","event":"db.query_failed","request_id":null,"method":"GET","target":"products","duration_ms":0,"err":{"name":"Error","message":"During prerendering, fetch() rejects when the prerender is complete. Typically these errors are handled by React but if you move fetch() to a different context by using `setTimeout`, `after`, or similar functions you may observe this error and you should handle it in that context. This occurred at route \"/product/[slug]\".","stack":"Error: During prerendering, fetch() rejects when the prerender is complete. Typically these errors are handled by React but if you move fetch() to a different context by using `setTimeout`, `after`, or similar functions you may observe this error and you should handle it in that context. This occurred at route \"/product/[slug]\".\n    at eu (/Users/ofir/kenyonexpress-autopilot/.next/server/chunks/[root-of-the-server]__1jlk8z1._.js:2:58687)\n    at /Users/ofir/kenyonexpress-autopilot/.next/server/chunks/[root-of-the-server]__1jlk8z1._.js:2:87004\n    at /Users/ofir/kenyonexpress-autopilot/.next/server/chunks/[root-of-the-server]__1jlk8z1._.js:2:54057\n    at /Users/ofir/kenyonexpress-autopilot/.next/server/chunks/[root-of-the-server]__1jlk8z1._.js:2:54347\n    at Object.with (/Users/ofir/kenyonexpress-autopilot/.next/server/chunks/[root-of-the-server]__1jlk8z1._.js:2:4124)\n    at S.with (/Users/ofir/kenyonexpress-autopilot/.next/server/chunks/[root-of-the-server]__1jlk8z1._.js:2:4450)\n    at G.startActiveSpan (/Users/ofir/kenyonexpress-autopilot/.next/server/chunks/[root-of-the-server]__1jlk8z1._.js:2:6806)\n    at H.startActiveSpan (/Users/ofir/kenyonexpress-autopilot/.next/server/chunks/[root-of-the-server]__1jlk8z1._.js:2:7045)\n    at e.runWithActiveSpan (/Users/ofir/kenyonexpress-autopilot/.next/server/chunks/[root-of-the-server]__1jlk8z1._.js:2:54324)\n    at /Users/ofir/kenyonexpress-autopilot/.next/server/chunks/[root-of-the-server]__1jlk8z1._.js:2:53577\n    at Object.with (/Users/ofir/kenyonexpress-autopilot/.next/server/chunks/[root-of-the-server]__1jlk8z1._.js:2:4124)\n    at S.with (/Users/ofir/kenyonexpress-autopilot/.next/server/chunks/[root-of-the-server]__1jlk8z1._.js:2:4450)\n    at e.trace (/Users/ofir/kenyonexpress-autopilot/.next/server/chunks/[root-of-the-server]__1jlk8z1._.js:2:53551)\n    at fetch (/Users/ofir/kenyonexpress-autopilot/.next/server/chunks/[root-of-the-server]__1jlk8z1._.js:2:84044)\n    at /Users/ofir/kenyonexpress-autopilot/.next/server/chun","digest":"HANGING_PROMISE_REJECTION"}}
{"ts":"2026-10-07T14:21:52.298Z","level":"warn","event":"stock.available_read_failed","request_id":null,"productId":"052bdbc1-c2f7-4772-bd9f-9ffb478e6330","reason":"Error: During prerendering, fetch() rejects when the prerender is complete. Typically these errors are handled by React but if you move fetch() to a different context by using `setTimeout`, `after`, or similar functions you may observe this error and you should handle it in that context. This occurred at route \"/product/[slug]\"."}
{"ts":"2026-10-07T14:21:52.335Z","level":"error","event":"db.query_failed","request_id":null,"method":"GET","target":"products","duration_ms":0,"err":{"name":"Error","message":"During prerendering, fetch() rejects when the prerender is complete. Typically these errors are handled by React but if you move fetch() to a different context by using `setTimeout`, `after`, or similar functions you may observe this error and you should handle it in that context. This occurred at route \"/product/[slug]\".","stack":"Error: During prerendering, fetch() rejects when the prerender is complete. Typically these errors are handled by React but if you move fetch() to a different context by using `setTimeout`, `after`, or similar functions you may observe this error and you should handle it in that context. This occurred at route \"/product/[slug]\".\n    at eu (/Users/ofir/kenyonexpress-autopilot/.next/server/chunks/[root-of-the-server]__1jlk8z1._.js:2:58687)\n    at /Users/ofir/kenyonexpress-autopilot/.next/server/chunks/[root-of-the-server]__1jlk8z1._.js:2:87004\n    at /Users/ofir/kenyonexpress-autopilot/.next/server/chunks/[root-of-the-server]__1jlk8z1._.js:2:54057\n    at /Users/ofir/kenyonexpress-autopilot/.next/server/chunks/[root-of-the-server]__1jlk8z1._.js:2:54347\n    at Object.with (/Users/ofir/kenyonexpress-autopilot/.next/server/chunks/[root-of-the-server]__1jlk8z1._.js:2:4124)\n    at S.with (/Users/ofir/kenyonexpress-autopilot/.next/server/chunks/[root-of-the-server]__1jlk8z1._.js:2:4450)\n    at G.startActiveSpan (/Users/ofir/kenyonexpress-autopilot/.next/server/chunks/[root-of-the-server]__1jlk8z1._.js:2:6806)\n    at H.startActiveSpan (/Users/ofir/kenyonexpress-autopilot/.next/server/chunks/[root-of-the-server]__1jlk8z1._.js:2:7045)\n    at e.runWithActiveSpan (/Users/ofir/kenyonexpress-autopilot/.next/server/chunks/[root-of-the-server]__1jlk8z1._.js:2:54324)\n    at /Users/ofir/kenyonexpress-autopilot/.next/server/chunks/[root-of-the-server]__1jlk8z1._.js:2:53577\n    at Object.with (/Users/ofir/kenyonexpress-autopilot/.next/server/chunks/[root-of-the-server]__1jlk8z1._.js:2:4124)\n    at S.with (/Users/ofir/kenyonexpress-autopilot/.next/server/chunks/[root-of-the-server]__1jlk8z1._.js:2:4450)\n    at e.trace (/Users/ofir/kenyonexpress-autopilot/.next/server/chunks/[root-of-the-server]__1jlk8z1._.js:2:53551)\n    at fetch (/Users/ofir/kenyonexpress-autopilot/.next/server/chunks/[root-of-the-server]__1jlk8z1._.js:2:84044)\n    at /Users/ofir/kenyonexpress-autopilot/.next/server/chun","digest":"HANGING_PROMISE_REJECTION"}}
{"ts":"2026-10-07T14:21:52.336Z","level":"warn","event":"stock.available_read_failed","request_id":null,"productId":"80c2df5b-6a93-4eaf-8872-a7e257693fea","reason":"Error: During prerendering, fetch() rejects when the prerender is complete. Typically these errors are handled by React but if you move fetch() to a different context by using `setTimeout`, `after`, or similar functions you may observe this error and you should handle it in that context. This occurred at route \"/product/[slug]\"."}
{"ts":"2026-10-07T14:21:52.376Z","level":"error","event":"db.query_failed","request_id":null,"method":"GET","target":"products","duration_ms":0,"err":{"name":"Error","message":"During prerendering, fetch() rejects when the prerender is complete. Typically these errors are handled by React but if you move fetch() to a different context by using `setTimeout`, `after`, or similar functions you may observe this error and you should handle it in that context. This occurred at route \"/product/[slug]\".","stack":"Error: During prerendering, fetch() rejects when the prerender is complete. Typically these errors are handled by React but if you move fetch() to a different context by using `setTimeout`, `after`, or similar functions you may observe this error and you should handle it in that context. This occurred at route \"/product/[slug]\".\n    at eu (/Users/ofir/kenyonexpress-autopilot/.next/server/chunks/[root-of-the-server]__1jlk8z1._.js:2:58687)\n    at /Users/ofir/kenyonexpress-autopilot/.next/server/chunks/[root-of-the-server]__1jlk8z1._.js:2:87004\n    at /Users/ofir/kenyonexpress-autopilot/.next/server/chunks/[root-of-the-server]__1jlk8z1._.js:2:54057\n    at /Users/ofir/kenyonexpress-autopilot/.next/server/chunks/[root-of-the-server]__1jlk8z1._.js:2:54347\n    at Object.with (/Users/ofir/kenyonexpress-autopilot/.next/server/chunks/[root-of-the-server]__1jlk8z1._.js:2:4124)\n    at S.with (/Users/ofir/kenyonexpress-autopilot/.next/server/chunks/[root-of-the-server]__1jlk8z1._.js:2:4450)\n    at G.startActiveSpan (/Users/ofir/kenyonexpress-autopilot/.next/server/chunks/[root-of-the-server]__1jlk8z1._.js:2:6806)\n    at H.startActiveSpan (/Users/ofir/kenyonexpress-autopilot/.next/server/chunks/[root-of-the-server]__1jlk8z1._.js:2:7045)\n    at e.runWithActiveSpan (/Users/ofir/kenyonexpress-autopilot/.next/server/chunks/[root-of-the-server]__1jlk8z1._.js:2:54324)\n    at /Users/ofir/kenyonexpress-autopilot/.next/server/chunks/[root-of-the-server]__1jlk8z1._.js:2:53577\n    at Object.with (/Users/ofir/kenyonexpress-autopilot/.next/server/chunks/[root-of-the-server]__1jlk8z1._.js:2:4124)\n    at S.with (/Users/ofir/kenyonexpress-autopilot/.next/server/chunks/[root-of-the-server]__1jlk8z1._.js:2:4450)\n    at e.trace (/Users/ofir/kenyonexpress-autopilot/.next/server/chunks/[root-of-the-server]__1jlk8z1._.js:2:53551)\n    at fetch (/Users/ofir/kenyonexpress-autopilot/.next/server/chunks/[root-of-the-server]__1jlk8z1._.js:2:84044)\n    at /Users/ofir/kenyonexpress-autopilot/.next/server/chun","digest":"HANGING_PROMISE_REJECTION"}}
{"ts":"2026-10-07T14:21:52.376Z","level":"warn","event":"stock.available_read_failed","request_id":null,"productId":"3b2c1366-6d14-4f7c-b749-7142949400f4","reason":"Error: During prerendering, fetch() rejects when the prerender is complete. Typically these errors are handled by React but if you move fetch() to a different context by using `setTimeout`, `after`, or similar functions you may observe this error and you should handle it in that context. This occurred at route \"/product/[slug]\"."}
{"ts":"2026-10-07T14:21:52.508Z","level":"error","event":"db.query_failed","request_id":null,"method":"GET","target":"referral_program_settings","duration_ms":0,"err":{"name":"Error","message":"During prerendering, fetch() rejects when the prerender is complete. Typically these errors are handled by React but if you move fetch() to a different context by using `setTimeout`, `after`, or similar functions you may observe this error and you should handle it in that context. This occurred at route \"/account/wallet\".","stack":"Error: During prerendering, fetch() rejects when the prerender is complete. Typically these errors are handled by React but if you move fetch() to a different context by using `setTimeout`, `after`, or similar functions you may observe this error and you should handle it in that context. This occurred at route \"/account/wallet\".\n    at eu (/Users/ofir/kenyonexpress-autopilot/.next/server/chunks/[root-of-the-server]__1jlk8z1._.js:2:58687)\n    at /Users/ofir/kenyonexpress-autopilot/.next/server/chunks/[root-of-the-server]__1jlk8z1._.js:2:87004\n    at /Users/ofir/kenyonexpress-autopilot/.next/server/chunks/[root-of-the-server]__1jlk8z1._.js:2:54057\n    at /Users/ofir/kenyonexpress-autopilot/.next/server/chunks/[root-of-the-server]__1jlk8z1._.js:2:54347\n    at Object.with (/Users/ofir/kenyonexpress-autopilot/.next/server/chunks/[root-of-the-server]__1jlk8z1._.js:2:4124)\n    at S.with (/Users/ofir/kenyonexpress-autopilot/.next/server/chunks/[root-of-the-server]__1jlk8z1._.js:2:4450)\n    at G.startActiveSpan (/Users/ofir/kenyonexpress-autopilot/.next/server/chunks/[root-of-the-server]__1jlk8z1._.js:2:6806)\n    at H.startActiveSpan (/Users/ofir/kenyonexpress-autopilot/.next/server/chunks/[root-of-the-server]__1jlk8z1._.js:2:7045)\n    at e.runWithActiveSpan (/Users/ofir/kenyonexpress-autopilot/.next/server/chunks/[root-of-the-server]__1jlk8z1._.js:2:54324)\n    at /Users/ofir/kenyonexpress-autopilot/.next/server/chunks/[root-of-the-server]__1jlk8z1._.js:2:53577\n    at Object.with (/Users/ofir/kenyonexpress-autopilot/.next/server/chunks/[root-of-the-server]__1jlk8z1._.js:2:4124)\n    at S.with (/Users/ofir/kenyonexpress-autopilot/.next/server/chunks/[root-of-the-server]__1jlk8z1._.js:2:4450)\n    at e.trace (/Users/ofir/kenyonexpress-autopilot/.next/server/chunks/[root-of-the-server]__1jlk8z1._.js:2:53551)\n    at fetch (/Users/ofir/kenyonexpress-autopilot/.next/server/chunks/[root-of-the-server]__1jlk8z1._.js:2:84044)\n    at /Users/ofir/kenyonexpress-autopilot/.next/server/chun","digest":"HANGING_PROMISE_REJECTION"}}
{"ts":"2026-10-07T14:21:52.508Z","level":"warn","event":"referrals.settings_read_failed","request_id":null,"reason":"Error: During prerendering, fetch() rejects when the prerender is complete. Typically these errors are handled by React but if you move fetch() to a different context by using `setTimeout`, `after`, or similar functions you may observe this error and you should handle it in that context. This occurred at route \"/account/wallet\"."}
{"ts":"2026-10-07T14:21:52.536Z","level":"error","event":"db.query_failed","request_id":null,"method":"GET","target":"products","duration_ms":0,"err":{"name":"Error","message":"During prerendering, fetch() rejects when the prerender is complete. Typically these errors are handled by React but if you move fetch() to a different context by using `setTimeout`, `after`, or similar functions you may observe this error and you should handle it in that context. This occurred at route \"/product/[slug]\".","stack":"Error: During prerendering, fetch() rejects when the prerender is complete. Typically these errors are handled by React but if you move fetch() to a different context by using `setTimeout`, `after`, or similar functions you may observe this error and you should handle it in that context. This occurred at route \"/product/[slug]\".\n    at eu (/Users/ofir/kenyonexpress-autopilot/.next/server/chunks/[root-of-the-server]__1jlk8z1._.js:2:58687)\n    at /Users/ofir/kenyonexpress-autopilot/.next/server/chunks/[root-of-the-server]__1jlk8z1._.js:2:87004\n    at /Users/ofir/kenyonexpress-autopilot/.next/server/chunks/[root-of-the-server]__1jlk8z1._.js:2:54057\n    at /Users/ofir/kenyonexpress-autopilot/.next/server/chunks/[root-of-the-server]__1jlk8z1._.js:2:54347\n    at Object.with (/Users/ofir/kenyonexpress-autopilot/.next/server/chunks/[root-of-the-server]__1jlk8z1._.js:2:4124)\n    at S.with (/Users/ofir/kenyonexpress-autopilot/.next/server/chunks/[root-of-the-server]__1jlk8z1._.js:2:4450)\n    at G.startActiveSpan (/Users/ofir/kenyonexpress-autopilot/.next/server/chunks/[root-of-the-server]__1jlk8z1._.js:2:6806)\n    at H.startActiveSpan (/Users/ofir/kenyonexpress-autopilot/.next/server/chunks/[root-of-the-server]__1jlk8z1._.js:2:7045)\n    at e.runWithActiveSpan (/Users/ofir/kenyonexpress-autopilot/.next/server/chunks/[root-of-the-server]__1jlk8z1._.js:2:54324)\n    at /Users/ofir/kenyonexpress-autopilot/.next/server/chunks/[root-of-the-server]__1jlk8z1._.js:2:53577\n    at Object.with (/Users/ofir/kenyonexpress-autopilot/.next/server/chunks/[root-of-the-server]__1jlk8z1._.js:2:4124)\n    at S.with (/Users/ofir/kenyonexpress-autopilot/.next/server/chunks/[root-of-the-server]__1jlk8z1._.js:2:4450)\n    at e.trace (/Users/ofir/kenyonexpress-autopilot/.next/server/chunks/[root-of-the-server]__1jlk8z1._.js:2:53551)\n    at fetch (/Users/ofir/kenyonexpress-autopilot/.next/server/chunks/[root-of-the-server]__1jlk8z1._.js:2:84044)\n    at /Users/ofir/kenyonexpress-autopilot/.next/server/chun","digest":"HANGING_PROMISE_REJECTION"}}
{"ts":"2026-10-07T14:21:52.560Z","level":"error","event":"db.query_failed","request_id":null,"method":"GET","target":"products","duration_ms":0,"err":{"name":"Error","message":"During prerendering, fetch() rejects when the prerender is complete. Typically these errors are handled by React but if you move fetch() to a different context by using `setTimeout`, `after`, or similar functions you may observe this error and you should handle it in that context. This occurred at route \"/product/[slug]\".","stack":"Error: During prerendering, fetch() rejects when the prerender is complete. Typically these errors are handled by React but if you move fetch() to a different context by using `setTimeout`, `after`, or similar functions you may observe this error and you should handle it in that context. This occurred at route \"/product/[slug]\".\n    at eu (/Users/ofir/kenyonexpress-autopilot/.next/server/chunks/[root-of-the-server]__1jlk8z1._.js:2:58687)\n    at /Users/ofir/kenyonexpress-autopilot/.next/server/chunks/[root-of-the-server]__1jlk8z1._.js:2:87004\n    at /Users/ofir/kenyonexpress-autopilot/.next/server/chunks/[root-of-the-server]__1jlk8z1._.js:2:54057\n    at /Users/ofir/kenyonexpress-autopilot/.next/server/chunks/[root-of-the-server]__1jlk8z1._.js:2:54347\n    at Object.with (/Users/ofir/kenyonexpress-autopilot/.next/server/chunks/[root-of-the-server]__1jlk8z1._.js:2:4124)\n    at S.with (/Users/ofir/kenyonexpress-autopilot/.next/server/chunks/[root-of-the-server]__1jlk8z1._.js:2:4450)\n    at G.startActiveSpan (/Users/ofir/kenyonexpress-autopilot/.next/server/chunks/[root-of-the-server]__1jlk8z1._.js:2:6806)\n    at H.startActiveSpan (/Users/ofir/kenyonexpress-autopilot/.next/server/chunks/[root-of-the-server]__1jlk8z1._.js:2:7045)\n    at e.runWithActiveSpan (/Users/ofir/kenyonexpress-autopilot/.next/server/chunks/[root-of-the-server]__1jlk8z1._.js:2:54324)\n    at /Users/ofir/kenyonexpress-autopilot/.next/server/chunks/[root-of-the-server]__1jlk8z1._.js:2:53577\n    at Object.with (/Users/ofir/kenyonexpress-autopilot/.next/server/chunks/[root-of-the-server]__1jlk8z1._.js:2:4124)\n    at S.with (/Users/ofir/kenyonexpress-autopilot/.next/server/chunks/[root-of-the-server]__1jlk8z1._.js:2:4450)\n    at e.trace (/Users/ofir/kenyonexpress-autopilot/.next/server/chunks/[root-of-the-server]__1jlk8z1._.js:2:53551)\n    at fetch (/Users/ofir/kenyonexpress-autopilot/.next/server/chunks/[root-of-the-server]__1jlk8z1._.js:2:84044)\n    at /Users/ofir/kenyonexpress-autopilot/.next/server/chun","digest":"HANGING_PROMISE_REJECTION"}}
{"ts":"2026-10-07T14:21:52.682Z","level":"error","event":"db.query_failed","request_id":null,"method":"GET","target":"referral_program_settings","duration_ms":1,"err":{"name":"Error","message":"During prerendering, fetch() rejects when the prerender is complete. Typically these errors are handled by React but if you move fetch() to a different context by using `setTimeout`, `after`, or similar functions you may observe this error and you should handle it in that context. This occurred at route \"/account/wallet\".","stack":"Error: During prerendering, fetch() rejects when the prerender is complete. Typically these errors are handled by React but if you move fetch() to a different context by using `setTimeout`, `after`, or similar functions you may observe this error and you should handle it in that context. This occurred at route \"/account/wallet\".\n    at eu (/Users/ofir/kenyonexpress-autopilot/.next/server/chunks/[root-of-the-server]__1jlk8z1._.js:2:58687)\n    at /Users/ofir/kenyonexpress-autopilot/.next/server/chunks/[root-of-the-server]__1jlk8z1._.js:2:87004\n    at /Users/ofir/kenyonexpress-autopilot/.next/server/chunks/[root-of-the-server]__1jlk8z1._.js:2:54057\n    at /Users/ofir/kenyonexpress-autopilot/.next/server/chunks/[root-of-the-server]__1jlk8z1._.js:2:54347\n    at Object.with (/Users/ofir/kenyonexpress-autopilot/.next/server/chunks/[root-of-the-server]__1jlk8z1._.js:2:4124)\n    at S.with (/Users/ofir/kenyonexpress-autopilot/.next/server/chunks/[root-of-the-server]__1jlk8z1._.js:2:4450)\n    at G.startActiveSpan (/Users/ofir/kenyonexpress-autopilot/.next/server/chunks/[root-of-the-server]__1jlk8z1._.js:2:6806)\n    at H.startActiveSpan (/Users/ofir/kenyonexpress-autopilot/.next/server/chunks/[root-of-the-server]__1jlk8z1._.js:2:7045)\n    at e.runWithActiveSpan (/Users/ofir/kenyonexpress-autopilot/.next/server/chunks/[root-of-the-server]__1jlk8z1._.js:2:54324)\n    at /Users/ofir/kenyonexpress-autopilot/.next/server/chunks/[root-of-the-server]__1jlk8z1._.js:2:53577\n    at Object.with (/Users/ofir/kenyonexpress-autopilot/.next/server/chunks/[root-of-the-server]__1jlk8z1._.js:2:4124)\n    at S.with (/Users/ofir/kenyonexpress-autopilot/.next/server/chunks/[root-of-the-server]__1jlk8z1._.js:2:4450)\n    at e.trace (/Users/ofir/kenyonexpress-autopilot/.next/server/chunks/[root-of-the-server]__1jlk8z1._.js:2:53551)\n    at fetch (/Users/ofir/kenyonexpress-autopilot/.next/server/chunks/[root-of-the-server]__1jlk8z1._.js:2:84044)\n    at /Users/ofir/kenyonexpress-autopilot/.next/server/chun","digest":"HANGING_PROMISE_REJECTION"}}
{"ts":"2026-10-07T14:21:52.682Z","level":"warn","event":"referrals.settings_read_failed","request_id":null,"reason":"Error: During prerendering, fetch() rejects when the prerender is complete. Typically these errors are handled by React but if you move fetch() to a different context by using `setTimeout`, `after`, or similar functions you may observe this error and you should handle it in that context. This occurred at route \"/account/wallet\"."}
{"ts":"2026-10-07T14:21:52.762Z","level":"error","event":"db.query_failed","request_id":null,"method":"GET","target":"products","duration_ms":0,"err":{"name":"Error","message":"During prerendering, fetch() rejects when the prerender is complete. Typically these errors are handled by React but if you move fetch() to a different context by using `setTimeout`, `after`, or similar functions you may observe this error and you should handle it in that context. This occurred at route \"/product/[slug]\".","stack":"Error: During prerendering, fetch() rejects when the prerender is complete. Typically these errors are handled by React but if you move fetch() to a different context by using `setTimeout`, `after`, or similar functions you may observe this error and you should handle it in that context. This occurred at route \"/product/[slug]\".\n    at eu (/Users/ofir/kenyonexpress-autopilot/.next/server/chunks/[root-of-the-server]__1jlk8z1._.js:2:58687)\n    at /Users/ofir/kenyonexpress-autopilot/.next/server/chunks/[root-of-the-server]__1jlk8z1._.js:2:87004\n    at /Users/ofir/kenyonexpress-autopilot/.next/server/chunks/[root-of-the-server]__1jlk8z1._.js:2:54057\n    at /Users/ofir/kenyonexpress-autopilot/.next/server/chunks/[root-of-the-server]__1jlk8z1._.js:2:54347\n    at Object.with (/Users/ofir/kenyonexpress-autopilot/.next/server/chunks/[root-of-the-server]__1jlk8z1._.js:2:4124)\n    at S.with (/Users/ofir/kenyonexpress-autopilot/.next/server/chunks/[root-of-the-server]__1jlk8z1._.js:2:4450)\n    at G.startActiveSpan (/Users/ofir/kenyonexpress-autopilot/.next/server/chunks/[root-of-the-server]__1jlk8z1._.js:2:6806)\n    at H.startActiveSpan (/Users/ofir/kenyonexpress-autopilot/.next/server/chunks/[root-of-the-server]__1jlk8z1._.js:2:7045)\n    at e.runWithActiveSpan (/Users/ofir/kenyonexpress-autopilot/.next/server/chunks/[root-of-the-server]__1jlk8z1._.js:2:54324)\n    at /Users/ofir/kenyonexpress-autopilot/.next/server/chunks/[root-of-the-server]__1jlk8z1._.js:2:53577\n    at Object.with (/Users/ofir/kenyonexpress-autopilot/.next/server/chunks/[root-of-the-server]__1jlk8z1._.js:2:4124)\n    at S.with (/Users/ofir/kenyonexpress-autopilot/.next/server/chunks/[root-of-the-server]__1jlk8z1._.js:2:4450)\n    at e.trace (/Users/ofir/kenyonexpress-autopilot/.next/server/chunks/[root-of-the-server]__1jlk8z1._.js:2:53551)\n    at fetch (/Users/ofir/kenyonexpress-autopilot/.next/server/chunks/[root-of-the-server]__1jlk8z1._.js:2:84044)\n    at /Users/ofir/kenyonexpress-autopilot/.next/server/chun","digest":"HANGING_PROMISE_REJECTION"}}
{"ts":"2026-10-07T14:21:52.763Z","level":"error","event":"db.query_failed","request_id":null,"method":"GET","target":"products","duration_ms":0,"err":{"name":"Error","message":"During prerendering, fetch() rejects when the prerender is complete. Typically these errors are handled by React but if you move fetch() to a different context by using `setTimeout`, `after`, or similar functions you may observe this error and you should handle it in that context. This occurred at route \"/product/[slug]\".","stack":"Error: During prerendering, fetch() rejects when the prerender is complete. Typically these errors are handled by React but if you move fetch() to a different context by using `setTimeout`, `after`, or similar functions you may observe this error and you should handle it in that context. This occurred at route \"/product/[slug]\".\n    at eu (/Users/ofir/kenyonexpress-autopilot/.next/server/chunks/[root-of-the-server]__1jlk8z1._.js:2:58687)\n    at /Users/ofir/kenyonexpress-autopilot/.next/server/chunks/[root-of-the-server]__1jlk8z1._.js:2:87004\n    at /Users/ofir/kenyonexpress-autopilot/.next/server/chunks/[root-of-the-server]__1jlk8z1._.js:2:54057\n    at /Users/ofir/kenyonexpress-autopilot/.next/server/chunks/[root-of-the-server]__1jlk8z1._.js:2:54347\n    at Object.with (/Users/ofir/kenyonexpress-autopilot/.next/server/chunks/[root-of-the-server]__1jlk8z1._.js:2:4124)\n    at S.with (/Users/ofir/kenyonexpress-autopilot/.next/server/chunks/[root-of-the-server]__1jlk8z1._.js:2:4450)\n    at G.startActiveSpan (/Users/ofir/kenyonexpress-autopilot/.next/server/chunks/[root-of-the-server]__1jlk8z1._.js:2:6806)\n    at H.startActiveSpan (/Users/ofir/kenyonexpress-autopilot/.next/server/chunks/[root-of-the-server]__1jlk8z1._.js:2:7045)\n    at e.runWithActiveSpan (/Users/ofir/kenyonexpress-autopilot/.next/server/chunks/[root-of-the-server]__1jlk8z1._.js:2:54324)\n    at /Users/ofir/kenyonexpress-autopilot/.next/server/chunks/[root-of-the-server]__1jlk8z1._.js:2:53577\n    at Object.with (/Users/ofir/kenyonexpress-autopilot/.next/server/chunks/[root-of-the-server]__1jlk8z1._.js:2:4124)\n    at S.with (/Users/ofir/kenyonexpress-autopilot/.next/server/chunks/[root-of-the-server]__1jlk8z1._.js:2:4450)\n    at e.trace (/Users/ofir/kenyonexpress-autopilot/.next/server/chunks/[root-of-the-server]__1jlk8z1._.js:2:53551)\n    at fetch (/Users/ofir/kenyonexpress-autopilot/.next/server/chunks/[root-of-the-server]__1jlk8z1._.js:2:84044)\n    at /Users/ofir/kenyonexpress-autopilot/.next/server/chun","digest":"HANGING_PROMISE_REJECTION"}}
{"ts":"2026-10-07T14:21:52.790Z","level":"error","event":"db.query_failed","request_id":null,"method":"GET","target":"products","duration_ms":0,"err":{"name":"Error","message":"During prerendering, fetch() rejects when the prerender is complete. Typically these errors are handled by React but if you move fetch() to a different context by using `setTimeout`, `after`, or similar functions you may observe this error and you should handle it in that context. This occurred at route \"/product/[slug]\".","stack":"Error: During prerendering, fetch() rejects when the prerender is complete. Typically these errors are handled by React but if you move fetch() to a different context by using `setTimeout`, `after`, or similar functions you may observe this error and you should handle it in that context. This occurred at route \"/product/[slug]\".\n    at eu (/Users/ofir/kenyonexpress-autopilot/.next/server/chunks/[root-of-the-server]__1jlk8z1._.js:2:58687)\n    at /Users/ofir/kenyonexpress-autopilot/.next/server/chunks/[root-of-the-server]__1jlk8z1._.js:2:87004\n    at /Users/ofir/kenyonexpress-autopilot/.next/server/chunks/[root-of-the-server]__1jlk8z1._.js:2:54057\n    at /Users/ofir/kenyonexpress-autopilot/.next/server/chunks/[root-of-the-server]__1jlk8z1._.js:2:54347\n    at Object.with (/Users/ofir/kenyonexpress-autopilot/.next/server/chunks/[root-of-the-server]__1jlk8z1._.js:2:4124)\n    at S.with (/Users/ofir/kenyonexpress-autopilot/.next/server/chunks/[root-of-the-server]__1jlk8z1._.js:2:4450)\n    at G.startActiveSpan (/Users/ofir/kenyonexpress-autopilot/.next/server/chunks/[root-of-the-server]__1jlk8z1._.js:2:6806)\n    at H.startActiveSpan (/Users/ofir/kenyonexpress-autopilot/.next/server/chunks/[root-of-the-server]__1jlk8z1._.js:2:7045)\n    at e.runWithActiveSpan (/Users/ofir/kenyonexpress-autopilot/.next/server/chunks/[root-of-the-server]__1jlk8z1._.js:2:54324)\n    at /Users/ofir/kenyonexpress-autopilot/.next/server/chunks/[root-of-the-server]__1jlk8z1._.js:2:53577\n    at Object.with (/Users/ofir/kenyonexpress-autopilot/.next/server/chunks/[root-of-the-server]__1jlk8z1._.js:2:4124)\n    at S.with (/Users/ofir/kenyonexpress-autopilot/.next/server/chunks/[root-of-the-server]__1jlk8z1._.js:2:4450)\n    at e.trace (/Users/ofir/kenyonexpress-autopilot/.next/server/chunks/[root-of-the-server]__1jlk8z1._.js:2:53551)\n    at fetch (/Users/ofir/kenyonexpress-autopilot/.next/server/chunks/[root-of-the-server]__1jlk8z1._.js:2:84044)\n    at /Users/ofir/kenyonexpress-autopilot/.next/server/chun","digest":"HANGING_PROMISE_REJECTION"}}
{"ts":"2026-10-07T14:21:52.804Z","level":"error","event":"db.query_failed","request_id":null,"method":"GET","target":"products","duration_ms":0,"err":{"name":"Error","message":"During prerendering, fetch() rejects when the prerender is complete. Typically these errors are handled by React but if you move fetch() to a different context by using `setTimeout`, `after`, or similar functions you may observe this error and you should handle it in that context. This occurred at route \"/product/[slug]\".","stack":"Error: During prerendering, fetch() rejects when the prerender is complete. Typically these errors are handled by React but if you move fetch() to a different context by using `setTimeout`, `after`, or similar functions you may observe this error and you should handle it in that context. This occurred at route \"/product/[slug]\".\n    at eu (/Users/ofir/kenyonexpress-autopilot/.next/server/chunks/[root-of-the-server]__1jlk8z1._.js:2:58687)\n    at /Users/ofir/kenyonexpress-autopilot/.next/server/chunks/[root-of-the-server]__1jlk8z1._.js:2:87004\n    at /Users/ofir/kenyonexpress-autopilot/.next/server/chunks/[root-of-the-server]__1jlk8z1._.js:2:54057\n    at /Users/ofir/kenyonexpress-autopilot/.next/server/chunks/[root-of-the-server]__1jlk8z1._.js:2:54347\n    at Object.with (/Users/ofir/kenyonexpress-autopilot/.next/server/chunks/[root-of-the-server]__1jlk8z1._.js:2:4124)\n    at S.with (/Users/ofir/kenyonexpress-autopilot/.next/server/chunks/[root-of-the-server]__1jlk8z1._.js:2:4450)\n    at G.startActiveSpan (/Users/ofir/kenyonexpress-autopilot/.next/server/chunks/[root-of-the-server]__1jlk8z1._.js:2:6806)\n    at H.startActiveSpan (/Users/ofir/kenyonexpress-autopilot/.next/server/chunks/[root-of-the-server]__1jlk8z1._.js:2:7045)\n    at e.runWithActiveSpan (/Users/ofir/kenyonexpress-autopilot/.next/server/chunks/[root-of-the-server]__1jlk8z1._.js:2:54324)\n    at /Users/ofir/kenyonexpress-autopilot/.next/server/chunks/[root-of-the-server]__1jlk8z1._.js:2:53577\n    at Object.with (/Users/ofir/kenyonexpress-autopilot/.next/server/chunks/[root-of-the-server]__1jlk8z1._.js:2:4124)\n    at S.with (/Users/ofir/kenyonexpress-autopilot/.next/server/chunks/[root-of-the-server]__1jlk8z1._.js:2:4450)\n    at e.trace (/Users/ofir/kenyonexpress-autopilot/.next/server/chunks/[root-of-the-server]__1jlk8z1._.js:2:53551)\n    at fetch (/Users/ofir/kenyonexpress-autopilot/.next/server/chunks/[root-of-the-server]__1jlk8z1._.js:2:84044)\n    at /Users/ofir/kenyonexpress-autopilot/.next/server/chun","digest":"HANGING_PROMISE_REJECTION"}}
{"ts":"2026-10-07T14:21:52.861Z","level":"warn","event":"db.query_slow","request_id":null,"method":"GET","target":"products","status":200,"duration_ms":1239,"threshold_ms":300}
{"ts":"2026-10-07T14:21:52.880Z","level":"error","event":"db.query_failed","request_id":null,"method":"GET","target":"products","duration_ms":0,"err":{"name":"Error","message":"During prerendering, fetch() rejects when the prerender is complete. Typically these errors are handled by React but if you move fetch() to a different context by using `setTimeout`, `after`, or similar functions you may observe this error and you should handle it in that context. This occurred at route \"/coupon/[slug]\".","stack":"Error: During prerendering, fetch() rejects when the prerender is complete. Typically these errors are handled by React but if you move fetch() to a different context by using `setTimeout`, `after`, or similar functions you may observe this error and you should handle it in that context. This occurred at route \"/coupon/[slug]\".\n    at /Users/ofir/kenyonexpress-autopilot/.next/server/chunks/ssr/[root-of-the-server]__1_aa14n._.js:2:23832\n    at /Users/ofir/kenyonexpress-autopilot/.next/server/chunks/ssr/[root-of-the-server]__1_aa14n._.js:11:48366\n    at /Users/ofir/kenyonexpress-autopilot/.next/server/chunks/ssr/[root-of-the-server]__1_aa14n._.js:11:66894\n    at /Users/ofir/kenyonexpress-autopilot/.next/server/chunks/ssr/[root-of-the-server]__1_aa14n._.js:11:67121\n    at Object.with (/Users/ofir/kenyonexpress-autopilot/.next/server/chunks/ssr/0sj1_@opentelemetry_api_build_esm_1_uv6rc._.js:2:3907)\n    at v.with (/Users/ofir/kenyonexpress-autopilot/.next/server/chunks/ssr/0sj1_@opentelemetry_api_build_esm_1_uv6rc._.js:2:4233)\n    at P.startActiveSpan (/Users/ofir/kenyonexpress-autopilot/.next/server/chunks/ssr/0sj1_@opentelemetry_api_build_esm_1_uv6rc._.js:2:6588)\n    at R.startActiveSpan (/Users/ofir/kenyonexpress-autopilot/.next/server/chunks/ssr/0sj1_@opentelemetry_api_build_esm_1_uv6rc._.js:2:6827)\n    at a.runWithActiveSpan (/Users/ofir/kenyonexpress-autopilot/.next/server/chunks/ssr/[root-of-the-server]__1_aa14n._.js:11:67098)\n    at /Users/ofir/kenyonexpress-autopilot/.next/server/chunks/ssr/[root-of-the-server]__1_aa14n._.js:11:66397\n    at Object.with (/Users/ofir/kenyonexpress-autopilot/.next/server/chunks/ssr/0sj1_@opentelemetry_api_build_esm_1_uv6rc._.js:2:3907)\n    at v.with (/Users/ofir/kenyonexpress-autopilot/.next/server/chunks/ssr/0sj1_@opentelemetry_api_build_esm_1_uv6rc._.js:2:4233)\n    at a.trace (/Users/ofir/kenyonexpress-autopilot/.next/server/chunks/ssr/[root-of-the-server]__1_aa14n._.js:11:66371)\n    at fetch (/Users/ofir/kenyonexpress-autopilot/","digest":"HANGING_PROMISE_REJECTION"}}
{"ts":"2026-10-07T14:21:52.880Z","level":"error","event":"db.query_failed","request_id":null,"method":"GET","target":"products","duration_ms":0,"err":{"name":"Error","message":"During prerendering, fetch() rejects when the prerender is complete. Typically these errors are handled by React but if you move fetch() to a different context by using `setTimeout`, `after`, or similar functions you may observe this error and you should handle it in that context. This occurred at route \"/coupon/[slug]\".","stack":"Error: During prerendering, fetch() rejects when the prerender is complete. Typically these errors are handled by React but if you move fetch() to a different context by using `setTimeout`, `after`, or similar functions you may observe this error and you should handle it in that context. This occurred at route \"/coupon/[slug]\".\n    at /Users/ofir/kenyonexpress-autopilot/.next/server/chunks/ssr/[root-of-the-server]__1_aa14n._.js:2:23832\n    at /Users/ofir/kenyonexpress-autopilot/.next/server/chunks/ssr/[root-of-the-server]__1_aa14n._.js:11:48366\n    at /Users/ofir/kenyonexpress-autopilot/.next/server/chunks/ssr/[root-of-the-server]__1_aa14n._.js:11:66894\n    at /Users/ofir/kenyonexpress-autopilot/.next/server/chunks/ssr/[root-of-the-server]__1_aa14n._.js:11:67121\n    at Object.with (/Users/ofir/kenyonexpress-autopilot/.next/server/chunks/ssr/0sj1_@opentelemetry_api_build_esm_1_uv6rc._.js:2:3907)\n    at v.with (/Users/ofir/kenyonexpress-autopilot/.next/server/chunks/ssr/0sj1_@opentelemetry_api_build_esm_1_uv6rc._.js:2:4233)\n    at P.startActiveSpan (/Users/ofir/kenyonexpress-autopilot/.next/server/chunks/ssr/0sj1_@opentelemetry_api_build_esm_1_uv6rc._.js:2:6588)\n    at R.startActiveSpan (/Users/ofir/kenyonexpress-autopilot/.next/server/chunks/ssr/0sj1_@opentelemetry_api_build_esm_1_uv6rc._.js:2:6827)\n    at a.runWithActiveSpan (/Users/ofir/kenyonexpress-autopilot/.next/server/chunks/ssr/[root-of-the-server]__1_aa14n._.js:11:67098)\n    at /Users/ofir/kenyonexpress-autopilot/.next/server/chunks/ssr/[root-of-the-server]__1_aa14n._.js:11:66397\n    at Object.with (/Users/ofir/kenyonexpress-autopilot/.next/server/chunks/ssr/0sj1_@opentelemetry_api_build_esm_1_uv6rc._.js:2:3907)\n    at v.with (/Users/ofir/kenyonexpress-autopilot/.next/server/chunks/ssr/0sj1_@opentelemetry_api_build_esm_1_uv6rc._.js:2:4233)\n    at a.trace (/Users/ofir/kenyonexpress-autopilot/.next/server/chunks/ssr/[root-of-the-server]__1_aa14n._.js:11:66371)\n    at fetch (/Users/ofir/kenyonexpress-autopilot/","digest":"HANGING_PROMISE_REJECTION"}}
{"ts":"2026-10-07T14:21:52.916Z","level":"warn","event":"db.query_slow","request_id":null,"method":"GET","target":"products","status":200,"duration_ms":510,"threshold_ms":300}
{"ts":"2026-10-07T14:21:52.918Z","level":"warn","event":"db.query_slow","request_id":null,"method":"POST","target":"rpc:product_rating_summary","status":404,"duration_ms":511,"threshold_ms":300}
{"ts":"2026-10-07T14:21:52.954Z","level":"warn","event":"db.query_slow","request_id":null,"method":"GET","target":"product_variants","status":200,"duration_ms":549,"threshold_ms":300}
{"ts":"2026-10-07T14:21:53.081Z","level":"error","event":"db.query_failed","request_id":null,"method":"GET","target":"products","duration_ms":1,"err":{"name":"Error","message":"During prerendering, fetch() rejects when the prerender is complete. Typically these errors are handled by React but if you move fetch() to a different context by using `setTimeout`, `after`, or similar functions you may observe this error and you should handle it in that context. This occurred at route \"/product/[slug]\".","stack":"Error: During prerendering, fetch() rejects when the prerender is complete. Typically these errors are handled by React but if you move fetch() to a different context by using `setTimeout`, `after`, or similar functions you may observe this error and you should handle it in that context. This occurred at route \"/product/[slug]\".\n    at /Users/ofir/kenyonexpress-autopilot/.next/server/chunks/ssr/[root-of-the-server]__1_aa14n._.js:2:23832\n    at /Users/ofir/kenyonexpress-autopilot/.next/server/chunks/ssr/[root-of-the-server]__1_aa14n._.js:11:48366\n    at /Users/ofir/kenyonexpress-autopilot/.next/server/chunks/ssr/[root-of-the-server]__1_aa14n._.js:11:66894\n    at /Users/ofir/kenyonexpress-autopilot/.next/server/chunks/ssr/[root-of-the-server]__1_aa14n._.js:11:67121\n    at Object.with (/Users/ofir/kenyonexpress-autopilot/.next/server/chunks/ssr/0sj1_@opentelemetry_api_build_esm_1_uv6rc._.js:2:3907)\n    at v.with (/Users/ofir/kenyonexpress-autopilot/.next/server/chunks/ssr/0sj1_@opentelemetry_api_build_esm_1_uv6rc._.js:2:4233)\n    at P.startActiveSpan (/Users/ofir/kenyonexpress-autopilot/.next/server/chunks/ssr/0sj1_@opentelemetry_api_build_esm_1_uv6rc._.js:2:6588)\n    at R.startActiveSpan (/Users/ofir/kenyonexpress-autopilot/.next/server/chunks/ssr/0sj1_@opentelemetry_api_build_esm_1_uv6rc._.js:2:6827)\n    at a.runWithActiveSpan (/Users/ofir/kenyonexpress-autopilot/.next/server/chunks/ssr/[root-of-the-server]__1_aa14n._.js:11:67098)\n    at /Users/ofir/kenyonexpress-autopilot/.next/server/chunks/ssr/[root-of-the-server]__1_aa14n._.js:11:66397\n    at Object.with (/Users/ofir/kenyonexpress-autopilot/.next/server/chunks/ssr/0sj1_@opentelemetry_api_build_esm_1_uv6rc._.js:2:3907)\n    at v.with (/Users/ofir/kenyonexpress-autopilot/.next/server/chunks/ssr/0sj1_@opentelemetry_api_build_esm_1_uv6rc._.js:2:4233)\n    at a.trace (/Users/ofir/kenyonexpress-autopilot/.next/server/chunks/ssr/[root-of-the-server]__1_aa14n._.js:11:66371)\n    at fetch (/Users/ofir/kenyonexpress-autopilot","digest":"HANGING_PROMISE_REJECTION"}}
{"ts":"2026-10-07T14:21:53.105Z","level":"error","event":"db.query_failed","request_id":null,"method":"GET","target":"v_banners_live","duration_ms":0,"err":{"name":"Error","message":"During prerendering, fetch() rejects when the prerender is complete. Typically these errors are handled by React but if you move fetch() to a different context by using `setTimeout`, `after`, or similar functions you may observe this error and you should handle it in that context. This occurred at route \"/\".","stack":"Error: During prerendering, fetch() rejects when the prerender is complete. Typically these errors are handled by React but if you move fetch() to a different context by using `setTimeout`, `after`, or similar functions you may observe this error and you should handle it in that context. This occurred at route \"/\".\n    at /Users/ofir/kenyonexpress-autopilot/.next/server/chunks/ssr/[root-of-the-server]__1_aa14n._.js:2:23832\n    at /Users/ofir/kenyonexpress-autopilot/.next/server/chunks/ssr/[root-of-the-server]__1_aa14n._.js:11:48366\n    at /Users/ofir/kenyonexpress-autopilot/.next/server/chunks/ssr/[root-of-the-server]__1_aa14n._.js:11:66894\n    at /Users/ofir/kenyonexpress-autopilot/.next/server/chunks/ssr/[root-of-the-server]__1_aa14n._.js:11:67121\n    at Object.with (/Users/ofir/kenyonexpress-autopilot/.next/server/chunks/ssr/0sj1_@opentelemetry_api_build_esm_1_uv6rc._.js:2:3907)\n    at v.with (/Users/ofir/kenyonexpress-autopilot/.next/server/chunks/ssr/0sj1_@opentelemetry_api_build_esm_1_uv6rc._.js:2:4233)\n    at P.startActiveSpan (/Users/ofir/kenyonexpress-autopilot/.next/server/chunks/ssr/0sj1_@opentelemetry_api_build_esm_1_uv6rc._.js:2:6588)\n    at R.startActiveSpan (/Users/ofir/kenyonexpress-autopilot/.next/server/chunks/ssr/0sj1_@opentelemetry_api_build_esm_1_uv6rc._.js:2:6827)\n    at a.runWithActiveSpan (/Users/ofir/kenyonexpress-autopilot/.next/server/chunks/ssr/[root-of-the-server]__1_aa14n._.js:11:67098)\n    at /Users/ofir/kenyonexpress-autopilot/.next/server/chunks/ssr/[root-of-the-server]__1_aa14n._.js:11:66397\n    at Object.with (/Users/ofir/kenyonexpress-autopilot/.next/server/chunks/ssr/0sj1_@opentelemetry_api_build_esm_1_uv6rc._.js:2:3907)\n    at v.with (/Users/ofir/kenyonexpress-autopilot/.next/server/chunks/ssr/0sj1_@opentelemetry_api_build_esm_1_uv6rc._.js:2:4233)\n    at a.trace (/Users/ofir/kenyonexpress-autopilot/.next/server/chunks/ssr/[root-of-the-server]__1_aa14n._.js:11:66371)\n    at fetch (/Users/ofir/kenyonexpress-autopilot/.next/server/","digest":"HANGING_PROMISE_REJECTION"}}
{"ts":"2026-10-07T14:21:53.106Z","level":"error","event":"db.query_failed","request_id":null,"method":"GET","target":"v_homepage_sections_live","duration_ms":0,"err":{"name":"Error","message":"During prerendering, fetch() rejects when the prerender is complete. Typically these errors are handled by React but if you move fetch() to a different context by using `setTimeout`, `after`, or similar functions you may observe this error and you should handle it in that context. This occurred at route \"/\".","stack":"Error: During prerendering, fetch() rejects when the prerender is complete. Typically these errors are handled by React but if you move fetch() to a different context by using `setTimeout`, `after`, or similar functions you may observe this error and you should handle it in that context. This occurred at route \"/\".\n    at /Users/ofir/kenyonexpress-autopilot/.next/server/chunks/ssr/[root-of-the-server]__1_aa14n._.js:2:23832\n    at /Users/ofir/kenyonexpress-autopilot/.next/server/chunks/ssr/[root-of-the-server]__1_aa14n._.js:11:48366\n    at /Users/ofir/kenyonexpress-autopilot/.next/server/chunks/ssr/[root-of-the-server]__1_aa14n._.js:11:66894\n    at /Users/ofir/kenyonexpress-autopilot/.next/server/chunks/ssr/[root-of-the-server]__1_aa14n._.js:11:67121\n    at Object.with (/Users/ofir/kenyonexpress-autopilot/.next/server/chunks/ssr/0sj1_@opentelemetry_api_build_esm_1_uv6rc._.js:2:3907)\n    at v.with (/Users/ofir/kenyonexpress-autopilot/.next/server/chunks/ssr/0sj1_@opentelemetry_api_build_esm_1_uv6rc._.js:2:4233)\n    at P.startActiveSpan (/Users/ofir/kenyonexpress-autopilot/.next/server/chunks/ssr/0sj1_@opentelemetry_api_build_esm_1_uv6rc._.js:2:6588)\n    at R.startActiveSpan (/Users/ofir/kenyonexpress-autopilot/.next/server/chunks/ssr/0sj1_@opentelemetry_api_build_esm_1_uv6rc._.js:2:6827)\n    at a.runWithActiveSpan (/Users/ofir/kenyonexpress-autopilot/.next/server/chunks/ssr/[root-of-the-server]__1_aa14n._.js:11:67098)\n    at /Users/ofir/kenyonexpress-autopilot/.next/server/chunks/ssr/[root-of-the-server]__1_aa14n._.js:11:66397\n    at Object.with (/Users/ofir/kenyonexpress-autopilot/.next/server/chunks/ssr/0sj1_@opentelemetry_api_build_esm_1_uv6rc._.js:2:3907)\n    at v.with (/Users/ofir/kenyonexpress-autopilot/.next/server/chunks/ssr/0sj1_@opentelemetry_api_build_esm_1_uv6rc._.js:2:4233)\n    at a.trace (/Users/ofir/kenyonexpress-autopilot/.next/server/chunks/ssr/[root-of-the-server]__1_aa14n._.js:11:66371)\n    at fetch (/Users/ofir/kenyonexpress-autopilot/.next/server/","digest":"HANGING_PROMISE_REJECTION"}}
{"ts":"2026-10-07T14:21:53.144Z","level":"error","event":"db.query_failed","request_id":null,"method":"GET","target":"products","duration_ms":0,"err":{"name":"Error","message":"During prerendering, fetch() rejects when the prerender is complete. Typically these errors are handled by React but if you move fetch() to a different context by using `setTimeout`, `after`, or similar functions you may observe this error and you should handle it in that context. This occurred at route \"/coupon/[slug]\".","stack":"Error: During prerendering, fetch() rejects when the prerender is complete. Typically these errors are handled by React but if you move fetch() to a different context by using `setTimeout`, `after`, or similar functions you may observe this error and you should handle it in that context. This occurred at route \"/coupon/[slug]\".\n    at /Users/ofir/kenyonexpress-autopilot/.next/server/chunks/ssr/[root-of-the-server]__1_aa14n._.js:2:23832\n    at /Users/ofir/kenyonexpress-autopilot/.next/server/chunks/ssr/[root-of-the-server]__1_aa14n._.js:11:48366\n    at /Users/ofir/kenyonexpress-autopilot/.next/server/chunks/ssr/[root-of-the-server]__1_aa14n._.js:11:66894\n    at /Users/ofir/kenyonexpress-autopilot/.next/server/chunks/ssr/[root-of-the-server]__1_aa14n._.js:11:67121\n    at Object.with (/Users/ofir/kenyonexpress-autopilot/.next/server/chunks/ssr/0sj1_@opentelemetry_api_build_esm_1_uv6rc._.js:2:3907)\n    at v.with (/Users/ofir/kenyonexpress-autopilot/.next/server/chunks/ssr/0sj1_@opentelemetry_api_build_esm_1_uv6rc._.js:2:4233)\n    at P.startActiveSpan (/Users/ofir/kenyonexpress-autopilot/.next/server/chunks/ssr/0sj1_@opentelemetry_api_build_esm_1_uv6rc._.js:2:6588)\n    at R.startActiveSpan (/Users/ofir/kenyonexpress-autopilot/.next/server/chunks/ssr/0sj1_@opentelemetry_api_build_esm_1_uv6rc._.js:2:6827)\n    at a.runWithActiveSpan (/Users/ofir/kenyonexpress-autopilot/.next/server/chunks/ssr/[root-of-the-server]__1_aa14n._.js:11:67098)\n    at /Users/ofir/kenyonexpress-autopilot/.next/server/chunks/ssr/[root-of-the-server]__1_aa14n._.js:11:66397\n    at Object.with (/Users/ofir/kenyonexpress-autopilot/.next/server/chunks/ssr/0sj1_@opentelemetry_api_build_esm_1_uv6rc._.js:2:3907)\n    at v.with (/Users/ofir/kenyonexpress-autopilot/.next/server/chunks/ssr/0sj1_@opentelemetry_api_build_esm_1_uv6rc._.js:2:4233)\n    at a.trace (/Users/ofir/kenyonexpress-autopilot/.next/server/chunks/ssr/[root-of-the-server]__1_aa14n._.js:11:66371)\n    at fetch (/Users/ofir/kenyonexpress-autopilot/","digest":"HANGING_PROMISE_REJECTION"}}
{"ts":"2026-10-07T14:21:53.152Z","level":"error","event":"db.query_failed","request_id":null,"method":"GET","target":"v_banners_live","duration_ms":0,"err":{"name":"Error","message":"During prerendering, fetch() rejects when the prerender is complete. Typically these errors are handled by React but if you move fetch() to a different context by using `setTimeout`, `after`, or similar functions you may observe this error and you should handle it in that context. This occurred at route \"/\".","stack":"Error: During prerendering, fetch() rejects when the prerender is complete. Typically these errors are handled by React but if you move fetch() to a different context by using `setTimeout`, `after`, or similar functions you may observe this error and you should handle it in that context. This occurred at route \"/\".\n    at /Users/ofir/kenyonexpress-autopilot/.next/server/chunks/ssr/[root-of-the-server]__1_aa14n._.js:2:23832\n    at /Users/ofir/kenyonexpress-autopilot/.next/server/chunks/ssr/[root-of-the-server]__1_aa14n._.js:11:48366\n    at /Users/ofir/kenyonexpress-autopilot/.next/server/chunks/ssr/[root-of-the-server]__1_aa14n._.js:11:66894\n    at /Users/ofir/kenyonexpress-autopilot/.next/server/chunks/ssr/[root-of-the-server]__1_aa14n._.js:11:67121\n    at Object.with (/Users/ofir/kenyonexpress-autopilot/.next/server/chunks/ssr/0sj1_@opentelemetry_api_build_esm_1_uv6rc._.js:2:3907)\n    at v.with (/Users/ofir/kenyonexpress-autopilot/.next/server/chunks/ssr/0sj1_@opentelemetry_api_build_esm_1_uv6rc._.js:2:4233)\n    at P.startActiveSpan (/Users/ofir/kenyonexpress-autopilot/.next/server/chunks/ssr/0sj1_@opentelemetry_api_build_esm_1_uv6rc._.js:2:6588)\n    at R.startActiveSpan (/Users/ofir/kenyonexpress-autopilot/.next/server/chunks/ssr/0sj1_@opentelemetry_api_build_esm_1_uv6rc._.js:2:6827)\n    at a.runWithActiveSpan (/Users/ofir/kenyonexpress-autopilot/.next/server/chunks/ssr/[root-of-the-server]__1_aa14n._.js:11:67098)\n    at /Users/ofir/kenyonexpress-autopilot/.next/server/chunks/ssr/[root-of-the-server]__1_aa14n._.js:11:66397\n    at Object.with (/Users/ofir/kenyonexpress-autopilot/.next/server/chunks/ssr/0sj1_@opentelemetry_api_build_esm_1_uv6rc._.js:2:3907)\n    at v.with (/Users/ofir/kenyonexpress-autopilot/.next/server/chunks/ssr/0sj1_@opentelemetry_api_build_esm_1_uv6rc._.js:2:4233)\n    at a.trace (/Users/ofir/kenyonexpress-autopilot/.next/server/chunks/ssr/[root-of-the-server]__1_aa14n._.js:11:66371)\n    at fetch (/Users/ofir/kenyonexpress-autopilot/.next/server/","digest":"HANGING_PROMISE_REJECTION"}}
{"ts":"2026-10-07T14:21:53.153Z","level":"error","event":"db.query_failed","request_id":null,"method":"GET","target":"v_homepage_sections_live","duration_ms":0,"err":{"name":"Error","message":"During prerendering, fetch() rejects when the prerender is complete. Typically these errors are handled by React but if you move fetch() to a different context by using `setTimeout`, `after`, or similar functions you may observe this error and you should handle it in that context. This occurred at route \"/\".","stack":"Error: During prerendering, fetch() rejects when the prerender is complete. Typically these errors are handled by React but if you move fetch() to a different context by using `setTimeout`, `after`, or similar functions you may observe this error and you should handle it in that context. This occurred at route \"/\".\n    at /Users/ofir/kenyonexpress-autopilot/.next/server/chunks/ssr/[root-of-the-server]__1_aa14n._.js:2:23832\n    at /Users/ofir/kenyonexpress-autopilot/.next/server/chunks/ssr/[root-of-the-server]__1_aa14n._.js:11:48366\n    at /Users/ofir/kenyonexpress-autopilot/.next/server/chunks/ssr/[root-of-the-server]__1_aa14n._.js:11:66894\n    at /Users/ofir/kenyonexpress-autopilot/.next/server/chunks/ssr/[root-of-the-server]__1_aa14n._.js:11:67121\n    at Object.with (/Users/ofir/kenyonexpress-autopilot/.next/server/chunks/ssr/0sj1_@opentelemetry_api_build_esm_1_uv6rc._.js:2:3907)\n    at v.with (/Users/ofir/kenyonexpress-autopilot/.next/server/chunks/ssr/0sj1_@opentelemetry_api_build_esm_1_uv6rc._.js:2:4233)\n    at P.startActiveSpan (/Users/ofir/kenyonexpress-autopilot/.next/server/chunks/ssr/0sj1_@opentelemetry_api_build_esm_1_uv6rc._.js:2:6588)\n    at R.startActiveSpan (/Users/ofir/kenyonexpress-autopilot/.next/server/chunks/ssr/0sj1_@opentelemetry_api_build_esm_1_uv6rc._.js:2:6827)\n    at a.runWithActiveSpan (/Users/ofir/kenyonexpress-autopilot/.next/server/chunks/ssr/[root-of-the-server]__1_aa14n._.js:11:67098)\n    at /Users/ofir/kenyonexpress-autopilot/.next/server/chunks/ssr/[root-of-the-server]__1_aa14n._.js:11:66397\n    at Object.with (/Users/ofir/kenyonexpress-autopilot/.next/server/chunks/ssr/0sj1_@opentelemetry_api_build_esm_1_uv6rc._.js:2:3907)\n    at v.with (/Users/ofir/kenyonexpress-autopilot/.next/server/chunks/ssr/0sj1_@opentelemetry_api_build_esm_1_uv6rc._.js:2:4233)\n    at a.trace (/Users/ofir/kenyonexpress-autopilot/.next/server/chunks/ssr/[root-of-the-server]__1_aa14n._.js:11:66371)\n    at fetch (/Users/ofir/kenyonexpress-autopilot/.next/server/","digest":"HANGING_PROMISE_REJECTION"}}
{"ts":"2026-10-07T14:21:53.165Z","level":"error","event":"db.query_failed","request_id":null,"method":"GET","target":"products","duration_ms":0,"err":{"name":"Error","message":"During prerendering, fetch() rejects when the prerender is complete. Typically these errors are handled by React but if you move fetch() to a different context by using `setTimeout`, `after`, or similar functions you may observe this error and you should handle it in that context. This occurred at route \"/coupon/[slug]\".","stack":"Error: During prerendering, fetch() rejects when the prerender is complete. Typically these errors are handled by React but if you move fetch() to a different context by using `setTimeout`, `after`, or similar functions you may observe this error and you should handle it in that context. This occurred at route \"/coupon/[slug]\".\n    at /Users/ofir/kenyonexpress-autopilot/.next/server/chunks/ssr/[root-of-the-server]__1_aa14n._.js:2:23832\n    at /Users/ofir/kenyonexpress-autopilot/.next/server/chunks/ssr/[root-of-the-server]__1_aa14n._.js:11:48366\n    at /Users/ofir/kenyonexpress-autopilot/.next/server/chunks/ssr/[root-of-the-server]__1_aa14n._.js:11:66894\n    at /Users/ofir/kenyonexpress-autopilot/.next/server/chunks/ssr/[root-of-the-server]__1_aa14n._.js:11:67121\n    at Object.with (/Users/ofir/kenyonexpress-autopilot/.next/server/chunks/ssr/0sj1_@opentelemetry_api_build_esm_1_uv6rc._.js:2:3907)\n    at v.with (/Users/ofir/kenyonexpress-autopilot/.next/server/chunks/ssr/0sj1_@opentelemetry_api_build_esm_1_uv6rc._.js:2:4233)\n    at P.startActiveSpan (/Users/ofir/kenyonexpress-autopilot/.next/server/chunks/ssr/0sj1_@opentelemetry_api_build_esm_1_uv6rc._.js:2:6588)\n    at R.startActiveSpan (/Users/ofir/kenyonexpress-autopilot/.next/server/chunks/ssr/0sj1_@opentelemetry_api_build_esm_1_uv6rc._.js:2:6827)\n    at a.runWithActiveSpan (/Users/ofir/kenyonexpress-autopilot/.next/server/chunks/ssr/[root-of-the-server]__1_aa14n._.js:11:67098)\n    at /Users/ofir/kenyonexpress-autopilot/.next/server/chunks/ssr/[root-of-the-server]__1_aa14n._.js:11:66397\n    at Object.with (/Users/ofir/kenyonexpress-autopilot/.next/server/chunks/ssr/0sj1_@opentelemetry_api_build_esm_1_uv6rc._.js:2:3907)\n    at v.with (/Users/ofir/kenyonexpress-autopilot/.next/server/chunks/ssr/0sj1_@opentelemetry_api_build_esm_1_uv6rc._.js:2:4233)\n    at a.trace (/Users/ofir/kenyonexpress-autopilot/.next/server/chunks/ssr/[root-of-the-server]__1_aa14n._.js:11:66371)\n    at fetch (/Users/ofir/kenyonexpress-autopilot/","digest":"HANGING_PROMISE_REJECTION"}}
{"ts":"2026-10-07T14:21:53.168Z","level":"warn","event":"db.query_slow","request_id":null,"method":"POST","target":"rpc:product_rating_summary","status":404,"duration_ms":302,"threshold_ms":300}
{"ts":"2026-10-07T14:21:53.214Z","level":"error","event":"db.query_failed","request_id":null,"method":"GET","target":"products","duration_ms":0,"err":{"name":"Error","message":"During prerendering, fetch() rejects when the prerender is complete. Typically these errors are handled by React but if you move fetch() to a different context by using `setTimeout`, `after`, or similar functions you may observe this error and you should handle it in that context. This occurred at route \"/product/[slug]\".","stack":"Error: During prerendering, fetch() rejects when the prerender is complete. Typically these errors are handled by React but if you move fetch() to a different context by using `setTimeout`, `after`, or similar functions you may observe this error and you should handle it in that context. This occurred at route \"/product/[slug]\".\n    at /Users/ofir/kenyonexpress-autopilot/.next/server/chunks/ssr/[root-of-the-server]__1_aa14n._.js:2:23832\n    at /Users/ofir/kenyonexpress-autopilot/.next/server/chunks/ssr/[root-of-the-server]__1_aa14n._.js:11:48366\n    at /Users/ofir/kenyonexpress-autopilot/.next/server/chunks/ssr/[root-of-the-server]__1_aa14n._.js:11:66894\n    at /Users/ofir/kenyonexpress-autopilot/.next/server/chunks/ssr/[root-of-the-server]__1_aa14n._.js:11:67121\n    at Object.with (/Users/ofir/kenyonexpress-autopilot/.next/server/chunks/ssr/0sj1_@opentelemetry_api_build_esm_1_uv6rc._.js:2:3907)\n    at v.with (/Users/ofir/kenyonexpress-autopilot/.next/server/chunks/ssr/0sj1_@opentelemetry_api_build_esm_1_uv6rc._.js:2:4233)\n    at P.startActiveSpan (/Users/ofir/kenyonexpress-autopilot/.next/server/chunks/ssr/0sj1_@opentelemetry_api_build_esm_1_uv6rc._.js:2:6588)\n    at R.startActiveSpan (/Users/ofir/kenyonexpress-autopilot/.next/server/chunks/ssr/0sj1_@opentelemetry_api_build_esm_1_uv6rc._.js:2:6827)\n    at a.runWithActiveSpan (/Users/ofir/kenyonexpress-autopilot/.next/server/chunks/ssr/[root-of-the-server]__1_aa14n._.js:11:67098)\n    at /Users/ofir/kenyonexpress-autopilot/.next/server/chunks/ssr/[root-of-the-server]__1_aa14n._.js:11:66397\n    at Object.with (/Users/ofir/kenyonexpress-autopilot/.next/server/chunks/ssr/0sj1_@opentelemetry_api_build_esm_1_uv6rc._.js:2:3907)\n    at v.with (/Users/ofir/kenyonexpress-autopilot/.next/server/chunks/ssr/0sj1_@opentelemetry_api_build_esm_1_uv6rc._.js:2:4233)\n    at a.trace (/Users/ofir/kenyonexpress-autopilot/.next/server/chunks/ssr/[root-of-the-server]__1_aa14n._.js:11:66371)\n    at fetch (/Users/ofir/kenyonexpress-autopilot","digest":"HANGING_PROMISE_REJECTION"}}
{"ts":"2026-10-07T14:21:53.216Z","level":"warn","event":"db.query_slow","request_id":null,"method":"GET","target":"products","status":200,"duration_ms":350,"threshold_ms":300}
{"ts":"2026-10-07T14:21:53.593Z","level":"warn","event":"db.query_slow","request_id":null,"method":"GET","target":"products","status":200,"duration_ms":1966,"threshold_ms":300}
{"ts":"2026-10-07T14:21:54.363Z","level":"warn","event":"db.query_slow","request_id":null,"method":"GET","target":"products","status":200,"duration_ms":2726,"threshold_ms":300}
{"ts":"2026-10-07T14:21:54.522Z","level":"error","event":"db.query_failed","request_id":null,"method":"GET","target":"products","duration_ms":0,"err":{"name":"Error","message":"During prerendering, fetch() rejects when the prerender is complete. Typically these errors are handled by React but if you move fetch() to a different context by using `setTimeout`, `after`, or similar functions you may observe this error and you should handle it in that context. This occurred at route \"/product/[slug]\".","stack":"Error: During prerendering, fetch() rejects when the prerender is complete. Typically these errors are handled by React but if you move fetch() to a different context by using `setTimeout`, `after`, or similar functions you may observe this error and you should handle it in that context. This occurred at route \"/product/[slug]\".\n    at eu (/Users/ofir/kenyonexpress-autopilot/.next/server/chunks/[root-of-the-server]__1jlk8z1._.js:2:58687)\n    at /Users/ofir/kenyonexpress-autopilot/.next/server/chunks/[root-of-the-server]__1jlk8z1._.js:2:87004\n    at /Users/ofir/kenyonexpress-autopilot/.next/server/chunks/[root-of-the-server]__1jlk8z1._.js:2:54057\n    at /Users/ofir/kenyonexpress-autopilot/.next/server/chunks/[root-of-the-server]__1jlk8z1._.js:2:54347\n    at Object.with (/Users/ofir/kenyonexpress-autopilot/.next/server/chunks/[root-of-the-server]__1jlk8z1._.js:2:4124)\n    at S.with (/Users/ofir/kenyonexpress-autopilot/.next/server/chunks/[root-of-the-server]__1jlk8z1._.js:2:4450)\n    at G.startActiveSpan (/Users/ofir/kenyonexpress-autopilot/.next/server/chunks/[root-of-the-server]__1jlk8z1._.js:2:6806)\n    at H.startActiveSpan (/Users/ofir/kenyonexpress-autopilot/.next/server/chunks/[root-of-the-server]__1jlk8z1._.js:2:7045)\n    at e.runWithActiveSpan (/Users/ofir/kenyonexpress-autopilot/.next/server/chunks/[root-of-the-server]__1jlk8z1._.js:2:54324)\n    at /Users/ofir/kenyonexpress-autopilot/.next/server/chunks/[root-of-the-server]__1jlk8z1._.js:2:53577\n    at Object.with (/Users/ofir/kenyonexpress-autopilot/.next/server/chunks/[root-of-the-server]__1jlk8z1._.js:2:4124)\n    at S.with (/Users/ofir/kenyonexpress-autopilot/.next/server/chunks/[root-of-the-server]__1jlk8z1._.js:2:4450)\n    at e.trace (/Users/ofir/kenyonexpress-autopilot/.next/server/chunks/[root-of-the-server]__1jlk8z1._.js:2:53551)\n    at fetch (/Users/ofir/kenyonexpress-autopilot/.next/server/chunks/[root-of-the-server]__1jlk8z1._.js:2:84044)\n    at /Users/ofir/kenyonexpress-autopilot/.next/server/chun","digest":"HANGING_PROMISE_REJECTION"}}
{"ts":"2026-10-07T14:21:54.522Z","level":"warn","event":"stock.available_read_failed","request_id":null,"productId":"adc894ba-083b-41e0-85b9-68abd04adc41","reason":"Error: During prerendering, fetch() rejects when the prerender is complete. Typically these errors are handled by React but if you move fetch() to a different context by using `setTimeout`, `after`, or similar functions you may observe this error and you should handle it in that context. This occurred at route \"/product/[slug]\"."}
{"ts":"2026-10-07T14:21:54.538Z","level":"error","event":"db.query_failed","request_id":null,"method":"GET","target":"products","duration_ms":2,"err":{"name":"Error","message":"During prerendering, fetch() rejects when the prerender is complete. Typically these errors are handled by React but if you move fetch() to a different context by using `setTimeout`, `after`, or similar functions you may observe this error and you should handle it in that context. This occurred at route \"/product/[slug]\".","stack":"Error: During prerendering, fetch() rejects when the prerender is complete. Typically these errors are handled by React but if you move fetch() to a different context by using `setTimeout`, `after`, or similar functions you may observe this error and you should handle it in that context. This occurred at route \"/product/[slug]\".\n    at eu (/Users/ofir/kenyonexpress-autopilot/.next/server/chunks/[root-of-the-server]__1jlk8z1._.js:2:58687)\n    at /Users/ofir/kenyonexpress-autopilot/.next/server/chunks/[root-of-the-server]__1jlk8z1._.js:2:87004\n    at /Users/ofir/kenyonexpress-autopilot/.next/server/chunks/[root-of-the-server]__1jlk8z1._.js:2:54057\n    at /Users/ofir/kenyonexpress-autopilot/.next/server/chunks/[root-of-the-server]__1jlk8z1._.js:2:54347\n    at Object.with (/Users/ofir/kenyonexpress-autopilot/.next/server/chunks/[root-of-the-server]__1jlk8z1._.js:2:4124)\n    at S.with (/Users/ofir/kenyonexpress-autopilot/.next/server/chunks/[root-of-the-server]__1jlk8z1._.js:2:4450)\n    at G.startActiveSpan (/Users/ofir/kenyonexpress-autopilot/.next/server/chunks/[root-of-the-server]__1jlk8z1._.js:2:6806)\n    at H.startActiveSpan (/Users/ofir/kenyonexpress-autopilot/.next/server/chunks/[root-of-the-server]__1jlk8z1._.js:2:7045)\n    at e.runWithActiveSpan (/Users/ofir/kenyonexpress-autopilot/.next/server/chunks/[root-of-the-server]__1jlk8z1._.js:2:54324)\n    at /Users/ofir/kenyonexpress-autopilot/.next/server/chunks/[root-of-the-server]__1jlk8z1._.js:2:53577\n    at Object.with (/Users/ofir/kenyonexpress-autopilot/.next/server/chunks/[root-of-the-server]__1jlk8z1._.js:2:4124)\n    at S.with (/Users/ofir/kenyonexpress-autopilot/.next/server/chunks/[root-of-the-server]__1jlk8z1._.js:2:4450)\n    at e.trace (/Users/ofir/kenyonexpress-autopilot/.next/server/chunks/[root-of-the-server]__1jlk8z1._.js:2:53551)\n    at fetch (/Users/ofir/kenyonexpress-autopilot/.next/server/chunks/[root-of-the-server]__1jlk8z1._.js:2:84044)\n    at /Users/ofir/kenyonexpress-autopilot/.next/server/chun","digest":"HANGING_PROMISE_REJECTION"}}
{"ts":"2026-10-07T14:21:54.563Z","level":"error","event":"db.query_failed","request_id":null,"method":"GET","target":"products","duration_ms":0,"err":{"name":"Error","message":"During prerendering, fetch() rejects when the prerender is complete. Typically these errors are handled by React but if you move fetch() to a different context by using `setTimeout`, `after`, or similar functions you may observe this error and you should handle it in that context. This occurred at route \"/product/[slug]\".","stack":"Error: During prerendering, fetch() rejects when the prerender is complete. Typically these errors are handled by React but if you move fetch() to a different context by using `setTimeout`, `after`, or similar functions you may observe this error and you should handle it in that context. This occurred at route \"/product/[slug]\".\n    at eu (/Users/ofir/kenyonexpress-autopilot/.next/server/chunks/[root-of-the-server]__1jlk8z1._.js:2:58687)\n    at /Users/ofir/kenyonexpress-autopilot/.next/server/chunks/[root-of-the-server]__1jlk8z1._.js:2:87004\n    at /Users/ofir/kenyonexpress-autopilot/.next/server/chunks/[root-of-the-server]__1jlk8z1._.js:2:54057\n    at /Users/ofir/kenyonexpress-autopilot/.next/server/chunks/[root-of-the-server]__1jlk8z1._.js:2:54347\n    at Object.with (/Users/ofir/kenyonexpress-autopilot/.next/server/chunks/[root-of-the-server]__1jlk8z1._.js:2:4124)\n    at S.with (/Users/ofir/kenyonexpress-autopilot/.next/server/chunks/[root-of-the-server]__1jlk8z1._.js:2:4450)\n    at G.startActiveSpan (/Users/ofir/kenyonexpress-autopilot/.next/server/chunks/[root-of-the-server]__1jlk8z1._.js:2:6806)\n    at H.startActiveSpan (/Users/ofir/kenyonexpress-autopilot/.next/server/chunks/[root-of-the-server]__1jlk8z1._.js:2:7045)\n    at e.runWithActiveSpan (/Users/ofir/kenyonexpress-autopilot/.next/server/chunks/[root-of-the-server]__1jlk8z1._.js:2:54324)\n    at /Users/ofir/kenyonexpress-autopilot/.next/server/chunks/[root-of-the-server]__1jlk8z1._.js:2:53577\n    at Object.with (/Users/ofir/kenyonexpress-autopilot/.next/server/chunks/[root-of-the-server]__1jlk8z1._.js:2:4124)\n    at S.with (/Users/ofir/kenyonexpress-autopilot/.next/server/chunks/[root-of-the-server]__1jlk8z1._.js:2:4450)\n    at e.trace (/Users/ofir/kenyonexpress-autopilot/.next/server/chunks/[root-of-the-server]__1jlk8z1._.js:2:53551)\n    at fetch (/Users/ofir/kenyonexpress-autopilot/.next/server/chunks/[root-of-the-server]__1jlk8z1._.js:2:84044)\n    at /Users/ofir/kenyonexpress-autopilot/.next/server/chun","digest":"HANGING_PROMISE_REJECTION"}}
{"ts":"2026-10-07T14:21:54.588Z","level":"error","event":"db.query_failed","request_id":null,"method":"GET","target":"products","duration_ms":0,"err":{"name":"Error","message":"During prerendering, fetch() rejects when the prerender is complete. Typically these errors are handled by React but if you move fetch() to a different context by using `setTimeout`, `after`, or similar functions you may observe this error and you should handle it in that context. This occurred at route \"/product/[slug]\".","stack":"Error: During prerendering, fetch() rejects when the prerender is complete. Typically these errors are handled by React but if you move fetch() to a different context by using `setTimeout`, `after`, or similar functions you may observe this error and you should handle it in that context. This occurred at route \"/product/[slug]\".\n    at eu (/Users/ofir/kenyonexpress-autopilot/.next/server/chunks/[root-of-the-server]__1jlk8z1._.js:2:58687)\n    at /Users/ofir/kenyonexpress-autopilot/.next/server/chunks/[root-of-the-server]__1jlk8z1._.js:2:87004\n    at /Users/ofir/kenyonexpress-autopilot/.next/server/chunks/[root-of-the-server]__1jlk8z1._.js:2:54057\n    at /Users/ofir/kenyonexpress-autopilot/.next/server/chunks/[root-of-the-server]__1jlk8z1._.js:2:54347\n    at Object.with (/Users/ofir/kenyonexpress-autopilot/.next/server/chunks/[root-of-the-server]__1jlk8z1._.js:2:4124)\n    at S.with (/Users/ofir/kenyonexpress-autopilot/.next/server/chunks/[root-of-the-server]__1jlk8z1._.js:2:4450)\n    at G.startActiveSpan (/Users/ofir/kenyonexpress-autopilot/.next/server/chunks/[root-of-the-server]__1jlk8z1._.js:2:6806)\n    at H.startActiveSpan (/Users/ofir/kenyonexpress-autopilot/.next/server/chunks/[root-of-the-server]__1jlk8z1._.js:2:7045)\n    at e.runWithActiveSpan (/Users/ofir/kenyonexpress-autopilot/.next/server/chunks/[root-of-the-server]__1jlk8z1._.js:2:54324)\n    at /Users/ofir/kenyonexpress-autopilot/.next/server/chunks/[root-of-the-server]__1jlk8z1._.js:2:53577\n    at Object.with (/Users/ofir/kenyonexpress-autopilot/.next/server/chunks/[root-of-the-server]__1jlk8z1._.js:2:4124)\n    at S.with (/Users/ofir/kenyonexpress-autopilot/.next/server/chunks/[root-of-the-server]__1jlk8z1._.js:2:4450)\n    at e.trace (/Users/ofir/kenyonexpress-autopilot/.next/server/chunks/[root-of-the-server]__1jlk8z1._.js:2:53551)\n    at fetch (/Users/ofir/kenyonexpress-autopilot/.next/server/chunks/[root-of-the-server]__1jlk8z1._.js:2:84044)\n    at /Users/ofir/kenyonexpress-autopilot/.next/server/chun","digest":"HANGING_PROMISE_REJECTION"}}
{"ts":"2026-10-07T14:21:54.588Z","level":"warn","event":"stock.available_read_failed","request_id":null,"productId":"adc894ba-083b-41e0-85b9-68abd04adc41","reason":"Error: During prerendering, fetch() rejects when the prerender is complete. Typically these errors are handled by React but if you move fetch() to a different context by using `setTimeout`, `after`, or similar functions you may observe this error and you should handle it in that context. This occurred at route \"/product/[slug]\"."}
{"ts":"2026-10-07T14:21:54.884Z","level":"warn","event":"db.query_slow","request_id":null,"method":"GET","target":"products","status":200,"duration_ms":3253,"threshold_ms":300}
{"ts":"2026-10-07T14:21:54.886Z","level":"error","event":"db.query_failed","request_id":null,"method":"GET","target":"products","duration_ms":1,"err":{"name":"Error","message":"During prerendering, fetch() rejects when the prerender is complete. Typically these errors are handled by React but if you move fetch() to a different context by using `setTimeout`, `after`, or similar functions you may observe this error and you should handle it in that context. This occurred at route \"/coupon/[slug]\".","stack":"Error: During prerendering, fetch() rejects when the prerender is complete. Typically these errors are handled by React but if you move fetch() to a different context by using `setTimeout`, `after`, or similar functions you may observe this error and you should handle it in that context. This occurred at route \"/coupon/[slug]\".\n    at /Users/ofir/kenyonexpress-autopilot/.next/server/chunks/ssr/[root-of-the-server]__1_aa14n._.js:2:23832\n    at /Users/ofir/kenyonexpress-autopilot/.next/server/chunks/ssr/[root-of-the-server]__1_aa14n._.js:11:48366\n    at /Users/ofir/kenyonexpress-autopilot/.next/server/chunks/ssr/[root-of-the-server]__1_aa14n._.js:11:66894\n    at /Users/ofir/kenyonexpress-autopilot/.next/server/chunks/ssr/[root-of-the-server]__1_aa14n._.js:11:67121\n    at Object.with (/Users/ofir/kenyonexpress-autopilot/.next/server/chunks/ssr/0sj1_@opentelemetry_api_build_esm_1_uv6rc._.js:2:3907)\n    at v.with (/Users/ofir/kenyonexpress-autopilot/.next/server/chunks/ssr/0sj1_@opentelemetry_api_build_esm_1_uv6rc._.js:2:4233)\n    at P.startActiveSpan (/Users/ofir/kenyonexpress-autopilot/.next/server/chunks/ssr/0sj1_@opentelemetry_api_build_esm_1_uv6rc._.js:2:6588)\n    at R.startActiveSpan (/Users/ofir/kenyonexpress-autopilot/.next/server/chunks/ssr/0sj1_@opentelemetry_api_build_esm_1_uv6rc._.js:2:6827)\n    at a.runWithActiveSpan (/Users/ofir/kenyonexpress-autopilot/.next/server/chunks/ssr/[root-of-the-server]__1_aa14n._.js:11:67098)\n    at /Users/ofir/kenyonexpress-autopilot/.next/server/chunks/ssr/[root-of-the-server]__1_aa14n._.js:11:66397\n    at Object.with (/Users/ofir/kenyonexpress-autopilot/.next/server/chunks/ssr/0sj1_@opentelemetry_api_build_esm_1_uv6rc._.js:2:3907)\n    at v.with (/Users/ofir/kenyonexpress-autopilot/.next/server/chunks/ssr/0sj1_@opentelemetry_api_build_esm_1_uv6rc._.js:2:4233)\n    at a.trace (/Users/ofir/kenyonexpress-autopilot/.next/server/chunks/ssr/[root-of-the-server]__1_aa14n._.js:11:66371)\n    at fetch (/Users/ofir/kenyonexpress-autopilot/","digest":"HANGING_PROMISE_REJECTION"}}
{"ts":"2026-10-07T14:21:54.887Z","level":"error","event":"db.query_failed","request_id":null,"method":"GET","target":"products","duration_ms":0,"err":{"name":"Error","message":"During prerendering, fetch() rejects when the prerender is complete. Typically these errors are handled by React but if you move fetch() to a different context by using `setTimeout`, `after`, or similar functions you may observe this error and you should handle it in that context. This occurred at route \"/coupon/[slug]\".","stack":"Error: During prerendering, fetch() rejects when the prerender is complete. Typically these errors are handled by React but if you move fetch() to a different context by using `setTimeout`, `after`, or similar functions you may observe this error and you should handle it in that context. This occurred at route \"/coupon/[slug]\".\n    at /Users/ofir/kenyonexpress-autopilot/.next/server/chunks/ssr/[root-of-the-server]__1_aa14n._.js:2:23832\n    at /Users/ofir/kenyonexpress-autopilot/.next/server/chunks/ssr/[root-of-the-server]__1_aa14n._.js:11:48366\n    at /Users/ofir/kenyonexpress-autopilot/.next/server/chunks/ssr/[root-of-the-server]__1_aa14n._.js:11:66894\n    at /Users/ofir/kenyonexpress-autopilot/.next/server/chunks/ssr/[root-of-the-server]__1_aa14n._.js:11:67121\n    at Object.with (/Users/ofir/kenyonexpress-autopilot/.next/server/chunks/ssr/0sj1_@opentelemetry_api_build_esm_1_uv6rc._.js:2:3907)\n    at v.with (/Users/ofir/kenyonexpress-autopilot/.next/server/chunks/ssr/0sj1_@opentelemetry_api_build_esm_1_uv6rc._.js:2:4233)\n    at P.startActiveSpan (/Users/ofir/kenyonexpress-autopilot/.next/server/chunks/ssr/0sj1_@opentelemetry_api_build_esm_1_uv6rc._.js:2:6588)\n    at R.startActiveSpan (/Users/ofir/kenyonexpress-autopilot/.next/server/chunks/ssr/0sj1_@opentelemetry_api_build_esm_1_uv6rc._.js:2:6827)\n    at a.runWithActiveSpan (/Users/ofir/kenyonexpress-autopilot/.next/server/chunks/ssr/[root-of-the-server]__1_aa14n._.js:11:67098)\n    at /Users/ofir/kenyonexpress-autopilot/.next/server/chunks/ssr/[root-of-the-server]__1_aa14n._.js:11:66397\n    at Object.with (/Users/ofir/kenyonexpress-autopilot/.next/server/chunks/ssr/0sj1_@opentelemetry_api_build_esm_1_uv6rc._.js:2:3907)\n    at v.with (/Users/ofir/kenyonexpress-autopilot/.next/server/chunks/ssr/0sj1_@opentelemetry_api_build_esm_1_uv6rc._.js:2:4233)\n    at a.trace (/Users/ofir/kenyonexpress-autopilot/.next/server/chunks/ssr/[root-of-the-server]__1_aa14n._.js:11:66371)\n    at fetch (/Users/ofir/kenyonexpress-autopilot/","digest":"HANGING_PROMISE_REJECTION"}}
{"ts":"2026-10-07T14:21:55.016Z","level":"error","event":"db.query_failed","request_id":null,"method":"GET","target":"products","duration_ms":0,"err":{"name":"Error","message":"During prerendering, fetch() rejects when the prerender is complete. Typically these errors are handled by React but if you move fetch() to a different context by using `setTimeout`, `after`, or similar functions you may observe this error and you should handle it in that context. This occurred at route \"/product/[slug]\".","stack":"Error: During prerendering, fetch() rejects when the prerender is complete. Typically these errors are handled by React but if you move fetch() to a different context by using `setTimeout`, `after`, or similar functions you may observe this error and you should handle it in that context. This occurred at route \"/product/[slug]\".\n    at eu (/Users/ofir/kenyonexpress-autopilot/.next/server/chunks/[root-of-the-server]__1jlk8z1._.js:2:58687)\n    at /Users/ofir/kenyonexpress-autopilot/.next/server/chunks/[root-of-the-server]__1jlk8z1._.js:2:87004\n    at /Users/ofir/kenyonexpress-autopilot/.next/server/chunks/[root-of-the-server]__1jlk8z1._.js:2:54057\n    at /Users/ofir/kenyonexpress-autopilot/.next/server/chunks/[root-of-the-server]__1jlk8z1._.js:2:54347\n    at Object.with (/Users/ofir/kenyonexpress-autopilot/.next/server/chunks/[root-of-the-server]__1jlk8z1._.js:2:4124)\n    at S.with (/Users/ofir/kenyonexpress-autopilot/.next/server/chunks/[root-of-the-server]__1jlk8z1._.js:2:4450)\n    at G.startActiveSpan (/Users/ofir/kenyonexpress-autopilot/.next/server/chunks/[root-of-the-server]__1jlk8z1._.js:2:6806)\n    at H.startActiveSpan (/Users/ofir/kenyonexpress-autopilot/.next/server/chunks/[root-of-the-server]__1jlk8z1._.js:2:7045)\n    at e.runWithActiveSpan (/Users/ofir/kenyonexpress-autopilot/.next/server/chunks/[root-of-the-server]__1jlk8z1._.js:2:54324)\n    at /Users/ofir/kenyonexpress-autopilot/.next/server/chunks/[root-of-the-server]__1jlk8z1._.js:2:53577\n    at Object.with (/Users/ofir/kenyonexpress-autopilot/.next/server/chunks/[root-of-the-server]__1jlk8z1._.js:2:4124)\n    at S.with (/Users/ofir/kenyonexpress-autopilot/.next/server/chunks/[root-of-the-server]__1jlk8z1._.js:2:4450)\n    at e.trace (/Users/ofir/kenyonexpress-autopilot/.next/server/chunks/[root-of-the-server]__1jlk8z1._.js:2:53551)\n    at fetch (/Users/ofir/kenyonexpress-autopilot/.next/server/chunks/[root-of-the-server]__1jlk8z1._.js:2:84044)\n    at /Users/ofir/kenyonexpress-autopilot/.next/server/chun","digest":"HANGING_PROMISE_REJECTION"}}
{"ts":"2026-10-07T14:21:55.016Z","level":"warn","event":"stock.available_read_failed","request_id":null,"productId":"413efed9-66b7-4aa6-b6c7-2835d918be04","reason":"Error: During prerendering, fetch() rejects when the prerender is complete. Typically these errors are handled by React but if you move fetch() to a different context by using `setTimeout`, `after`, or similar functions you may observe this error and you should handle it in that context. This occurred at route \"/product/[slug]\"."}
{"ts":"2026-10-07T14:21:55.034Z","level":"error","event":"db.query_failed","request_id":null,"method":"GET","target":"products","duration_ms":0,"err":{"name":"Error","message":"During prerendering, fetch() rejects when the prerender is complete. Typically these errors are handled by React but if you move fetch() to a different context by using `setTimeout`, `after`, or similar functions you may observe this error and you should handle it in that context. This occurred at route \"/product/[slug]\".","stack":"Error: During prerendering, fetch() rejects when the prerender is complete. Typically these errors are handled by React but if you move fetch() to a different context by using `setTimeout`, `after`, or similar functions you may observe this error and you should handle it in that context. This occurred at route \"/product/[slug]\".\n    at eu (/Users/ofir/kenyonexpress-autopilot/.next/server/chunks/[root-of-the-server]__1jlk8z1._.js:2:58687)\n    at /Users/ofir/kenyonexpress-autopilot/.next/server/chunks/[root-of-the-server]__1jlk8z1._.js:2:87004\n    at /Users/ofir/kenyonexpress-autopilot/.next/server/chunks/[root-of-the-server]__1jlk8z1._.js:2:54057\n    at /Users/ofir/kenyonexpress-autopilot/.next/server/chunks/[root-of-the-server]__1jlk8z1._.js:2:54347\n    at Object.with (/Users/ofir/kenyonexpress-autopilot/.next/server/chunks/[root-of-the-server]__1jlk8z1._.js:2:4124)\n    at S.with (/Users/ofir/kenyonexpress-autopilot/.next/server/chunks/[root-of-the-server]__1jlk8z1._.js:2:4450)\n    at G.startActiveSpan (/Users/ofir/kenyonexpress-autopilot/.next/server/chunks/[root-of-the-server]__1jlk8z1._.js:2:6806)\n    at H.startActiveSpan (/Users/ofir/kenyonexpress-autopilot/.next/server/chunks/[root-of-the-server]__1jlk8z1._.js:2:7045)\n    at e.runWithActiveSpan (/Users/ofir/kenyonexpress-autopilot/.next/server/chunks/[root-of-the-server]__1jlk8z1._.js:2:54324)\n    at /Users/ofir/kenyonexpress-autopilot/.next/server/chunks/[root-of-the-server]__1jlk8z1._.js:2:53577\n    at Object.with (/Users/ofir/kenyonexpress-autopilot/.next/server/chunks/[root-of-the-server]__1jlk8z1._.js:2:4124)\n    at S.with (/Users/ofir/kenyonexpress-autopilot/.next/server/chunks/[root-of-the-server]__1jlk8z1._.js:2:4450)\n    at e.trace (/Users/ofir/kenyonexpress-autopilot/.next/server/chunks/[root-of-the-server]__1jlk8z1._.js:2:53551)\n    at fetch (/Users/ofir/kenyonexpress-autopilot/.next/server/chunks/[root-of-the-server]__1jlk8z1._.js:2:84044)\n    at /Users/ofir/kenyonexpress-autopilot/.next/server/chun","digest":"HANGING_PROMISE_REJECTION"}}
{"ts":"2026-10-07T14:21:55.034Z","level":"warn","event":"stock.available_read_failed","request_id":null,"productId":"413efed9-66b7-4aa6-b6c7-2835d918be04","reason":"Error: During prerendering, fetch() rejects when the prerender is complete. Typically these errors are handled by React but if you move fetch() to a different context by using `setTimeout`, `after`, or similar functions you may observe this error and you should handle it in that context. This occurred at route \"/product/[slug]\"."}
{"ts":"2026-10-07T14:21:55.106Z","level":"error","event":"db.query_failed","request_id":null,"method":"GET","target":"v_banners_live","duration_ms":0,"err":{"name":"Error","message":"During prerendering, fetch() rejects when the prerender is complete. Typically these errors are handled by React but if you move fetch() to a different context by using `setTimeout`, `after`, or similar functions you may observe this error and you should handle it in that context. This occurred at route \"/\".","stack":"Error: During prerendering, fetch() rejects when the prerender is complete. Typically these errors are handled by React but if you move fetch() to a different context by using `setTimeout`, `after`, or similar functions you may observe this error and you should handle it in that context. This occurred at route \"/\".\n    at /Users/ofir/kenyonexpress-autopilot/.next/server/chunks/ssr/[root-of-the-server]__1_aa14n._.js:2:23832\n    at /Users/ofir/kenyonexpress-autopilot/.next/server/chunks/ssr/[root-of-the-server]__1_aa14n._.js:11:48366\n    at /Users/ofir/kenyonexpress-autopilot/.next/server/chunks/ssr/[root-of-the-server]__1_aa14n._.js:11:66894\n    at /Users/ofir/kenyonexpress-autopilot/.next/server/chunks/ssr/[root-of-the-server]__1_aa14n._.js:11:67121\n    at Object.with (/Users/ofir/kenyonexpress-autopilot/.next/server/chunks/ssr/0sj1_@opentelemetry_api_build_esm_1_uv6rc._.js:2:3907)\n    at v.with (/Users/ofir/kenyonexpress-autopilot/.next/server/chunks/ssr/0sj1_@opentelemetry_api_build_esm_1_uv6rc._.js:2:4233)\n    at P.startActiveSpan (/Users/ofir/kenyonexpress-autopilot/.next/server/chunks/ssr/0sj1_@opentelemetry_api_build_esm_1_uv6rc._.js:2:6588)\n    at R.startActiveSpan (/Users/ofir/kenyonexpress-autopilot/.next/server/chunks/ssr/0sj1_@opentelemetry_api_build_esm_1_uv6rc._.js:2:6827)\n    at a.runWithActiveSpan (/Users/ofir/kenyonexpress-autopilot/.next/server/chunks/ssr/[root-of-the-server]__1_aa14n._.js:11:67098)\n    at /Users/ofir/kenyonexpress-autopilot/.next/server/chunks/ssr/[root-of-the-server]__1_aa14n._.js:11:66397\n    at Object.with (/Users/ofir/kenyonexpress-autopilot/.next/server/chunks/ssr/0sj1_@opentelemetry_api_build_esm_1_uv6rc._.js:2:3907)\n    at v.with (/Users/ofir/kenyonexpress-autopilot/.next/server/chunks/ssr/0sj1_@opentelemetry_api_build_esm_1_uv6rc._.js:2:4233)\n    at a.trace (/Users/ofir/kenyonexpress-autopilot/.next/server/chunks/ssr/[root-of-the-server]__1_aa14n._.js:11:66371)\n    at fetch (/Users/ofir/kenyonexpress-autopilot/.next/server/","digest":"HANGING_PROMISE_REJECTION"}}
{"ts":"2026-10-07T14:21:55.107Z","level":"error","event":"db.query_failed","request_id":null,"method":"GET","target":"v_homepage_sections_live","duration_ms":0,"err":{"name":"Error","message":"During prerendering, fetch() rejects when the prerender is complete. Typically these errors are handled by React but if you move fetch() to a different context by using `setTimeout`, `after`, or similar functions you may observe this error and you should handle it in that context. This occurred at route \"/\".","stack":"Error: During prerendering, fetch() rejects when the prerender is complete. Typically these errors are handled by React but if you move fetch() to a different context by using `setTimeout`, `after`, or similar functions you may observe this error and you should handle it in that context. This occurred at route \"/\".\n    at /Users/ofir/kenyonexpress-autopilot/.next/server/chunks/ssr/[root-of-the-server]__1_aa14n._.js:2:23832\n    at /Users/ofir/kenyonexpress-autopilot/.next/server/chunks/ssr/[root-of-the-server]__1_aa14n._.js:11:48366\n    at /Users/ofir/kenyonexpress-autopilot/.next/server/chunks/ssr/[root-of-the-server]__1_aa14n._.js:11:66894\n    at /Users/ofir/kenyonexpress-autopilot/.next/server/chunks/ssr/[root-of-the-server]__1_aa14n._.js:11:67121\n    at Object.with (/Users/ofir/kenyonexpress-autopilot/.next/server/chunks/ssr/0sj1_@opentelemetry_api_build_esm_1_uv6rc._.js:2:3907)\n    at v.with (/Users/ofir/kenyonexpress-autopilot/.next/server/chunks/ssr/0sj1_@opentelemetry_api_build_esm_1_uv6rc._.js:2:4233)\n    at P.startActiveSpan (/Users/ofir/kenyonexpress-autopilot/.next/server/chunks/ssr/0sj1_@opentelemetry_api_build_esm_1_uv6rc._.js:2:6588)\n    at R.startActiveSpan (/Users/ofir/kenyonexpress-autopilot/.next/server/chunks/ssr/0sj1_@opentelemetry_api_build_esm_1_uv6rc._.js:2:6827)\n    at a.runWithActiveSpan (/Users/ofir/kenyonexpress-autopilot/.next/server/chunks/ssr/[root-of-the-server]__1_aa14n._.js:11:67098)\n    at /Users/ofir/kenyonexpress-autopilot/.next/server/chunks/ssr/[root-of-the-server]__1_aa14n._.js:11:66397\n    at Object.with (/Users/ofir/kenyonexpress-autopilot/.next/server/chunks/ssr/0sj1_@opentelemetry_api_build_esm_1_uv6rc._.js:2:3907)\n    at v.with (/Users/ofir/kenyonexpress-autopilot/.next/server/chunks/ssr/0sj1_@opentelemetry_api_build_esm_1_uv6rc._.js:2:4233)\n    at a.trace (/Users/ofir/kenyonexpress-autopilot/.next/server/chunks/ssr/[root-of-the-server]__1_aa14n._.js:11:66371)\n    at fetch (/Users/ofir/kenyonexpress-autopilot/.next/server/","digest":"HANGING_PROMISE_REJECTION"}}
{"ts":"2026-10-07T14:21:55.146Z","level":"error","event":"db.query_failed","request_id":null,"method":"GET","target":"products","duration_ms":0,"err":{"name":"Error","message":"During prerendering, fetch() rejects when the prerender is complete. Typically these errors are handled by React but if you move fetch() to a different context by using `setTimeout`, `after`, or similar functions you may observe this error and you should handle it in that context. This occurred at route \"/coupon/[slug]\".","stack":"Error: During prerendering, fetch() rejects when the prerender is complete. Typically these errors are handled by React but if you move fetch() to a different context by using `setTimeout`, `after`, or similar functions you may observe this error and you should handle it in that context. This occurred at route \"/coupon/[slug]\".\n    at /Users/ofir/kenyonexpress-autopilot/.next/server/chunks/ssr/[root-of-the-server]__1_aa14n._.js:2:23832\n    at /Users/ofir/kenyonexpress-autopilot/.next/server/chunks/ssr/[root-of-the-server]__1_aa14n._.js:11:48366\n    at /Users/ofir/kenyonexpress-autopilot/.next/server/chunks/ssr/[root-of-the-server]__1_aa14n._.js:11:66894\n    at /Users/ofir/kenyonexpress-autopilot/.next/server/chunks/ssr/[root-of-the-server]__1_aa14n._.js:11:67121\n    at Object.with (/Users/ofir/kenyonexpress-autopilot/.next/server/chunks/ssr/0sj1_@opentelemetry_api_build_esm_1_uv6rc._.js:2:3907)\n    at v.with (/Users/ofir/kenyonexpress-autopilot/.next/server/chunks/ssr/0sj1_@opentelemetry_api_build_esm_1_uv6rc._.js:2:4233)\n    at P.startActiveSpan (/Users/ofir/kenyonexpress-autopilot/.next/server/chunks/ssr/0sj1_@opentelemetry_api_build_esm_1_uv6rc._.js:2:6588)\n    at R.startActiveSpan (/Users/ofir/kenyonexpress-autopilot/.next/server/chunks/ssr/0sj1_@opentelemetry_api_build_esm_1_uv6rc._.js:2:6827)\n    at a.runWithActiveSpan (/Users/ofir/kenyonexpress-autopilot/.next/server/chunks/ssr/[root-of-the-server]__1_aa14n._.js:11:67098)\n    at /Users/ofir/kenyonexpress-autopilot/.next/server/chunks/ssr/[root-of-the-server]__1_aa14n._.js:11:66397\n    at Object.with (/Users/ofir/kenyonexpress-autopilot/.next/server/chunks/ssr/0sj1_@opentelemetry_api_build_esm_1_uv6rc._.js:2:3907)\n    at v.with (/Users/ofir/kenyonexpress-autopilot/.next/server/chunks/ssr/0sj1_@opentelemetry_api_build_esm_1_uv6rc._.js:2:4233)\n    at a.trace (/Users/ofir/kenyonexpress-autopilot/.next/server/chunks/ssr/[root-of-the-server]__1_aa14n._.js:11:66371)\n    at fetch (/Users/ofir/kenyonexpress-autopilot/","digest":"HANGING_PROMISE_REJECTION"}}
{"ts":"2026-10-07T14:21:55.154Z","level":"error","event":"supabase.timeout","request_id":null,"timeoutMs":10000,"url":"https://ixvwfbuvfxxsjiywhbbb.supabase.co/rest/v1/categories"}
{"ts":"2026-10-07T14:21:55.155Z","level":"error","event":"db.query_failed","request_id":null,"method":"GET","target":"v_banners_live","duration_ms":0,"err":{"name":"Error","message":"During prerendering, fetch() rejects when the prerender is complete. Typically these errors are handled by React but if you move fetch() to a different context by using `setTimeout`, `after`, or similar functions you may observe this error and you should handle it in that context. This occurred at route \"/\".","stack":"Error: During prerendering, fetch() rejects when the prerender is complete. Typically these errors are handled by React but if you move fetch() to a different context by using `setTimeout`, `after`, or similar functions you may observe this error and you should handle it in that context. This occurred at route \"/\".\n    at /Users/ofir/kenyonexpress-autopilot/.next/server/chunks/ssr/[root-of-the-server]__1_aa14n._.js:2:23832\n    at /Users/ofir/kenyonexpress-autopilot/.next/server/chunks/ssr/[root-of-the-server]__1_aa14n._.js:11:48366\n    at /Users/ofir/kenyonexpress-autopilot/.next/server/chunks/ssr/[root-of-the-server]__1_aa14n._.js:11:66894\n    at /Users/ofir/kenyonexpress-autopilot/.next/server/chunks/ssr/[root-of-the-server]__1_aa14n._.js:11:67121\n    at Object.with (/Users/ofir/kenyonexpress-autopilot/.next/server/chunks/ssr/0sj1_@opentelemetry_api_build_esm_1_uv6rc._.js:2:3907)\n    at v.with (/Users/ofir/kenyonexpress-autopilot/.next/server/chunks/ssr/0sj1_@opentelemetry_api_build_esm_1_uv6rc._.js:2:4233)\n    at P.startActiveSpan (/Users/ofir/kenyonexpress-autopilot/.next/server/chunks/ssr/0sj1_@opentelemetry_api_build_esm_1_uv6rc._.js:2:6588)\n    at R.startActiveSpan (/Users/ofir/kenyonexpress-autopilot/.next/server/chunks/ssr/0sj1_@opentelemetry_api_build_esm_1_uv6rc._.js:2:6827)\n    at a.runWithActiveSpan (/Users/ofir/kenyonexpress-autopilot/.next/server/chunks/ssr/[root-of-the-server]__1_aa14n._.js:11:67098)\n    at /Users/ofir/kenyonexpress-autopilot/.next/server/chunks/ssr/[root-of-the-server]__1_aa14n._.js:11:66397\n    at Object.with (/Users/ofir/kenyonexpress-autopilot/.next/server/chunks/ssr/0sj1_@opentelemetry_api_build_esm_1_uv6rc._.js:2:3907)\n    at v.with (/Users/ofir/kenyonexpress-autopilot/.next/server/chunks/ssr/0sj1_@opentelemetry_api_build_esm_1_uv6rc._.js:2:4233)\n    at a.trace (/Users/ofir/kenyonexpress-autopilot/.next/server/chunks/ssr/[root-of-the-server]__1_aa14n._.js:11:66371)\n    at fetch (/Users/ofir/kenyonexpress-autopilot/.next/server/","digest":"HANGING_PROMISE_REJECTION"}}
{"ts":"2026-10-07T14:21:55.156Z","level":"error","event":"db.query_failed","request_id":null,"method":"GET","target":"v_homepage_sections_live","duration_ms":0,"err":{"name":"Error","message":"During prerendering, fetch() rejects when the prerender is complete. Typically these errors are handled by React but if you move fetch() to a different context by using `setTimeout`, `after`, or similar functions you may observe this error and you should handle it in that context. This occurred at route \"/\".","stack":"Error: During prerendering, fetch() rejects when the prerender is complete. Typically these errors are handled by React but if you move fetch() to a different context by using `setTimeout`, `after`, or similar functions you may observe this error and you should handle it in that context. This occurred at route \"/\".\n    at /Users/ofir/kenyonexpress-autopilot/.next/server/chunks/ssr/[root-of-the-server]__1_aa14n._.js:2:23832\n    at /Users/ofir/kenyonexpress-autopilot/.next/server/chunks/ssr/[root-of-the-server]__1_aa14n._.js:11:48366\n    at /Users/ofir/kenyonexpress-autopilot/.next/server/chunks/ssr/[root-of-the-server]__1_aa14n._.js:11:66894\n    at /Users/ofir/kenyonexpress-autopilot/.next/server/chunks/ssr/[root-of-the-server]__1_aa14n._.js:11:67121\n    at Object.with (/Users/ofir/kenyonexpress-autopilot/.next/server/chunks/ssr/0sj1_@opentelemetry_api_build_esm_1_uv6rc._.js:2:3907)\n    at v.with (/Users/ofir/kenyonexpress-autopilot/.next/server/chunks/ssr/0sj1_@opentelemetry_api_build_esm_1_uv6rc._.js:2:4233)\n    at P.startActiveSpan (/Users/ofir/kenyonexpress-autopilot/.next/server/chunks/ssr/0sj1_@opentelemetry_api_build_esm_1_uv6rc._.js:2:6588)\n    at R.startActiveSpan (/Users/ofir/kenyonexpress-autopilot/.next/server/chunks/ssr/0sj1_@opentelemetry_api_build_esm_1_uv6rc._.js:2:6827)\n    at a.runWithActiveSpan (/Users/ofir/kenyonexpress-autopilot/.next/server/chunks/ssr/[root-of-the-server]__1_aa14n._.js:11:67098)\n    at /Users/ofir/kenyonexpress-autopilot/.next/server/chunks/ssr/[root-of-the-server]__1_aa14n._.js:11:66397\n    at Object.with (/Users/ofir/kenyonexpress-autopilot/.next/server/chunks/ssr/0sj1_@opentelemetry_api_build_esm_1_uv6rc._.js:2:3907)\n    at v.with (/Users/ofir/kenyonexpress-autopilot/.next/server/chunks/ssr/0sj1_@opentelemetry_api_build_esm_1_uv6rc._.js:2:4233)\n    at a.trace (/Users/ofir/kenyonexpress-autopilot/.next/server/chunks/ssr/[root-of-the-server]__1_aa14n._.js:11:66371)\n    at fetch (/Users/ofir/kenyonexpress-autopilot/.next/server/","digest":"HANGING_PROMISE_REJECTION"}}
{"ts":"2026-10-07T14:21:55.159Z","level":"error","event":"supabase.timeout","request_id":null,"timeoutMs":10000,"url":"https://ixvwfbuvfxxsjiywhbbb.supabase.co/rest/v1/categories"}
{"ts":"2026-10-07T14:21:55.168Z","level":"error","event":"db.query_failed","request_id":null,"method":"GET","target":"products","duration_ms":0,"err":{"name":"Error","message":"During prerendering, fetch() rejects when the prerender is complete. Typically these errors are handled by React but if you move fetch() to a different context by using `setTimeout`, `after`, or similar functions you may observe this error and you should handle it in that context. This occurred at route \"/coupon/[slug]\".","stack":"Error: During prerendering, fetch() rejects when the prerender is complete. Typically these errors are handled by React but if you move fetch() to a different context by using `setTimeout`, `after`, or similar functions you may observe this error and you should handle it in that context. This occurred at route \"/coupon/[slug]\".\n    at /Users/ofir/kenyonexpress-autopilot/.next/server/chunks/ssr/[root-of-the-server]__1_aa14n._.js:2:23832\n    at /Users/ofir/kenyonexpress-autopilot/.next/server/chunks/ssr/[root-of-the-server]__1_aa14n._.js:11:48366\n    at /Users/ofir/kenyonexpress-autopilot/.next/server/chunks/ssr/[root-of-the-server]__1_aa14n._.js:11:66894\n    at /Users/ofir/kenyonexpress-autopilot/.next/server/chunks/ssr/[root-of-the-server]__1_aa14n._.js:11:67121\n    at Object.with (/Users/ofir/kenyonexpress-autopilot/.next/server/chunks/ssr/0sj1_@opentelemetry_api_build_esm_1_uv6rc._.js:2:3907)\n    at v.with (/Users/ofir/kenyonexpress-autopilot/.next/server/chunks/ssr/0sj1_@opentelemetry_api_build_esm_1_uv6rc._.js:2:4233)\n    at P.startActiveSpan (/Users/ofir/kenyonexpress-autopilot/.next/server/chunks/ssr/0sj1_@opentelemetry_api_build_esm_1_uv6rc._.js:2:6588)\n    at R.startActiveSpan (/Users/ofir/kenyonexpress-autopilot/.next/server/chunks/ssr/0sj1_@opentelemetry_api_build_esm_1_uv6rc._.js:2:6827)\n    at a.runWithActiveSpan (/Users/ofir/kenyonexpress-autopilot/.next/server/chunks/ssr/[root-of-the-server]__1_aa14n._.js:11:67098)\n    at /Users/ofir/kenyonexpress-autopilot/.next/server/chunks/ssr/[root-of-the-server]__1_aa14n._.js:11:66397\n    at Object.with (/Users/ofir/kenyonexpress-autopilot/.next/server/chunks/ssr/0sj1_@opentelemetry_api_build_esm_1_uv6rc._.js:2:3907)\n    at v.with (/Users/ofir/kenyonexpress-autopilot/.next/server/chunks/ssr/0sj1_@opentelemetry_api_build_esm_1_uv6rc._.js:2:4233)\n    at a.trace (/Users/ofir/kenyonexpress-autopilot/.next/server/chunks/ssr/[root-of-the-server]__1_aa14n._.js:11:66371)\n    at fetch (/Users/ofir/kenyonexpress-autopilot/","digest":"HANGING_PROMISE_REJECTION"}}
{"ts":"2026-10-07T14:21:55.182Z","level":"error","event":"supabase.timeout","request_id":null,"timeoutMs":10000,"url":"https://ixvwfbuvfxxsjiywhbbb.supabase.co/rest/v1/categories"}
{"ts":"2026-10-07T14:21:55.493Z","level":"warn","event":"db.query_slow","request_id":null,"method":"POST","target":"rpc:product_rating_summary","status":404,"duration_ms":1898,"threshold_ms":300}
{"ts":"2026-10-07T14:21:55.494Z","level":"warn","event":"db.query_slow","request_id":null,"method":"GET","target":"products","status":200,"duration_ms":1899,"threshold_ms":300}
{"ts":"2026-10-07T14:21:56.102Z","level":"warn","event":"db.query_slow","request_id":null,"method":"GET","target":"products","status":200,"duration_ms":4453,"threshold_ms":300}
{"ts":"2026-10-07T14:21:56.126Z","level":"warn","event":"db.query_slow","request_id":null,"method":"GET","target":"products","status":200,"duration_ms":4478,"threshold_ms":300}
{"ts":"2026-10-07T14:21:56.193Z","level":"warn","event":"db.query_slow","request_id":null,"method":"GET","target":"product_variants","status":200,"duration_ms":2598,"threshold_ms":300}
{"ts":"2026-10-07T14:21:56.241Z","level":"warn","event":"db.query_slow","request_id":null,"method":"GET","target":"products","status":200,"duration_ms":4595,"threshold_ms":300}
{"ts":"2026-10-07T14:21:56.400Z","level":"warn","event":"db.query_slow","request_id":null,"method":"GET","target":"products","status":200,"duration_ms":4759,"threshold_ms":300}
{"ts":"2026-10-07T14:21:56.498Z","level":"warn","event":"db.query_slow","request_id":null,"method":"GET","target":"products","status":200,"duration_ms":4853,"threshold_ms":300}
{"ts":"2026-10-07T14:21:56.531Z","level":"warn","event":"db.query_slow","request_id":null,"method":"GET","target":"products","status":200,"duration_ms":4889,"threshold_ms":300}
{"ts":"2026-10-07T14:21:56.655Z","level":"warn","event":"db.query_slow","request_id":null,"method":"GET","target":"products","status":200,"duration_ms":3438,"threshold_ms":300}
{"ts":"2026-10-07T14:21:56.663Z","level":"warn","event":"db.query_slow","request_id":null,"method":"GET","target":"media_assets","status":200,"duration_ms":3069,"threshold_ms":300}
{"ts":"2026-10-07T14:21:56.769Z","level":"error","event":"db.query_failed","request_id":null,"method":"GET","target":"products","duration_ms":0,"err":{"name":"Error","message":"During prerendering, fetch() rejects when the prerender is complete. Typically these errors are handled by React but if you move fetch() to a different context by using `setTimeout`, `after`, or similar functions you may observe this error and you should handle it in that context. This occurred at route \"/product/[slug]\".","stack":"Error: During prerendering, fetch() rejects when the prerender is complete. Typically these errors are handled by React but if you move fetch() to a different context by using `setTimeout`, `after`, or similar functions you may observe this error and you should handle it in that context. This occurred at route \"/product/[slug]\".\n    at eu (/Users/ofir/kenyonexpress-autopilot/.next/server/chunks/[root-of-the-server]__1jlk8z1._.js:2:58687)\n    at /Users/ofir/kenyonexpress-autopilot/.next/server/chunks/[root-of-the-server]__1jlk8z1._.js:2:87004\n    at /Users/ofir/kenyonexpress-autopilot/.next/server/chunks/[root-of-the-server]__1jlk8z1._.js:2:54057\n    at /Users/ofir/kenyonexpress-autopilot/.next/server/chunks/[root-of-the-server]__1jlk8z1._.js:2:54347\n    at Object.with (/Users/ofir/kenyonexpress-autopilot/.next/server/chunks/[root-of-the-server]__1jlk8z1._.js:2:4124)\n    at S.with (/Users/ofir/kenyonexpress-autopilot/.next/server/chunks/[root-of-the-server]__1jlk8z1._.js:2:4450)\n    at G.startActiveSpan (/Users/ofir/kenyonexpress-autopilot/.next/server/chunks/[root-of-the-server]__1jlk8z1._.js:2:6806)\n    at H.startActiveSpan (/Users/ofir/kenyonexpress-autopilot/.next/server/chunks/[root-of-the-server]__1jlk8z1._.js:2:7045)\n    at e.runWithActiveSpan (/Users/ofir/kenyonexpress-autopilot/.next/server/chunks/[root-of-the-server]__1jlk8z1._.js:2:54324)\n    at /Users/ofir/kenyonexpress-autopilot/.next/server/chunks/[root-of-the-server]__1jlk8z1._.js:2:53577\n    at Object.with (/Users/ofir/kenyonexpress-autopilot/.next/server/chunks/[root-of-the-server]__1jlk8z1._.js:2:4124)\n    at S.with (/Users/ofir/kenyonexpress-autopilot/.next/server/chunks/[root-of-the-server]__1jlk8z1._.js:2:4450)\n    at e.trace (/Users/ofir/kenyonexpress-autopilot/.next/server/chunks/[root-of-the-server]__1jlk8z1._.js:2:53551)\n    at fetch (/Users/ofir/kenyonexpress-autopilot/.next/server/chunks/[root-of-the-server]__1jlk8z1._.js:2:84044)\n    at /Users/ofir/kenyonexpress-autopilot/.next/server/chun","digest":"HANGING_PROMISE_REJECTION"}}
{"ts":"2026-10-07T14:21:56.770Z","level":"warn","event":"stock.available_read_failed","request_id":null,"productId":"8d395182-96b7-482d-9973-10be134977fb","reason":"Error: During prerendering, fetch() rejects when the prerender is complete. Typically these errors are handled by React but if you move fetch() to a different context by using `setTimeout`, `after`, or similar functions you may observe this error and you should handle it in that context. This occurred at route \"/product/[slug]\"."}
{"ts":"2026-10-07T14:21:56.770Z","level":"error","event":"db.query_failed","request_id":null,"method":"GET","target":"products","duration_ms":0,"err":{"name":"Error","message":"During prerendering, fetch() rejects when the prerender is complete. Typically these errors are handled by React but if you move fetch() to a different context by using `setTimeout`, `after`, or similar functions you may observe this error and you should handle it in that context. This occurred at route \"/product/[slug]\".","stack":"Error: During prerendering, fetch() rejects when the prerender is complete. Typically these errors are handled by React but if you move fetch() to a different context by using `setTimeout`, `after`, or similar functions you may observe this error and you should handle it in that context. This occurred at route \"/product/[slug]\".\n    at eu (/Users/ofir/kenyonexpress-autopilot/.next/server/chunks/[root-of-the-server]__1jlk8z1._.js:2:58687)\n    at /Users/ofir/kenyonexpress-autopilot/.next/server/chunks/[root-of-the-server]__1jlk8z1._.js:2:87004\n    at /Users/ofir/kenyonexpress-autopilot/.next/server/chunks/[root-of-the-server]__1jlk8z1._.js:2:54057\n    at /Users/ofir/kenyonexpress-autopilot/.next/server/chunks/[root-of-the-server]__1jlk8z1._.js:2:54347\n    at Object.with (/Users/ofir/kenyonexpress-autopilot/.next/server/chunks/[root-of-the-server]__1jlk8z1._.js:2:4124)\n    at S.with (/Users/ofir/kenyonexpress-autopilot/.next/server/chunks/[root-of-the-server]__1jlk8z1._.js:2:4450)\n    at G.startActiveSpan (/Users/ofir/kenyonexpress-autopilot/.next/server/chunks/[root-of-the-server]__1jlk8z1._.js:2:6806)\n    at H.startActiveSpan (/Users/ofir/kenyonexpress-autopilot/.next/server/chunks/[root-of-the-server]__1jlk8z1._.js:2:7045)\n    at e.runWithActiveSpan (/Users/ofir/kenyonexpress-autopilot/.next/server/chunks/[root-of-the-server]__1jlk8z1._.js:2:54324)\n    at /Users/ofir/kenyonexpress-autopilot/.next/server/chunks/[root-of-the-server]__1jlk8z1._.js:2:53577\n    at Object.with (/Users/ofir/kenyonexpress-autopilot/.next/server/chunks/[root-of-the-server]__1jlk8z1._.js:2:4124)\n    at S.with (/Users/ofir/kenyonexpress-autopilot/.next/server/chunks/[root-of-the-server]__1jlk8z1._.js:2:4450)\n    at e.trace (/Users/ofir/kenyonexpress-autopilot/.next/server/chunks/[root-of-the-server]__1jlk8z1._.js:2:53551)\n    at fetch (/Users/ofir/kenyonexpress-autopilot/.next/server/chunks/[root-of-the-server]__1jlk8z1._.js:2:84044)\n    at /Users/ofir/kenyonexpress-autopilot/.next/server/chun","digest":"HANGING_PROMISE_REJECTION"}}
{"ts":"2026-10-07T14:21:56.770Z","level":"warn","event":"stock.available_read_failed","request_id":null,"productId":"581e5605-7542-493b-abda-ef9e67ff0028","reason":"Error: During prerendering, fetch() rejects when the prerender is complete. Typically these errors are handled by React but if you move fetch() to a different context by using `setTimeout`, `after`, or similar functions you may observe this error and you should handle it in that context. This occurred at route \"/product/[slug]\"."}
{"ts":"2026-10-07T14:21:56.788Z","level":"warn","event":"db.query_slow","request_id":null,"method":"GET","target":"coupon_deals","status":200,"duration_ms":6560,"threshold_ms":300}
{"ts":"2026-10-07T14:21:56.793Z","level":"error","event":"db.query_failed","request_id":null,"method":"GET","target":"products","duration_ms":0,"err":{"name":"Error","message":"During prerendering, fetch() rejects when the prerender is complete. Typically these errors are handled by React but if you move fetch() to a different context by using `setTimeout`, `after`, or similar functions you may observe this error and you should handle it in that context. This occurred at route \"/product/[slug]\".","stack":"Error: During prerendering, fetch() rejects when the prerender is complete. Typically these errors are handled by React but if you move fetch() to a different context by using `setTimeout`, `after`, or similar functions you may observe this error and you should handle it in that context. This occurred at route \"/product/[slug]\".\n    at eu (/Users/ofir/kenyonexpress-autopilot/.next/server/chunks/[root-of-the-server]__1jlk8z1._.js:2:58687)\n    at /Users/ofir/kenyonexpress-autopilot/.next/server/chunks/[root-of-the-server]__1jlk8z1._.js:2:87004\n    at /Users/ofir/kenyonexpress-autopilot/.next/server/chunks/[root-of-the-server]__1jlk8z1._.js:2:54057\n    at /Users/ofir/kenyonexpress-autopilot/.next/server/chunks/[root-of-the-server]__1jlk8z1._.js:2:54347\n    at Object.with (/Users/ofir/kenyonexpress-autopilot/.next/server/chunks/[root-of-the-server]__1jlk8z1._.js:2:4124)\n    at S.with (/Users/ofir/kenyonexpress-autopilot/.next/server/chunks/[root-of-the-server]__1jlk8z1._.js:2:4450)\n    at G.startActiveSpan (/Users/ofir/kenyonexpress-autopilot/.next/server/chunks/[root-of-the-server]__1jlk8z1._.js:2:6806)\n    at H.startActiveSpan (/Users/ofir/kenyonexpress-autopilot/.next/server/chunks/[root-of-the-server]__1jlk8z1._.js:2:7045)\n    at e.runWithActiveSpan (/Users/ofir/kenyonexpress-autopilot/.next/server/chunks/[root-of-the-server]__1jlk8z1._.js:2:54324)\n    at /Users/ofir/kenyonexpress-autopilot/.next/server/chunks/[root-of-the-server]__1jlk8z1._.js:2:53577\n    at Object.with (/Users/ofir/kenyonexpress-autopilot/.next/server/chunks/[root-of-the-server]__1jlk8z1._.js:2:4124)\n    at S.with (/Users/ofir/kenyonexpress-autopilot/.next/server/chunks/[root-of-the-server]__1jlk8z1._.js:2:4450)\n    at e.trace (/Users/ofir/kenyonexpress-autopilot/.next/server/chunks/[root-of-the-server]__1jlk8z1._.js:2:53551)\n    at fetch (/Users/ofir/kenyonexpress-autopilot/.next/server/chunks/[root-of-the-server]__1jlk8z1._.js:2:84044)\n    at /Users/ofir/kenyonexpress-autopilot/.next/server/chun","digest":"HANGING_PROMISE_REJECTION"}}
{"ts":"2026-10-07T14:21:56.793Z","level":"warn","event":"stock.available_read_failed","request_id":null,"productId":"8d395182-96b7-482d-9973-10be134977fb","reason":"Error: During prerendering, fetch() rejects when the prerender is complete. Typically these errors are handled by React but if you move fetch() to a different context by using `setTimeout`, `after`, or similar functions you may observe this error and you should handle it in that context. This occurred at route \"/product/[slug]\"."}
{"ts":"2026-10-07T14:21:56.809Z","level":"warn","event":"db.query_slow","request_id":null,"method":"POST","target":"rpc:product_rating_summary","status":404,"duration_ms":681,"threshold_ms":300}
{"ts":"2026-10-07T14:21:56.814Z","level":"warn","event":"db.query_slow","request_id":null,"method":"GET","target":"media_assets","status":200,"duration_ms":685,"threshold_ms":300}
{"ts":"2026-10-07T14:21:56.815Z","level":"error","event":"db.query_failed","request_id":null,"method":"GET","target":"products","duration_ms":0,"err":{"name":"Error","message":"During prerendering, fetch() rejects when the prerender is complete. Typically these errors are handled by React but if you move fetch() to a different context by using `setTimeout`, `after`, or similar functions you may observe this error and you should handle it in that context. This occurred at route \"/product/[slug]\".","stack":"Error: During prerendering, fetch() rejects when the prerender is complete. Typically these errors are handled by React but if you move fetch() to a different context by using `setTimeout`, `after`, or similar functions you may observe this error and you should handle it in that context. This occurred at route \"/product/[slug]\".\n    at eu (/Users/ofir/kenyonexpress-autopilot/.next/server/chunks/[root-of-the-server]__1jlk8z1._.js:2:58687)\n    at /Users/ofir/kenyonexpress-autopilot/.next/server/chunks/[root-of-the-server]__1jlk8z1._.js:2:87004\n    at /Users/ofir/kenyonexpress-autopilot/.next/server/chunks/[root-of-the-server]__1jlk8z1._.js:2:54057\n    at /Users/ofir/kenyonexpress-autopilot/.next/server/chunks/[root-of-the-server]__1jlk8z1._.js:2:54347\n    at Object.with (/Users/ofir/kenyonexpress-autopilot/.next/server/chunks/[root-of-the-server]__1jlk8z1._.js:2:4124)\n    at S.with (/Users/ofir/kenyonexpress-autopilot/.next/server/chunks/[root-of-the-server]__1jlk8z1._.js:2:4450)\n    at G.startActiveSpan (/Users/ofir/kenyonexpress-autopilot/.next/server/chunks/[root-of-the-server]__1jlk8z1._.js:2:6806)\n    at H.startActiveSpan (/Users/ofir/kenyonexpress-autopilot/.next/server/chunks/[root-of-the-server]__1jlk8z1._.js:2:7045)\n    at e.runWithActiveSpan (/Users/ofir/kenyonexpress-autopilot/.next/server/chunks/[root-of-the-server]__1jlk8z1._.js:2:54324)\n    at /Users/ofir/kenyonexpress-autopilot/.next/server/chunks/[root-of-the-server]__1jlk8z1._.js:2:53577\n    at Object.with (/Users/ofir/kenyonexpress-autopilot/.next/server/chunks/[root-of-the-server]__1jlk8z1._.js:2:4124)\n    at S.with (/Users/ofir/kenyonexpress-autopilot/.next/server/chunks/[root-of-the-server]__1jlk8z1._.js:2:4450)\n    at e.trace (/Users/ofir/kenyonexpress-autopilot/.next/server/chunks/[root-of-the-server]__1jlk8z1._.js:2:53551)\n    at fetch (/Users/ofir/kenyonexpress-autopilot/.next/server/chunks/[root-of-the-server]__1jlk8z1._.js:2:84044)\n    at /Users/ofir/kenyonexpress-autopilot/.next/server/chun","digest":"HANGING_PROMISE_REJECTION"}}
{"ts":"2026-10-07T14:21:56.816Z","level":"warn","event":"stock.available_read_failed","request_id":null,"productId":"581e5605-7542-493b-abda-ef9e67ff0028","reason":"Error: During prerendering, fetch() rejects when the prerender is complete. Typically these errors are handled by React but if you move fetch() to a different context by using `setTimeout`, `after`, or similar functions you may observe this error and you should handle it in that context. This occurred at route \"/product/[slug]\"."}
{"ts":"2026-10-07T14:21:56.816Z","level":"warn","event":"db.query_slow","request_id":null,"method":"GET","target":"products","status":200,"duration_ms":688,"threshold_ms":300}
{"ts":"2026-10-07T14:21:56.829Z","level":"warn","event":"db.query_slow","request_id":null,"method":"GET","target":"products","status":200,"duration_ms":3608,"threshold_ms":300}
{"ts":"2026-10-07T14:21:56.833Z","level":"warn","event":"db.query_slow","request_id":null,"method":"GET","target":"products","status":200,"duration_ms":6836,"threshold_ms":300}
{"ts":"2026-10-07T14:21:56.865Z","level":"warn","event":"db.query_slow","request_id":null,"method":"GET","target":"products","status":200,"duration_ms":5229,"threshold_ms":300}
{"ts":"2026-10-07T14:21:57.088Z","level":"error","event":"db.query_failed","request_id":null,"method":"GET","target":"products","duration_ms":1,"err":{"name":"Error","message":"During prerendering, fetch() rejects when the prerender is complete. Typically these errors are handled by React but if you move fetch() to a different context by using `setTimeout`, `after`, or similar functions you may observe this error and you should handle it in that context. This occurred at route \"/product/[slug]\".","stack":"Error: During prerendering, fetch() rejects when the prerender is complete. Typically these errors are handled by React but if you move fetch() to a different context by using `setTimeout`, `after`, or similar functions you may observe this error and you should handle it in that context. This occurred at route \"/product/[slug]\".\n    at /Users/ofir/kenyonexpress-autopilot/.next/server/chunks/ssr/[root-of-the-server]__1_aa14n._.js:2:23832\n    at /Users/ofir/kenyonexpress-autopilot/.next/server/chunks/ssr/[root-of-the-server]__1_aa14n._.js:11:48366\n    at /Users/ofir/kenyonexpress-autopilot/.next/server/chunks/ssr/[root-of-the-server]__1_aa14n._.js:11:66894\n    at /Users/ofir/kenyonexpress-autopilot/.next/server/chunks/ssr/[root-of-the-server]__1_aa14n._.js:11:67121\n    at Object.with (/Users/ofir/kenyonexpress-autopilot/.next/server/chunks/ssr/0sj1_@opentelemetry_api_build_esm_1_uv6rc._.js:2:3907)\n    at v.with (/Users/ofir/kenyonexpress-autopilot/.next/server/chunks/ssr/0sj1_@opentelemetry_api_build_esm_1_uv6rc._.js:2:4233)\n    at P.startActiveSpan (/Users/ofir/kenyonexpress-autopilot/.next/server/chunks/ssr/0sj1_@opentelemetry_api_build_esm_1_uv6rc._.js:2:6588)\n    at R.startActiveSpan (/Users/ofir/kenyonexpress-autopilot/.next/server/chunks/ssr/0sj1_@opentelemetry_api_build_esm_1_uv6rc._.js:2:6827)\n    at a.runWithActiveSpan (/Users/ofir/kenyonexpress-autopilot/.next/server/chunks/ssr/[root-of-the-server]__1_aa14n._.js:11:67098)\n    at /Users/ofir/kenyonexpress-autopilot/.next/server/chunks/ssr/[root-of-the-server]__1_aa14n._.js:11:66397\n    at Object.with (/Users/ofir/kenyonexpress-autopilot/.next/server/chunks/ssr/0sj1_@opentelemetry_api_build_esm_1_uv6rc._.js:2:3907)\n    at v.with (/Users/ofir/kenyonexpress-autopilot/.next/server/chunks/ssr/0sj1_@opentelemetry_api_build_esm_1_uv6rc._.js:2:4233)\n    at a.trace (/Users/ofir/kenyonexpress-autopilot/.next/server/chunks/ssr/[root-of-the-server]__1_aa14n._.js:11:66371)\n    at fetch (/Users/ofir/kenyonexpress-autopilot","digest":"HANGING_PROMISE_REJECTION"}}
{"ts":"2026-10-07T14:21:57.091Z","level":"warn","event":"stock.available_read_failed","request_id":null,"productId":"f47ac10b-58cc-4372-a567-0e02b2c3d903","reason":"Error: During prerendering, fetch() rejects when the prerender is complete. Typically these errors are handled by React but if you move fetch() to a different context by using `setTimeout`, `after`, or similar functions you may observe this error and you should handle it in that context. This occurred at route \"/product/[slug]\"."}
{"ts":"2026-10-07T14:21:57.217Z","level":"error","event":"db.query_failed","request_id":null,"method":"GET","target":"products","duration_ms":0,"err":{"name":"Error","message":"During prerendering, fetch() rejects when the prerender is complete. Typically these errors are handled by React but if you move fetch() to a different context by using `setTimeout`, `after`, or similar functions you may observe this error and you should handle it in that context. This occurred at route \"/product/[slug]\".","stack":"Error: During prerendering, fetch() rejects when the prerender is complete. Typically these errors are handled by React but if you move fetch() to a different context by using `setTimeout`, `after`, or similar functions you may observe this error and you should handle it in that context. This occurred at route \"/product/[slug]\".\n    at /Users/ofir/kenyonexpress-autopilot/.next/server/chunks/ssr/[root-of-the-server]__1_aa14n._.js:2:23832\n    at /Users/ofir/kenyonexpress-autopilot/.next/server/chunks/ssr/[root-of-the-server]__1_aa14n._.js:11:48366\n    at /Users/ofir/kenyonexpress-autopilot/.next/server/chunks/ssr/[root-of-the-server]__1_aa14n._.js:11:66894\n    at /Users/ofir/kenyonexpress-autopilot/.next/server/chunks/ssr/[root-of-the-server]__1_aa14n._.js:11:67121\n    at Object.with (/Users/ofir/kenyonexpress-autopilot/.next/server/chunks/ssr/0sj1_@opentelemetry_api_build_esm_1_uv6rc._.js:2:3907)\n    at v.with (/Users/ofir/kenyonexpress-autopilot/.next/server/chunks/ssr/0sj1_@opentelemetry_api_build_esm_1_uv6rc._.js:2:4233)\n    at P.startActiveSpan (/Users/ofir/kenyonexpress-autopilot/.next/server/chunks/ssr/0sj1_@opentelemetry_api_build_esm_1_uv6rc._.js:2:6588)\n    at R.startActiveSpan (/Users/ofir/kenyonexpress-autopilot/.next/server/chunks/ssr/0sj1_@opentelemetry_api_build_esm_1_uv6rc._.js:2:6827)\n    at a.runWithActiveSpan (/Users/ofir/kenyonexpress-autopilot/.next/server/chunks/ssr/[root-of-the-server]__1_aa14n._.js:11:67098)\n    at /Users/ofir/kenyonexpress-autopilot/.next/server/chunks/ssr/[root-of-the-server]__1_aa14n._.js:11:66397\n    at Object.with (/Users/ofir/kenyonexpress-autopilot/.next/server/chunks/ssr/0sj1_@opentelemetry_api_build_esm_1_uv6rc._.js:2:3907)\n    at v.with (/Users/ofir/kenyonexpress-autopilot/.next/server/chunks/ssr/0sj1_@opentelemetry_api_build_esm_1_uv6rc._.js:2:4233)\n    at a.trace (/Users/ofir/kenyonexpress-autopilot/.next/server/chunks/ssr/[root-of-the-server]__1_aa14n._.js:11:66371)\n    at fetch (/Users/ofir/kenyonexpress-autopilot","digest":"HANGING_PROMISE_REJECTION"}}
{"ts":"2026-10-07T14:21:57.217Z","level":"warn","event":"stock.available_read_failed","request_id":null,"productId":"f47ac10b-58cc-4372-a567-0e02b2c3d903","reason":"Error: During prerendering, fetch() rejects when the prerender is complete. Typically these errors are handled by React but if you move fetch() to a different context by using `setTimeout`, `after`, or similar functions you may observe this error and you should handle it in that context. This occurred at route \"/product/[slug]\"."}
{"ts":"2026-10-07T14:21:58.187Z","level":"warn","event":"db.query_slow","request_id":null,"method":"GET","target":"products","status":200,"duration_ms":1775,"threshold_ms":300}
{"ts":"2026-10-07T14:21:58.541Z","level":"error","event":"db.query_failed","request_id":null,"method":"GET","target":"products","duration_ms":0,"err":{"name":"Error","message":"During prerendering, fetch() rejects when the prerender is complete. Typically these errors are handled by React but if you move fetch() to a different context by using `setTimeout`, `after`, or similar functions you may observe this error and you should handle it in that context. This occurred at route \"/product/[slug]\".","stack":"Error: During prerendering, fetch() rejects when the prerender is complete. Typically these errors are handled by React but if you move fetch() to a different context by using `setTimeout`, `after`, or similar functions you may observe this error and you should handle it in that context. This occurred at route \"/product/[slug]\".\n    at eu (/Users/ofir/kenyonexpress-autopilot/.next/server/chunks/[root-of-the-server]__1jlk8z1._.js:2:58687)\n    at /Users/ofir/kenyonexpress-autopilot/.next/server/chunks/[root-of-the-server]__1jlk8z1._.js:2:87004\n    at /Users/ofir/kenyonexpress-autopilot/.next/server/chunks/[root-of-the-server]__1jlk8z1._.js:2:54057\n    at /Users/ofir/kenyonexpress-autopilot/.next/server/chunks/[root-of-the-server]__1jlk8z1._.js:2:54347\n    at Object.with (/Users/ofir/kenyonexpress-autopilot/.next/server/chunks/[root-of-the-server]__1jlk8z1._.js:2:4124)\n    at S.with (/Users/ofir/kenyonexpress-autopilot/.next/server/chunks/[root-of-the-server]__1jlk8z1._.js:2:4450)\n    at G.startActiveSpan (/Users/ofir/kenyonexpress-autopilot/.next/server/chunks/[root-of-the-server]__1jlk8z1._.js:2:6806)\n    at H.startActiveSpan (/Users/ofir/kenyonexpress-autopilot/.next/server/chunks/[root-of-the-server]__1jlk8z1._.js:2:7045)\n    at e.runWithActiveSpan (/Users/ofir/kenyonexpress-autopilot/.next/server/chunks/[root-of-the-server]__1jlk8z1._.js:2:54324)\n    at /Users/ofir/kenyonexpress-autopilot/.next/server/chunks/[root-of-the-server]__1jlk8z1._.js:2:53577\n    at Object.with (/Users/ofir/kenyonexpress-autopilot/.next/server/chunks/[root-of-the-server]__1jlk8z1._.js:2:4124)\n    at S.with (/Users/ofir/kenyonexpress-autopilot/.next/server/chunks/[root-of-the-server]__1jlk8z1._.js:2:4450)\n    at e.trace (/Users/ofir/kenyonexpress-autopilot/.next/server/chunks/[root-of-the-server]__1jlk8z1._.js:2:53551)\n    at fetch (/Users/ofir/kenyonexpress-autopilot/.next/server/chunks/[root-of-the-server]__1jlk8z1._.js:2:84044)\n    at /Users/ofir/kenyonexpress-autopilot/.next/server/chun","digest":"HANGING_PROMISE_REJECTION"}}
{"ts":"2026-10-07T14:21:58.541Z","level":"warn","event":"stock.available_read_failed","request_id":null,"productId":"47b075be-fe9d-4958-8f8d-b3822c13fed7","reason":"Error: During prerendering, fetch() rejects when the prerender is complete. Typically these errors are handled by React but if you move fetch() to a different context by using `setTimeout`, `after`, or similar functions you may observe this error and you should handle it in that context. This occurred at route \"/product/[slug]\"."}
{"ts":"2026-10-07T14:21:58.566Z","level":"error","event":"db.query_failed","request_id":null,"method":"GET","target":"products","duration_ms":0,"err":{"name":"Error","message":"During prerendering, fetch() rejects when the prerender is complete. Typically these errors are handled by React but if you move fetch() to a different context by using `setTimeout`, `after`, or similar functions you may observe this error and you should handle it in that context. This occurred at route \"/product/[slug]\".","stack":"Error: During prerendering, fetch() rejects when the prerender is complete. Typically these errors are handled by React but if you move fetch() to a different context by using `setTimeout`, `after`, or similar functions you may observe this error and you should handle it in that context. This occurred at route \"/product/[slug]\".\n    at eu (/Users/ofir/kenyonexpress-autopilot/.next/server/chunks/[root-of-the-server]__1jlk8z1._.js:2:58687)\n    at /Users/ofir/kenyonexpress-autopilot/.next/server/chunks/[root-of-the-server]__1jlk8z1._.js:2:87004\n    at /Users/ofir/kenyonexpress-autopilot/.next/server/chunks/[root-of-the-server]__1jlk8z1._.js:2:54057\n    at /Users/ofir/kenyonexpress-autopilot/.next/server/chunks/[root-of-the-server]__1jlk8z1._.js:2:54347\n    at Object.with (/Users/ofir/kenyonexpress-autopilot/.next/server/chunks/[root-of-the-server]__1jlk8z1._.js:2:4124)\n    at S.with (/Users/ofir/kenyonexpress-autopilot/.next/server/chunks/[root-of-the-server]__1jlk8z1._.js:2:4450)\n    at G.startActiveSpan (/Users/ofir/kenyonexpress-autopilot/.next/server/chunks/[root-of-the-server]__1jlk8z1._.js:2:6806)\n    at H.startActiveSpan (/Users/ofir/kenyonexpress-autopilot/.next/server/chunks/[root-of-the-server]__1jlk8z1._.js:2:7045)\n    at e.runWithActiveSpan (/Users/ofir/kenyonexpress-autopilot/.next/server/chunks/[root-of-the-server]__1jlk8z1._.js:2:54324)\n    at /Users/ofir/kenyonexpress-autopilot/.next/server/chunks/[root-of-the-server]__1jlk8z1._.js:2:53577\n    at Object.with (/Users/ofir/kenyonexpress-autopilot/.next/server/chunks/[root-of-the-server]__1jlk8z1._.js:2:4124)\n    at S.with (/Users/ofir/kenyonexpress-autopilot/.next/server/chunks/[root-of-the-server]__1jlk8z1._.js:2:4450)\n    at e.trace (/Users/ofir/kenyonexpress-autopilot/.next/server/chunks/[root-of-the-server]__1jlk8z1._.js:2:53551)\n    at fetch (/Users/ofir/kenyonexpress-autopilot/.next/server/chunks/[root-of-the-server]__1jlk8z1._.js:2:84044)\n    at /Users/ofir/kenyonexpress-autopilot/.next/server/chun","digest":"HANGING_PROMISE_REJECTION"}}
{"ts":"2026-10-07T14:21:58.567Z","level":"warn","event":"stock.available_read_failed","request_id":null,"productId":"47b075be-fe9d-4958-8f8d-b3822c13fed7","reason":"Error: During prerendering, fetch() rejects when the prerender is complete. Typically these errors are handled by React but if you move fetch() to a different context by using `setTimeout`, `after`, or similar functions you may observe this error and you should handle it in that context. This occurred at route \"/product/[slug]\"."}
{"ts":"2026-10-07T14:21:58.889Z","level":"error","event":"db.query_failed","request_id":null,"method":"GET","target":"products","duration_ms":0,"err":{"name":"Error","message":"During prerendering, fetch() rejects when the prerender is complete. Typically these errors are handled by React but if you move fetch() to a different context by using `setTimeout`, `after`, or similar functions you may observe this error and you should handle it in that context. This occurred at route \"/coupon/[slug]\".","stack":"Error: During prerendering, fetch() rejects when the prerender is complete. Typically these errors are handled by React but if you move fetch() to a different context by using `setTimeout`, `after`, or similar functions you may observe this error and you should handle it in that context. This occurred at route \"/coupon/[slug]\".\n    at /Users/ofir/kenyonexpress-autopilot/.next/server/chunks/ssr/[root-of-the-server]__1_aa14n._.js:2:23832\n    at /Users/ofir/kenyonexpress-autopilot/.next/server/chunks/ssr/[root-of-the-server]__1_aa14n._.js:11:48366\n    at /Users/ofir/kenyonexpress-autopilot/.next/server/chunks/ssr/[root-of-the-server]__1_aa14n._.js:11:66894\n    at /Users/ofir/kenyonexpress-autopilot/.next/server/chunks/ssr/[root-of-the-server]__1_aa14n._.js:11:67121\n    at Object.with (/Users/ofir/kenyonexpress-autopilot/.next/server/chunks/ssr/0sj1_@opentelemetry_api_build_esm_1_uv6rc._.js:2:3907)\n    at v.with (/Users/ofir/kenyonexpress-autopilot/.next/server/chunks/ssr/0sj1_@opentelemetry_api_build_esm_1_uv6rc._.js:2:4233)\n    at P.startActiveSpan (/Users/ofir/kenyonexpress-autopilot/.next/server/chunks/ssr/0sj1_@opentelemetry_api_build_esm_1_uv6rc._.js:2:6588)\n    at R.startActiveSpan (/Users/ofir/kenyonexpress-autopilot/.next/server/chunks/ssr/0sj1_@opentelemetry_api_build_esm_1_uv6rc._.js:2:6827)\n    at a.runWithActiveSpan (/Users/ofir/kenyonexpress-autopilot/.next/server/chunks/ssr/[root-of-the-server]__1_aa14n._.js:11:67098)\n    at /Users/ofir/kenyonexpress-autopilot/.next/server/chunks/ssr/[root-of-the-server]__1_aa14n._.js:11:66397\n    at Object.with (/Users/ofir/kenyonexpress-autopilot/.next/server/chunks/ssr/0sj1_@opentelemetry_api_build_esm_1_uv6rc._.js:2:3907)\n    at v.with (/Users/ofir/kenyonexpress-autopilot/.next/server/chunks/ssr/0sj1_@opentelemetry_api_build_esm_1_uv6rc._.js:2:4233)\n    at a.trace (/Users/ofir/kenyonexpress-autopilot/.next/server/chunks/ssr/[root-of-the-server]__1_aa14n._.js:11:66371)\n    at fetch (/Users/ofir/kenyonexpress-autopilot/","digest":"HANGING_PROMISE_REJECTION"}}
{"ts":"2026-10-07T14:21:58.890Z","level":"warn","event":"stock.available_read_failed","request_id":null,"productId":"f47ac10b-58cc-4372-a567-0e02b2c3d903","reason":"Error: During prerendering, fetch() rejects when the prerender is complete. Typically these errors are handled by React but if you move fetch() to a different context by using `setTimeout`, `after`, or similar functions you may observe this error and you should handle it in that context. This occurred at route \"/coupon/[slug]\"."}
{"ts":"2026-10-07T14:21:58.891Z","level":"error","event":"db.query_failed","request_id":null,"method":"GET","target":"products","duration_ms":0,"err":{"name":"Error","message":"During prerendering, fetch() rejects when the prerender is complete. Typically these errors are handled by React but if you move fetch() to a different context by using `setTimeout`, `after`, or similar functions you may observe this error and you should handle it in that context. This occurred at route \"/coupon/[slug]\".","stack":"Error: During prerendering, fetch() rejects when the prerender is complete. Typically these errors are handled by React but if you move fetch() to a different context by using `setTimeout`, `after`, or similar functions you may observe this error and you should handle it in that context. This occurred at route \"/coupon/[slug]\".\n    at /Users/ofir/kenyonexpress-autopilot/.next/server/chunks/ssr/[root-of-the-server]__1_aa14n._.js:2:23832\n    at /Users/ofir/kenyonexpress-autopilot/.next/server/chunks/ssr/[root-of-the-server]__1_aa14n._.js:11:48366\n    at /Users/ofir/kenyonexpress-autopilot/.next/server/chunks/ssr/[root-of-the-server]__1_aa14n._.js:11:66894\n    at /Users/ofir/kenyonexpress-autopilot/.next/server/chunks/ssr/[root-of-the-server]__1_aa14n._.js:11:67121\n    at Object.with (/Users/ofir/kenyonexpress-autopilot/.next/server/chunks/ssr/0sj1_@opentelemetry_api_build_esm_1_uv6rc._.js:2:3907)\n    at v.with (/Users/ofir/kenyonexpress-autopilot/.next/server/chunks/ssr/0sj1_@opentelemetry_api_build_esm_1_uv6rc._.js:2:4233)\n    at P.startActiveSpan (/Users/ofir/kenyonexpress-autopilot/.next/server/chunks/ssr/0sj1_@opentelemetry_api_build_esm_1_uv6rc._.js:2:6588)\n    at R.startActiveSpan (/Users/ofir/kenyonexpress-autopilot/.next/server/chunks/ssr/0sj1_@opentelemetry_api_build_esm_1_uv6rc._.js:2:6827)\n    at a.runWithActiveSpan (/Users/ofir/kenyonexpress-autopilot/.next/server/chunks/ssr/[root-of-the-server]__1_aa14n._.js:11:67098)\n    at /Users/ofir/kenyonexpress-autopilot/.next/server/chunks/ssr/[root-of-the-server]__1_aa14n._.js:11:66397\n    at Object.with (/Users/ofir/kenyonexpress-autopilot/.next/server/chunks/ssr/0sj1_@opentelemetry_api_build_esm_1_uv6rc._.js:2:3907)\n    at v.with (/Users/ofir/kenyonexpress-autopilot/.next/server/chunks/ssr/0sj1_@opentelemetry_api_build_esm_1_uv6rc._.js:2:4233)\n    at a.trace (/Users/ofir/kenyonexpress-autopilot/.next/server/chunks/ssr/[root-of-the-server]__1_aa14n._.js:11:66371)\n    at fetch (/Users/ofir/kenyonexpress-autopilot/","digest":"HANGING_PROMISE_REJECTION"}}
{"ts":"2026-10-07T14:21:58.891Z","level":"warn","event":"stock.available_read_failed","request_id":null,"productId":"d3f961f4-d95c-4cae-bc8f-2a32618dff18","reason":"Error: During prerendering, fetch() rejects when the prerender is complete. Typically these errors are handled by React but if you move fetch() to a different context by using `setTimeout`, `after`, or similar functions you may observe this error and you should handle it in that context. This occurred at route \"/coupon/[slug]\"."}
{"ts":"2026-10-07T14:21:59.109Z","level":"error","event":"db.query_failed","request_id":null,"method":"GET","target":"v_banners_live","duration_ms":0,"err":{"name":"Error","message":"During prerendering, fetch() rejects when the prerender is complete. Typically these errors are handled by React but if you move fetch() to a different context by using `setTimeout`, `after`, or similar functions you may observe this error and you should handle it in that context. This occurred at route \"/\".","stack":"Error: During prerendering, fetch() rejects when the prerender is complete. Typically these errors are handled by React but if you move fetch() to a different context by using `setTimeout`, `after`, or similar functions you may observe this error and you should handle it in that context. This occurred at route \"/\".\n    at /Users/ofir/kenyonexpress-autopilot/.next/server/chunks/ssr/[root-of-the-server]__1_aa14n._.js:2:23832\n    at /Users/ofir/kenyonexpress-autopilot/.next/server/chunks/ssr/[root-of-the-server]__1_aa14n._.js:11:48366\n    at /Users/ofir/kenyonexpress-autopilot/.next/server/chunks/ssr/[root-of-the-server]__1_aa14n._.js:11:66894\n    at /Users/ofir/kenyonexpress-autopilot/.next/server/chunks/ssr/[root-of-the-server]__1_aa14n._.js:11:67121\n    at Object.with (/Users/ofir/kenyonexpress-autopilot/.next/server/chunks/ssr/0sj1_@opentelemetry_api_build_esm_1_uv6rc._.js:2:3907)\n    at v.with (/Users/ofir/kenyonexpress-autopilot/.next/server/chunks/ssr/0sj1_@opentelemetry_api_build_esm_1_uv6rc._.js:2:4233)\n    at P.startActiveSpan (/Users/ofir/kenyonexpress-autopilot/.next/server/chunks/ssr/0sj1_@opentelemetry_api_build_esm_1_uv6rc._.js:2:6588)\n    at R.startActiveSpan (/Users/ofir/kenyonexpress-autopilot/.next/server/chunks/ssr/0sj1_@opentelemetry_api_build_esm_1_uv6rc._.js:2:6827)\n    at a.runWithActiveSpan (/Users/ofir/kenyonexpress-autopilot/.next/server/chunks/ssr/[root-of-the-server]__1_aa14n._.js:11:67098)\n    at /Users/ofir/kenyonexpress-autopilot/.next/server/chunks/ssr/[root-of-the-server]__1_aa14n._.js:11:66397\n    at Object.with (/Users/ofir/kenyonexpress-autopilot/.next/server/chunks/ssr/0sj1_@opentelemetry_api_build_esm_1_uv6rc._.js:2:3907)\n    at v.with (/Users/ofir/kenyonexpress-autopilot/.next/server/chunks/ssr/0sj1_@opentelemetry_api_build_esm_1_uv6rc._.js:2:4233)\n    at a.trace (/Users/ofir/kenyonexpress-autopilot/.next/server/chunks/ssr/[root-of-the-server]__1_aa14n._.js:11:66371)\n    at fetch (/Users/ofir/kenyonexpress-autopilot/.next/server/","digest":"HANGING_PROMISE_REJECTION"}}
{"ts":"2026-10-07T14:21:59.109Z","level":"error","event":"db.query_failed","request_id":null,"method":"GET","target":"v_homepage_sections_live","duration_ms":0,"err":{"name":"Error","message":"During prerendering, fetch() rejects when the prerender is complete. Typically these errors are handled by React but if you move fetch() to a different context by using `setTimeout`, `after`, or similar functions you may observe this error and you should handle it in that context. This occurred at route \"/\".","stack":"Error: During prerendering, fetch() rejects when the prerender is complete. Typically these errors are handled by React but if you move fetch() to a different context by using `setTimeout`, `after`, or similar functions you may observe this error and you should handle it in that context. This occurred at route \"/\".\n    at /Users/ofir/kenyonexpress-autopilot/.next/server/chunks/ssr/[root-of-the-server]__1_aa14n._.js:2:23832\n    at /Users/ofir/kenyonexpress-autopilot/.next/server/chunks/ssr/[root-of-the-server]__1_aa14n._.js:11:48366\n    at /Users/ofir/kenyonexpress-autopilot/.next/server/chunks/ssr/[root-of-the-server]__1_aa14n._.js:11:66894\n    at /Users/ofir/kenyonexpress-autopilot/.next/server/chunks/ssr/[root-of-the-server]__1_aa14n._.js:11:67121\n    at Object.with (/Users/ofir/kenyonexpress-autopilot/.next/server/chunks/ssr/0sj1_@opentelemetry_api_build_esm_1_uv6rc._.js:2:3907)\n    at v.with (/Users/ofir/kenyonexpress-autopilot/.next/server/chunks/ssr/0sj1_@opentelemetry_api_build_esm_1_uv6rc._.js:2:4233)\n    at P.startActiveSpan (/Users/ofir/kenyonexpress-autopilot/.next/server/chunks/ssr/0sj1_@opentelemetry_api_build_esm_1_uv6rc._.js:2:6588)\n    at R.startActiveSpan (/Users/ofir/kenyonexpress-autopilot/.next/server/chunks/ssr/0sj1_@opentelemetry_api_build_esm_1_uv6rc._.js:2:6827)\n    at a.runWithActiveSpan (/Users/ofir/kenyonexpress-autopilot/.next/server/chunks/ssr/[root-of-the-server]__1_aa14n._.js:11:67098)\n    at /Users/ofir/kenyonexpress-autopilot/.next/server/chunks/ssr/[root-of-the-server]__1_aa14n._.js:11:66397\n    at Object.with (/Users/ofir/kenyonexpress-autopilot/.next/server/chunks/ssr/0sj1_@opentelemetry_api_build_esm_1_uv6rc._.js:2:3907)\n    at v.with (/Users/ofir/kenyonexpress-autopilot/.next/server/chunks/ssr/0sj1_@opentelemetry_api_build_esm_1_uv6rc._.js:2:4233)\n    at a.trace (/Users/ofir/kenyonexpress-autopilot/.next/server/chunks/ssr/[root-of-the-server]__1_aa14n._.js:11:66371)\n    at fetch (/Users/ofir/kenyonexpress-autopilot/.next/server/","digest":"HANGING_PROMISE_REJECTION"}}
{"ts":"2026-10-07T14:21:59.110Z","level":"warn","event":"homepage.cms_read_failed","request_id":null,"reason":"Error: During prerendering, fetch() rejects when the prerender is complete. Typically these errors are handled by React but if you move fetch() to a different context by using `setTimeout`, `after`, or similar functions you may observe this error and you should handle it in that context. This occurred at route \"/\"."}
{"ts":"2026-10-07T14:21:59.149Z","level":"error","event":"db.query_failed","request_id":null,"method":"GET","target":"products","duration_ms":0,"err":{"name":"Error","message":"During prerendering, fetch() rejects when the prerender is complete. Typically these errors are handled by React but if you move fetch() to a different context by using `setTimeout`, `after`, or similar functions you may observe this error and you should handle it in that context. This occurred at route \"/coupon/[slug]\".","stack":"Error: During prerendering, fetch() rejects when the prerender is complete. Typically these errors are handled by React but if you move fetch() to a different context by using `setTimeout`, `after`, or similar functions you may observe this error and you should handle it in that context. This occurred at route \"/coupon/[slug]\".\n    at /Users/ofir/kenyonexpress-autopilot/.next/server/chunks/ssr/[root-of-the-server]__1_aa14n._.js:2:23832\n    at /Users/ofir/kenyonexpress-autopilot/.next/server/chunks/ssr/[root-of-the-server]__1_aa14n._.js:11:48366\n    at /Users/ofir/kenyonexpress-autopilot/.next/server/chunks/ssr/[root-of-the-server]__1_aa14n._.js:11:66894\n    at /Users/ofir/kenyonexpress-autopilot/.next/server/chunks/ssr/[root-of-the-server]__1_aa14n._.js:11:67121\n    at Object.with (/Users/ofir/kenyonexpress-autopilot/.next/server/chunks/ssr/0sj1_@opentelemetry_api_build_esm_1_uv6rc._.js:2:3907)\n    at v.with (/Users/ofir/kenyonexpress-autopilot/.next/server/chunks/ssr/0sj1_@opentelemetry_api_build_esm_1_uv6rc._.js:2:4233)\n    at P.startActiveSpan (/Users/ofir/kenyonexpress-autopilot/.next/server/chunks/ssr/0sj1_@opentelemetry_api_build_esm_1_uv6rc._.js:2:6588)\n    at R.startActiveSpan (/Users/ofir/kenyonexpress-autopilot/.next/server/chunks/ssr/0sj1_@opentelemetry_api_build_esm_1_uv6rc._.js:2:6827)\n    at a.runWithActiveSpan (/Users/ofir/kenyonexpress-autopilot/.next/server/chunks/ssr/[root-of-the-server]__1_aa14n._.js:11:67098)\n    at /Users/ofir/kenyonexpress-autopilot/.next/server/chunks/ssr/[root-of-the-server]__1_aa14n._.js:11:66397\n    at Object.with (/Users/ofir/kenyonexpress-autopilot/.next/server/chunks/ssr/0sj1_@opentelemetry_api_build_esm_1_uv6rc._.js:2:3907)\n    at v.with (/Users/ofir/kenyonexpress-autopilot/.next/server/chunks/ssr/0sj1_@opentelemetry_api_build_esm_1_uv6rc._.js:2:4233)\n    at a.trace (/Users/ofir/kenyonexpress-autopilot/.next/server/chunks/ssr/[root-of-the-server]__1_aa14n._.js:11:66371)\n    at fetch (/Users/ofir/kenyonexpress-autopilot/","digest":"HANGING_PROMISE_REJECTION"}}
{"ts":"2026-10-07T14:21:59.149Z","level":"warn","event":"stock.available_read_failed","request_id":null,"productId":"f47ac10b-58cc-4372-a567-0e02b2c3d903","reason":"Error: During prerendering, fetch() rejects when the prerender is complete. Typically these errors are handled by React but if you move fetch() to a different context by using `setTimeout`, `after`, or similar functions you may observe this error and you should handle it in that context. This occurred at route \"/coupon/[slug]\"."}
{"ts":"2026-10-07T14:21:59.158Z","level":"error","event":"db.query_failed","request_id":null,"method":"GET","target":"v_banners_live","duration_ms":0,"err":{"name":"Error","message":"During prerendering, fetch() rejects when the prerender is complete. Typically these errors are handled by React but if you move fetch() to a different context by using `setTimeout`, `after`, or similar functions you may observe this error and you should handle it in that context. This occurred at route \"/\".","stack":"Error: During prerendering, fetch() rejects when the prerender is complete. Typically these errors are handled by React but if you move fetch() to a different context by using `setTimeout`, `after`, or similar functions you may observe this error and you should handle it in that context. This occurred at route \"/\".\n    at /Users/ofir/kenyonexpress-autopilot/.next/server/chunks/ssr/[root-of-the-server]__1_aa14n._.js:2:23832\n    at /Users/ofir/kenyonexpress-autopilot/.next/server/chunks/ssr/[root-of-the-server]__1_aa14n._.js:11:48366\n    at /Users/ofir/kenyonexpress-autopilot/.next/server/chunks/ssr/[root-of-the-server]__1_aa14n._.js:11:66894\n    at /Users/ofir/kenyonexpress-autopilot/.next/server/chunks/ssr/[root-of-the-server]__1_aa14n._.js:11:67121\n    at Object.with (/Users/ofir/kenyonexpress-autopilot/.next/server/chunks/ssr/0sj1_@opentelemetry_api_build_esm_1_uv6rc._.js:2:3907)\n    at v.with (/Users/ofir/kenyonexpress-autopilot/.next/server/chunks/ssr/0sj1_@opentelemetry_api_build_esm_1_uv6rc._.js:2:4233)\n    at P.startActiveSpan (/Users/ofir/kenyonexpress-autopilot/.next/server/chunks/ssr/0sj1_@opentelemetry_api_build_esm_1_uv6rc._.js:2:6588)\n    at R.startActiveSpan (/Users/ofir/kenyonexpress-autopilot/.next/server/chunks/ssr/0sj1_@opentelemetry_api_build_esm_1_uv6rc._.js:2:6827)\n    at a.runWithActiveSpan (/Users/ofir/kenyonexpress-autopilot/.next/server/chunks/ssr/[root-of-the-server]__1_aa14n._.js:11:67098)\n    at /Users/ofir/kenyonexpress-autopilot/.next/server/chunks/ssr/[root-of-the-server]__1_aa14n._.js:11:66397\n    at Object.with (/Users/ofir/kenyonexpress-autopilot/.next/server/chunks/ssr/0sj1_@opentelemetry_api_build_esm_1_uv6rc._.js:2:3907)\n    at v.with (/Users/ofir/kenyonexpress-autopilot/.next/server/chunks/ssr/0sj1_@opentelemetry_api_build_esm_1_uv6rc._.js:2:4233)\n    at a.trace (/Users/ofir/kenyonexpress-autopilot/.next/server/chunks/ssr/[root-of-the-server]__1_aa14n._.js:11:66371)\n    at fetch (/Users/ofir/kenyonexpress-autopilot/.next/server/","digest":"HANGING_PROMISE_REJECTION"}}
{"ts":"2026-10-07T14:21:59.158Z","level":"error","event":"db.query_failed","request_id":null,"method":"GET","target":"v_homepage_sections_live","duration_ms":0,"err":{"name":"Error","message":"During prerendering, fetch() rejects when the prerender is complete. Typically these errors are handled by React but if you move fetch() to a different context by using `setTimeout`, `after`, or similar functions you may observe this error and you should handle it in that context. This occurred at route \"/\".","stack":"Error: During prerendering, fetch() rejects when the prerender is complete. Typically these errors are handled by React but if you move fetch() to a different context by using `setTimeout`, `after`, or similar functions you may observe this error and you should handle it in that context. This occurred at route \"/\".\n    at /Users/ofir/kenyonexpress-autopilot/.next/server/chunks/ssr/[root-of-the-server]__1_aa14n._.js:2:23832\n    at /Users/ofir/kenyonexpress-autopilot/.next/server/chunks/ssr/[root-of-the-server]__1_aa14n._.js:11:48366\n    at /Users/ofir/kenyonexpress-autopilot/.next/server/chunks/ssr/[root-of-the-server]__1_aa14n._.js:11:66894\n    at /Users/ofir/kenyonexpress-autopilot/.next/server/chunks/ssr/[root-of-the-server]__1_aa14n._.js:11:67121\n    at Object.with (/Users/ofir/kenyonexpress-autopilot/.next/server/chunks/ssr/0sj1_@opentelemetry_api_build_esm_1_uv6rc._.js:2:3907)\n    at v.with (/Users/ofir/kenyonexpress-autopilot/.next/server/chunks/ssr/0sj1_@opentelemetry_api_build_esm_1_uv6rc._.js:2:4233)\n    at P.startActiveSpan (/Users/ofir/kenyonexpress-autopilot/.next/server/chunks/ssr/0sj1_@opentelemetry_api_build_esm_1_uv6rc._.js:2:6588)\n    at R.startActiveSpan (/Users/ofir/kenyonexpress-autopilot/.next/server/chunks/ssr/0sj1_@opentelemetry_api_build_esm_1_uv6rc._.js:2:6827)\n    at a.runWithActiveSpan (/Users/ofir/kenyonexpress-autopilot/.next/server/chunks/ssr/[root-of-the-server]__1_aa14n._.js:11:67098)\n    at /Users/ofir/kenyonexpress-autopilot/.next/server/chunks/ssr/[root-of-the-server]__1_aa14n._.js:11:66397\n    at Object.with (/Users/ofir/kenyonexpress-autopilot/.next/server/chunks/ssr/0sj1_@opentelemetry_api_build_esm_1_uv6rc._.js:2:3907)\n    at v.with (/Users/ofir/kenyonexpress-autopilot/.next/server/chunks/ssr/0sj1_@opentelemetry_api_build_esm_1_uv6rc._.js:2:4233)\n    at a.trace (/Users/ofir/kenyonexpress-autopilot/.next/server/chunks/ssr/[root-of-the-server]__1_aa14n._.js:11:66371)\n    at fetch (/Users/ofir/kenyonexpress-autopilot/.next/server/","digest":"HANGING_PROMISE_REJECTION"}}
{"ts":"2026-10-07T14:21:59.159Z","level":"warn","event":"homepage.cms_read_failed","request_id":null,"reason":"Error: During prerendering, fetch() rejects when the prerender is complete. Typically these errors are handled by React but if you move fetch() to a different context by using `setTimeout`, `after`, or similar functions you may observe this error and you should handle it in that context. This occurred at route \"/\"."}
{"ts":"2026-10-07T14:21:59.171Z","level":"error","event":"db.query_failed","request_id":null,"method":"GET","target":"products","duration_ms":0,"err":{"name":"Error","message":"During prerendering, fetch() rejects when the prerender is complete. Typically these errors are handled by React but if you move fetch() to a different context by using `setTimeout`, `after`, or similar functions you may observe this error and you should handle it in that context. This occurred at route \"/coupon/[slug]\".","stack":"Error: During prerendering, fetch() rejects when the prerender is complete. Typically these errors are handled by React but if you move fetch() to a different context by using `setTimeout`, `after`, or similar functions you may observe this error and you should handle it in that context. This occurred at route \"/coupon/[slug]\".\n    at /Users/ofir/kenyonexpress-autopilot/.next/server/chunks/ssr/[root-of-the-server]__1_aa14n._.js:2:23832\n    at /Users/ofir/kenyonexpress-autopilot/.next/server/chunks/ssr/[root-of-the-server]__1_aa14n._.js:11:48366\n    at /Users/ofir/kenyonexpress-autopilot/.next/server/chunks/ssr/[root-of-the-server]__1_aa14n._.js:11:66894\n    at /Users/ofir/kenyonexpress-autopilot/.next/server/chunks/ssr/[root-of-the-server]__1_aa14n._.js:11:67121\n    at Object.with (/Users/ofir/kenyonexpress-autopilot/.next/server/chunks/ssr/0sj1_@opentelemetry_api_build_esm_1_uv6rc._.js:2:3907)\n    at v.with (/Users/ofir/kenyonexpress-autopilot/.next/server/chunks/ssr/0sj1_@opentelemetry_api_build_esm_1_uv6rc._.js:2:4233)\n    at P.startActiveSpan (/Users/ofir/kenyonexpress-autopilot/.next/server/chunks/ssr/0sj1_@opentelemetry_api_build_esm_1_uv6rc._.js:2:6588)\n    at R.startActiveSpan (/Users/ofir/kenyonexpress-autopilot/.next/server/chunks/ssr/0sj1_@opentelemetry_api_build_esm_1_uv6rc._.js:2:6827)\n    at a.runWithActiveSpan (/Users/ofir/kenyonexpress-autopilot/.next/server/chunks/ssr/[root-of-the-server]__1_aa14n._.js:11:67098)\n    at /Users/ofir/kenyonexpress-autopilot/.next/server/chunks/ssr/[root-of-the-server]__1_aa14n._.js:11:66397\n    at Object.with (/Users/ofir/kenyonexpress-autopilot/.next/server/chunks/ssr/0sj1_@opentelemetry_api_build_esm_1_uv6rc._.js:2:3907)\n    at v.with (/Users/ofir/kenyonexpress-autopilot/.next/server/chunks/ssr/0sj1_@opentelemetry_api_build_esm_1_uv6rc._.js:2:4233)\n    at a.trace (/Users/ofir/kenyonexpress-autopilot/.next/server/chunks/ssr/[root-of-the-server]__1_aa14n._.js:11:66371)\n    at fetch (/Users/ofir/kenyonexpress-autopilot/","digest":"HANGING_PROMISE_REJECTION"}}
{"ts":"2026-10-07T14:21:59.171Z","level":"warn","event":"stock.available_read_failed","request_id":null,"productId":"d3f961f4-d95c-4cae-bc8f-2a32618dff18","reason":"Error: During prerendering, fetch() rejects when the prerender is complete. Typically these errors are handled by React but if you move fetch() to a different context by using `setTimeout`, `after`, or similar functions you may observe this error and you should handle it in that context. This occurred at route \"/coupon/[slug]\"."}
{"ts":"2026-10-07T14:21:59.184Z","level":"warn","event":"db.query_slow","request_id":null,"method":"GET","target":"products","status":200,"duration_ms":2324,"threshold_ms":300}
{"ts":"2026-10-07T14:21:59.200Z","level":"error","event":"supabase.timeout","request_id":null,"timeoutMs":10000,"url":"https://ixvwfbuvfxxsjiywhbbb.supabase.co/rest/v1/rpc/available_stock"}
{"ts":"2026-10-07T14:21:59.200Z","level":"error","event":"supabase.timeout","request_id":null,"timeoutMs":10000,"url":"https://ixvwfbuvfxxsjiywhbbb.supabase.co/rest/v1/products"}
{"ts":"2026-10-07T14:21:59.209Z","level":"warn","event":"db.query_slow","request_id":null,"method":"GET","target":"products","status":200,"duration_ms":2329,"threshold_ms":300}
{"ts":"2026-10-07T14:21:59.211Z","level":"warn","event":"db.query_slow","request_id":null,"method":"GET","target":"products","status":200,"duration_ms":2376,"threshold_ms":300}
{"ts":"2026-10-07T14:21:59.216Z","level":"error","event":"db.query_failed","request_id":null,"method":"POST","target":"rpc:available_stock","duration_ms":1,"err":{"name":"Error","message":"During prerendering, fetch() rejects when the prerender is complete. Typically these errors are handled by React but if you move fetch() to a different context by using `setTimeout`, `after`, or similar functions you may observe this error and you should handle it in that context. This occurred at route \"/coupon/[slug]\".","stack":"Error: During prerendering, fetch() rejects when the prerender is complete. Typically these errors are handled by React but if you move fetch() to a different context by using `setTimeout`, `after`, or similar functions you may observe this error and you should handle it in that context. This occurred at route \"/coupon/[slug]\".\n    at /Users/ofir/kenyonexpress-autopilot/.next/server/chunks/ssr/[root-of-the-server]__1_aa14n._.js:2:23832\n    at /Users/ofir/kenyonexpress-autopilot/.next/server/chunks/ssr/[root-of-the-server]__1_aa14n._.js:11:48366\n    at /Users/ofir/kenyonexpress-autopilot/.next/server/chunks/ssr/[root-of-the-server]__1_aa14n._.js:11:66894\n    at /Users/ofir/kenyonexpress-autopilot/.next/server/chunks/ssr/[root-of-the-server]__1_aa14n._.js:11:67121\n    at Object.with (/Users/ofir/kenyonexpress-autopilot/.next/server/chunks/ssr/0sj1_@opentelemetry_api_build_esm_1_uv6rc._.js:2:3907)\n    at v.with (/Users/ofir/kenyonexpress-autopilot/.next/server/chunks/ssr/0sj1_@opentelemetry_api_build_esm_1_uv6rc._.js:2:4233)\n    at P.startActiveSpan (/Users/ofir/kenyonexpress-autopilot/.next/server/chunks/ssr/0sj1_@opentelemetry_api_build_esm_1_uv6rc._.js:2:6588)\n    at R.startActiveSpan (/Users/ofir/kenyonexpress-autopilot/.next/server/chunks/ssr/0sj1_@opentelemetry_api_build_esm_1_uv6rc._.js:2:6827)\n    at a.runWithActiveSpan (/Users/ofir/kenyonexpress-autopilot/.next/server/chunks/ssr/[root-of-the-server]__1_aa14n._.js:11:67098)\n    at /Users/ofir/kenyonexpress-autopilot/.next/server/chunks/ssr/[root-of-the-server]__1_aa14n._.js:11:66397\n    at Object.with (/Users/ofir/kenyonexpress-autopilot/.next/server/chunks/ssr/0sj1_@opentelemetry_api_build_esm_1_uv6rc._.js:2:3907)\n    at v.with (/Users/ofir/kenyonexpress-autopilot/.next/server/chunks/ssr/0sj1_@opentelemetry_api_build_esm_1_uv6rc._.js:2:4233)\n    at a.trace (/Users/ofir/kenyonexpress-autopilot/.next/server/chunks/ssr/[root-of-the-server]__1_aa14n._.js:11:66371)\n    at fetch (/Users/ofir/kenyonexpress-autopilot/","digest":"HANGING_PROMISE_REJECTION"}}
{"ts":"2026-10-07T14:21:59.216Z","level":"error","event":"db.query_failed","request_id":null,"method":"GET","target":"products","duration_ms":1,"err":{"name":"Error","message":"During prerendering, fetch() rejects when the prerender is complete. Typically these errors are handled by React but if you move fetch() to a different context by using `setTimeout`, `after`, or similar functions you may observe this error and you should handle it in that context. This occurred at route \"/coupon/[slug]\".","stack":"Error: During prerendering, fetch() rejects when the prerender is complete. Typically these errors are handled by React but if you move fetch() to a different context by using `setTimeout`, `after`, or similar functions you may observe this error and you should handle it in that context. This occurred at route \"/coupon/[slug]\".\n    at /Users/ofir/kenyonexpress-autopilot/.next/server/chunks/ssr/[root-of-the-server]__1_aa14n._.js:2:23832\n    at /Users/ofir/kenyonexpress-autopilot/.next/server/chunks/ssr/[root-of-the-server]__1_aa14n._.js:11:48366\n    at /Users/ofir/kenyonexpress-autopilot/.next/server/chunks/ssr/[root-of-the-server]__1_aa14n._.js:11:66894\n    at /Users/ofir/kenyonexpress-autopilot/.next/server/chunks/ssr/[root-of-the-server]__1_aa14n._.js:11:67121\n    at Object.with (/Users/ofir/kenyonexpress-autopilot/.next/server/chunks/ssr/0sj1_@opentelemetry_api_build_esm_1_uv6rc._.js:2:3907)\n    at v.with (/Users/ofir/kenyonexpress-autopilot/.next/server/chunks/ssr/0sj1_@opentelemetry_api_build_esm_1_uv6rc._.js:2:4233)\n    at P.startActiveSpan (/Users/ofir/kenyonexpress-autopilot/.next/server/chunks/ssr/0sj1_@opentelemetry_api_build_esm_1_uv6rc._.js:2:6588)\n    at R.startActiveSpan (/Users/ofir/kenyonexpress-autopilot/.next/server/chunks/ssr/0sj1_@opentelemetry_api_build_esm_1_uv6rc._.js:2:6827)\n    at a.runWithActiveSpan (/Users/ofir/kenyonexpress-autopilot/.next/server/chunks/ssr/[root-of-the-server]__1_aa14n._.js:11:67098)\n    at /Users/ofir/kenyonexpress-autopilot/.next/server/chunks/ssr/[root-of-the-server]__1_aa14n._.js:11:66397\n    at Object.with (/Users/ofir/kenyonexpress-autopilot/.next/server/chunks/ssr/0sj1_@opentelemetry_api_build_esm_1_uv6rc._.js:2:3907)\n    at v.with (/Users/ofir/kenyonexpress-autopilot/.next/server/chunks/ssr/0sj1_@opentelemetry_api_build_esm_1_uv6rc._.js:2:4233)\n    at a.trace (/Users/ofir/kenyonexpress-autopilot/.next/server/chunks/ssr/[root-of-the-server]__1_aa14n._.js:11:66371)\n    at fetch (/Users/ofir/kenyonexpress-autopilot/","digest":"HANGING_PROMISE_REJECTION"}}
{"ts":"2026-10-07T14:21:59.218Z","level":"error","event":"db.query_failed","request_id":null,"method":"POST","target":"rpc:available_stock","duration_ms":5997,"err":{"name":"Error","message":"During prerendering, fetch() rejects when the prerender is complete. Typically these errors are handled by React but if you move fetch() to a different context by using `setTimeout`, `after`, or similar functions you may observe this error and you should handle it in that context. This occurred at route \"/product/[slug]\".","stack":"Error: During prerendering, fetch() rejects when the prerender is complete. Typically these errors are handled by React but if you move fetch() to a different context by using `setTimeout`, `after`, or similar functions you may observe this error and you should handle it in that context. This occurred at route \"/product/[slug]\".\n    at eu (/Users/ofir/kenyonexpress-autopilot/.next/server/chunks/[root-of-the-server]__1jlk8z1._.js:2:58687)\n    at /Users/ofir/kenyonexpress-autopilot/.next/server/chunks/[root-of-the-server]__1jlk8z1._.js:2:87004\n    at /Users/ofir/kenyonexpress-autopilot/.next/server/chunks/[root-of-the-server]__1jlk8z1._.js:2:54057\n    at /Users/ofir/kenyonexpress-autopilot/.next/server/chunks/[root-of-the-server]__1jlk8z1._.js:2:54347\n    at Object.with (/Users/ofir/kenyonexpress-autopilot/.next/server/chunks/[root-of-the-server]__1jlk8z1._.js:2:4124)\n    at S.with (/Users/ofir/kenyonexpress-autopilot/.next/server/chunks/[root-of-the-server]__1jlk8z1._.js:2:4450)\n    at G.startActiveSpan (/Users/ofir/kenyonexpress-autopilot/.next/server/chunks/[root-of-the-server]__1jlk8z1._.js:2:6806)\n    at H.startActiveSpan (/Users/ofir/kenyonexpress-autopilot/.next/server/chunks/[root-of-the-server]__1jlk8z1._.js:2:7045)\n    at e.runWithActiveSpan (/Users/ofir/kenyonexpress-autopilot/.next/server/chunks/[root-of-the-server]__1jlk8z1._.js:2:54324)\n    at /Users/ofir/kenyonexpress-autopilot/.next/server/chunks/[root-of-the-server]__1jlk8z1._.js:2:53577\n    at Object.with (/Users/ofir/kenyonexpress-autopilot/.next/server/chunks/[root-of-the-server]__1jlk8z1._.js:2:4124)\n    at S.with (/Users/ofir/kenyonexpress-autopilot/.next/server/chunks/[root-of-the-server]__1jlk8z1._.js:2:4450)\n    at e.trace (/Users/ofir/kenyonexpress-autopilot/.next/server/chunks/[root-of-the-server]__1jlk8z1._.js:2:53551)\n    at fetch (/Users/ofir/kenyonexpress-autopilot/.next/server/chunks/[root-of-the-server]__1jlk8z1._.js:2:84044)\n    at /Users/ofir/kenyonexpress-autopilot/.next/server/chun","digest":"HANGING_PROMISE_REJECTION"}}
{"ts":"2026-10-07T14:21:59.218Z","level":"error","event":"db.query_failed","request_id":null,"method":"GET","target":"products","duration_ms":5997,"err":{"name":"Error","message":"During prerendering, fetch() rejects when the prerender is complete. Typically these errors are handled by React but if you move fetch() to a different context by using `setTimeout`, `after`, or similar functions you may observe this error and you should handle it in that context. This occurred at route \"/product/[slug]\".","stack":"Error: During prerendering, fetch() rejects when the prerender is complete. Typically these errors are handled by React but if you move fetch() to a different context by using `setTimeout`, `after`, or similar functions you may observe this error and you should handle it in that context. This occurred at route \"/product/[slug]\".\n    at eu (/Users/ofir/kenyonexpress-autopilot/.next/server/chunks/[root-of-the-server]__1jlk8z1._.js:2:58687)\n    at /Users/ofir/kenyonexpress-autopilot/.next/server/chunks/[root-of-the-server]__1jlk8z1._.js:2:87004\n    at /Users/ofir/kenyonexpress-autopilot/.next/server/chunks/[root-of-the-server]__1jlk8z1._.js:2:54057\n    at /Users/ofir/kenyonexpress-autopilot/.next/server/chunks/[root-of-the-server]__1jlk8z1._.js:2:54347\n    at Object.with (/Users/ofir/kenyonexpress-autopilot/.next/server/chunks/[root-of-the-server]__1jlk8z1._.js:2:4124)\n    at S.with (/Users/ofir/kenyonexpress-autopilot/.next/server/chunks/[root-of-the-server]__1jlk8z1._.js:2:4450)\n    at G.startActiveSpan (/Users/ofir/kenyonexpress-autopilot/.next/server/chunks/[root-of-the-server]__1jlk8z1._.js:2:6806)\n    at H.startActiveSpan (/Users/ofir/kenyonexpress-autopilot/.next/server/chunks/[root-of-the-server]__1jlk8z1._.js:2:7045)\n    at e.runWithActiveSpan (/Users/ofir/kenyonexpress-autopilot/.next/server/chunks/[root-of-the-server]__1jlk8z1._.js:2:54324)\n    at /Users/ofir/kenyonexpress-autopilot/.next/server/chunks/[root-of-the-server]__1jlk8z1._.js:2:53577\n    at Object.with (/Users/ofir/kenyonexpress-autopilot/.next/server/chunks/[root-of-the-server]__1jlk8z1._.js:2:4124)\n    at S.with (/Users/ofir/kenyonexpress-autopilot/.next/server/chunks/[root-of-the-server]__1jlk8z1._.js:2:4450)\n    at e.trace (/Users/ofir/kenyonexpress-autopilot/.next/server/chunks/[root-of-the-server]__1jlk8z1._.js:2:53551)\n    at fetch (/Users/ofir/kenyonexpress-autopilot/.next/server/chunks/[root-of-the-server]__1jlk8z1._.js:2:84044)\n    at /Users/ofir/kenyonexpress-autopilot/.next/server/chun","digest":"HANGING_PROMISE_REJECTION"}}
{"ts":"2026-10-07T14:21:59.225Z","level":"warn","event":"db.query_slow","request_id":null,"method":"GET","target":"media_assets","status":200,"duration_ms":2346,"threshold_ms":300}
{"ts":"2026-10-07T14:21:59.233Z","level":"error","event":"db.query_failed","request_id":null,"method":"POST","target":"rpc:available_stock","duration_ms":0,"err":{"name":"Error","message":"During prerendering, fetch() rejects when the prerender is complete. Typically these errors are handled by React but if you move fetch() to a different context by using `setTimeout`, `after`, or similar functions you may observe this error and you should handle it in that context. This occurred at route \"/product/[slug]\".","stack":"Error: During prerendering, fetch() rejects when the prerender is complete. Typically these errors are handled by React but if you move fetch() to a different context by using `setTimeout`, `after`, or similar functions you may observe this error and you should handle it in that context. This occurred at route \"/product/[slug]\".\n    at eu (/Users/ofir/kenyonexpress-autopilot/.next/server/chunks/[root-of-the-server]__1jlk8z1._.js:2:58687)\n    at /Users/ofir/kenyonexpress-autopilot/.next/server/chunks/[root-of-the-server]__1jlk8z1._.js:2:87004\n    at /Users/ofir/kenyonexpress-autopilot/.next/server/chunks/[root-of-the-server]__1jlk8z1._.js:2:54057\n    at /Users/ofir/kenyonexpress-autopilot/.next/server/chunks/[root-of-the-server]__1jlk8z1._.js:2:54347\n    at Object.with (/Users/ofir/kenyonexpress-autopilot/.next/server/chunks/[root-of-the-server]__1jlk8z1._.js:2:4124)\n    at S.with (/Users/ofir/kenyonexpress-autopilot/.next/server/chunks/[root-of-the-server]__1jlk8z1._.js:2:4450)\n    at G.startActiveSpan (/Users/ofir/kenyonexpress-autopilot/.next/server/chunks/[root-of-the-server]__1jlk8z1._.js:2:6806)\n    at H.startActiveSpan (/Users/ofir/kenyonexpress-autopilot/.next/server/chunks/[root-of-the-server]__1jlk8z1._.js:2:7045)\n    at e.runWithActiveSpan (/Users/ofir/kenyonexpress-autopilot/.next/server/chunks/[root-of-the-server]__1jlk8z1._.js:2:54324)\n    at /Users/ofir/kenyonexpress-autopilot/.next/server/chunks/[root-of-the-server]__1jlk8z1._.js:2:53577\n    at Object.with (/Users/ofir/kenyonexpress-autopilot/.next/server/chunks/[root-of-the-server]__1jlk8z1._.js:2:4124)\n    at S.with (/Users/ofir/kenyonexpress-autopilot/.next/server/chunks/[root-of-the-server]__1jlk8z1._.js:2:4450)\n    at e.trace (/Users/ofir/kenyonexpress-autopilot/.next/server/chunks/[root-of-the-server]__1jlk8z1._.js:2:53551)\n    at fetch (/Users/ofir/kenyonexpress-autopilot/.next/server/chunks/[root-of-the-server]__1jlk8z1._.js:2:84044)\n    at /Users/ofir/kenyonexpress-autopilot/.next/server/chun","digest":"HANGING_PROMISE_REJECTION"}}
{"ts":"2026-10-07T14:21:59.233Z","level":"error","event":"db.query_failed","request_id":null,"method":"GET","target":"products","duration_ms":0,"err":{"name":"Error","message":"During prerendering, fetch() rejects when the prerender is complete. Typically these errors are handled by React but if you move fetch() to a different context by using `setTimeout`, `after`, or similar functions you may observe this error and you should handle it in that context. This occurred at route \"/product/[slug]\".","stack":"Error: During prerendering, fetch() rejects when the prerender is complete. Typically these errors are handled by React but if you move fetch() to a different context by using `setTimeout`, `after`, or similar functions you may observe this error and you should handle it in that context. This occurred at route \"/product/[slug]\".\n    at eu (/Users/ofir/kenyonexpress-autopilot/.next/server/chunks/[root-of-the-server]__1jlk8z1._.js:2:58687)\n    at /Users/ofir/kenyonexpress-autopilot/.next/server/chunks/[root-of-the-server]__1jlk8z1._.js:2:87004\n    at /Users/ofir/kenyonexpress-autopilot/.next/server/chunks/[root-of-the-server]__1jlk8z1._.js:2:54057\n    at /Users/ofir/kenyonexpress-autopilot/.next/server/chunks/[root-of-the-server]__1jlk8z1._.js:2:54347\n    at Object.with (/Users/ofir/kenyonexpress-autopilot/.next/server/chunks/[root-of-the-server]__1jlk8z1._.js:2:4124)\n    at S.with (/Users/ofir/kenyonexpress-autopilot/.next/server/chunks/[root-of-the-server]__1jlk8z1._.js:2:4450)\n    at G.startActiveSpan (/Users/ofir/kenyonexpress-autopilot/.next/server/chunks/[root-of-the-server]__1jlk8z1._.js:2:6806)\n    at H.startActiveSpan (/Users/ofir/kenyonexpress-autopilot/.next/server/chunks/[root-of-the-server]__1jlk8z1._.js:2:7045)\n    at e.runWithActiveSpan (/Users/ofir/kenyonexpress-autopilot/.next/server/chunks/[root-of-the-server]__1jlk8z1._.js:2:54324)\n    at /Users/ofir/kenyonexpress-autopilot/.next/server/chunks/[root-of-the-server]__1jlk8z1._.js:2:53577\n    at Object.with (/Users/ofir/kenyonexpress-autopilot/.next/server/chunks/[root-of-the-server]__1jlk8z1._.js:2:4124)\n    at S.with (/Users/ofir/kenyonexpress-autopilot/.next/server/chunks/[root-of-the-server]__1jlk8z1._.js:2:4450)\n    at e.trace (/Users/ofir/kenyonexpress-autopilot/.next/server/chunks/[root-of-the-server]__1jlk8z1._.js:2:53551)\n    at fetch (/Users/ofir/kenyonexpress-autopilot/.next/server/chunks/[root-of-the-server]__1jlk8z1._.js:2:84044)\n    at /Users/ofir/kenyonexpress-autopilot/.next/server/chun","digest":"HANGING_PROMISE_REJECTION"}}
{"ts":"2026-10-07T14:21:59.242Z","level":"warn","event":"db.query_slow","request_id":null,"method":"GET","target":"product_variants","status":200,"duration_ms":2364,"threshold_ms":300}
{"ts":"2026-10-07T14:21:59.312Z","level":"warn","event":"db.query_slow","request_id":null,"method":"GET","target":"media_assets","status":200,"duration_ms":2812,"threshold_ms":300}
{"ts":"2026-10-07T14:21:59.316Z","level":"warn","event":"db.query_slow","request_id":null,"method":"GET","target":"products","status":200,"duration_ms":7686,"threshold_ms":300}
{"ts":"2026-10-07T14:21:59.318Z","level":"warn","event":"db.query_slow","request_id":null,"method":"GET","target":"product_variants","status":200,"duration_ms":2819,"threshold_ms":300}
{"ts":"2026-10-07T14:21:59.471Z","level":"warn","event":"db.query_slow","request_id":null,"method":"GET","target":"products","status":200,"duration_ms":7819,"threshold_ms":300}
{"ts":"2026-10-07T14:21:59.721Z","level":"warn","event":"db.query_slow","request_id":null,"method":"POST","target":"rpc:product_rating_summary","status":404,"duration_ms":2842,"threshold_ms":300}
{"ts":"2026-10-07T14:21:59.869Z","level":"warn","event":"db.query_slow","request_id":null,"method":"GET","target":"products","status":200,"duration_ms":552,"threshold_ms":300}
{"ts":"2026-10-07T14:21:59.884Z","level":"warn","event":"db.query_slow","request_id":null,"method":"GET","target":"product_variants","status":200,"duration_ms":568,"threshold_ms":300}
{"ts":"2026-10-07T14:22:00.225Z","level":"error","event":"db.query_failed","request_id":null,"method":"GET","target":"products","duration_ms":9,"err":{"name":"Error","message":"During prerendering, fetch() rejects when the prerender is complete. Typically these errors are handled by React but if you move fetch() to a different context by using `setTimeout`, `after`, or similar functions you may observe this error and you should handle it in that context. This occurred at route \"/coupon/[slug]\".","stack":"Error: During prerendering, fetch() rejects when the prerender is complete. Typically these errors are handled by React but if you move fetch() to a different context by using `setTimeout`, `after`, or similar functions you may observe this error and you should handle it in that context. This occurred at route \"/coupon/[slug]\".\n    at /Users/ofir/kenyonexpress-autopilot/.next/server/chunks/ssr/[root-of-the-server]__1_aa14n._.js:2:23832\n    at /Users/ofir/kenyonexpress-autopilot/.next/server/chunks/ssr/[root-of-the-server]__1_aa14n._.js:11:48366\n    at /Users/ofir/kenyonexpress-autopilot/.next/server/chunks/ssr/[root-of-the-server]__1_aa14n._.js:11:66894\n    at /Users/ofir/kenyonexpress-autopilot/.next/server/chunks/ssr/[root-of-the-server]__1_aa14n._.js:11:67121\n    at Object.with (/Users/ofir/kenyonexpress-autopilot/.next/server/chunks/ssr/0sj1_@opentelemetry_api_build_esm_1_uv6rc._.js:2:3907)\n    at v.with (/Users/ofir/kenyonexpress-autopilot/.next/server/chunks/ssr/0sj1_@opentelemetry_api_build_esm_1_uv6rc._.js:2:4233)\n    at P.startActiveSpan (/Users/ofir/kenyonexpress-autopilot/.next/server/chunks/ssr/0sj1_@opentelemetry_api_build_esm_1_uv6rc._.js:2:6588)\n    at R.startActiveSpan (/Users/ofir/kenyonexpress-autopilot/.next/server/chunks/ssr/0sj1_@opentelemetry_api_build_esm_1_uv6rc._.js:2:6827)\n    at a.runWithActiveSpan (/Users/ofir/kenyonexpress-autopilot/.next/server/chunks/ssr/[root-of-the-server]__1_aa14n._.js:11:67098)\n    at /Users/ofir/kenyonexpress-autopilot/.next/server/chunks/ssr/[root-of-the-server]__1_aa14n._.js:11:66397\n    at Object.with (/Users/ofir/kenyonexpress-autopilot/.next/server/chunks/ssr/0sj1_@opentelemetry_api_build_esm_1_uv6rc._.js:2:3907)\n    at v.with (/Users/ofir/kenyonexpress-autopilot/.next/server/chunks/ssr/0sj1_@opentelemetry_api_build_esm_1_uv6rc._.js:2:4233)\n    at a.trace (/Users/ofir/kenyonexpress-autopilot/.next/server/chunks/ssr/[root-of-the-server]__1_aa14n._.js:11:66371)\n    at fetch (/Users/ofir/kenyonexpress-autopilot/","digest":"HANGING_PROMISE_REJECTION"}}
{"ts":"2026-10-07T14:22:00.228Z","level":"error","event":"db.query_failed","request_id":null,"method":"GET","target":"products","duration_ms":4,"err":{"name":"Error","message":"During prerendering, fetch() rejects when the prerender is complete. Typically these errors are handled by React but if you move fetch() to a different context by using `setTimeout`, `after`, or similar functions you may observe this error and you should handle it in that context. This occurred at route \"/product/[slug]\".","stack":"Error: During prerendering, fetch() rejects when the prerender is complete. Typically these errors are handled by React but if you move fetch() to a different context by using `setTimeout`, `after`, or similar functions you may observe this error and you should handle it in that context. This occurred at route \"/product/[slug]\".\n    at eu (/Users/ofir/kenyonexpress-autopilot/.next/server/chunks/[root-of-the-server]__1jlk8z1._.js:2:58687)\n    at /Users/ofir/kenyonexpress-autopilot/.next/server/chunks/[root-of-the-server]__1jlk8z1._.js:2:87004\n    at /Users/ofir/kenyonexpress-autopilot/.next/server/chunks/[root-of-the-server]__1jlk8z1._.js:2:54057\n    at /Users/ofir/kenyonexpress-autopilot/.next/server/chunks/[root-of-the-server]__1jlk8z1._.js:2:54347\n    at Object.with (/Users/ofir/kenyonexpress-autopilot/.next/server/chunks/[root-of-the-server]__1jlk8z1._.js:2:4124)\n    at S.with (/Users/ofir/kenyonexpress-autopilot/.next/server/chunks/[root-of-the-server]__1jlk8z1._.js:2:4450)\n    at G.startActiveSpan (/Users/ofir/kenyonexpress-autopilot/.next/server/chunks/[root-of-the-server]__1jlk8z1._.js:2:6806)\n    at H.startActiveSpan (/Users/ofir/kenyonexpress-autopilot/.next/server/chunks/[root-of-the-server]__1jlk8z1._.js:2:7045)\n    at e.runWithActiveSpan (/Users/ofir/kenyonexpress-autopilot/.next/server/chunks/[root-of-the-server]__1jlk8z1._.js:2:54324)\n    at /Users/ofir/kenyonexpress-autopilot/.next/server/chunks/[root-of-the-server]__1jlk8z1._.js:2:53577\n    at Object.with (/Users/ofir/kenyonexpress-autopilot/.next/server/chunks/[root-of-the-server]__1jlk8z1._.js:2:4124)\n    at S.with (/Users/ofir/kenyonexpress-autopilot/.next/server/chunks/[root-of-the-server]__1jlk8z1._.js:2:4450)\n    at e.trace (/Users/ofir/kenyonexpress-autopilot/.next/server/chunks/[root-of-the-server]__1jlk8z1._.js:2:53551)\n    at fetch (/Users/ofir/kenyonexpress-autopilot/.next/server/chunks/[root-of-the-server]__1jlk8z1._.js:2:84044)\n    at /Users/ofir/kenyonexpress-autopilot/.next/server/chun","digest":"HANGING_PROMISE_REJECTION"}}
{"ts":"2026-10-07T14:22:00.235Z","level":"error","event":"db.query_failed","request_id":null,"method":"GET","target":"products","duration_ms":0,"err":{"name":"Error","message":"During prerendering, fetch() rejects when the prerender is complete. Typically these errors are handled by React but if you move fetch() to a different context by using `setTimeout`, `after`, or similar functions you may observe this error and you should handle it in that context. This occurred at route \"/product/[slug]\".","stack":"Error: During prerendering, fetch() rejects when the prerender is complete. Typically these errors are handled by React but if you move fetch() to a different context by using `setTimeout`, `after`, or similar functions you may observe this error and you should handle it in that context. This occurred at route \"/product/[slug]\".\n    at eu (/Users/ofir/kenyonexpress-autopilot/.next/server/chunks/[root-of-the-server]__1jlk8z1._.js:2:58687)\n    at /Users/ofir/kenyonexpress-autopilot/.next/server/chunks/[root-of-the-server]__1jlk8z1._.js:2:87004\n    at /Users/ofir/kenyonexpress-autopilot/.next/server/chunks/[root-of-the-server]__1jlk8z1._.js:2:54057\n    at /Users/ofir/kenyonexpress-autopilot/.next/server/chunks/[root-of-the-server]__1jlk8z1._.js:2:54347\n    at Object.with (/Users/ofir/kenyonexpress-autopilot/.next/server/chunks/[root-of-the-server]__1jlk8z1._.js:2:4124)\n    at S.with (/Users/ofir/kenyonexpress-autopilot/.next/server/chunks/[root-of-the-server]__1jlk8z1._.js:2:4450)\n    at G.startActiveSpan (/Users/ofir/kenyonexpress-autopilot/.next/server/chunks/[root-of-the-server]__1jlk8z1._.js:2:6806)\n    at H.startActiveSpan (/Users/ofir/kenyonexpress-autopilot/.next/server/chunks/[root-of-the-server]__1jlk8z1._.js:2:7045)\n    at e.runWithActiveSpan (/Users/ofir/kenyonexpress-autopilot/.next/server/chunks/[root-of-the-server]__1jlk8z1._.js:2:54324)\n    at /Users/ofir/kenyonexpress-autopilot/.next/server/chunks/[root-of-the-server]__1jlk8z1._.js:2:53577\n    at Object.with (/Users/ofir/kenyonexpress-autopilot/.next/server/chunks/[root-of-the-server]__1jlk8z1._.js:2:4124)\n    at S.with (/Users/ofir/kenyonexpress-autopilot/.next/server/chunks/[root-of-the-server]__1jlk8z1._.js:2:4450)\n    at e.trace (/Users/ofir/kenyonexpress-autopilot/.next/server/chunks/[root-of-the-server]__1jlk8z1._.js:2:53551)\n    at fetch (/Users/ofir/kenyonexpress-autopilot/.next/server/chunks/[root-of-the-server]__1jlk8z1._.js:2:84044)\n    at /Users/ofir/kenyonexpress-autopilot/.next/server/chun","digest":"HANGING_PROMISE_REJECTION"}}
{"ts":"2026-10-07T14:22:00.237Z","level":"error","event":"db.query_failed","request_id":null,"method":"GET","target":"products","duration_ms":1,"err":{"name":"Error","message":"During prerendering, fetch() rejects when the prerender is complete. Typically these errors are handled by React but if you move fetch() to a different context by using `setTimeout`, `after`, or similar functions you may observe this error and you should handle it in that context. This occurred at route \"/coupon/[slug]\".","stack":"Error: During prerendering, fetch() rejects when the prerender is complete. Typically these errors are handled by React but if you move fetch() to a different context by using `setTimeout`, `after`, or similar functions you may observe this error and you should handle it in that context. This occurred at route \"/coupon/[slug]\".\n    at /Users/ofir/kenyonexpress-autopilot/.next/server/chunks/ssr/[root-of-the-server]__1_aa14n._.js:2:23832\n    at /Users/ofir/kenyonexpress-autopilot/.next/server/chunks/ssr/[root-of-the-server]__1_aa14n._.js:11:48366\n    at /Users/ofir/kenyonexpress-autopilot/.next/server/chunks/ssr/[root-of-the-server]__1_aa14n._.js:11:66894\n    at /Users/ofir/kenyonexpress-autopilot/.next/server/chunks/ssr/[root-of-the-server]__1_aa14n._.js:11:67121\n    at Object.with (/Users/ofir/kenyonexpress-autopilot/.next/server/chunks/ssr/0sj1_@opentelemetry_api_build_esm_1_uv6rc._.js:2:3907)\n    at v.with (/Users/ofir/kenyonexpress-autopilot/.next/server/chunks/ssr/0sj1_@opentelemetry_api_build_esm_1_uv6rc._.js:2:4233)\n    at P.startActiveSpan (/Users/ofir/kenyonexpress-autopilot/.next/server/chunks/ssr/0sj1_@opentelemetry_api_build_esm_1_uv6rc._.js:2:6588)\n    at R.startActiveSpan (/Users/ofir/kenyonexpress-autopilot/.next/server/chunks/ssr/0sj1_@opentelemetry_api_build_esm_1_uv6rc._.js:2:6827)\n    at a.runWithActiveSpan (/Users/ofir/kenyonexpress-autopilot/.next/server/chunks/ssr/[root-of-the-server]__1_aa14n._.js:11:67098)\n    at /Users/ofir/kenyonexpress-autopilot/.next/server/chunks/ssr/[root-of-the-server]__1_aa14n._.js:11:66397\n    at Object.with (/Users/ofir/kenyonexpress-autopilot/.next/server/chunks/ssr/0sj1_@opentelemetry_api_build_esm_1_uv6rc._.js:2:3907)\n    at v.with (/Users/ofir/kenyonexpress-autopilot/.next/server/chunks/ssr/0sj1_@opentelemetry_api_build_esm_1_uv6rc._.js:2:4233)\n    at a.trace (/Users/ofir/kenyonexpress-autopilot/.next/server/chunks/ssr/[root-of-the-server]__1_aa14n._.js:11:66371)\n    at fetch (/Users/ofir/kenyonexpress-autopilot/","digest":"HANGING_PROMISE_REJECTION"}}
{"ts":"2026-10-07T14:22:00.273Z","level":"warn","event":"db.query_slow","request_id":null,"method":"POST","target":"rpc:product_rating_summary","status":404,"duration_ms":956,"threshold_ms":300}
{"ts":"2026-10-07T14:22:00.275Z","level":"warn","event":"db.query_slow","request_id":null,"method":"GET","target":"media_assets","status":200,"duration_ms":958,"threshold_ms":300}
{"ts":"2026-10-07T14:22:00.277Z","level":"warn","event":"db.query_slow","request_id":null,"method":"GET","target":"products","status":200,"duration_ms":929,"threshold_ms":300}
{"ts":"2026-10-07T14:22:01.525Z","level":"warn","event":"db.query_slow","request_id":null,"method":"GET","target":"products","status":200,"duration_ms":5025,"threshold_ms":300}
{"ts":"2026-10-07T14:22:01.527Z","level":"warn","event":"db.query_slow","request_id":null,"method":"GET","target":"product_variants","status":200,"duration_ms":5116,"threshold_ms":300}
{"ts":"2026-10-07T14:22:01.662Z","level":"error","event":"supabase.timeout","request_id":null,"timeoutMs":10000,"url":"https://ixvwfbuvfxxsjiywhbbb.supabase.co/rest/v1/products"}
{"ts":"2026-10-07T14:22:01.826Z","level":"warn","event":"db.query_slow","request_id":null,"method":"GET","target":"products","status":200,"duration_ms":2099,"threshold_ms":300}
{"ts":"2026-10-07T14:22:02.233Z","level":"error","event":"db.query_failed","request_id":null,"method":"GET","target":"products","duration_ms":2,"err":{"name":"Error","message":"During prerendering, fetch() rejects when the prerender is complete. Typically these errors are handled by React but if you move fetch() to a different context by using `setTimeout`, `after`, or similar functions you may observe this error and you should handle it in that context. This occurred at route \"/coupon/[slug]\".","stack":"Error: During prerendering, fetch() rejects when the prerender is complete. Typically these errors are handled by React but if you move fetch() to a different context by using `setTimeout`, `after`, or similar functions you may observe this error and you should handle it in that context. This occurred at route \"/coupon/[slug]\".\n    at /Users/ofir/kenyonexpress-autopilot/.next/server/chunks/ssr/[root-of-the-server]__1_aa14n._.js:2:23832\n    at /Users/ofir/kenyonexpress-autopilot/.next/server/chunks/ssr/[root-of-the-server]__1_aa14n._.js:11:48366\n    at /Users/ofir/kenyonexpress-autopilot/.next/server/chunks/ssr/[root-of-the-server]__1_aa14n._.js:11:66894\n    at /Users/ofir/kenyonexpress-autopilot/.next/server/chunks/ssr/[root-of-the-server]__1_aa14n._.js:11:67121\n    at Object.with (/Users/ofir/kenyonexpress-autopilot/.next/server/chunks/ssr/0sj1_@opentelemetry_api_build_esm_1_uv6rc._.js:2:3907)\n    at v.with (/Users/ofir/kenyonexpress-autopilot/.next/server/chunks/ssr/0sj1_@opentelemetry_api_build_esm_1_uv6rc._.js:2:4233)\n    at P.startActiveSpan (/Users/ofir/kenyonexpress-autopilot/.next/server/chunks/ssr/0sj1_@opentelemetry_api_build_esm_1_uv6rc._.js:2:6588)\n    at R.startActiveSpan (/Users/ofir/kenyonexpress-autopilot/.next/server/chunks/ssr/0sj1_@opentelemetry_api_build_esm_1_uv6rc._.js:2:6827)\n    at a.runWithActiveSpan (/Users/ofir/kenyonexpress-autopilot/.next/server/chunks/ssr/[root-of-the-server]__1_aa14n._.js:11:67098)\n    at /Users/ofir/kenyonexpress-autopilot/.next/server/chunks/ssr/[root-of-the-server]__1_aa14n._.js:11:66397\n    at Object.with (/Users/ofir/kenyonexpress-autopilot/.next/server/chunks/ssr/0sj1_@opentelemetry_api_build_esm_1_uv6rc._.js:2:3907)\n    at v.with (/Users/ofir/kenyonexpress-autopilot/.next/server/chunks/ssr/0sj1_@opentelemetry_api_build_esm_1_uv6rc._.js:2:4233)\n    at a.trace (/Users/ofir/kenyonexpress-autopilot/.next/server/chunks/ssr/[root-of-the-server]__1_aa14n._.js:11:66371)\n    at fetch (/Users/ofir/kenyonexpress-autopilot/","digest":"HANGING_PROMISE_REJECTION"}}
{"ts":"2026-10-07T14:22:02.234Z","level":"error","event":"db.query_failed","request_id":null,"method":"GET","target":"products","duration_ms":1,"err":{"name":"Error","message":"During prerendering, fetch() rejects when the prerender is complete. Typically these errors are handled by React but if you move fetch() to a different context by using `setTimeout`, `after`, or similar functions you may observe this error and you should handle it in that context. This occurred at route \"/product/[slug]\".","stack":"Error: During prerendering, fetch() rejects when the prerender is complete. Typically these errors are handled by React but if you move fetch() to a different context by using `setTimeout`, `after`, or similar functions you may observe this error and you should handle it in that context. This occurred at route \"/product/[slug]\".\n    at eu (/Users/ofir/kenyonexpress-autopilot/.next/server/chunks/[root-of-the-server]__1jlk8z1._.js:2:58687)\n    at /Users/ofir/kenyonexpress-autopilot/.next/server/chunks/[root-of-the-server]__1jlk8z1._.js:2:87004\n    at /Users/ofir/kenyonexpress-autopilot/.next/server/chunks/[root-of-the-server]__1jlk8z1._.js:2:54057\n    at /Users/ofir/kenyonexpress-autopilot/.next/server/chunks/[root-of-the-server]__1jlk8z1._.js:2:54347\n    at Object.with (/Users/ofir/kenyonexpress-autopilot/.next/server/chunks/[root-of-the-server]__1jlk8z1._.js:2:4124)\n    at S.with (/Users/ofir/kenyonexpress-autopilot/.next/server/chunks/[root-of-the-server]__1jlk8z1._.js:2:4450)\n    at G.startActiveSpan (/Users/ofir/kenyonexpress-autopilot/.next/server/chunks/[root-of-the-server]__1jlk8z1._.js:2:6806)\n    at H.startActiveSpan (/Users/ofir/kenyonexpress-autopilot/.next/server/chunks/[root-of-the-server]__1jlk8z1._.js:2:7045)\n    at e.runWithActiveSpan (/Users/ofir/kenyonexpress-autopilot/.next/server/chunks/[root-of-the-server]__1jlk8z1._.js:2:54324)\n    at /Users/ofir/kenyonexpress-autopilot/.next/server/chunks/[root-of-the-server]__1jlk8z1._.js:2:53577\n    at Object.with (/Users/ofir/kenyonexpress-autopilot/.next/server/chunks/[root-of-the-server]__1jlk8z1._.js:2:4124)\n    at S.with (/Users/ofir/kenyonexpress-autopilot/.next/server/chunks/[root-of-the-server]__1jlk8z1._.js:2:4450)\n    at e.trace (/Users/ofir/kenyonexpress-autopilot/.next/server/chunks/[root-of-the-server]__1jlk8z1._.js:2:53551)\n    at fetch (/Users/ofir/kenyonexpress-autopilot/.next/server/chunks/[root-of-the-server]__1jlk8z1._.js:2:84044)\n    at /Users/ofir/kenyonexpress-autopilot/.next/server/chun","digest":"HANGING_PROMISE_REJECTION"}}
{"ts":"2026-10-07T14:22:02.237Z","level":"error","event":"db.query_failed","request_id":null,"method":"GET","target":"products","duration_ms":0,"err":{"name":"Error","message":"During prerendering, fetch() rejects when the prerender is complete. Typically these errors are handled by React but if you move fetch() to a different context by using `setTimeout`, `after`, or similar functions you may observe this error and you should handle it in that context. This occurred at route \"/product/[slug]\".","stack":"Error: During prerendering, fetch() rejects when the prerender is complete. Typically these errors are handled by React but if you move fetch() to a different context by using `setTimeout`, `after`, or similar functions you may observe this error and you should handle it in that context. This occurred at route \"/product/[slug]\".\n    at eu (/Users/ofir/kenyonexpress-autopilot/.next/server/chunks/[root-of-the-server]__1jlk8z1._.js:2:58687)\n    at /Users/ofir/kenyonexpress-autopilot/.next/server/chunks/[root-of-the-server]__1jlk8z1._.js:2:87004\n    at /Users/ofir/kenyonexpress-autopilot/.next/server/chunks/[root-of-the-server]__1jlk8z1._.js:2:54057\n    at /Users/ofir/kenyonexpress-autopilot/.next/server/chunks/[root-of-the-server]__1jlk8z1._.js:2:54347\n    at Object.with (/Users/ofir/kenyonexpress-autopilot/.next/server/chunks/[root-of-the-server]__1jlk8z1._.js:2:4124)\n    at S.with (/Users/ofir/kenyonexpress-autopilot/.next/server/chunks/[root-of-the-server]__1jlk8z1._.js:2:4450)\n    at G.startActiveSpan (/Users/ofir/kenyonexpress-autopilot/.next/server/chunks/[root-of-the-server]__1jlk8z1._.js:2:6806)\n    at H.startActiveSpan (/Users/ofir/kenyonexpress-autopilot/.next/server/chunks/[root-of-the-server]__1jlk8z1._.js:2:7045)\n    at e.runWithActiveSpan (/Users/ofir/kenyonexpress-autopilot/.next/server/chunks/[root-of-the-server]__1jlk8z1._.js:2:54324)\n    at /Users/ofir/kenyonexpress-autopilot/.next/server/chunks/[root-of-the-server]__1jlk8z1._.js:2:53577\n    at Object.with (/Users/ofir/kenyonexpress-autopilot/.next/server/chunks/[root-of-the-server]__1jlk8z1._.js:2:4124)\n    at S.with (/Users/ofir/kenyonexpress-autopilot/.next/server/chunks/[root-of-the-server]__1jlk8z1._.js:2:4450)\n    at e.trace (/Users/ofir/kenyonexpress-autopilot/.next/server/chunks/[root-of-the-server]__1jlk8z1._.js:2:53551)\n    at fetch (/Users/ofir/kenyonexpress-autopilot/.next/server/chunks/[root-of-the-server]__1jlk8z1._.js:2:84044)\n    at /Users/ofir/kenyonexpress-autopilot/.next/server/chun","digest":"HANGING_PROMISE_REJECTION"}}
{"ts":"2026-10-07T14:22:02.238Z","level":"error","event":"db.query_failed","request_id":null,"method":"GET","target":"products","duration_ms":0,"err":{"name":"Error","message":"During prerendering, fetch() rejects when the prerender is complete. Typically these errors are handled by React but if you move fetch() to a different context by using `setTimeout`, `after`, or similar functions you may observe this error and you should handle it in that context. This occurred at route \"/coupon/[slug]\".","stack":"Error: During prerendering, fetch() rejects when the prerender is complete. Typically these errors are handled by React but if you move fetch() to a different context by using `setTimeout`, `after`, or similar functions you may observe this error and you should handle it in that context. This occurred at route \"/coupon/[slug]\".\n    at /Users/ofir/kenyonexpress-autopilot/.next/server/chunks/ssr/[root-of-the-server]__1_aa14n._.js:2:23832\n    at /Users/ofir/kenyonexpress-autopilot/.next/server/chunks/ssr/[root-of-the-server]__1_aa14n._.js:11:48366\n    at /Users/ofir/kenyonexpress-autopilot/.next/server/chunks/ssr/[root-of-the-server]__1_aa14n._.js:11:66894\n    at /Users/ofir/kenyonexpress-autopilot/.next/server/chunks/ssr/[root-of-the-server]__1_aa14n._.js:11:67121\n    at Object.with (/Users/ofir/kenyonexpress-autopilot/.next/server/chunks/ssr/0sj1_@opentelemetry_api_build_esm_1_uv6rc._.js:2:3907)\n    at v.with (/Users/ofir/kenyonexpress-autopilot/.next/server/chunks/ssr/0sj1_@opentelemetry_api_build_esm_1_uv6rc._.js:2:4233)\n    at P.startActiveSpan (/Users/ofir/kenyonexpress-autopilot/.next/server/chunks/ssr/0sj1_@opentelemetry_api_build_esm_1_uv6rc._.js:2:6588)\n    at R.startActiveSpan (/Users/ofir/kenyonexpress-autopilot/.next/server/chunks/ssr/0sj1_@opentelemetry_api_build_esm_1_uv6rc._.js:2:6827)\n    at a.runWithActiveSpan (/Users/ofir/kenyonexpress-autopilot/.next/server/chunks/ssr/[root-of-the-server]__1_aa14n._.js:11:67098)\n    at /Users/ofir/kenyonexpress-autopilot/.next/server/chunks/ssr/[root-of-the-server]__1_aa14n._.js:11:66397\n    at Object.with (/Users/ofir/kenyonexpress-autopilot/.next/server/chunks/ssr/0sj1_@opentelemetry_api_build_esm_1_uv6rc._.js:2:3907)\n    at v.with (/Users/ofir/kenyonexpress-autopilot/.next/server/chunks/ssr/0sj1_@opentelemetry_api_build_esm_1_uv6rc._.js:2:4233)\n    at a.trace (/Users/ofir/kenyonexpress-autopilot/.next/server/chunks/ssr/[root-of-the-server]__1_aa14n._.js:11:66371)\n    at fetch (/Users/ofir/kenyonexpress-autopilot/","digest":"HANGING_PROMISE_REJECTION"}}
{"ts":"2026-10-07T14:22:02.394Z","level":"error","event":"db.query_failed","request_id":null,"method":"POST","target":"rpc:available_stock","duration_ms":9436,"err":{"name":"Error","message":"During prerendering, fetch() rejects when the prerender is complete. Typically these errors are handled by React but if you move fetch() to a different context by using `setTimeout`, `after`, or similar functions you may observe this error and you should handle it in that context. This occurred at route \"/product/[slug]\".","stack":"Error: During prerendering, fetch() rejects when the prerender is complete. Typically these errors are handled by React but if you move fetch() to a different context by using `setTimeout`, `after`, or similar functions you may observe this error and you should handle it in that context. This occurred at route \"/product/[slug]\".\n    at /Users/ofir/kenyonexpress-autopilot/.next/server/chunks/ssr/[root-of-the-server]__1_aa14n._.js:2:23832\n    at /Users/ofir/kenyonexpress-autopilot/.next/server/chunks/ssr/[root-of-the-server]__1_aa14n._.js:11:48366\n    at /Users/ofir/kenyonexpress-autopilot/.next/server/chunks/ssr/[root-of-the-server]__1_aa14n._.js:11:66894\n    at /Users/ofir/kenyonexpress-autopilot/.next/server/chunks/ssr/[root-of-the-server]__1_aa14n._.js:11:67121\n    at Object.with (/Users/ofir/kenyonexpress-autopilot/.next/server/chunks/ssr/0sj1_@opentelemetry_api_build_esm_1_uv6rc._.js:2:3907)\n    at v.with (/Users/ofir/kenyonexpress-autopilot/.next/server/chunks/ssr/0sj1_@opentelemetry_api_build_esm_1_uv6rc._.js:2:4233)\n    at P.startActiveSpan (/Users/ofir/kenyonexpress-autopilot/.next/server/chunks/ssr/0sj1_@opentelemetry_api_build_esm_1_uv6rc._.js:2:6588)\n    at R.startActiveSpan (/Users/ofir/kenyonexpress-autopilot/.next/server/chunks/ssr/0sj1_@opentelemetry_api_build_esm_1_uv6rc._.js:2:6827)\n    at a.runWithActiveSpan (/Users/ofir/kenyonexpress-autopilot/.next/server/chunks/ssr/[root-of-the-server]__1_aa14n._.js:11:67098)\n    at /Users/ofir/kenyonexpress-autopilot/.next/server/chunks/ssr/[root-of-the-server]__1_aa14n._.js:11:66397\n    at Object.with (/Users/ofir/kenyonexpress-autopilot/.next/server/chunks/ssr/0sj1_@opentelemetry_api_build_esm_1_uv6rc._.js:2:3907)\n    at v.with (/Users/ofir/kenyonexpress-autopilot/.next/server/chunks/ssr/0sj1_@opentelemetry_api_build_esm_1_uv6rc._.js:2:4233)\n    at a.trace (/Users/ofir/kenyonexpress-autopilot/.next/server/chunks/ssr/[root-of-the-server]__1_aa14n._.js:11:66371)\n    at fetch (/Users/ofir/kenyonexpress-autopilot","digest":"HANGING_PROMISE_REJECTION"}}
{"ts":"2026-10-07T14:22:02.395Z","level":"error","event":"db.query_failed","request_id":null,"method":"GET","target":"products","duration_ms":9437,"err":{"name":"Error","message":"During prerendering, fetch() rejects when the prerender is complete. Typically these errors are handled by React but if you move fetch() to a different context by using `setTimeout`, `after`, or similar functions you may observe this error and you should handle it in that context. This occurred at route \"/product/[slug]\".","stack":"Error: During prerendering, fetch() rejects when the prerender is complete. Typically these errors are handled by React but if you move fetch() to a different context by using `setTimeout`, `after`, or similar functions you may observe this error and you should handle it in that context. This occurred at route \"/product/[slug]\".\n    at /Users/ofir/kenyonexpress-autopilot/.next/server/chunks/ssr/[root-of-the-server]__1_aa14n._.js:2:23832\n    at /Users/ofir/kenyonexpress-autopilot/.next/server/chunks/ssr/[root-of-the-server]__1_aa14n._.js:11:48366\n    at /Users/ofir/kenyonexpress-autopilot/.next/server/chunks/ssr/[root-of-the-server]__1_aa14n._.js:11:66894\n    at /Users/ofir/kenyonexpress-autopilot/.next/server/chunks/ssr/[root-of-the-server]__1_aa14n._.js:11:67121\n    at Object.with (/Users/ofir/kenyonexpress-autopilot/.next/server/chunks/ssr/0sj1_@opentelemetry_api_build_esm_1_uv6rc._.js:2:3907)\n    at v.with (/Users/ofir/kenyonexpress-autopilot/.next/server/chunks/ssr/0sj1_@opentelemetry_api_build_esm_1_uv6rc._.js:2:4233)\n    at P.startActiveSpan (/Users/ofir/kenyonexpress-autopilot/.next/server/chunks/ssr/0sj1_@opentelemetry_api_build_esm_1_uv6rc._.js:2:6588)\n    at R.startActiveSpan (/Users/ofir/kenyonexpress-autopilot/.next/server/chunks/ssr/0sj1_@opentelemetry_api_build_esm_1_uv6rc._.js:2:6827)\n    at a.runWithActiveSpan (/Users/ofir/kenyonexpress-autopilot/.next/server/chunks/ssr/[root-of-the-server]__1_aa14n._.js:11:67098)\n    at /Users/ofir/kenyonexpress-autopilot/.next/server/chunks/ssr/[root-of-the-server]__1_aa14n._.js:11:66397\n    at Object.with (/Users/ofir/kenyonexpress-autopilot/.next/server/chunks/ssr/0sj1_@opentelemetry_api_build_esm_1_uv6rc._.js:2:3907)\n    at v.with (/Users/ofir/kenyonexpress-autopilot/.next/server/chunks/ssr/0sj1_@opentelemetry_api_build_esm_1_uv6rc._.js:2:4233)\n    at a.trace (/Users/ofir/kenyonexpress-autopilot/.next/server/chunks/ssr/[root-of-the-server]__1_aa14n._.js:11:66371)\n    at fetch (/Users/ofir/kenyonexpress-autopilot","digest":"HANGING_PROMISE_REJECTION"}}
{"ts":"2026-10-07T14:22:02.472Z","level":"error","event":"db.query_failed","request_id":null,"method":"POST","target":"rpc:available_stock","duration_ms":17,"err":{"name":"Error","message":"During prerendering, fetch() rejects when the prerender is complete. Typically these errors are handled by React but if you move fetch() to a different context by using `setTimeout`, `after`, or similar functions you may observe this error and you should handle it in that context. This occurred at route \"/product/[slug]\".","stack":"Error: During prerendering, fetch() rejects when the prerender is complete. Typically these errors are handled by React but if you move fetch() to a different context by using `setTimeout`, `after`, or similar functions you may observe this error and you should handle it in that context. This occurred at route \"/product/[slug]\".\n    at /Users/ofir/kenyonexpress-autopilot/.next/server/chunks/ssr/[root-of-the-server]__1_aa14n._.js:2:23832\n    at /Users/ofir/kenyonexpress-autopilot/.next/server/chunks/ssr/[root-of-the-server]__1_aa14n._.js:11:48366\n    at /Users/ofir/kenyonexpress-autopilot/.next/server/chunks/ssr/[root-of-the-server]__1_aa14n._.js:11:66894\n    at /Users/ofir/kenyonexpress-autopilot/.next/server/chunks/ssr/[root-of-the-server]__1_aa14n._.js:11:67121\n    at Object.with (/Users/ofir/kenyonexpress-autopilot/.next/server/chunks/ssr/0sj1_@opentelemetry_api_build_esm_1_uv6rc._.js:2:3907)\n    at v.with (/Users/ofir/kenyonexpress-autopilot/.next/server/chunks/ssr/0sj1_@opentelemetry_api_build_esm_1_uv6rc._.js:2:4233)\n    at P.startActiveSpan (/Users/ofir/kenyonexpress-autopilot/.next/server/chunks/ssr/0sj1_@opentelemetry_api_build_esm_1_uv6rc._.js:2:6588)\n    at R.startActiveSpan (/Users/ofir/kenyonexpress-autopilot/.next/server/chunks/ssr/0sj1_@opentelemetry_api_build_esm_1_uv6rc._.js:2:6827)\n    at a.runWithActiveSpan (/Users/ofir/kenyonexpress-autopilot/.next/server/chunks/ssr/[root-of-the-server]__1_aa14n._.js:11:67098)\n    at /Users/ofir/kenyonexpress-autopilot/.next/server/chunks/ssr/[root-of-the-server]__1_aa14n._.js:11:66397\n    at Object.with (/Users/ofir/kenyonexpress-autopilot/.next/server/chunks/ssr/0sj1_@opentelemetry_api_build_esm_1_uv6rc._.js:2:3907)\n    at v.with (/Users/ofir/kenyonexpress-autopilot/.next/server/chunks/ssr/0sj1_@opentelemetry_api_build_esm_1_uv6rc._.js:2:4233)\n    at a.trace (/Users/ofir/kenyonexpress-autopilot/.next/server/chunks/ssr/[root-of-the-server]__1_aa14n._.js:11:66371)\n    at fetch (/Users/ofir/kenyonexpress-autopilot","digest":"HANGING_PROMISE_REJECTION"}}
{"ts":"2026-10-07T14:22:02.473Z","level":"error","event":"db.query_failed","request_id":null,"method":"GET","target":"products","duration_ms":13,"err":{"name":"Error","message":"During prerendering, fetch() rejects when the prerender is complete. Typically these errors are handled by React but if you move fetch() to a different context by using `setTimeout`, `after`, or similar functions you may observe this error and you should handle it in that context. This occurred at route \"/product/[slug]\".","stack":"Error: During prerendering, fetch() rejects when the prerender is complete. Typically these errors are handled by React but if you move fetch() to a different context by using `setTimeout`, `after`, or similar functions you may observe this error and you should handle it in that context. This occurred at route \"/product/[slug]\".\n    at /Users/ofir/kenyonexpress-autopilot/.next/server/chunks/ssr/[root-of-the-server]__1_aa14n._.js:2:23832\n    at /Users/ofir/kenyonexpress-autopilot/.next/server/chunks/ssr/[root-of-the-server]__1_aa14n._.js:11:48366\n    at /Users/ofir/kenyonexpress-autopilot/.next/server/chunks/ssr/[root-of-the-server]__1_aa14n._.js:11:66894\n    at /Users/ofir/kenyonexpress-autopilot/.next/server/chunks/ssr/[root-of-the-server]__1_aa14n._.js:11:67121\n    at Object.with (/Users/ofir/kenyonexpress-autopilot/.next/server/chunks/ssr/0sj1_@opentelemetry_api_build_esm_1_uv6rc._.js:2:3907)\n    at v.with (/Users/ofir/kenyonexpress-autopilot/.next/server/chunks/ssr/0sj1_@opentelemetry_api_build_esm_1_uv6rc._.js:2:4233)\n    at P.startActiveSpan (/Users/ofir/kenyonexpress-autopilot/.next/server/chunks/ssr/0sj1_@opentelemetry_api_build_esm_1_uv6rc._.js:2:6588)\n    at R.startActiveSpan (/Users/ofir/kenyonexpress-autopilot/.next/server/chunks/ssr/0sj1_@opentelemetry_api_build_esm_1_uv6rc._.js:2:6827)\n    at a.runWithActiveSpan (/Users/ofir/kenyonexpress-autopilot/.next/server/chunks/ssr/[root-of-the-server]__1_aa14n._.js:11:67098)\n    at /Users/ofir/kenyonexpress-autopilot/.next/server/chunks/ssr/[root-of-the-server]__1_aa14n._.js:11:66397\n    at Object.with (/Users/ofir/kenyonexpress-autopilot/.next/server/chunks/ssr/0sj1_@opentelemetry_api_build_esm_1_uv6rc._.js:2:3907)\n    at v.with (/Users/ofir/kenyonexpress-autopilot/.next/server/chunks/ssr/0sj1_@opentelemetry_api_build_esm_1_uv6rc._.js:2:4233)\n    at a.trace (/Users/ofir/kenyonexpress-autopilot/.next/server/chunks/ssr/[root-of-the-server]__1_aa14n._.js:11:66371)\n    at fetch (/Users/ofir/kenyonexpress-autopilot","digest":"HANGING_PROMISE_REJECTION"}}
{"ts":"2026-10-07T14:22:02.540Z","level":"warn","event":"db.query_slow","request_id":null,"method":"POST","target":"rpc:product_rating_summary","status":404,"duration_ms":6129,"threshold_ms":300}
{"ts":"2026-10-07T14:22:02.551Z","level":"warn","event":"db.query_slow","request_id":null,"method":"POST","target":"rpc:product_rating_summary","status":404,"duration_ms":6050,"threshold_ms":300}
{"ts":"2026-10-07T14:22:03.404Z","level":"error","event":"db.query_failed","request_id":null,"method":"GET","target":"products","duration_ms":4,"err":{"name":"Error","message":"During prerendering, fetch() rejects when the prerender is complete. Typically these errors are handled by React but if you move fetch() to a different context by using `setTimeout`, `after`, or similar functions you may observe this error and you should handle it in that context. This occurred at route \"/product/[slug]\".","stack":"Error: During prerendering, fetch() rejects when the prerender is complete. Typically these errors are handled by React but if you move fetch() to a different context by using `setTimeout`, `after`, or similar functions you may observe this error and you should handle it in that context. This occurred at route \"/product/[slug]\".\n    at /Users/ofir/kenyonexpress-autopilot/.next/server/chunks/ssr/[root-of-the-server]__1_aa14n._.js:2:23832\n    at /Users/ofir/kenyonexpress-autopilot/.next/server/chunks/ssr/[root-of-the-server]__1_aa14n._.js:11:48366\n    at /Users/ofir/kenyonexpress-autopilot/.next/server/chunks/ssr/[root-of-the-server]__1_aa14n._.js:11:66894\n    at /Users/ofir/kenyonexpress-autopilot/.next/server/chunks/ssr/[root-of-the-server]__1_aa14n._.js:11:67121\n    at Object.with (/Users/ofir/kenyonexpress-autopilot/.next/server/chunks/ssr/0sj1_@opentelemetry_api_build_esm_1_uv6rc._.js:2:3907)\n    at v.with (/Users/ofir/kenyonexpress-autopilot/.next/server/chunks/ssr/0sj1_@opentelemetry_api_build_esm_1_uv6rc._.js:2:4233)\n    at P.startActiveSpan (/Users/ofir/kenyonexpress-autopilot/.next/server/chunks/ssr/0sj1_@opentelemetry_api_build_esm_1_uv6rc._.js:2:6588)\n    at R.startActiveSpan (/Users/ofir/kenyonexpress-autopilot/.next/server/chunks/ssr/0sj1_@opentelemetry_api_build_esm_1_uv6rc._.js:2:6827)\n    at a.runWithActiveSpan (/Users/ofir/kenyonexpress-autopilot/.next/server/chunks/ssr/[root-of-the-server]__1_aa14n._.js:11:67098)\n    at /Users/ofir/kenyonexpress-autopilot/.next/server/chunks/ssr/[root-of-the-server]__1_aa14n._.js:11:66397\n    at Object.with (/Users/ofir/kenyonexpress-autopilot/.next/server/chunks/ssr/0sj1_@opentelemetry_api_build_esm_1_uv6rc._.js:2:3907)\n    at v.with (/Users/ofir/kenyonexpress-autopilot/.next/server/chunks/ssr/0sj1_@opentelemetry_api_build_esm_1_uv6rc._.js:2:4233)\n    at a.trace (/Users/ofir/kenyonexpress-autopilot/.next/server/chunks/ssr/[root-of-the-server]__1_aa14n._.js:11:66371)\n    at fetch (/Users/ofir/kenyonexpress-autopilot","digest":"HANGING_PROMISE_REJECTION"}}
{"ts":"2026-10-07T14:22:03.475Z","level":"error","event":"db.query_failed","request_id":null,"method":"GET","target":"products","duration_ms":0,"err":{"name":"Error","message":"During prerendering, fetch() rejects when the prerender is complete. Typically these errors are handled by React but if you move fetch() to a different context by using `setTimeout`, `after`, or similar functions you may observe this error and you should handle it in that context. This occurred at route \"/product/[slug]\".","stack":"Error: During prerendering, fetch() rejects when the prerender is complete. Typically these errors are handled by React but if you move fetch() to a different context by using `setTimeout`, `after`, or similar functions you may observe this error and you should handle it in that context. This occurred at route \"/product/[slug]\".\n    at /Users/ofir/kenyonexpress-autopilot/.next/server/chunks/ssr/[root-of-the-server]__1_aa14n._.js:2:23832\n    at /Users/ofir/kenyonexpress-autopilot/.next/server/chunks/ssr/[root-of-the-server]__1_aa14n._.js:11:48366\n    at /Users/ofir/kenyonexpress-autopilot/.next/server/chunks/ssr/[root-of-the-server]__1_aa14n._.js:11:66894\n    at /Users/ofir/kenyonexpress-autopilot/.next/server/chunks/ssr/[root-of-the-server]__1_aa14n._.js:11:67121\n    at Object.with (/Users/ofir/kenyonexpress-autopilot/.next/server/chunks/ssr/0sj1_@opentelemetry_api_build_esm_1_uv6rc._.js:2:3907)\n    at v.with (/Users/ofir/kenyonexpress-autopilot/.next/server/chunks/ssr/0sj1_@opentelemetry_api_build_esm_1_uv6rc._.js:2:4233)\n    at P.startActiveSpan (/Users/ofir/kenyonexpress-autopilot/.next/server/chunks/ssr/0sj1_@opentelemetry_api_build_esm_1_uv6rc._.js:2:6588)\n    at R.startActiveSpan (/Users/ofir/kenyonexpress-autopilot/.next/server/chunks/ssr/0sj1_@opentelemetry_api_build_esm_1_uv6rc._.js:2:6827)\n    at a.runWithActiveSpan (/Users/ofir/kenyonexpress-autopilot/.next/server/chunks/ssr/[root-of-the-server]__1_aa14n._.js:11:67098)\n    at /Users/ofir/kenyonexpress-autopilot/.next/server/chunks/ssr/[root-of-the-server]__1_aa14n._.js:11:66397\n    at Object.with (/Users/ofir/kenyonexpress-autopilot/.next/server/chunks/ssr/0sj1_@opentelemetry_api_build_esm_1_uv6rc._.js:2:3907)\n    at v.with (/Users/ofir/kenyonexpress-autopilot/.next/server/chunks/ssr/0sj1_@opentelemetry_api_build_esm_1_uv6rc._.js:2:4233)\n    at a.trace (/Users/ofir/kenyonexpress-autopilot/.next/server/chunks/ssr/[root-of-the-server]__1_aa14n._.js:11:66371)\n    at fetch (/Users/ofir/kenyonexpress-autopilot","digest":"HANGING_PROMISE_REJECTION"}}
{"ts":"2026-10-07T14:22:05.099Z","level":"warn","event":"db.query_slow","request_id":null,"method":"GET","target":"products","status":200,"duration_ms":2501,"threshold_ms":300}
{"ts":"2026-10-07T14:22:05.104Z","level":"warn","event":"db.query_slow","request_id":null,"method":"GET","target":"products","status":200,"duration_ms":8435,"threshold_ms":300}
{"ts":"2026-10-07T14:22:05.125Z","level":"error","event":"db.query_failed","request_id":null,"method":"POST","target":"rpc:available_stock","duration_ms":2527,"err":{"name":"Error","message":"During prerendering, fetch() rejects when the prerender is complete. Typically these errors are handled by React but if you move fetch() to a different context by using `setTimeout`, `after`, or similar functions you may observe this error and you should handle it in that context. This occurred at route \"/product/[slug]\".","stack":"Error: During prerendering, fetch() rejects when the prerender is complete. Typically these errors are handled by React but if you move fetch() to a different context by using `setTimeout`, `after`, or similar functions you may observe this error and you should handle it in that context. This occurred at route \"/product/[slug]\".\n    at eu (/Users/ofir/kenyonexpress-autopilot/.next/server/chunks/[root-of-the-server]__1jlk8z1._.js:2:58687)\n    at /Users/ofir/kenyonexpress-autopilot/.next/server/chunks/[root-of-the-server]__1jlk8z1._.js:2:87004\n    at /Users/ofir/kenyonexpress-autopilot/.next/server/chunks/[root-of-the-server]__1jlk8z1._.js:2:54057\n    at /Users/ofir/kenyonexpress-autopilot/.next/server/chunks/[root-of-the-server]__1jlk8z1._.js:2:54347\n    at Object.with (/Users/ofir/kenyonexpress-autopilot/.next/server/chunks/[root-of-the-server]__1jlk8z1._.js:2:4124)\n    at S.with (/Users/ofir/kenyonexpress-autopilot/.next/server/chunks/[root-of-the-server]__1jlk8z1._.js:2:4450)\n    at G.startActiveSpan (/Users/ofir/kenyonexpress-autopilot/.next/server/chunks/[root-of-the-server]__1jlk8z1._.js:2:6806)\n    at H.startActiveSpan (/Users/ofir/kenyonexpress-autopilot/.next/server/chunks/[root-of-the-server]__1jlk8z1._.js:2:7045)\n    at e.runWithActiveSpan (/Users/ofir/kenyonexpress-autopilot/.next/server/chunks/[root-of-the-server]__1jlk8z1._.js:2:54324)\n    at /Users/ofir/kenyonexpress-autopilot/.next/server/chunks/[root-of-the-server]__1jlk8z1._.js:2:53577\n    at Object.with (/Users/ofir/kenyonexpress-autopilot/.next/server/chunks/[root-of-the-server]__1jlk8z1._.js:2:4124)\n    at S.with (/Users/ofir/kenyonexpress-autopilot/.next/server/chunks/[root-of-the-server]__1jlk8z1._.js:2:4450)\n    at e.trace (/Users/ofir/kenyonexpress-autopilot/.next/server/chunks/[root-of-the-server]__1jlk8z1._.js:2:53551)\n    at fetch (/Users/ofir/kenyonexpress-autopilot/.next/server/chunks/[root-of-the-server]__1jlk8z1._.js:2:84044)\n    at /Users/ofir/kenyonexpress-autopilot/.next/server/chun","digest":"HANGING_PROMISE_REJECTION"}}
{"ts":"2026-10-07T14:22:05.127Z","level":"error","event":"db.query_failed","request_id":null,"method":"GET","target":"products","duration_ms":2528,"err":{"name":"Error","message":"During prerendering, fetch() rejects when the prerender is complete. Typically these errors are handled by React but if you move fetch() to a different context by using `setTimeout`, `after`, or similar functions you may observe this error and you should handle it in that context. This occurred at route \"/product/[slug]\".","stack":"Error: During prerendering, fetch() rejects when the prerender is complete. Typically these errors are handled by React but if you move fetch() to a different context by using `setTimeout`, `after`, or similar functions you may observe this error and you should handle it in that context. This occurred at route \"/product/[slug]\".\n    at eu (/Users/ofir/kenyonexpress-autopilot/.next/server/chunks/[root-of-the-server]__1jlk8z1._.js:2:58687)\n    at /Users/ofir/kenyonexpress-autopilot/.next/server/chunks/[root-of-the-server]__1jlk8z1._.js:2:87004\n    at /Users/ofir/kenyonexpress-autopilot/.next/server/chunks/[root-of-the-server]__1jlk8z1._.js:2:54057\n    at /Users/ofir/kenyonexpress-autopilot/.next/server/chunks/[root-of-the-server]__1jlk8z1._.js:2:54347\n    at Object.with (/Users/ofir/kenyonexpress-autopilot/.next/server/chunks/[root-of-the-server]__1jlk8z1._.js:2:4124)\n    at S.with (/Users/ofir/kenyonexpress-autopilot/.next/server/chunks/[root-of-the-server]__1jlk8z1._.js:2:4450)\n    at G.startActiveSpan (/Users/ofir/kenyonexpress-autopilot/.next/server/chunks/[root-of-the-server]__1jlk8z1._.js:2:6806)\n    at H.startActiveSpan (/Users/ofir/kenyonexpress-autopilot/.next/server/chunks/[root-of-the-server]__1jlk8z1._.js:2:7045)\n    at e.runWithActiveSpan (/Users/ofir/kenyonexpress-autopilot/.next/server/chunks/[root-of-the-server]__1jlk8z1._.js:2:54324)\n    at /Users/ofir/kenyonexpress-autopilot/.next/server/chunks/[root-of-the-server]__1jlk8z1._.js:2:53577\n    at Object.with (/Users/ofir/kenyonexpress-autopilot/.next/server/chunks/[root-of-the-server]__1jlk8z1._.js:2:4124)\n    at S.with (/Users/ofir/kenyonexpress-autopilot/.next/server/chunks/[root-of-the-server]__1jlk8z1._.js:2:4450)\n    at e.trace (/Users/ofir/kenyonexpress-autopilot/.next/server/chunks/[root-of-the-server]__1jlk8z1._.js:2:53551)\n    at fetch (/Users/ofir/kenyonexpress-autopilot/.next/server/chunks/[root-of-the-server]__1jlk8z1._.js:2:84044)\n    at /Users/ofir/kenyonexpress-autopilot/.next/server/chun","digest":"HANGING_PROMISE_REJECTION"}}
{"ts":"2026-10-07T14:22:05.190Z","level":"error","event":"db.query_failed","request_id":null,"method":"POST","target":"rpc:available_stock","duration_ms":8522,"err":{"name":"Error","message":"During prerendering, fetch() rejects when the prerender is complete. Typically these errors are handled by React but if you move fetch() to a different context by using `setTimeout`, `after`, or similar functions you may observe this error and you should handle it in that context. This occurred at route \"/product/[slug]\".","stack":"Error: During prerendering, fetch() rejects when the prerender is complete. Typically these errors are handled by React but if you move fetch() to a different context by using `setTimeout`, `after`, or similar functions you may observe this error and you should handle it in that context. This occurred at route \"/product/[slug]\".\n    at eu (/Users/ofir/kenyonexpress-autopilot/.next/server/chunks/[root-of-the-server]__1jlk8z1._.js:2:58687)\n    at /Users/ofir/kenyonexpress-autopilot/.next/server/chunks/[root-of-the-server]__1jlk8z1._.js:2:87004\n    at /Users/ofir/kenyonexpress-autopilot/.next/server/chunks/[root-of-the-server]__1jlk8z1._.js:2:54057\n    at /Users/ofir/kenyonexpress-autopilot/.next/server/chunks/[root-of-the-server]__1jlk8z1._.js:2:54347\n    at Object.with (/Users/ofir/kenyonexpress-autopilot/.next/server/chunks/[root-of-the-server]__1jlk8z1._.js:2:4124)\n    at S.with (/Users/ofir/kenyonexpress-autopilot/.next/server/chunks/[root-of-the-server]__1jlk8z1._.js:2:4450)\n    at G.startActiveSpan (/Users/ofir/kenyonexpress-autopilot/.next/server/chunks/[root-of-the-server]__1jlk8z1._.js:2:6806)\n    at H.startActiveSpan (/Users/ofir/kenyonexpress-autopilot/.next/server/chunks/[root-of-the-server]__1jlk8z1._.js:2:7045)\n    at e.runWithActiveSpan (/Users/ofir/kenyonexpress-autopilot/.next/server/chunks/[root-of-the-server]__1jlk8z1._.js:2:54324)\n    at /Users/ofir/kenyonexpress-autopilot/.next/server/chunks/[root-of-the-server]__1jlk8z1._.js:2:53577\n    at Object.with (/Users/ofir/kenyonexpress-autopilot/.next/server/chunks/[root-of-the-server]__1jlk8z1._.js:2:4124)\n    at S.with (/Users/ofir/kenyonexpress-autopilot/.next/server/chunks/[root-of-the-server]__1jlk8z1._.js:2:4450)\n    at e.trace (/Users/ofir/kenyonexpress-autopilot/.next/server/chunks/[root-of-the-server]__1jlk8z1._.js:2:53551)\n    at fetch (/Users/ofir/kenyonexpress-autopilot/.next/server/chunks/[root-of-the-server]__1jlk8z1._.js:2:84044)\n    at /Users/ofir/kenyonexpress-autopilot/.next/server/chun","digest":"HANGING_PROMISE_REJECTION"}}
{"ts":"2026-10-07T14:22:05.190Z","level":"error","event":"db.query_failed","request_id":null,"method":"GET","target":"products","duration_ms":8522,"err":{"name":"Error","message":"During prerendering, fetch() rejects when the prerender is complete. Typically these errors are handled by React but if you move fetch() to a different context by using `setTimeout`, `after`, or similar functions you may observe this error and you should handle it in that context. This occurred at route \"/product/[slug]\".","stack":"Error: During prerendering, fetch() rejects when the prerender is complete. Typically these errors are handled by React but if you move fetch() to a different context by using `setTimeout`, `after`, or similar functions you may observe this error and you should handle it in that context. This occurred at route \"/product/[slug]\".\n    at eu (/Users/ofir/kenyonexpress-autopilot/.next/server/chunks/[root-of-the-server]__1jlk8z1._.js:2:58687)\n    at /Users/ofir/kenyonexpress-autopilot/.next/server/chunks/[root-of-the-server]__1jlk8z1._.js:2:87004\n    at /Users/ofir/kenyonexpress-autopilot/.next/server/chunks/[root-of-the-server]__1jlk8z1._.js:2:54057\n    at /Users/ofir/kenyonexpress-autopilot/.next/server/chunks/[root-of-the-server]__1jlk8z1._.js:2:54347\n    at Object.with (/Users/ofir/kenyonexpress-autopilot/.next/server/chunks/[root-of-the-server]__1jlk8z1._.js:2:4124)\n    at S.with (/Users/ofir/kenyonexpress-autopilot/.next/server/chunks/[root-of-the-server]__1jlk8z1._.js:2:4450)\n    at G.startActiveSpan (/Users/ofir/kenyonexpress-autopilot/.next/server/chunks/[root-of-the-server]__1jlk8z1._.js:2:6806)\n    at H.startActiveSpan (/Users/ofir/kenyonexpress-autopilot/.next/server/chunks/[root-of-the-server]__1jlk8z1._.js:2:7045)\n    at e.runWithActiveSpan (/Users/ofir/kenyonexpress-autopilot/.next/server/chunks/[root-of-the-server]__1jlk8z1._.js:2:54324)\n    at /Users/ofir/kenyonexpress-autopilot/.next/server/chunks/[root-of-the-server]__1jlk8z1._.js:2:53577\n    at Object.with (/Users/ofir/kenyonexpress-autopilot/.next/server/chunks/[root-of-the-server]__1jlk8z1._.js:2:4124)\n    at S.with (/Users/ofir/kenyonexpress-autopilot/.next/server/chunks/[root-of-the-server]__1jlk8z1._.js:2:4450)\n    at e.trace (/Users/ofir/kenyonexpress-autopilot/.next/server/chunks/[root-of-the-server]__1jlk8z1._.js:2:53551)\n    at fetch (/Users/ofir/kenyonexpress-autopilot/.next/server/chunks/[root-of-the-server]__1jlk8z1._.js:2:84044)\n    at /Users/ofir/kenyonexpress-autopilot/.next/server/chun","digest":"HANGING_PROMISE_REJECTION"}}
{"ts":"2026-10-07T14:22:05.221Z","level":"error","event":"db.query_failed","request_id":null,"method":"POST","target":"rpc:available_stock","duration_ms":1,"err":{"name":"Error","message":"During prerendering, fetch() rejects when the prerender is complete. Typically these errors are handled by React but if you move fetch() to a different context by using `setTimeout`, `after`, or similar functions you may observe this error and you should handle it in that context. This occurred at route \"/product/[slug]\".","stack":"Error: During prerendering, fetch() rejects when the prerender is complete. Typically these errors are handled by React but if you move fetch() to a different context by using `setTimeout`, `after`, or similar functions you may observe this error and you should handle it in that context. This occurred at route \"/product/[slug]\".\n    at eu (/Users/ofir/kenyonexpress-autopilot/.next/server/chunks/[root-of-the-server]__1jlk8z1._.js:2:58687)\n    at /Users/ofir/kenyonexpress-autopilot/.next/server/chunks/[root-of-the-server]__1jlk8z1._.js:2:87004\n    at /Users/ofir/kenyonexpress-autopilot/.next/server/chunks/[root-of-the-server]__1jlk8z1._.js:2:54057\n    at /Users/ofir/kenyonexpress-autopilot/.next/server/chunks/[root-of-the-server]__1jlk8z1._.js:2:54347\n    at Object.with (/Users/ofir/kenyonexpress-autopilot/.next/server/chunks/[root-of-the-server]__1jlk8z1._.js:2:4124)\n    at S.with (/Users/ofir/kenyonexpress-autopilot/.next/server/chunks/[root-of-the-server]__1jlk8z1._.js:2:4450)\n    at G.startActiveSpan (/Users/ofir/kenyonexpress-autopilot/.next/server/chunks/[root-of-the-server]__1jlk8z1._.js:2:6806)\n    at H.startActiveSpan (/Users/ofir/kenyonexpress-autopilot/.next/server/chunks/[root-of-the-server]__1jlk8z1._.js:2:7045)\n    at e.runWithActiveSpan (/Users/ofir/kenyonexpress-autopilot/.next/server/chunks/[root-of-the-server]__1jlk8z1._.js:2:54324)\n    at /Users/ofir/kenyonexpress-autopilot/.next/server/chunks/[root-of-the-server]__1jlk8z1._.js:2:53577\n    at Object.with (/Users/ofir/kenyonexpress-autopilot/.next/server/chunks/[root-of-the-server]__1jlk8z1._.js:2:4124)\n    at S.with (/Users/ofir/kenyonexpress-autopilot/.next/server/chunks/[root-of-the-server]__1jlk8z1._.js:2:4450)\n    at e.trace (/Users/ofir/kenyonexpress-autopilot/.next/server/chunks/[root-of-the-server]__1jlk8z1._.js:2:53551)\n    at fetch (/Users/ofir/kenyonexpress-autopilot/.next/server/chunks/[root-of-the-server]__1jlk8z1._.js:2:84044)\n    at /Users/ofir/kenyonexpress-autopilot/.next/server/chun","digest":"HANGING_PROMISE_REJECTION"}}
{"ts":"2026-10-07T14:22:05.221Z","level":"error","event":"db.query_failed","request_id":null,"method":"GET","target":"products","duration_ms":1,"err":{"name":"Error","message":"During prerendering, fetch() rejects when the prerender is complete. Typically these errors are handled by React but if you move fetch() to a different context by using `setTimeout`, `after`, or similar functions you may observe this error and you should handle it in that context. This occurred at route \"/product/[slug]\".","stack":"Error: During prerendering, fetch() rejects when the prerender is complete. Typically these errors are handled by React but if you move fetch() to a different context by using `setTimeout`, `after`, or similar functions you may observe this error and you should handle it in that context. This occurred at route \"/product/[slug]\".\n    at eu (/Users/ofir/kenyonexpress-autopilot/.next/server/chunks/[root-of-the-server]__1jlk8z1._.js:2:58687)\n    at /Users/ofir/kenyonexpress-autopilot/.next/server/chunks/[root-of-the-server]__1jlk8z1._.js:2:87004\n    at /Users/ofir/kenyonexpress-autopilot/.next/server/chunks/[root-of-the-server]__1jlk8z1._.js:2:54057\n    at /Users/ofir/kenyonexpress-autopilot/.next/server/chunks/[root-of-the-server]__1jlk8z1._.js:2:54347\n    at Object.with (/Users/ofir/kenyonexpress-autopilot/.next/server/chunks/[root-of-the-server]__1jlk8z1._.js:2:4124)\n    at S.with (/Users/ofir/kenyonexpress-autopilot/.next/server/chunks/[root-of-the-server]__1jlk8z1._.js:2:4450)\n    at G.startActiveSpan (/Users/ofir/kenyonexpress-autopilot/.next/server/chunks/[root-of-the-server]__1jlk8z1._.js:2:6806)\n    at H.startActiveSpan (/Users/ofir/kenyonexpress-autopilot/.next/server/chunks/[root-of-the-server]__1jlk8z1._.js:2:7045)\n    at e.runWithActiveSpan (/Users/ofir/kenyonexpress-autopilot/.next/server/chunks/[root-of-the-server]__1jlk8z1._.js:2:54324)\n    at /Users/ofir/kenyonexpress-autopilot/.next/server/chunks/[root-of-the-server]__1jlk8z1._.js:2:53577\n    at Object.with (/Users/ofir/kenyonexpress-autopilot/.next/server/chunks/[root-of-the-server]__1jlk8z1._.js:2:4124)\n    at S.with (/Users/ofir/kenyonexpress-autopilot/.next/server/chunks/[root-of-the-server]__1jlk8z1._.js:2:4450)\n    at e.trace (/Users/ofir/kenyonexpress-autopilot/.next/server/chunks/[root-of-the-server]__1jlk8z1._.js:2:53551)\n    at fetch (/Users/ofir/kenyonexpress-autopilot/.next/server/chunks/[root-of-the-server]__1jlk8z1._.js:2:84044)\n    at /Users/ofir/kenyonexpress-autopilot/.next/server/chun","digest":"HANGING_PROMISE_REJECTION"}}
{"ts":"2026-10-07T14:22:05.236Z","level":"error","event":"db.query_failed","request_id":null,"method":"POST","target":"rpc:available_stock","duration_ms":1,"err":{"name":"Error","message":"During prerendering, fetch() rejects when the prerender is complete. Typically these errors are handled by React but if you move fetch() to a different context by using `setTimeout`, `after`, or similar functions you may observe this error and you should handle it in that context. This occurred at route \"/product/[slug]\".","stack":"Error: During prerendering, fetch() rejects when the prerender is complete. Typically these errors are handled by React but if you move fetch() to a different context by using `setTimeout`, `after`, or similar functions you may observe this error and you should handle it in that context. This occurred at route \"/product/[slug]\".\n    at eu (/Users/ofir/kenyonexpress-autopilot/.next/server/chunks/[root-of-the-server]__1jlk8z1._.js:2:58687)\n    at /Users/ofir/kenyonexpress-autopilot/.next/server/chunks/[root-of-the-server]__1jlk8z1._.js:2:87004\n    at /Users/ofir/kenyonexpress-autopilot/.next/server/chunks/[root-of-the-server]__1jlk8z1._.js:2:54057\n    at /Users/ofir/kenyonexpress-autopilot/.next/server/chunks/[root-of-the-server]__1jlk8z1._.js:2:54347\n    at Object.with (/Users/ofir/kenyonexpress-autopilot/.next/server/chunks/[root-of-the-server]__1jlk8z1._.js:2:4124)\n    at S.with (/Users/ofir/kenyonexpress-autopilot/.next/server/chunks/[root-of-the-server]__1jlk8z1._.js:2:4450)\n    at G.startActiveSpan (/Users/ofir/kenyonexpress-autopilot/.next/server/chunks/[root-of-the-server]__1jlk8z1._.js:2:6806)\n    at H.startActiveSpan (/Users/ofir/kenyonexpress-autopilot/.next/server/chunks/[root-of-the-server]__1jlk8z1._.js:2:7045)\n    at e.runWithActiveSpan (/Users/ofir/kenyonexpress-autopilot/.next/server/chunks/[root-of-the-server]__1jlk8z1._.js:2:54324)\n    at /Users/ofir/kenyonexpress-autopilot/.next/server/chunks/[root-of-the-server]__1jlk8z1._.js:2:53577\n    at Object.with (/Users/ofir/kenyonexpress-autopilot/.next/server/chunks/[root-of-the-server]__1jlk8z1._.js:2:4124)\n    at S.with (/Users/ofir/kenyonexpress-autopilot/.next/server/chunks/[root-of-the-server]__1jlk8z1._.js:2:4450)\n    at e.trace (/Users/ofir/kenyonexpress-autopilot/.next/server/chunks/[root-of-the-server]__1jlk8z1._.js:2:53551)\n    at fetch (/Users/ofir/kenyonexpress-autopilot/.next/server/chunks/[root-of-the-server]__1jlk8z1._.js:2:84044)\n    at /Users/ofir/kenyonexpress-autopilot/.next/server/chun","digest":"HANGING_PROMISE_REJECTION"}}
{"ts":"2026-10-07T14:22:05.236Z","level":"error","event":"db.query_failed","request_id":null,"method":"GET","target":"products","duration_ms":1,"err":{"name":"Error","message":"During prerendering, fetch() rejects when the prerender is complete. Typically these errors are handled by React but if you move fetch() to a different context by using `setTimeout`, `after`, or similar functions you may observe this error and you should handle it in that context. This occurred at route \"/product/[slug]\".","stack":"Error: During prerendering, fetch() rejects when the prerender is complete. Typically these errors are handled by React but if you move fetch() to a different context by using `setTimeout`, `after`, or similar functions you may observe this error and you should handle it in that context. This occurred at route \"/product/[slug]\".\n    at eu (/Users/ofir/kenyonexpress-autopilot/.next/server/chunks/[root-of-the-server]__1jlk8z1._.js:2:58687)\n    at /Users/ofir/kenyonexpress-autopilot/.next/server/chunks/[root-of-the-server]__1jlk8z1._.js:2:87004\n    at /Users/ofir/kenyonexpress-autopilot/.next/server/chunks/[root-of-the-server]__1jlk8z1._.js:2:54057\n    at /Users/ofir/kenyonexpress-autopilot/.next/server/chunks/[root-of-the-server]__1jlk8z1._.js:2:54347\n    at Object.with (/Users/ofir/kenyonexpress-autopilot/.next/server/chunks/[root-of-the-server]__1jlk8z1._.js:2:4124)\n    at S.with (/Users/ofir/kenyonexpress-autopilot/.next/server/chunks/[root-of-the-server]__1jlk8z1._.js:2:4450)\n    at G.startActiveSpan (/Users/ofir/kenyonexpress-autopilot/.next/server/chunks/[root-of-the-server]__1jlk8z1._.js:2:6806)\n    at H.startActiveSpan (/Users/ofir/kenyonexpress-autopilot/.next/server/chunks/[root-of-the-server]__1jlk8z1._.js:2:7045)\n    at e.runWithActiveSpan (/Users/ofir/kenyonexpress-autopilot/.next/server/chunks/[root-of-the-server]__1jlk8z1._.js:2:54324)\n    at /Users/ofir/kenyonexpress-autopilot/.next/server/chunks/[root-of-the-server]__1jlk8z1._.js:2:53577\n    at Object.with (/Users/ofir/kenyonexpress-autopilot/.next/server/chunks/[root-of-the-server]__1jlk8z1._.js:2:4124)\n    at S.with (/Users/ofir/kenyonexpress-autopilot/.next/server/chunks/[root-of-the-server]__1jlk8z1._.js:2:4450)\n    at e.trace (/Users/ofir/kenyonexpress-autopilot/.next/server/chunks/[root-of-the-server]__1jlk8z1._.js:2:53551)\n    at fetch (/Users/ofir/kenyonexpress-autopilot/.next/server/chunks/[root-of-the-server]__1jlk8z1._.js:2:84044)\n    at /Users/ofir/kenyonexpress-autopilot/.next/server/chun","digest":"HANGING_PROMISE_REJECTION"}}
{"ts":"2026-10-07T14:22:05.409Z","level":"error","event":"db.query_failed","request_id":null,"method":"GET","target":"products","duration_ms":1,"err":{"name":"Error","message":"During prerendering, fetch() rejects when the prerender is complete. Typically these errors are handled by React but if you move fetch() to a different context by using `setTimeout`, `after`, or similar functions you may observe this error and you should handle it in that context. This occurred at route \"/product/[slug]\".","stack":"Error: During prerendering, fetch() rejects when the prerender is complete. Typically these errors are handled by React but if you move fetch() to a different context by using `setTimeout`, `after`, or similar functions you may observe this error and you should handle it in that context. This occurred at route \"/product/[slug]\".\n    at /Users/ofir/kenyonexpress-autopilot/.next/server/chunks/ssr/[root-of-the-server]__1_aa14n._.js:2:23832\n    at /Users/ofir/kenyonexpress-autopilot/.next/server/chunks/ssr/[root-of-the-server]__1_aa14n._.js:11:48366\n    at /Users/ofir/kenyonexpress-autopilot/.next/server/chunks/ssr/[root-of-the-server]__1_aa14n._.js:11:66894\n    at /Users/ofir/kenyonexpress-autopilot/.next/server/chunks/ssr/[root-of-the-server]__1_aa14n._.js:11:67121\n    at Object.with (/Users/ofir/kenyonexpress-autopilot/.next/server/chunks/ssr/0sj1_@opentelemetry_api_build_esm_1_uv6rc._.js:2:3907)\n    at v.with (/Users/ofir/kenyonexpress-autopilot/.next/server/chunks/ssr/0sj1_@opentelemetry_api_build_esm_1_uv6rc._.js:2:4233)\n    at P.startActiveSpan (/Users/ofir/kenyonexpress-autopilot/.next/server/chunks/ssr/0sj1_@opentelemetry_api_build_esm_1_uv6rc._.js:2:6588)\n    at R.startActiveSpan (/Users/ofir/kenyonexpress-autopilot/.next/server/chunks/ssr/0sj1_@opentelemetry_api_build_esm_1_uv6rc._.js:2:6827)\n    at a.runWithActiveSpan (/Users/ofir/kenyonexpress-autopilot/.next/server/chunks/ssr/[root-of-the-server]__1_aa14n._.js:11:67098)\n    at /Users/ofir/kenyonexpress-autopilot/.next/server/chunks/ssr/[root-of-the-server]__1_aa14n._.js:11:66397\n    at Object.with (/Users/ofir/kenyonexpress-autopilot/.next/server/chunks/ssr/0sj1_@opentelemetry_api_build_esm_1_uv6rc._.js:2:3907)\n    at v.with (/Users/ofir/kenyonexpress-autopilot/.next/server/chunks/ssr/0sj1_@opentelemetry_api_build_esm_1_uv6rc._.js:2:4233)\n    at a.trace (/Users/ofir/kenyonexpress-autopilot/.next/server/chunks/ssr/[root-of-the-server]__1_aa14n._.js:11:66371)\n    at fetch (/Users/ofir/kenyonexpress-autopilot","digest":"HANGING_PROMISE_REJECTION"}}
{"ts":"2026-10-07T14:22:05.478Z","level":"error","event":"db.query_failed","request_id":null,"method":"GET","target":"products","duration_ms":0,"err":{"name":"Error","message":"During prerendering, fetch() rejects when the prerender is complete. Typically these errors are handled by React but if you move fetch() to a different context by using `setTimeout`, `after`, or similar functions you may observe this error and you should handle it in that context. This occurred at route \"/product/[slug]\".","stack":"Error: During prerendering, fetch() rejects when the prerender is complete. Typically these errors are handled by React but if you move fetch() to a different context by using `setTimeout`, `after`, or similar functions you may observe this error and you should handle it in that context. This occurred at route \"/product/[slug]\".\n    at /Users/ofir/kenyonexpress-autopilot/.next/server/chunks/ssr/[root-of-the-server]__1_aa14n._.js:2:23832\n    at /Users/ofir/kenyonexpress-autopilot/.next/server/chunks/ssr/[root-of-the-server]__1_aa14n._.js:11:48366\n    at /Users/ofir/kenyonexpress-autopilot/.next/server/chunks/ssr/[root-of-the-server]__1_aa14n._.js:11:66894\n    at /Users/ofir/kenyonexpress-autopilot/.next/server/chunks/ssr/[root-of-the-server]__1_aa14n._.js:11:67121\n    at Object.with (/Users/ofir/kenyonexpress-autopilot/.next/server/chunks/ssr/0sj1_@opentelemetry_api_build_esm_1_uv6rc._.js:2:3907)\n    at v.with (/Users/ofir/kenyonexpress-autopilot/.next/server/chunks/ssr/0sj1_@opentelemetry_api_build_esm_1_uv6rc._.js:2:4233)\n    at P.startActiveSpan (/Users/ofir/kenyonexpress-autopilot/.next/server/chunks/ssr/0sj1_@opentelemetry_api_build_esm_1_uv6rc._.js:2:6588)\n    at R.startActiveSpan (/Users/ofir/kenyonexpress-autopilot/.next/server/chunks/ssr/0sj1_@opentelemetry_api_build_esm_1_uv6rc._.js:2:6827)\n    at a.runWithActiveSpan (/Users/ofir/kenyonexpress-autopilot/.next/server/chunks/ssr/[root-of-the-server]__1_aa14n._.js:11:67098)\n    at /Users/ofir/kenyonexpress-autopilot/.next/server/chunks/ssr/[root-of-the-server]__1_aa14n._.js:11:66397\n    at Object.with (/Users/ofir/kenyonexpress-autopilot/.next/server/chunks/ssr/0sj1_@opentelemetry_api_build_esm_1_uv6rc._.js:2:3907)\n    at v.with (/Users/ofir/kenyonexpress-autopilot/.next/server/chunks/ssr/0sj1_@opentelemetry_api_build_esm_1_uv6rc._.js:2:4233)\n    at a.trace (/Users/ofir/kenyonexpress-autopilot/.next/server/chunks/ssr/[root-of-the-server]__1_aa14n._.js:11:66371)\n    at fetch (/Users/ofir/kenyonexpress-autopilot","digest":"HANGING_PROMISE_REJECTION"}}
{"ts":"2026-10-07T14:22:05.670Z","level":"warn","event":"db.query_slow","request_id":null,"method":"GET","target":"products","status":200,"duration_ms":3006,"threshold_ms":300}
{"ts":"2026-10-07T14:22:05.671Z","level":"warn","event":"db.query_slow","request_id":null,"method":"GET","target":"products","status":200,"duration_ms":3059,"threshold_ms":300}
{"ts":"2026-10-07T14:22:05.695Z","level":"error","event":"db.query_failed","request_id":null,"method":"POST","target":"rpc:available_stock","duration_ms":3083,"err":{"name":"Error","message":"During prerendering, fetch() rejects when the prerender is complete. Typically these errors are handled by React but if you move fetch() to a different context by using `setTimeout`, `after`, or similar functions you may observe this error and you should handle it in that context. This occurred at route \"/product/[slug]\".","stack":"Error: During prerendering, fetch() rejects when the prerender is complete. Typically these errors are handled by React but if you move fetch() to a different context by using `setTimeout`, `after`, or similar functions you may observe this error and you should handle it in that context. This occurred at route \"/product/[slug]\".\n    at eu (/Users/ofir/kenyonexpress-autopilot/.next/server/chunks/[root-of-the-server]__1jlk8z1._.js:2:58687)\n    at /Users/ofir/kenyonexpress-autopilot/.next/server/chunks/[root-of-the-server]__1jlk8z1._.js:2:87004\n    at /Users/ofir/kenyonexpress-autopilot/.next/server/chunks/[root-of-the-server]__1jlk8z1._.js:2:54057\n    at /Users/ofir/kenyonexpress-autopilot/.next/server/chunks/[root-of-the-server]__1jlk8z1._.js:2:54347\n    at Object.with (/Users/ofir/kenyonexpress-autopilot/.next/server/chunks/[root-of-the-server]__1jlk8z1._.js:2:4124)\n    at S.with (/Users/ofir/kenyonexpress-autopilot/.next/server/chunks/[root-of-the-server]__1jlk8z1._.js:2:4450)\n    at G.startActiveSpan (/Users/ofir/kenyonexpress-autopilot/.next/server/chunks/[root-of-the-server]__1jlk8z1._.js:2:6806)\n    at H.startActiveSpan (/Users/ofir/kenyonexpress-autopilot/.next/server/chunks/[root-of-the-server]__1jlk8z1._.js:2:7045)\n    at e.runWithActiveSpan (/Users/ofir/kenyonexpress-autopilot/.next/server/chunks/[root-of-the-server]__1jlk8z1._.js:2:54324)\n    at /Users/ofir/kenyonexpress-autopilot/.next/server/chunks/[root-of-the-server]__1jlk8z1._.js:2:53577\n    at Object.with (/Users/ofir/kenyonexpress-autopilot/.next/server/chunks/[root-of-the-server]__1jlk8z1._.js:2:4124)\n    at S.with (/Users/ofir/kenyonexpress-autopilot/.next/server/chunks/[root-of-the-server]__1jlk8z1._.js:2:4450)\n    at e.trace (/Users/ofir/kenyonexpress-autopilot/.next/server/chunks/[root-of-the-server]__1jlk8z1._.js:2:53551)\n    at fetch (/Users/ofir/kenyonexpress-autopilot/.next/server/chunks/[root-of-the-server]__1jlk8z1._.js:2:84044)\n    at /Users/ofir/kenyonexpress-autopilot/.next/server/chun","digest":"HANGING_PROMISE_REJECTION"}}
{"ts":"2026-10-07T14:22:05.695Z","level":"error","event":"db.query_failed","request_id":null,"method":"GET","target":"products","duration_ms":3083,"err":{"name":"Error","message":"During prerendering, fetch() rejects when the prerender is complete. Typically these errors are handled by React but if you move fetch() to a different context by using `setTimeout`, `after`, or similar functions you may observe this error and you should handle it in that context. This occurred at route \"/product/[slug]\".","stack":"Error: During prerendering, fetch() rejects when the prerender is complete. Typically these errors are handled by React but if you move fetch() to a different context by using `setTimeout`, `after`, or similar functions you may observe this error and you should handle it in that context. This occurred at route \"/product/[slug]\".\n    at eu (/Users/ofir/kenyonexpress-autopilot/.next/server/chunks/[root-of-the-server]__1jlk8z1._.js:2:58687)\n    at /Users/ofir/kenyonexpress-autopilot/.next/server/chunks/[root-of-the-server]__1jlk8z1._.js:2:87004\n    at /Users/ofir/kenyonexpress-autopilot/.next/server/chunks/[root-of-the-server]__1jlk8z1._.js:2:54057\n    at /Users/ofir/kenyonexpress-autopilot/.next/server/chunks/[root-of-the-server]__1jlk8z1._.js:2:54347\n    at Object.with (/Users/ofir/kenyonexpress-autopilot/.next/server/chunks/[root-of-the-server]__1jlk8z1._.js:2:4124)\n    at S.with (/Users/ofir/kenyonexpress-autopilot/.next/server/chunks/[root-of-the-server]__1jlk8z1._.js:2:4450)\n    at G.startActiveSpan (/Users/ofir/kenyonexpress-autopilot/.next/server/chunks/[root-of-the-server]__1jlk8z1._.js:2:6806)\n    at H.startActiveSpan (/Users/ofir/kenyonexpress-autopilot/.next/server/chunks/[root-of-the-server]__1jlk8z1._.js:2:7045)\n    at e.runWithActiveSpan (/Users/ofir/kenyonexpress-autopilot/.next/server/chunks/[root-of-the-server]__1jlk8z1._.js:2:54324)\n    at /Users/ofir/kenyonexpress-autopilot/.next/server/chunks/[root-of-the-server]__1jlk8z1._.js:2:53577\n    at Object.with (/Users/ofir/kenyonexpress-autopilot/.next/server/chunks/[root-of-the-server]__1jlk8z1._.js:2:4124)\n    at S.with (/Users/ofir/kenyonexpress-autopilot/.next/server/chunks/[root-of-the-server]__1jlk8z1._.js:2:4450)\n    at e.trace (/Users/ofir/kenyonexpress-autopilot/.next/server/chunks/[root-of-the-server]__1jlk8z1._.js:2:53551)\n    at fetch (/Users/ofir/kenyonexpress-autopilot/.next/server/chunks/[root-of-the-server]__1jlk8z1._.js:2:84044)\n    at /Users/ofir/kenyonexpress-autopilot/.next/server/chun","digest":"HANGING_PROMISE_REJECTION"}}
{"ts":"2026-10-07T14:22:05.699Z","level":"warn","event":"db.query_slow","request_id":null,"method":"GET","target":"products","status":200,"duration_ms":2958,"threshold_ms":300}
{"ts":"2026-10-07T14:22:05.725Z","level":"error","event":"db.query_failed","request_id":null,"method":"POST","target":"rpc:available_stock","duration_ms":2,"err":{"name":"Error","message":"During prerendering, fetch() rejects when the prerender is complete. Typically these errors are handled by React but if you move fetch() to a different context by using `setTimeout`, `after`, or similar functions you may observe this error and you should handle it in that context. This occurred at route \"/product/[slug]\".","stack":"Error: During prerendering, fetch() rejects when the prerender is complete. Typically these errors are handled by React but if you move fetch() to a different context by using `setTimeout`, `after`, or similar functions you may observe this error and you should handle it in that context. This occurred at route \"/product/[slug]\".\n    at eu (/Users/ofir/kenyonexpress-autopilot/.next/server/chunks/[root-of-the-server]__1jlk8z1._.js:2:58687)\n    at /Users/ofir/kenyonexpress-autopilot/.next/server/chunks/[root-of-the-server]__1jlk8z1._.js:2:87004\n    at /Users/ofir/kenyonexpress-autopilot/.next/server/chunks/[root-of-the-server]__1jlk8z1._.js:2:54057\n    at /Users/ofir/kenyonexpress-autopilot/.next/server/chunks/[root-of-the-server]__1jlk8z1._.js:2:54347\n    at Object.with (/Users/ofir/kenyonexpress-autopilot/.next/server/chunks/[root-of-the-server]__1jlk8z1._.js:2:4124)\n    at S.with (/Users/ofir/kenyonexpress-autopilot/.next/server/chunks/[root-of-the-server]__1jlk8z1._.js:2:4450)\n    at G.startActiveSpan (/Users/ofir/kenyonexpress-autopilot/.next/server/chunks/[root-of-the-server]__1jlk8z1._.js:2:6806)\n    at H.startActiveSpan (/Users/ofir/kenyonexpress-autopilot/.next/server/chunks/[root-of-the-server]__1jlk8z1._.js:2:7045)\n    at e.runWithActiveSpan (/Users/ofir/kenyonexpress-autopilot/.next/server/chunks/[root-of-the-server]__1jlk8z1._.js:2:54324)\n    at /Users/ofir/kenyonexpress-autopilot/.next/server/chunks/[root-of-the-server]__1jlk8z1._.js:2:53577\n    at Object.with (/Users/ofir/kenyonexpress-autopilot/.next/server/chunks/[root-of-the-server]__1jlk8z1._.js:2:4124)\n    at S.with (/Users/ofir/kenyonexpress-autopilot/.next/server/chunks/[root-of-the-server]__1jlk8z1._.js:2:4450)\n    at e.trace (/Users/ofir/kenyonexpress-autopilot/.next/server/chunks/[root-of-the-server]__1jlk8z1._.js:2:53551)\n    at fetch (/Users/ofir/kenyonexpress-autopilot/.next/server/chunks/[root-of-the-server]__1jlk8z1._.js:2:84044)\n    at /Users/ofir/kenyonexpress-autopilot/.next/server/chun","digest":"HANGING_PROMISE_REJECTION"}}
{"ts":"2026-10-07T14:22:05.725Z","level":"error","event":"db.query_failed","request_id":null,"method":"GET","target":"products","duration_ms":2,"err":{"name":"Error","message":"During prerendering, fetch() rejects when the prerender is complete. Typically these errors are handled by React but if you move fetch() to a different context by using `setTimeout`, `after`, or similar functions you may observe this error and you should handle it in that context. This occurred at route \"/product/[slug]\".","stack":"Error: During prerendering, fetch() rejects when the prerender is complete. Typically these errors are handled by React but if you move fetch() to a different context by using `setTimeout`, `after`, or similar functions you may observe this error and you should handle it in that context. This occurred at route \"/product/[slug]\".\n    at eu (/Users/ofir/kenyonexpress-autopilot/.next/server/chunks/[root-of-the-server]__1jlk8z1._.js:2:58687)\n    at /Users/ofir/kenyonexpress-autopilot/.next/server/chunks/[root-of-the-server]__1jlk8z1._.js:2:87004\n    at /Users/ofir/kenyonexpress-autopilot/.next/server/chunks/[root-of-the-server]__1jlk8z1._.js:2:54057\n    at /Users/ofir/kenyonexpress-autopilot/.next/server/chunks/[root-of-the-server]__1jlk8z1._.js:2:54347\n    at Object.with (/Users/ofir/kenyonexpress-autopilot/.next/server/chunks/[root-of-the-server]__1jlk8z1._.js:2:4124)\n    at S.with (/Users/ofir/kenyonexpress-autopilot/.next/server/chunks/[root-of-the-server]__1jlk8z1._.js:2:4450)\n    at G.startActiveSpan (/Users/ofir/kenyonexpress-autopilot/.next/server/chunks/[root-of-the-server]__1jlk8z1._.js:2:6806)\n    at H.startActiveSpan (/Users/ofir/kenyonexpress-autopilot/.next/server/chunks/[root-of-the-server]__1jlk8z1._.js:2:7045)\n    at e.runWithActiveSpan (/Users/ofir/kenyonexpress-autopilot/.next/server/chunks/[root-of-the-server]__1jlk8z1._.js:2:54324)\n    at /Users/ofir/kenyonexpress-autopilot/.next/server/chunks/[root-of-the-server]__1jlk8z1._.js:2:53577\n    at Object.with (/Users/ofir/kenyonexpress-autopilot/.next/server/chunks/[root-of-the-server]__1jlk8z1._.js:2:4124)\n    at S.with (/Users/ofir/kenyonexpress-autopilot/.next/server/chunks/[root-of-the-server]__1jlk8z1._.js:2:4450)\n    at e.trace (/Users/ofir/kenyonexpress-autopilot/.next/server/chunks/[root-of-the-server]__1jlk8z1._.js:2:53551)\n    at fetch (/Users/ofir/kenyonexpress-autopilot/.next/server/chunks/[root-of-the-server]__1jlk8z1._.js:2:84044)\n    at /Users/ofir/kenyonexpress-autopilot/.next/server/chun","digest":"HANGING_PROMISE_REJECTION"}}
{"ts":"2026-10-07T14:22:06.130Z","level":"error","event":"supabase.timeout","request_id":null,"timeoutMs":10000,"url":"https://ixvwfbuvfxxsjiywhbbb.supabase.co/rest/v1/product_variants"}
{"ts":"2026-10-07T14:22:06.131Z","level":"error","event":"db.query_failed","request_id":null,"method":"GET","target":"products","duration_ms":0,"err":{"name":"Error","message":"During prerendering, fetch() rejects when the prerender is complete. Typically these errors are handled by React but if you move fetch() to a different context by using `setTimeout`, `after`, or similar functions you may observe this error and you should handle it in that context. This occurred at route \"/product/[slug]\".","stack":"Error: During prerendering, fetch() rejects when the prerender is complete. Typically these errors are handled by React but if you move fetch() to a different context by using `setTimeout`, `after`, or similar functions you may observe this error and you should handle it in that context. This occurred at route \"/product/[slug]\".\n    at eu (/Users/ofir/kenyonexpress-autopilot/.next/server/chunks/[root-of-the-server]__1jlk8z1._.js:2:58687)\n    at /Users/ofir/kenyonexpress-autopilot/.next/server/chunks/[root-of-the-server]__1jlk8z1._.js:2:87004\n    at /Users/ofir/kenyonexpress-autopilot/.next/server/chunks/[root-of-the-server]__1jlk8z1._.js:2:54057\n    at /Users/ofir/kenyonexpress-autopilot/.next/server/chunks/[root-of-the-server]__1jlk8z1._.js:2:54347\n    at Object.with (/Users/ofir/kenyonexpress-autopilot/.next/server/chunks/[root-of-the-server]__1jlk8z1._.js:2:4124)\n    at S.with (/Users/ofir/kenyonexpress-autopilot/.next/server/chunks/[root-of-the-server]__1jlk8z1._.js:2:4450)\n    at G.startActiveSpan (/Users/ofir/kenyonexpress-autopilot/.next/server/chunks/[root-of-the-server]__1jlk8z1._.js:2:6806)\n    at H.startActiveSpan (/Users/ofir/kenyonexpress-autopilot/.next/server/chunks/[root-of-the-server]__1jlk8z1._.js:2:7045)\n    at e.runWithActiveSpan (/Users/ofir/kenyonexpress-autopilot/.next/server/chunks/[root-of-the-server]__1jlk8z1._.js:2:54324)\n    at /Users/ofir/kenyonexpress-autopilot/.next/server/chunks/[root-of-the-server]__1jlk8z1._.js:2:53577\n    at Object.with (/Users/ofir/kenyonexpress-autopilot/.next/server/chunks/[root-of-the-server]__1jlk8z1._.js:2:4124)\n    at S.with (/Users/ofir/kenyonexpress-autopilot/.next/server/chunks/[root-of-the-server]__1jlk8z1._.js:2:4450)\n    at e.trace (/Users/ofir/kenyonexpress-autopilot/.next/server/chunks/[root-of-the-server]__1jlk8z1._.js:2:53551)\n    at fetch (/Users/ofir/kenyonexpress-autopilot/.next/server/chunks/[root-of-the-server]__1jlk8z1._.js:2:84044)\n    at /Users/ofir/kenyonexpress-autopilot/.next/server/chun","digest":"HANGING_PROMISE_REJECTION"}}
{"ts":"2026-10-07T14:22:06.161Z","level":"error","event":"supabase.timeout","request_id":null,"timeoutMs":10000,"url":"https://ixvwfbuvfxxsjiywhbbb.supabase.co/rest/v1/categories"}
{"ts":"2026-10-07T14:22:06.162Z","level":"error","event":"supabase.timeout","request_id":null,"timeoutMs":10000,"url":"https://ixvwfbuvfxxsjiywhbbb.supabase.co/rest/v1/categories"}
{"ts":"2026-10-07T14:22:06.184Z","level":"error","event":"supabase.timeout","request_id":null,"timeoutMs":10000,"url":"https://ixvwfbuvfxxsjiywhbbb.supabase.co/rest/v1/categories"}
{"ts":"2026-10-07T14:22:06.193Z","level":"error","event":"db.query_failed","request_id":null,"method":"GET","target":"products","duration_ms":0,"err":{"name":"Error","message":"During prerendering, fetch() rejects when the prerender is complete. Typically these errors are handled by React but if you move fetch() to a different context by using `setTimeout`, `after`, or similar functions you may observe this error and you should handle it in that context. This occurred at route \"/product/[slug]\".","stack":"Error: During prerendering, fetch() rejects when the prerender is complete. Typically these errors are handled by React but if you move fetch() to a different context by using `setTimeout`, `after`, or similar functions you may observe this error and you should handle it in that context. This occurred at route \"/product/[slug]\".\n    at eu (/Users/ofir/kenyonexpress-autopilot/.next/server/chunks/[root-of-the-server]__1jlk8z1._.js:2:58687)\n    at /Users/ofir/kenyonexpress-autopilot/.next/server/chunks/[root-of-the-server]__1jlk8z1._.js:2:87004\n    at /Users/ofir/kenyonexpress-autopilot/.next/server/chunks/[root-of-the-server]__1jlk8z1._.js:2:54057\n    at /Users/ofir/kenyonexpress-autopilot/.next/server/chunks/[root-of-the-server]__1jlk8z1._.js:2:54347\n    at Object.with (/Users/ofir/kenyonexpress-autopilot/.next/server/chunks/[root-of-the-server]__1jlk8z1._.js:2:4124)\n    at S.with (/Users/ofir/kenyonexpress-autopilot/.next/server/chunks/[root-of-the-server]__1jlk8z1._.js:2:4450)\n    at G.startActiveSpan (/Users/ofir/kenyonexpress-autopilot/.next/server/chunks/[root-of-the-server]__1jlk8z1._.js:2:6806)\n    at H.startActiveSpan (/Users/ofir/kenyonexpress-autopilot/.next/server/chunks/[root-of-the-server]__1jlk8z1._.js:2:7045)\n    at e.runWithActiveSpan (/Users/ofir/kenyonexpress-autopilot/.next/server/chunks/[root-of-the-server]__1jlk8z1._.js:2:54324)\n    at /Users/ofir/kenyonexpress-autopilot/.next/server/chunks/[root-of-the-server]__1jlk8z1._.js:2:53577\n    at Object.with (/Users/ofir/kenyonexpress-autopilot/.next/server/chunks/[root-of-the-server]__1jlk8z1._.js:2:4124)\n    at S.with (/Users/ofir/kenyonexpress-autopilot/.next/server/chunks/[root-of-the-server]__1jlk8z1._.js:2:4450)\n    at e.trace (/Users/ofir/kenyonexpress-autopilot/.next/server/chunks/[root-of-the-server]__1jlk8z1._.js:2:53551)\n    at fetch (/Users/ofir/kenyonexpress-autopilot/.next/server/chunks/[root-of-the-server]__1jlk8z1._.js:2:84044)\n    at /Users/ofir/kenyonexpress-autopilot/.next/server/chun","digest":"HANGING_PROMISE_REJECTION"}}
{"ts":"2026-10-07T14:22:06.222Z","level":"error","event":"db.query_failed","request_id":null,"method":"GET","target":"products","duration_ms":0,"err":{"name":"Error","message":"During prerendering, fetch() rejects when the prerender is complete. Typically these errors are handled by React but if you move fetch() to a different context by using `setTimeout`, `after`, or similar functions you may observe this error and you should handle it in that context. This occurred at route \"/product/[slug]\".","stack":"Error: During prerendering, fetch() rejects when the prerender is complete. Typically these errors are handled by React but if you move fetch() to a different context by using `setTimeout`, `after`, or similar functions you may observe this error and you should handle it in that context. This occurred at route \"/product/[slug]\".\n    at eu (/Users/ofir/kenyonexpress-autopilot/.next/server/chunks/[root-of-the-server]__1jlk8z1._.js:2:58687)\n    at /Users/ofir/kenyonexpress-autopilot/.next/server/chunks/[root-of-the-server]__1jlk8z1._.js:2:87004\n    at /Users/ofir/kenyonexpress-autopilot/.next/server/chunks/[root-of-the-server]__1jlk8z1._.js:2:54057\n    at /Users/ofir/kenyonexpress-autopilot/.next/server/chunks/[root-of-the-server]__1jlk8z1._.js:2:54347\n    at Object.with (/Users/ofir/kenyonexpress-autopilot/.next/server/chunks/[root-of-the-server]__1jlk8z1._.js:2:4124)\n    at S.with (/Users/ofir/kenyonexpress-autopilot/.next/server/chunks/[root-of-the-server]__1jlk8z1._.js:2:4450)\n    at G.startActiveSpan (/Users/ofir/kenyonexpress-autopilot/.next/server/chunks/[root-of-the-server]__1jlk8z1._.js:2:6806)\n    at H.startActiveSpan (/Users/ofir/kenyonexpress-autopilot/.next/server/chunks/[root-of-the-server]__1jlk8z1._.js:2:7045)\n    at e.runWithActiveSpan (/Users/ofir/kenyonexpress-autopilot/.next/server/chunks/[root-of-the-server]__1jlk8z1._.js:2:54324)\n    at /Users/ofir/kenyonexpress-autopilot/.next/server/chunks/[root-of-the-server]__1jlk8z1._.js:2:53577\n    at Object.with (/Users/ofir/kenyonexpress-autopilot/.next/server/chunks/[root-of-the-server]__1jlk8z1._.js:2:4124)\n    at S.with (/Users/ofir/kenyonexpress-autopilot/.next/server/chunks/[root-of-the-server]__1jlk8z1._.js:2:4450)\n    at e.trace (/Users/ofir/kenyonexpress-autopilot/.next/server/chunks/[root-of-the-server]__1jlk8z1._.js:2:53551)\n    at fetch (/Users/ofir/kenyonexpress-autopilot/.next/server/chunks/[root-of-the-server]__1jlk8z1._.js:2:84044)\n    at /Users/ofir/kenyonexpress-autopilot/.next/server/chun","digest":"HANGING_PROMISE_REJECTION"}}
{"ts":"2026-10-07T14:22:06.236Z","level":"error","event":"db.query_failed","request_id":null,"method":"GET","target":"products","duration_ms":0,"err":{"name":"Error","message":"During prerendering, fetch() rejects when the prerender is complete. Typically these errors are handled by React but if you move fetch() to a different context by using `setTimeout`, `after`, or similar functions you may observe this error and you should handle it in that context. This occurred at route \"/product/[slug]\".","stack":"Error: During prerendering, fetch() rejects when the prerender is complete. Typically these errors are handled by React but if you move fetch() to a different context by using `setTimeout`, `after`, or similar functions you may observe this error and you should handle it in that context. This occurred at route \"/product/[slug]\".\n    at eu (/Users/ofir/kenyonexpress-autopilot/.next/server/chunks/[root-of-the-server]__1jlk8z1._.js:2:58687)\n    at /Users/ofir/kenyonexpress-autopilot/.next/server/chunks/[root-of-the-server]__1jlk8z1._.js:2:87004\n    at /Users/ofir/kenyonexpress-autopilot/.next/server/chunks/[root-of-the-server]__1jlk8z1._.js:2:54057\n    at /Users/ofir/kenyonexpress-autopilot/.next/server/chunks/[root-of-the-server]__1jlk8z1._.js:2:54347\n    at Object.with (/Users/ofir/kenyonexpress-autopilot/.next/server/chunks/[root-of-the-server]__1jlk8z1._.js:2:4124)\n    at S.with (/Users/ofir/kenyonexpress-autopilot/.next/server/chunks/[root-of-the-server]__1jlk8z1._.js:2:4450)\n    at G.startActiveSpan (/Users/ofir/kenyonexpress-autopilot/.next/server/chunks/[root-of-the-server]__1jlk8z1._.js:2:6806)\n    at H.startActiveSpan (/Users/ofir/kenyonexpress-autopilot/.next/server/chunks/[root-of-the-server]__1jlk8z1._.js:2:7045)\n    at e.runWithActiveSpan (/Users/ofir/kenyonexpress-autopilot/.next/server/chunks/[root-of-the-server]__1jlk8z1._.js:2:54324)\n    at /Users/ofir/kenyonexpress-autopilot/.next/server/chunks/[root-of-the-server]__1jlk8z1._.js:2:53577\n    at Object.with (/Users/ofir/kenyonexpress-autopilot/.next/server/chunks/[root-of-the-server]__1jlk8z1._.js:2:4124)\n    at S.with (/Users/ofir/kenyonexpress-autopilot/.next/server/chunks/[root-of-the-server]__1jlk8z1._.js:2:4450)\n    at e.trace (/Users/ofir/kenyonexpress-autopilot/.next/server/chunks/[root-of-the-server]__1jlk8z1._.js:2:53551)\n    at fetch (/Users/ofir/kenyonexpress-autopilot/.next/server/chunks/[root-of-the-server]__1jlk8z1._.js:2:84044)\n    at /Users/ofir/kenyonexpress-autopilot/.next/server/chun","digest":"HANGING_PROMISE_REJECTION"}}
{"ts":"2026-10-07T14:22:06.236Z","level":"warn","event":"stock.available_read_failed","request_id":null,"productId":"e299dd1a-ad3f-4585-adee-eb6e33c0f733","reason":"Error: During prerendering, fetch() rejects when the prerender is complete. Typically these errors are handled by React but if you move fetch() to a different context by using `setTimeout`, `after`, or similar functions you may observe this error and you should handle it in that context. This occurred at route \"/product/[slug]\"."}
{"ts":"2026-10-07T14:22:06.237Z","level":"error","event":"db.query_failed","request_id":null,"method":"GET","target":"products","duration_ms":0,"err":{"name":"Error","message":"During prerendering, fetch() rejects when the prerender is complete. Typically these errors are handled by React but if you move fetch() to a different context by using `setTimeout`, `after`, or similar functions you may observe this error and you should handle it in that context. This occurred at route \"/product/[slug]\".","stack":"Error: During prerendering, fetch() rejects when the prerender is complete. Typically these errors are handled by React but if you move fetch() to a different context by using `setTimeout`, `after`, or similar functions you may observe this error and you should handle it in that context. This occurred at route \"/product/[slug]\".\n    at eu (/Users/ofir/kenyonexpress-autopilot/.next/server/chunks/[root-of-the-server]__1jlk8z1._.js:2:58687)\n    at /Users/ofir/kenyonexpress-autopilot/.next/server/chunks/[root-of-the-server]__1jlk8z1._.js:2:87004\n    at /Users/ofir/kenyonexpress-autopilot/.next/server/chunks/[root-of-the-server]__1jlk8z1._.js:2:54057\n    at /Users/ofir/kenyonexpress-autopilot/.next/server/chunks/[root-of-the-server]__1jlk8z1._.js:2:54347\n    at Object.with (/Users/ofir/kenyonexpress-autopilot/.next/server/chunks/[root-of-the-server]__1jlk8z1._.js:2:4124)\n    at S.with (/Users/ofir/kenyonexpress-autopilot/.next/server/chunks/[root-of-the-server]__1jlk8z1._.js:2:4450)\n    at G.startActiveSpan (/Users/ofir/kenyonexpress-autopilot/.next/server/chunks/[root-of-the-server]__1jlk8z1._.js:2:6806)\n    at H.startActiveSpan (/Users/ofir/kenyonexpress-autopilot/.next/server/chunks/[root-of-the-server]__1jlk8z1._.js:2:7045)\n    at e.runWithActiveSpan (/Users/ofir/kenyonexpress-autopilot/.next/server/chunks/[root-of-the-server]__1jlk8z1._.js:2:54324)\n    at /Users/ofir/kenyonexpress-autopilot/.next/server/chunks/[root-of-the-server]__1jlk8z1._.js:2:53577\n    at Object.with (/Users/ofir/kenyonexpress-autopilot/.next/server/chunks/[root-of-the-server]__1jlk8z1._.js:2:4124)\n    at S.with (/Users/ofir/kenyonexpress-autopilot/.next/server/chunks/[root-of-the-server]__1jlk8z1._.js:2:4450)\n    at e.trace (/Users/ofir/kenyonexpress-autopilot/.next/server/chunks/[root-of-the-server]__1jlk8z1._.js:2:53551)\n    at fetch (/Users/ofir/kenyonexpress-autopilot/.next/server/chunks/[root-of-the-server]__1jlk8z1._.js:2:84044)\n    at /Users/ofir/kenyonexpress-autopilot/.next/server/chun","digest":"HANGING_PROMISE_REJECTION"}}
{"ts":"2026-10-07T14:22:06.237Z","level":"error","event":"db.query_failed","request_id":null,"method":"GET","target":"products","duration_ms":1,"err":{"name":"Error","message":"During prerendering, fetch() rejects when the prerender is complete. Typically these errors are handled by React but if you move fetch() to a different context by using `setTimeout`, `after`, or similar functions you may observe this error and you should handle it in that context. This occurred at route \"/coupon/[slug]\".","stack":"Error: During prerendering, fetch() rejects when the prerender is complete. Typically these errors are handled by React but if you move fetch() to a different context by using `setTimeout`, `after`, or similar functions you may observe this error and you should handle it in that context. This occurred at route \"/coupon/[slug]\".\n    at /Users/ofir/kenyonexpress-autopilot/.next/server/chunks/ssr/[root-of-the-server]__1_aa14n._.js:2:23832\n    at /Users/ofir/kenyonexpress-autopilot/.next/server/chunks/ssr/[root-of-the-server]__1_aa14n._.js:11:48366\n    at /Users/ofir/kenyonexpress-autopilot/.next/server/chunks/ssr/[root-of-the-server]__1_aa14n._.js:11:66894\n    at /Users/ofir/kenyonexpress-autopilot/.next/server/chunks/ssr/[root-of-the-server]__1_aa14n._.js:11:67121\n    at Object.with (/Users/ofir/kenyonexpress-autopilot/.next/server/chunks/ssr/0sj1_@opentelemetry_api_build_esm_1_uv6rc._.js:2:3907)\n    at v.with (/Users/ofir/kenyonexpress-autopilot/.next/server/chunks/ssr/0sj1_@opentelemetry_api_build_esm_1_uv6rc._.js:2:4233)\n    at P.startActiveSpan (/Users/ofir/kenyonexpress-autopilot/.next/server/chunks/ssr/0sj1_@opentelemetry_api_build_esm_1_uv6rc._.js:2:6588)\n    at R.startActiveSpan (/Users/ofir/kenyonexpress-autopilot/.next/server/chunks/ssr/0sj1_@opentelemetry_api_build_esm_1_uv6rc._.js:2:6827)\n    at a.runWithActiveSpan (/Users/ofir/kenyonexpress-autopilot/.next/server/chunks/ssr/[root-of-the-server]__1_aa14n._.js:11:67098)\n    at /Users/ofir/kenyonexpress-autopilot/.next/server/chunks/ssr/[root-of-the-server]__1_aa14n._.js:11:66397\n    at Object.with (/Users/ofir/kenyonexpress-autopilot/.next/server/chunks/ssr/0sj1_@opentelemetry_api_build_esm_1_uv6rc._.js:2:3907)\n    at v.with (/Users/ofir/kenyonexpress-autopilot/.next/server/chunks/ssr/0sj1_@opentelemetry_api_build_esm_1_uv6rc._.js:2:4233)\n    at a.trace (/Users/ofir/kenyonexpress-autopilot/.next/server/chunks/ssr/[root-of-the-server]__1_aa14n._.js:11:66371)\n    at fetch (/Users/ofir/kenyonexpress-autopilot/","digest":"HANGING_PROMISE_REJECTION"}}
{"ts":"2026-10-07T14:22:06.238Z","level":"warn","event":"stock.available_read_failed","request_id":null,"productId":"0b458957-a7f8-4538-9bb7-7fa383d367e0","reason":"SupabaseTimeoutError: Supabase request exceeded 10000ms"}
{"ts":"2026-10-07T14:22:06.238Z","level":"error","event":"db.query_failed","request_id":null,"method":"GET","target":"products","duration_ms":0,"err":{"name":"Error","message":"During prerendering, fetch() rejects when the prerender is complete. Typically these errors are handled by React but if you move fetch() to a different context by using `setTimeout`, `after`, or similar functions you may observe this error and you should handle it in that context. This occurred at route \"/product/[slug]\".","stack":"Error: During prerendering, fetch() rejects when the prerender is complete. Typically these errors are handled by React but if you move fetch() to a different context by using `setTimeout`, `after`, or similar functions you may observe this error and you should handle it in that context. This occurred at route \"/product/[slug]\".\n    at eu (/Users/ofir/kenyonexpress-autopilot/.next/server/chunks/[root-of-the-server]__1jlk8z1._.js:2:58687)\n    at /Users/ofir/kenyonexpress-autopilot/.next/server/chunks/[root-of-the-server]__1jlk8z1._.js:2:87004\n    at /Users/ofir/kenyonexpress-autopilot/.next/server/chunks/[root-of-the-server]__1jlk8z1._.js:2:54057\n    at /Users/ofir/kenyonexpress-autopilot/.next/server/chunks/[root-of-the-server]__1jlk8z1._.js:2:54347\n    at Object.with (/Users/ofir/kenyonexpress-autopilot/.next/server/chunks/[root-of-the-server]__1jlk8z1._.js:2:4124)\n    at S.with (/Users/ofir/kenyonexpress-autopilot/.next/server/chunks/[root-of-the-server]__1jlk8z1._.js:2:4450)\n    at G.startActiveSpan (/Users/ofir/kenyonexpress-autopilot/.next/server/chunks/[root-of-the-server]__1jlk8z1._.js:2:6806)\n    at H.startActiveSpan (/Users/ofir/kenyonexpress-autopilot/.next/server/chunks/[root-of-the-server]__1jlk8z1._.js:2:7045)\n    at e.runWithActiveSpan (/Users/ofir/kenyonexpress-autopilot/.next/server/chunks/[root-of-the-server]__1jlk8z1._.js:2:54324)\n    at /Users/ofir/kenyonexpress-autopilot/.next/server/chunks/[root-of-the-server]__1jlk8z1._.js:2:53577\n    at Object.with (/Users/ofir/kenyonexpress-autopilot/.next/server/chunks/[root-of-the-server]__1jlk8z1._.js:2:4124)\n    at S.with (/Users/ofir/kenyonexpress-autopilot/.next/server/chunks/[root-of-the-server]__1jlk8z1._.js:2:4450)\n    at e.trace (/Users/ofir/kenyonexpress-autopilot/.next/server/chunks/[root-of-the-server]__1jlk8z1._.js:2:53551)\n    at fetch (/Users/ofir/kenyonexpress-autopilot/.next/server/chunks/[root-of-the-server]__1jlk8z1._.js:2:84044)\n    at /Users/ofir/kenyonexpress-autopilot/.next/server/chun","digest":"HANGING_PROMISE_REJECTION"}}
{"ts":"2026-10-07T14:22:06.238Z","level":"warn","event":"stock.available_read_failed","request_id":null,"productId":"e299dd1a-ad3f-4585-adee-eb6e33c0f733","reason":"Error: During prerendering, fetch() rejects when the prerender is complete. Typically these errors are handled by React but if you move fetch() to a different context by using `setTimeout`, `after`, or similar functions you may observe this error and you should handle it in that context. This occurred at route \"/product/[slug]\"."}
{"ts":"2026-10-07T14:22:06.240Z","level":"error","event":"db.query_failed","request_id":null,"method":"GET","target":"products","duration_ms":0,"err":{"name":"Error","message":"During prerendering, fetch() rejects when the prerender is complete. Typically these errors are handled by React but if you move fetch() to a different context by using `setTimeout`, `after`, or similar functions you may observe this error and you should handle it in that context. This occurred at route \"/coupon/[slug]\".","stack":"Error: During prerendering, fetch() rejects when the prerender is complete. Typically these errors are handled by React but if you move fetch() to a different context by using `setTimeout`, `after`, or similar functions you may observe this error and you should handle it in that context. This occurred at route \"/coupon/[slug]\".\n    at /Users/ofir/kenyonexpress-autopilot/.next/server/chunks/ssr/[root-of-the-server]__1_aa14n._.js:2:23832\n    at /Users/ofir/kenyonexpress-autopilot/.next/server/chunks/ssr/[root-of-the-server]__1_aa14n._.js:11:48366\n    at /Users/ofir/kenyonexpress-autopilot/.next/server/chunks/ssr/[root-of-the-server]__1_aa14n._.js:11:66894\n    at /Users/ofir/kenyonexpress-autopilot/.next/server/chunks/ssr/[root-of-the-server]__1_aa14n._.js:11:67121\n    at Object.with (/Users/ofir/kenyonexpress-autopilot/.next/server/chunks/ssr/0sj1_@opentelemetry_api_build_esm_1_uv6rc._.js:2:3907)\n    at v.with (/Users/ofir/kenyonexpress-autopilot/.next/server/chunks/ssr/0sj1_@opentelemetry_api_build_esm_1_uv6rc._.js:2:4233)\n    at P.startActiveSpan (/Users/ofir/kenyonexpress-autopilot/.next/server/chunks/ssr/0sj1_@opentelemetry_api_build_esm_1_uv6rc._.js:2:6588)\n    at R.startActiveSpan (/Users/ofir/kenyonexpress-autopilot/.next/server/chunks/ssr/0sj1_@opentelemetry_api_build_esm_1_uv6rc._.js:2:6827)\n    at a.runWithActiveSpan (/Users/ofir/kenyonexpress-autopilot/.next/server/chunks/ssr/[root-of-the-server]__1_aa14n._.js:11:67098)\n    at /Users/ofir/kenyonexpress-autopilot/.next/server/chunks/ssr/[root-of-the-server]__1_aa14n._.js:11:66397\n    at Object.with (/Users/ofir/kenyonexpress-autopilot/.next/server/chunks/ssr/0sj1_@opentelemetry_api_build_esm_1_uv6rc._.js:2:3907)\n    at v.with (/Users/ofir/kenyonexpress-autopilot/.next/server/chunks/ssr/0sj1_@opentelemetry_api_build_esm_1_uv6rc._.js:2:4233)\n    at a.trace (/Users/ofir/kenyonexpress-autopilot/.next/server/chunks/ssr/[root-of-the-server]__1_aa14n._.js:11:66371)\n    at fetch (/Users/ofir/kenyonexpress-autopilot/","digest":"HANGING_PROMISE_REJECTION"}}
{"ts":"2026-10-07T14:22:06.240Z","level":"warn","event":"stock.available_read_failed","request_id":null,"productId":"0b458957-a7f8-4538-9bb7-7fa383d367e0","reason":"Error: During prerendering, fetch() rejects when the prerender is complete. Typically these errors are handled by React but if you move fetch() to a different context by using `setTimeout`, `after`, or similar functions you may observe this error and you should handle it in that context. This occurred at route \"/coupon/[slug]\"."}
{"ts":"2026-10-07T14:22:06.459Z","level":"warn","event":"db.query_slow","request_id":null,"method":"GET","target":"product_variants","status":200,"duration_ms":1318,"threshold_ms":300}
{"ts":"2026-10-07T14:22:06.697Z","level":"error","event":"db.query_failed","request_id":null,"method":"GET","target":"products","duration_ms":1,"err":{"name":"Error","message":"During prerendering, fetch() rejects when the prerender is complete. Typically these errors are handled by React but if you move fetch() to a different context by using `setTimeout`, `after`, or similar functions you may observe this error and you should handle it in that context. This occurred at route \"/product/[slug]\".","stack":"Error: During prerendering, fetch() rejects when the prerender is complete. Typically these errors are handled by React but if you move fetch() to a different context by using `setTimeout`, `after`, or similar functions you may observe this error and you should handle it in that context. This occurred at route \"/product/[slug]\".\n    at eu (/Users/ofir/kenyonexpress-autopilot/.next/server/chunks/[root-of-the-server]__1jlk8z1._.js:2:58687)\n    at /Users/ofir/kenyonexpress-autopilot/.next/server/chunks/[root-of-the-server]__1jlk8z1._.js:2:87004\n    at /Users/ofir/kenyonexpress-autopilot/.next/server/chunks/[root-of-the-server]__1jlk8z1._.js:2:54057\n    at /Users/ofir/kenyonexpress-autopilot/.next/server/chunks/[root-of-the-server]__1jlk8z1._.js:2:54347\n    at Object.with (/Users/ofir/kenyonexpress-autopilot/.next/server/chunks/[root-of-the-server]__1jlk8z1._.js:2:4124)\n    at S.with (/Users/ofir/kenyonexpress-autopilot/.next/server/chunks/[root-of-the-server]__1jlk8z1._.js:2:4450)\n    at G.startActiveSpan (/Users/ofir/kenyonexpress-autopilot/.next/server/chunks/[root-of-the-server]__1jlk8z1._.js:2:6806)\n    at H.startActiveSpan (/Users/ofir/kenyonexpress-autopilot/.next/server/chunks/[root-of-the-server]__1jlk8z1._.js:2:7045)\n    at e.runWithActiveSpan (/Users/ofir/kenyonexpress-autopilot/.next/server/chunks/[root-of-the-server]__1jlk8z1._.js:2:54324)\n    at /Users/ofir/kenyonexpress-autopilot/.next/server/chunks/[root-of-the-server]__1jlk8z1._.js:2:53577\n    at Object.with (/Users/ofir/kenyonexpress-autopilot/.next/server/chunks/[root-of-the-server]__1jlk8z1._.js:2:4124)\n    at S.with (/Users/ofir/kenyonexpress-autopilot/.next/server/chunks/[root-of-the-server]__1jlk8z1._.js:2:4450)\n    at e.trace (/Users/ofir/kenyonexpress-autopilot/.next/server/chunks/[root-of-the-server]__1jlk8z1._.js:2:53551)\n    at fetch (/Users/ofir/kenyonexpress-autopilot/.next/server/chunks/[root-of-the-server]__1jlk8z1._.js:2:84044)\n    at /Users/ofir/kenyonexpress-autopilot/.next/server/chun","digest":"HANGING_PROMISE_REJECTION"}}
{"ts":"2026-10-07T14:22:06.726Z","level":"error","event":"db.query_failed","request_id":null,"method":"GET","target":"products","duration_ms":0,"err":{"name":"Error","message":"During prerendering, fetch() rejects when the prerender is complete. Typically these errors are handled by React but if you move fetch() to a different context by using `setTimeout`, `after`, or similar functions you may observe this error and you should handle it in that context. This occurred at route \"/product/[slug]\".","stack":"Error: During prerendering, fetch() rejects when the prerender is complete. Typically these errors are handled by React but if you move fetch() to a different context by using `setTimeout`, `after`, or similar functions you may observe this error and you should handle it in that context. This occurred at route \"/product/[slug]\".\n    at eu (/Users/ofir/kenyonexpress-autopilot/.next/server/chunks/[root-of-the-server]__1jlk8z1._.js:2:58687)\n    at /Users/ofir/kenyonexpress-autopilot/.next/server/chunks/[root-of-the-server]__1jlk8z1._.js:2:87004\n    at /Users/ofir/kenyonexpress-autopilot/.next/server/chunks/[root-of-the-server]__1jlk8z1._.js:2:54057\n    at /Users/ofir/kenyonexpress-autopilot/.next/server/chunks/[root-of-the-server]__1jlk8z1._.js:2:54347\n    at Object.with (/Users/ofir/kenyonexpress-autopilot/.next/server/chunks/[root-of-the-server]__1jlk8z1._.js:2:4124)\n    at S.with (/Users/ofir/kenyonexpress-autopilot/.next/server/chunks/[root-of-the-server]__1jlk8z1._.js:2:4450)\n    at G.startActiveSpan (/Users/ofir/kenyonexpress-autopilot/.next/server/chunks/[root-of-the-server]__1jlk8z1._.js:2:6806)\n    at H.startActiveSpan (/Users/ofir/kenyonexpress-autopilot/.next/server/chunks/[root-of-the-server]__1jlk8z1._.js:2:7045)\n    at e.runWithActiveSpan (/Users/ofir/kenyonexpress-autopilot/.next/server/chunks/[root-of-the-server]__1jlk8z1._.js:2:54324)\n    at /Users/ofir/kenyonexpress-autopilot/.next/server/chunks/[root-of-the-server]__1jlk8z1._.js:2:53577\n    at Object.with (/Users/ofir/kenyonexpress-autopilot/.next/server/chunks/[root-of-the-server]__1jlk8z1._.js:2:4124)\n    at S.with (/Users/ofir/kenyonexpress-autopilot/.next/server/chunks/[root-of-the-server]__1jlk8z1._.js:2:4450)\n    at e.trace (/Users/ofir/kenyonexpress-autopilot/.next/server/chunks/[root-of-the-server]__1jlk8z1._.js:2:53551)\n    at fetch (/Users/ofir/kenyonexpress-autopilot/.next/server/chunks/[root-of-the-server]__1jlk8z1._.js:2:84044)\n    at /Users/ofir/kenyonexpress-autopilot/.next/server/chun","digest":"HANGING_PROMISE_REJECTION"}}
{"ts":"2026-10-07T14:22:08.095Z","level":"warn","event":"db.query_slow","request_id":null,"method":"GET","target":"products","status":200,"duration_ms":5350,"threshold_ms":300}
{"ts":"2026-10-07T14:22:08.096Z","level":"warn","event":"db.query_slow","request_id":null,"method":"GET","target":"products","status":200,"duration_ms":5730,"threshold_ms":300}
{"ts":"2026-10-07T14:22:08.109Z","level":"error","event":"db.query_failed","request_id":null,"method":"POST","target":"rpc:available_stock","duration_ms":8383,"err":{"name":"Error","message":"During prerendering, fetch() rejects when the prerender is complete. Typically these errors are handled by React but if you move fetch() to a different context by using `setTimeout`, `after`, or similar functions you may observe this error and you should handle it in that context. This occurred at route \"/product/[slug]\".","stack":"Error: During prerendering, fetch() rejects when the prerender is complete. Typically these errors are handled by React but if you move fetch() to a different context by using `setTimeout`, `after`, or similar functions you may observe this error and you should handle it in that context. This occurred at route \"/product/[slug]\".\n    at eu (/Users/ofir/kenyonexpress-autopilot/.next/server/chunks/[root-of-the-server]__1jlk8z1._.js:2:58687)\n    at /Users/ofir/kenyonexpress-autopilot/.next/server/chunks/[root-of-the-server]__1jlk8z1._.js:2:87004\n    at /Users/ofir/kenyonexpress-autopilot/.next/server/chunks/[root-of-the-server]__1jlk8z1._.js:2:54057\n    at /Users/ofir/kenyonexpress-autopilot/.next/server/chunks/[root-of-the-server]__1jlk8z1._.js:2:54347\n    at Object.with (/Users/ofir/kenyonexpress-autopilot/.next/server/chunks/[root-of-the-server]__1jlk8z1._.js:2:4124)\n    at S.with (/Users/ofir/kenyonexpress-autopilot/.next/server/chunks/[root-of-the-server]__1jlk8z1._.js:2:4450)\n    at G.startActiveSpan (/Users/ofir/kenyonexpress-autopilot/.next/server/chunks/[root-of-the-server]__1jlk8z1._.js:2:6806)\n    at H.startActiveSpan (/Users/ofir/kenyonexpress-autopilot/.next/server/chunks/[root-of-the-server]__1jlk8z1._.js:2:7045)\n    at e.runWithActiveSpan (/Users/ofir/kenyonexpress-autopilot/.next/server/chunks/[root-of-the-server]__1jlk8z1._.js:2:54324)\n    at /Users/ofir/kenyonexpress-autopilot/.next/server/chunks/[root-of-the-server]__1jlk8z1._.js:2:53577\n    at Object.with (/Users/ofir/kenyonexpress-autopilot/.next/server/chunks/[root-of-the-server]__1jlk8z1._.js:2:4124)\n    at S.with (/Users/ofir/kenyonexpress-autopilot/.next/server/chunks/[root-of-the-server]__1jlk8z1._.js:2:4450)\n    at e.trace (/Users/ofir/kenyonexpress-autopilot/.next/server/chunks/[root-of-the-server]__1jlk8z1._.js:2:53551)\n    at fetch (/Users/ofir/kenyonexpress-autopilot/.next/server/chunks/[root-of-the-server]__1jlk8z1._.js:2:84044)\n    at /Users/ofir/kenyonexpress-autopilot/.next/server/chun","digest":"HANGING_PROMISE_REJECTION"}}
{"ts":"2026-10-07T14:22:08.109Z","level":"error","event":"db.query_failed","request_id":null,"method":"GET","target":"products","duration_ms":8383,"err":{"name":"Error","message":"During prerendering, fetch() rejects when the prerender is complete. Typically these errors are handled by React but if you move fetch() to a different context by using `setTimeout`, `after`, or similar functions you may observe this error and you should handle it in that context. This occurred at route \"/product/[slug]\".","stack":"Error: During prerendering, fetch() rejects when the prerender is complete. Typically these errors are handled by React but if you move fetch() to a different context by using `setTimeout`, `after`, or similar functions you may observe this error and you should handle it in that context. This occurred at route \"/product/[slug]\".\n    at eu (/Users/ofir/kenyonexpress-autopilot/.next/server/chunks/[root-of-the-server]__1jlk8z1._.js:2:58687)\n    at /Users/ofir/kenyonexpress-autopilot/.next/server/chunks/[root-of-the-server]__1jlk8z1._.js:2:87004\n    at /Users/ofir/kenyonexpress-autopilot/.next/server/chunks/[root-of-the-server]__1jlk8z1._.js:2:54057\n    at /Users/ofir/kenyonexpress-autopilot/.next/server/chunks/[root-of-the-server]__1jlk8z1._.js:2:54347\n    at Object.with (/Users/ofir/kenyonexpress-autopilot/.next/server/chunks/[root-of-the-server]__1jlk8z1._.js:2:4124)\n    at S.with (/Users/ofir/kenyonexpress-autopilot/.next/server/chunks/[root-of-the-server]__1jlk8z1._.js:2:4450)\n    at G.startActiveSpan (/Users/ofir/kenyonexpress-autopilot/.next/server/chunks/[root-of-the-server]__1jlk8z1._.js:2:6806)\n    at H.startActiveSpan (/Users/ofir/kenyonexpress-autopilot/.next/server/chunks/[root-of-the-server]__1jlk8z1._.js:2:7045)\n    at e.runWithActiveSpan (/Users/ofir/kenyonexpress-autopilot/.next/server/chunks/[root-of-the-server]__1jlk8z1._.js:2:54324)\n    at /Users/ofir/kenyonexpress-autopilot/.next/server/chunks/[root-of-the-server]__1jlk8z1._.js:2:53577\n    at Object.with (/Users/ofir/kenyonexpress-autopilot/.next/server/chunks/[root-of-the-server]__1jlk8z1._.js:2:4124)\n    at S.with (/Users/ofir/kenyonexpress-autopilot/.next/server/chunks/[root-of-the-server]__1jlk8z1._.js:2:4450)\n    at e.trace (/Users/ofir/kenyonexpress-autopilot/.next/server/chunks/[root-of-the-server]__1jlk8z1._.js:2:53551)\n    at fetch (/Users/ofir/kenyonexpress-autopilot/.next/server/chunks/[root-of-the-server]__1jlk8z1._.js:2:84044)\n    at /Users/ofir/kenyonexpress-autopilot/.next/server/chun","digest":"HANGING_PROMISE_REJECTION"}}
{"ts":"2026-10-07T14:22:08.127Z","level":"error","event":"db.query_failed","request_id":null,"method":"POST","target":"rpc:available_stock","duration_ms":1,"err":{"name":"Error","message":"During prerendering, fetch() rejects when the prerender is complete. Typically these errors are handled by React but if you move fetch() to a different context by using `setTimeout`, `after`, or similar functions you may observe this error and you should handle it in that context. This occurred at route \"/product/[slug]\".","stack":"Error: During prerendering, fetch() rejects when the prerender is complete. Typically these errors are handled by React but if you move fetch() to a different context by using `setTimeout`, `after`, or similar functions you may observe this error and you should handle it in that context. This occurred at route \"/product/[slug]\".\n    at eu (/Users/ofir/kenyonexpress-autopilot/.next/server/chunks/[root-of-the-server]__1jlk8z1._.js:2:58687)\n    at /Users/ofir/kenyonexpress-autopilot/.next/server/chunks/[root-of-the-server]__1jlk8z1._.js:2:87004\n    at /Users/ofir/kenyonexpress-autopilot/.next/server/chunks/[root-of-the-server]__1jlk8z1._.js:2:54057\n    at /Users/ofir/kenyonexpress-autopilot/.next/server/chunks/[root-of-the-server]__1jlk8z1._.js:2:54347\n    at Object.with (/Users/ofir/kenyonexpress-autopilot/.next/server/chunks/[root-of-the-server]__1jlk8z1._.js:2:4124)\n    at S.with (/Users/ofir/kenyonexpress-autopilot/.next/server/chunks/[root-of-the-server]__1jlk8z1._.js:2:4450)\n    at G.startActiveSpan (/Users/ofir/kenyonexpress-autopilot/.next/server/chunks/[root-of-the-server]__1jlk8z1._.js:2:6806)\n    at H.startActiveSpan (/Users/ofir/kenyonexpress-autopilot/.next/server/chunks/[root-of-the-server]__1jlk8z1._.js:2:7045)\n    at e.runWithActiveSpan (/Users/ofir/kenyonexpress-autopilot/.next/server/chunks/[root-of-the-server]__1jlk8z1._.js:2:54324)\n    at /Users/ofir/kenyonexpress-autopilot/.next/server/chunks/[root-of-the-server]__1jlk8z1._.js:2:53577\n    at Object.with (/Users/ofir/kenyonexpress-autopilot/.next/server/chunks/[root-of-the-server]__1jlk8z1._.js:2:4124)\n    at S.with (/Users/ofir/kenyonexpress-autopilot/.next/server/chunks/[root-of-the-server]__1jlk8z1._.js:2:4450)\n    at e.trace (/Users/ofir/kenyonexpress-autopilot/.next/server/chunks/[root-of-the-server]__1jlk8z1._.js:2:53551)\n    at fetch (/Users/ofir/kenyonexpress-autopilot/.next/server/chunks/[root-of-the-server]__1jlk8z1._.js:2:84044)\n    at /Users/ofir/kenyonexpress-autopilot/.next/server/chun","digest":"HANGING_PROMISE_REJECTION"}}
{"ts":"2026-10-07T14:22:08.127Z","level":"error","event":"db.query_failed","request_id":null,"method":"GET","target":"products","duration_ms":1,"err":{"name":"Error","message":"During prerendering, fetch() rejects when the prerender is complete. Typically these errors are handled by React but if you move fetch() to a different context by using `setTimeout`, `after`, or similar functions you may observe this error and you should handle it in that context. This occurred at route \"/product/[slug]\".","stack":"Error: During prerendering, fetch() rejects when the prerender is complete. Typically these errors are handled by React but if you move fetch() to a different context by using `setTimeout`, `after`, or similar functions you may observe this error and you should handle it in that context. This occurred at route \"/product/[slug]\".\n    at eu (/Users/ofir/kenyonexpress-autopilot/.next/server/chunks/[root-of-the-server]__1jlk8z1._.js:2:58687)\n    at /Users/ofir/kenyonexpress-autopilot/.next/server/chunks/[root-of-the-server]__1jlk8z1._.js:2:87004\n    at /Users/ofir/kenyonexpress-autopilot/.next/server/chunks/[root-of-the-server]__1jlk8z1._.js:2:54057\n    at /Users/ofir/kenyonexpress-autopilot/.next/server/chunks/[root-of-the-server]__1jlk8z1._.js:2:54347\n    at Object.with (/Users/ofir/kenyonexpress-autopilot/.next/server/chunks/[root-of-the-server]__1jlk8z1._.js:2:4124)\n    at S.with (/Users/ofir/kenyonexpress-autopilot/.next/server/chunks/[root-of-the-server]__1jlk8z1._.js:2:4450)\n    at G.startActiveSpan (/Users/ofir/kenyonexpress-autopilot/.next/server/chunks/[root-of-the-server]__1jlk8z1._.js:2:6806)\n    at H.startActiveSpan (/Users/ofir/kenyonexpress-autopilot/.next/server/chunks/[root-of-the-server]__1jlk8z1._.js:2:7045)\n    at e.runWithActiveSpan (/Users/ofir/kenyonexpress-autopilot/.next/server/chunks/[root-of-the-server]__1jlk8z1._.js:2:54324)\n    at /Users/ofir/kenyonexpress-autopilot/.next/server/chunks/[root-of-the-server]__1jlk8z1._.js:2:53577\n    at Object.with (/Users/ofir/kenyonexpress-autopilot/.next/server/chunks/[root-of-the-server]__1jlk8z1._.js:2:4124)\n    at S.with (/Users/ofir/kenyonexpress-autopilot/.next/server/chunks/[root-of-the-server]__1jlk8z1._.js:2:4450)\n    at e.trace (/Users/ofir/kenyonexpress-autopilot/.next/server/chunks/[root-of-the-server]__1jlk8z1._.js:2:53551)\n    at fetch (/Users/ofir/kenyonexpress-autopilot/.next/server/chunks/[root-of-the-server]__1jlk8z1._.js:2:84044)\n    at /Users/ofir/kenyonexpress-autopilot/.next/server/chun","digest":"HANGING_PROMISE_REJECTION"}}
{"ts":"2026-10-07T14:22:08.131Z","level":"error","event":"db.query_failed","request_id":null,"method":"GET","target":"products","duration_ms":0,"err":{"name":"Error","message":"During prerendering, fetch() rejects when the prerender is complete. Typically these errors are handled by React but if you move fetch() to a different context by using `setTimeout`, `after`, or similar functions you may observe this error and you should handle it in that context. This occurred at route \"/product/[slug]\".","stack":"Error: During prerendering, fetch() rejects when the prerender is complete. Typically these errors are handled by React but if you move fetch() to a different context by using `setTimeout`, `after`, or similar functions you may observe this error and you should handle it in that context. This occurred at route \"/product/[slug]\".\n    at eu (/Users/ofir/kenyonexpress-autopilot/.next/server/chunks/[root-of-the-server]__1jlk8z1._.js:2:58687)\n    at /Users/ofir/kenyonexpress-autopilot/.next/server/chunks/[root-of-the-server]__1jlk8z1._.js:2:87004\n    at /Users/ofir/kenyonexpress-autopilot/.next/server/chunks/[root-of-the-server]__1jlk8z1._.js:2:54057\n    at /Users/ofir/kenyonexpress-autopilot/.next/server/chunks/[root-of-the-server]__1jlk8z1._.js:2:54347\n    at Object.with (/Users/ofir/kenyonexpress-autopilot/.next/server/chunks/[root-of-the-server]__1jlk8z1._.js:2:4124)\n    at S.with (/Users/ofir/kenyonexpress-autopilot/.next/server/chunks/[root-of-the-server]__1jlk8z1._.js:2:4450)\n    at G.startActiveSpan (/Users/ofir/kenyonexpress-autopilot/.next/server/chunks/[root-of-the-server]__1jlk8z1._.js:2:6806)\n    at H.startActiveSpan (/Users/ofir/kenyonexpress-autopilot/.next/server/chunks/[root-of-the-server]__1jlk8z1._.js:2:7045)\n    at e.runWithActiveSpan (/Users/ofir/kenyonexpress-autopilot/.next/server/chunks/[root-of-the-server]__1jlk8z1._.js:2:54324)\n    at /Users/ofir/kenyonexpress-autopilot/.next/server/chunks/[root-of-the-server]__1jlk8z1._.js:2:53577\n    at Object.with (/Users/ofir/kenyonexpress-autopilot/.next/server/chunks/[root-of-the-server]__1jlk8z1._.js:2:4124)\n    at S.with (/Users/ofir/kenyonexpress-autopilot/.next/server/chunks/[root-of-the-server]__1jlk8z1._.js:2:4450)\n    at e.trace (/Users/ofir/kenyonexpress-autopilot/.next/server/chunks/[root-of-the-server]__1jlk8z1._.js:2:53551)\n    at fetch (/Users/ofir/kenyonexpress-autopilot/.next/server/chunks/[root-of-the-server]__1jlk8z1._.js:2:84044)\n    at /Users/ofir/kenyonexpress-autopilot/.next/server/chun","digest":"HANGING_PROMISE_REJECTION"}}
{"ts":"2026-10-07T14:22:08.195Z","level":"error","event":"db.query_failed","request_id":null,"method":"GET","target":"products","duration_ms":0,"err":{"name":"Error","message":"During prerendering, fetch() rejects when the prerender is complete. Typically these errors are handled by React but if you move fetch() to a different context by using `setTimeout`, `after`, or similar functions you may observe this error and you should handle it in that context. This occurred at route \"/product/[slug]\".","stack":"Error: During prerendering, fetch() rejects when the prerender is complete. Typically these errors are handled by React but if you move fetch() to a different context by using `setTimeout`, `after`, or similar functions you may observe this error and you should handle it in that context. This occurred at route \"/product/[slug]\".\n    at eu (/Users/ofir/kenyonexpress-autopilot/.next/server/chunks/[root-of-the-server]__1jlk8z1._.js:2:58687)\n    at /Users/ofir/kenyonexpress-autopilot/.next/server/chunks/[root-of-the-server]__1jlk8z1._.js:2:87004\n    at /Users/ofir/kenyonexpress-autopilot/.next/server/chunks/[root-of-the-server]__1jlk8z1._.js:2:54057\n    at /Users/ofir/kenyonexpress-autopilot/.next/server/chunks/[root-of-the-server]__1jlk8z1._.js:2:54347\n    at Object.with (/Users/ofir/kenyonexpress-autopilot/.next/server/chunks/[root-of-the-server]__1jlk8z1._.js:2:4124)\n    at S.with (/Users/ofir/kenyonexpress-autopilot/.next/server/chunks/[root-of-the-server]__1jlk8z1._.js:2:4450)\n    at G.startActiveSpan (/Users/ofir/kenyonexpress-autopilot/.next/server/chunks/[root-of-the-server]__1jlk8z1._.js:2:6806)\n    at H.startActiveSpan (/Users/ofir/kenyonexpress-autopilot/.next/server/chunks/[root-of-the-server]__1jlk8z1._.js:2:7045)\n    at e.runWithActiveSpan (/Users/ofir/kenyonexpress-autopilot/.next/server/chunks/[root-of-the-server]__1jlk8z1._.js:2:54324)\n    at /Users/ofir/kenyonexpress-autopilot/.next/server/chunks/[root-of-the-server]__1jlk8z1._.js:2:53577\n    at Object.with (/Users/ofir/kenyonexpress-autopilot/.next/server/chunks/[root-of-the-server]__1jlk8z1._.js:2:4124)\n    at S.with (/Users/ofir/kenyonexpress-autopilot/.next/server/chunks/[root-of-the-server]__1jlk8z1._.js:2:4450)\n    at e.trace (/Users/ofir/kenyonexpress-autopilot/.next/server/chunks/[root-of-the-server]__1jlk8z1._.js:2:53551)\n    at fetch (/Users/ofir/kenyonexpress-autopilot/.next/server/chunks/[root-of-the-server]__1jlk8z1._.js:2:84044)\n    at /Users/ofir/kenyonexpress-autopilot/.next/server/chun","digest":"HANGING_PROMISE_REJECTION"}}
{"ts":"2026-10-07T14:22:08.224Z","level":"error","event":"db.query_failed","request_id":null,"method":"GET","target":"products","duration_ms":0,"err":{"name":"Error","message":"During prerendering, fetch() rejects when the prerender is complete. Typically these errors are handled by React but if you move fetch() to a different context by using `setTimeout`, `after`, or similar functions you may observe this error and you should handle it in that context. This occurred at route \"/product/[slug]\".","stack":"Error: During prerendering, fetch() rejects when the prerender is complete. Typically these errors are handled by React but if you move fetch() to a different context by using `setTimeout`, `after`, or similar functions you may observe this error and you should handle it in that context. This occurred at route \"/product/[slug]\".\n    at eu (/Users/ofir/kenyonexpress-autopilot/.next/server/chunks/[root-of-the-server]__1jlk8z1._.js:2:58687)\n    at /Users/ofir/kenyonexpress-autopilot/.next/server/chunks/[root-of-the-server]__1jlk8z1._.js:2:87004\n    at /Users/ofir/kenyonexpress-autopilot/.next/server/chunks/[root-of-the-server]__1jlk8z1._.js:2:54057\n    at /Users/ofir/kenyonexpress-autopilot/.next/server/chunks/[root-of-the-server]__1jlk8z1._.js:2:54347\n    at Object.with (/Users/ofir/kenyonexpress-autopilot/.next/server/chunks/[root-of-the-server]__1jlk8z1._.js:2:4124)\n    at S.with (/Users/ofir/kenyonexpress-autopilot/.next/server/chunks/[root-of-the-server]__1jlk8z1._.js:2:4450)\n    at G.startActiveSpan (/Users/ofir/kenyonexpress-autopilot/.next/server/chunks/[root-of-the-server]__1jlk8z1._.js:2:6806)\n    at H.startActiveSpan (/Users/ofir/kenyonexpress-autopilot/.next/server/chunks/[root-of-the-server]__1jlk8z1._.js:2:7045)\n    at e.runWithActiveSpan (/Users/ofir/kenyonexpress-autopilot/.next/server/chunks/[root-of-the-server]__1jlk8z1._.js:2:54324)\n    at /Users/ofir/kenyonexpress-autopilot/.next/server/chunks/[root-of-the-server]__1jlk8z1._.js:2:53577\n    at Object.with (/Users/ofir/kenyonexpress-autopilot/.next/server/chunks/[root-of-the-server]__1jlk8z1._.js:2:4124)\n    at S.with (/Users/ofir/kenyonexpress-autopilot/.next/server/chunks/[root-of-the-server]__1jlk8z1._.js:2:4450)\n    at e.trace (/Users/ofir/kenyonexpress-autopilot/.next/server/chunks/[root-of-the-server]__1jlk8z1._.js:2:53551)\n    at fetch (/Users/ofir/kenyonexpress-autopilot/.next/server/chunks/[root-of-the-server]__1jlk8z1._.js:2:84044)\n    at /Users/ofir/kenyonexpress-autopilot/.next/server/chun","digest":"HANGING_PROMISE_REJECTION"}}
{"ts":"2026-10-07T14:22:08.240Z","level":"error","event":"db.query_failed","request_id":null,"method":"GET","target":"products","duration_ms":0,"err":{"name":"Error","message":"During prerendering, fetch() rejects when the prerender is complete. Typically these errors are handled by React but if you move fetch() to a different context by using `setTimeout`, `after`, or similar functions you may observe this error and you should handle it in that context. This occurred at route \"/product/[slug]\".","stack":"Error: During prerendering, fetch() rejects when the prerender is complete. Typically these errors are handled by React but if you move fetch() to a different context by using `setTimeout`, `after`, or similar functions you may observe this error and you should handle it in that context. This occurred at route \"/product/[slug]\".\n    at eu (/Users/ofir/kenyonexpress-autopilot/.next/server/chunks/[root-of-the-server]__1jlk8z1._.js:2:58687)\n    at /Users/ofir/kenyonexpress-autopilot/.next/server/chunks/[root-of-the-server]__1jlk8z1._.js:2:87004\n    at /Users/ofir/kenyonexpress-autopilot/.next/server/chunks/[root-of-the-server]__1jlk8z1._.js:2:54057\n    at /Users/ofir/kenyonexpress-autopilot/.next/server/chunks/[root-of-the-server]__1jlk8z1._.js:2:54347\n    at Object.with (/Users/ofir/kenyonexpress-autopilot/.next/server/chunks/[root-of-the-server]__1jlk8z1._.js:2:4124)\n    at S.with (/Users/ofir/kenyonexpress-autopilot/.next/server/chunks/[root-of-the-server]__1jlk8z1._.js:2:4450)\n    at G.startActiveSpan (/Users/ofir/kenyonexpress-autopilot/.next/server/chunks/[root-of-the-server]__1jlk8z1._.js:2:6806)\n    at H.startActiveSpan (/Users/ofir/kenyonexpress-autopilot/.next/server/chunks/[root-of-the-server]__1jlk8z1._.js:2:7045)\n    at e.runWithActiveSpan (/Users/ofir/kenyonexpress-autopilot/.next/server/chunks/[root-of-the-server]__1jlk8z1._.js:2:54324)\n    at /Users/ofir/kenyonexpress-autopilot/.next/server/chunks/[root-of-the-server]__1jlk8z1._.js:2:53577\n    at Object.with (/Users/ofir/kenyonexpress-autopilot/.next/server/chunks/[root-of-the-server]__1jlk8z1._.js:2:4124)\n    at S.with (/Users/ofir/kenyonexpress-autopilot/.next/server/chunks/[root-of-the-server]__1jlk8z1._.js:2:4450)\n    at e.trace (/Users/ofir/kenyonexpress-autopilot/.next/server/chunks/[root-of-the-server]__1jlk8z1._.js:2:53551)\n    at fetch (/Users/ofir/kenyonexpress-autopilot/.next/server/chunks/[root-of-the-server]__1jlk8z1._.js:2:84044)\n    at /Users/ofir/kenyonexpress-autopilot/.next/server/chun","digest":"HANGING_PROMISE_REJECTION"}}
{"ts":"2026-10-07T14:22:08.327Z","level":"warn","event":"db.query_slow","request_id":null,"method":"GET","target":"products","status":200,"duration_ms":5550,"threshold_ms":300}
{"ts":"2026-10-07T14:22:08.584Z","level":"warn","event":"db.query_slow","request_id":null,"method":"GET","target":"products","status":200,"duration_ms":5801,"threshold_ms":300}
{"ts":"2026-10-07T14:22:08.621Z","level":"warn","event":"db.query_slow","request_id":null,"method":"GET","target":"products","status":200,"duration_ms":5852,"threshold_ms":300}
{"ts":"2026-10-07T14:22:08.626Z","level":"warn","event":"db.query_slow","request_id":null,"method":"GET","target":"products","status":200,"duration_ms":5851,"threshold_ms":300}
{"ts":"2026-10-07T14:22:08.699Z","level":"error","event":"db.query_failed","request_id":null,"method":"GET","target":"products","duration_ms":0,"err":{"name":"Error","message":"During prerendering, fetch() rejects when the prerender is complete. Typically these errors are handled by React but if you move fetch() to a different context by using `setTimeout`, `after`, or similar functions you may observe this error and you should handle it in that context. This occurred at route \"/product/[slug]\".","stack":"Error: During prerendering, fetch() rejects when the prerender is complete. Typically these errors are handled by React but if you move fetch() to a different context by using `setTimeout`, `after`, or similar functions you may observe this error and you should handle it in that context. This occurred at route \"/product/[slug]\".\n    at eu (/Users/ofir/kenyonexpress-autopilot/.next/server/chunks/[root-of-the-server]__1jlk8z1._.js:2:58687)\n    at /Users/ofir/kenyonexpress-autopilot/.next/server/chunks/[root-of-the-server]__1jlk8z1._.js:2:87004\n    at /Users/ofir/kenyonexpress-autopilot/.next/server/chunks/[root-of-the-server]__1jlk8z1._.js:2:54057\n    at /Users/ofir/kenyonexpress-autopilot/.next/server/chunks/[root-of-the-server]__1jlk8z1._.js:2:54347\n    at Object.with (/Users/ofir/kenyonexpress-autopilot/.next/server/chunks/[root-of-the-server]__1jlk8z1._.js:2:4124)\n    at S.with (/Users/ofir/kenyonexpress-autopilot/.next/server/chunks/[root-of-the-server]__1jlk8z1._.js:2:4450)\n    at G.startActiveSpan (/Users/ofir/kenyonexpress-autopilot/.next/server/chunks/[root-of-the-server]__1jlk8z1._.js:2:6806)\n    at H.startActiveSpan (/Users/ofir/kenyonexpress-autopilot/.next/server/chunks/[root-of-the-server]__1jlk8z1._.js:2:7045)\n    at e.runWithActiveSpan (/Users/ofir/kenyonexpress-autopilot/.next/server/chunks/[root-of-the-server]__1jlk8z1._.js:2:54324)\n    at /Users/ofir/kenyonexpress-autopilot/.next/server/chunks/[root-of-the-server]__1jlk8z1._.js:2:53577\n    at Object.with (/Users/ofir/kenyonexpress-autopilot/.next/server/chunks/[root-of-the-server]__1jlk8z1._.js:2:4124)\n    at S.with (/Users/ofir/kenyonexpress-autopilot/.next/server/chunks/[root-of-the-server]__1jlk8z1._.js:2:4450)\n    at e.trace (/Users/ofir/kenyonexpress-autopilot/.next/server/chunks/[root-of-the-server]__1jlk8z1._.js:2:53551)\n    at fetch (/Users/ofir/kenyonexpress-autopilot/.next/server/chunks/[root-of-the-server]__1jlk8z1._.js:2:84044)\n    at /Users/ofir/kenyonexpress-autopilot/.next/server/chun","digest":"HANGING_PROMISE_REJECTION"}}
{"ts":"2026-10-07T14:22:08.729Z","level":"error","event":"db.query_failed","request_id":null,"method":"GET","target":"products","duration_ms":0,"err":{"name":"Error","message":"During prerendering, fetch() rejects when the prerender is complete. Typically these errors are handled by React but if you move fetch() to a different context by using `setTimeout`, `after`, or similar functions you may observe this error and you should handle it in that context. This occurred at route \"/product/[slug]\".","stack":"Error: During prerendering, fetch() rejects when the prerender is complete. Typically these errors are handled by React but if you move fetch() to a different context by using `setTimeout`, `after`, or similar functions you may observe this error and you should handle it in that context. This occurred at route \"/product/[slug]\".\n    at eu (/Users/ofir/kenyonexpress-autopilot/.next/server/chunks/[root-of-the-server]__1jlk8z1._.js:2:58687)\n    at /Users/ofir/kenyonexpress-autopilot/.next/server/chunks/[root-of-the-server]__1jlk8z1._.js:2:87004\n    at /Users/ofir/kenyonexpress-autopilot/.next/server/chunks/[root-of-the-server]__1jlk8z1._.js:2:54057\n    at /Users/ofir/kenyonexpress-autopilot/.next/server/chunks/[root-of-the-server]__1jlk8z1._.js:2:54347\n    at Object.with (/Users/ofir/kenyonexpress-autopilot/.next/server/chunks/[root-of-the-server]__1jlk8z1._.js:2:4124)\n    at S.with (/Users/ofir/kenyonexpress-autopilot/.next/server/chunks/[root-of-the-server]__1jlk8z1._.js:2:4450)\n    at G.startActiveSpan (/Users/ofir/kenyonexpress-autopilot/.next/server/chunks/[root-of-the-server]__1jlk8z1._.js:2:6806)\n    at H.startActiveSpan (/Users/ofir/kenyonexpress-autopilot/.next/server/chunks/[root-of-the-server]__1jlk8z1._.js:2:7045)\n    at e.runWithActiveSpan (/Users/ofir/kenyonexpress-autopilot/.next/server/chunks/[root-of-the-server]__1jlk8z1._.js:2:54324)\n    at /Users/ofir/kenyonexpress-autopilot/.next/server/chunks/[root-of-the-server]__1jlk8z1._.js:2:53577\n    at Object.with (/Users/ofir/kenyonexpress-autopilot/.next/server/chunks/[root-of-the-server]__1jlk8z1._.js:2:4124)\n    at S.with (/Users/ofir/kenyonexpress-autopilot/.next/server/chunks/[root-of-the-server]__1jlk8z1._.js:2:4450)\n    at e.trace (/Users/ofir/kenyonexpress-autopilot/.next/server/chunks/[root-of-the-server]__1jlk8z1._.js:2:53551)\n    at fetch (/Users/ofir/kenyonexpress-autopilot/.next/server/chunks/[root-of-the-server]__1jlk8z1._.js:2:84044)\n    at /Users/ofir/kenyonexpress-autopilot/.next/server/chun","digest":"HANGING_PROMISE_REJECTION"}}
{"ts":"2026-10-07T14:22:09.037Z","level":"warn","event":"db.query_slow","request_id":null,"method":"GET","target":"products","status":200,"duration_ms":1157,"threshold_ms":300}
{"ts":"2026-10-07T14:22:09.039Z","level":"error","event":"db.query_failed","request_id":null,"method":"POST","target":"rpc:available_stock","duration_ms":1160,"err":{"name":"Error","message":"During prerendering, fetch() rejects when the prerender is complete. Typically these errors are handled by React but if you move fetch() to a different context by using `setTimeout`, `after`, or similar functions you may observe this error and you should handle it in that context. This occurred at route \"/product/[slug]\".","stack":"Error: During prerendering, fetch() rejects when the prerender is complete. Typically these errors are handled by React but if you move fetch() to a different context by using `setTimeout`, `after`, or similar functions you may observe this error and you should handle it in that context. This occurred at route \"/product/[slug]\".\n    at eu (/Users/ofir/kenyonexpress-autopilot/.next/server/chunks/[root-of-the-server]__1jlk8z1._.js:2:58687)\n    at /Users/ofir/kenyonexpress-autopilot/.next/server/chunks/[root-of-the-server]__1jlk8z1._.js:2:87004\n    at /Users/ofir/kenyonexpress-autopilot/.next/server/chunks/[root-of-the-server]__1jlk8z1._.js:2:54057\n    at /Users/ofir/kenyonexpress-autopilot/.next/server/chunks/[root-of-the-server]__1jlk8z1._.js:2:54347\n    at Object.with (/Users/ofir/kenyonexpress-autopilot/.next/server/chunks/[root-of-the-server]__1jlk8z1._.js:2:4124)\n    at S.with (/Users/ofir/kenyonexpress-autopilot/.next/server/chunks/[root-of-the-server]__1jlk8z1._.js:2:4450)\n    at G.startActiveSpan (/Users/ofir/kenyonexpress-autopilot/.next/server/chunks/[root-of-the-server]__1jlk8z1._.js:2:6806)\n    at H.startActiveSpan (/Users/ofir/kenyonexpress-autopilot/.next/server/chunks/[root-of-the-server]__1jlk8z1._.js:2:7045)\n    at e.runWithActiveSpan (/Users/ofir/kenyonexpress-autopilot/.next/server/chunks/[root-of-the-server]__1jlk8z1._.js:2:54324)\n    at /Users/ofir/kenyonexpress-autopilot/.next/server/chunks/[root-of-the-server]__1jlk8z1._.js:2:53577\n    at Object.with (/Users/ofir/kenyonexpress-autopilot/.next/server/chunks/[root-of-the-server]__1jlk8z1._.js:2:4124)\n    at S.with (/Users/ofir/kenyonexpress-autopilot/.next/server/chunks/[root-of-the-server]__1jlk8z1._.js:2:4450)\n    at e.trace (/Users/ofir/kenyonexpress-autopilot/.next/server/chunks/[root-of-the-server]__1jlk8z1._.js:2:53551)\n    at fetch (/Users/ofir/kenyonexpress-autopilot/.next/server/chunks/[root-of-the-server]__1jlk8z1._.js:2:84044)\n    at /Users/ofir/kenyonexpress-autopilot/.next/server/chun","digest":"HANGING_PROMISE_REJECTION"}}
{"ts":"2026-10-07T14:22:09.039Z","level":"warn","event":"db.query_slow","request_id":null,"method":"GET","target":"products","status":200,"duration_ms":3892,"threshold_ms":300}
{"ts":"2026-10-07T14:22:09.040Z","level":"error","event":"db.query_failed","request_id":null,"method":"GET","target":"products","duration_ms":1160,"err":{"name":"Error","message":"During prerendering, fetch() rejects when the prerender is complete. Typically these errors are handled by React but if you move fetch() to a different context by using `setTimeout`, `after`, or similar functions you may observe this error and you should handle it in that context. This occurred at route \"/product/[slug]\".","stack":"Error: During prerendering, fetch() rejects when the prerender is complete. Typically these errors are handled by React but if you move fetch() to a different context by using `setTimeout`, `after`, or similar functions you may observe this error and you should handle it in that context. This occurred at route \"/product/[slug]\".\n    at eu (/Users/ofir/kenyonexpress-autopilot/.next/server/chunks/[root-of-the-server]__1jlk8z1._.js:2:58687)\n    at /Users/ofir/kenyonexpress-autopilot/.next/server/chunks/[root-of-the-server]__1jlk8z1._.js:2:87004\n    at /Users/ofir/kenyonexpress-autopilot/.next/server/chunks/[root-of-the-server]__1jlk8z1._.js:2:54057\n    at /Users/ofir/kenyonexpress-autopilot/.next/server/chunks/[root-of-the-server]__1jlk8z1._.js:2:54347\n    at Object.with (/Users/ofir/kenyonexpress-autopilot/.next/server/chunks/[root-of-the-server]__1jlk8z1._.js:2:4124)\n    at S.with (/Users/ofir/kenyonexpress-autopilot/.next/server/chunks/[root-of-the-server]__1jlk8z1._.js:2:4450)\n    at G.startActiveSpan (/Users/ofir/kenyonexpress-autopilot/.next/server/chunks/[root-of-the-server]__1jlk8z1._.js:2:6806)\n    at H.startActiveSpan (/Users/ofir/kenyonexpress-autopilot/.next/server/chunks/[root-of-the-server]__1jlk8z1._.js:2:7045)\n    at e.runWithActiveSpan (/Users/ofir/kenyonexpress-autopilot/.next/server/chunks/[root-of-the-server]__1jlk8z1._.js:2:54324)\n    at /Users/ofir/kenyonexpress-autopilot/.next/server/chunks/[root-of-the-server]__1jlk8z1._.js:2:53577\n    at Object.with (/Users/ofir/kenyonexpress-autopilot/.next/server/chunks/[root-of-the-server]__1jlk8z1._.js:2:4124)\n    at S.with (/Users/ofir/kenyonexpress-autopilot/.next/server/chunks/[root-of-the-server]__1jlk8z1._.js:2:4450)\n    at e.trace (/Users/ofir/kenyonexpress-autopilot/.next/server/chunks/[root-of-the-server]__1jlk8z1._.js:2:53551)\n    at fetch (/Users/ofir/kenyonexpress-autopilot/.next/server/chunks/[root-of-the-server]__1jlk8z1._.js:2:84044)\n    at /Users/ofir/kenyonexpress-autopilot/.next/server/chun","digest":"HANGING_PROMISE_REJECTION"}}
{"ts":"2026-10-07T14:22:09.048Z","level":"warn","event":"db.query_slow","request_id":null,"method":"GET","target":"products","status":200,"duration_ms":6288,"threshold_ms":300}
{"ts":"2026-10-07T14:22:09.059Z","level":"error","event":"db.query_failed","request_id":null,"method":"POST","target":"rpc:available_stock","duration_ms":1,"err":{"name":"Error","message":"During prerendering, fetch() rejects when the prerender is complete. Typically these errors are handled by React but if you move fetch() to a different context by using `setTimeout`, `after`, or similar functions you may observe this error and you should handle it in that context. This occurred at route \"/product/[slug]\".","stack":"Error: During prerendering, fetch() rejects when the prerender is complete. Typically these errors are handled by React but if you move fetch() to a different context by using `setTimeout`, `after`, or similar functions you may observe this error and you should handle it in that context. This occurred at route \"/product/[slug]\".\n    at eu (/Users/ofir/kenyonexpress-autopilot/.next/server/chunks/[root-of-the-server]__1jlk8z1._.js:2:58687)\n    at /Users/ofir/kenyonexpress-autopilot/.next/server/chunks/[root-of-the-server]__1jlk8z1._.js:2:87004\n    at /Users/ofir/kenyonexpress-autopilot/.next/server/chunks/[root-of-the-server]__1jlk8z1._.js:2:54057\n    at /Users/ofir/kenyonexpress-autopilot/.next/server/chunks/[root-of-the-server]__1jlk8z1._.js:2:54347\n    at Object.with (/Users/ofir/kenyonexpress-autopilot/.next/server/chunks/[root-of-the-server]__1jlk8z1._.js:2:4124)\n    at S.with (/Users/ofir/kenyonexpress-autopilot/.next/server/chunks/[root-of-the-server]__1jlk8z1._.js:2:4450)\n    at G.startActiveSpan (/Users/ofir/kenyonexpress-autopilot/.next/server/chunks/[root-of-the-server]__1jlk8z1._.js:2:6806)\n    at H.startActiveSpan (/Users/ofir/kenyonexpress-autopilot/.next/server/chunks/[root-of-the-server]__1jlk8z1._.js:2:7045)\n    at e.runWithActiveSpan (/Users/ofir/kenyonexpress-autopilot/.next/server/chunks/[root-of-the-server]__1jlk8z1._.js:2:54324)\n    at /Users/ofir/kenyonexpress-autopilot/.next/server/chunks/[root-of-the-server]__1jlk8z1._.js:2:53577\n    at Object.with (/Users/ofir/kenyonexpress-autopilot/.next/server/chunks/[root-of-the-server]__1jlk8z1._.js:2:4124)\n    at S.with (/Users/ofir/kenyonexpress-autopilot/.next/server/chunks/[root-of-the-server]__1jlk8z1._.js:2:4450)\n    at e.trace (/Users/ofir/kenyonexpress-autopilot/.next/server/chunks/[root-of-the-server]__1jlk8z1._.js:2:53551)\n    at fetch (/Users/ofir/kenyonexpress-autopilot/.next/server/chunks/[root-of-the-server]__1jlk8z1._.js:2:84044)\n    at /Users/ofir/kenyonexpress-autopilot/.next/server/chun","digest":"HANGING_PROMISE_REJECTION"}}
{"ts":"2026-10-07T14:22:09.060Z","level":"error","event":"db.query_failed","request_id":null,"method":"GET","target":"products","duration_ms":1,"err":{"name":"Error","message":"During prerendering, fetch() rejects when the prerender is complete. Typically these errors are handled by React but if you move fetch() to a different context by using `setTimeout`, `after`, or similar functions you may observe this error and you should handle it in that context. This occurred at route \"/product/[slug]\".","stack":"Error: During prerendering, fetch() rejects when the prerender is complete. Typically these errors are handled by React but if you move fetch() to a different context by using `setTimeout`, `after`, or similar functions you may observe this error and you should handle it in that context. This occurred at route \"/product/[slug]\".\n    at eu (/Users/ofir/kenyonexpress-autopilot/.next/server/chunks/[root-of-the-server]__1jlk8z1._.js:2:58687)\n    at /Users/ofir/kenyonexpress-autopilot/.next/server/chunks/[root-of-the-server]__1jlk8z1._.js:2:87004\n    at /Users/ofir/kenyonexpress-autopilot/.next/server/chunks/[root-of-the-server]__1jlk8z1._.js:2:54057\n    at /Users/ofir/kenyonexpress-autopilot/.next/server/chunks/[root-of-the-server]__1jlk8z1._.js:2:54347\n    at Object.with (/Users/ofir/kenyonexpress-autopilot/.next/server/chunks/[root-of-the-server]__1jlk8z1._.js:2:4124)\n    at S.with (/Users/ofir/kenyonexpress-autopilot/.next/server/chunks/[root-of-the-server]__1jlk8z1._.js:2:4450)\n    at G.startActiveSpan (/Users/ofir/kenyonexpress-autopilot/.next/server/chunks/[root-of-the-server]__1jlk8z1._.js:2:6806)\n    at H.startActiveSpan (/Users/ofir/kenyonexpress-autopilot/.next/server/chunks/[root-of-the-server]__1jlk8z1._.js:2:7045)\n    at e.runWithActiveSpan (/Users/ofir/kenyonexpress-autopilot/.next/server/chunks/[root-of-the-server]__1jlk8z1._.js:2:54324)\n    at /Users/ofir/kenyonexpress-autopilot/.next/server/chunks/[root-of-the-server]__1jlk8z1._.js:2:53577\n    at Object.with (/Users/ofir/kenyonexpress-autopilot/.next/server/chunks/[root-of-the-server]__1jlk8z1._.js:2:4124)\n    at S.with (/Users/ofir/kenyonexpress-autopilot/.next/server/chunks/[root-of-the-server]__1jlk8z1._.js:2:4450)\n    at e.trace (/Users/ofir/kenyonexpress-autopilot/.next/server/chunks/[root-of-the-server]__1jlk8z1._.js:2:53551)\n    at fetch (/Users/ofir/kenyonexpress-autopilot/.next/server/chunks/[root-of-the-server]__1jlk8z1._.js:2:84044)\n    at /Users/ofir/kenyonexpress-autopilot/.next/server/chun","digest":"HANGING_PROMISE_REJECTION"}}
{"ts":"2026-10-07T14:22:09.062Z","level":"warn","event":"db.query_slow","request_id":null,"method":"GET","target":"product_variants","status":200,"duration_ms":3386,"threshold_ms":300}
{"ts":"2026-10-07T14:22:09.112Z","level":"error","event":"db.query_failed","request_id":null,"method":"GET","target":"products","duration_ms":0,"err":{"name":"Error","message":"During prerendering, fetch() rejects when the prerender is complete. Typically these errors are handled by React but if you move fetch() to a different context by using `setTimeout`, `after`, or similar functions you may observe this error and you should handle it in that context. This occurred at route \"/product/[slug]\".","stack":"Error: During prerendering, fetch() rejects when the prerender is complete. Typically these errors are handled by React but if you move fetch() to a different context by using `setTimeout`, `after`, or similar functions you may observe this error and you should handle it in that context. This occurred at route \"/product/[slug]\".\n    at eu (/Users/ofir/kenyonexpress-autopilot/.next/server/chunks/[root-of-the-server]__1jlk8z1._.js:2:58687)\n    at /Users/ofir/kenyonexpress-autopilot/.next/server/chunks/[root-of-the-server]__1jlk8z1._.js:2:87004\n    at /Users/ofir/kenyonexpress-autopilot/.next/server/chunks/[root-of-the-server]__1jlk8z1._.js:2:54057\n    at /Users/ofir/kenyonexpress-autopilot/.next/server/chunks/[root-of-the-server]__1jlk8z1._.js:2:54347\n    at Object.with (/Users/ofir/kenyonexpress-autopilot/.next/server/chunks/[root-of-the-server]__1jlk8z1._.js:2:4124)\n    at S.with (/Users/ofir/kenyonexpress-autopilot/.next/server/chunks/[root-of-the-server]__1jlk8z1._.js:2:4450)\n    at G.startActiveSpan (/Users/ofir/kenyonexpress-autopilot/.next/server/chunks/[root-of-the-server]__1jlk8z1._.js:2:6806)\n    at H.startActiveSpan (/Users/ofir/kenyonexpress-autopilot/.next/server/chunks/[root-of-the-server]__1jlk8z1._.js:2:7045)\n    at e.runWithActiveSpan (/Users/ofir/kenyonexpress-autopilot/.next/server/chunks/[root-of-the-server]__1jlk8z1._.js:2:54324)\n    at /Users/ofir/kenyonexpress-autopilot/.next/server/chunks/[root-of-the-server]__1jlk8z1._.js:2:53577\n    at Object.with (/Users/ofir/kenyonexpress-autopilot/.next/server/chunks/[root-of-the-server]__1jlk8z1._.js:2:4124)\n    at S.with (/Users/ofir/kenyonexpress-autopilot/.next/server/chunks/[root-of-the-server]__1jlk8z1._.js:2:4450)\n    at e.trace (/Users/ofir/kenyonexpress-autopilot/.next/server/chunks/[root-of-the-server]__1jlk8z1._.js:2:53551)\n    at fetch (/Users/ofir/kenyonexpress-autopilot/.next/server/chunks/[root-of-the-server]__1jlk8z1._.js:2:84044)\n    at /Users/ofir/kenyonexpress-autopilot/.next/server/chun","digest":"HANGING_PROMISE_REJECTION"}}
{"ts":"2026-10-07T14:22:09.129Z","level":"error","event":"db.query_failed","request_id":null,"method":"GET","target":"products","duration_ms":0,"err":{"name":"Error","message":"During prerendering, fetch() rejects when the prerender is complete. Typically these errors are handled by React but if you move fetch() to a different context by using `setTimeout`, `after`, or similar functions you may observe this error and you should handle it in that context. This occurred at route \"/product/[slug]\".","stack":"Error: During prerendering, fetch() rejects when the prerender is complete. Typically these errors are handled by React but if you move fetch() to a different context by using `setTimeout`, `after`, or similar functions you may observe this error and you should handle it in that context. This occurred at route \"/product/[slug]\".\n    at eu (/Users/ofir/kenyonexpress-autopilot/.next/server/chunks/[root-of-the-server]__1jlk8z1._.js:2:58687)\n    at /Users/ofir/kenyonexpress-autopilot/.next/server/chunks/[root-of-the-server]__1jlk8z1._.js:2:87004\n    at /Users/ofir/kenyonexpress-autopilot/.next/server/chunks/[root-of-the-server]__1jlk8z1._.js:2:54057\n    at /Users/ofir/kenyonexpress-autopilot/.next/server/chunks/[root-of-the-server]__1jlk8z1._.js:2:54347\n    at Object.with (/Users/ofir/kenyonexpress-autopilot/.next/server/chunks/[root-of-the-server]__1jlk8z1._.js:2:4124)\n    at S.with (/Users/ofir/kenyonexpress-autopilot/.next/server/chunks/[root-of-the-server]__1jlk8z1._.js:2:4450)\n    at G.startActiveSpan (/Users/ofir/kenyonexpress-autopilot/.next/server/chunks/[root-of-the-server]__1jlk8z1._.js:2:6806)\n    at H.startActiveSpan (/Users/ofir/kenyonexpress-autopilot/.next/server/chunks/[root-of-the-server]__1jlk8z1._.js:2:7045)\n    at e.runWithActiveSpan (/Users/ofir/kenyonexpress-autopilot/.next/server/chunks/[root-of-the-server]__1jlk8z1._.js:2:54324)\n    at /Users/ofir/kenyonexpress-autopilot/.next/server/chunks/[root-of-the-server]__1jlk8z1._.js:2:53577\n    at Object.with (/Users/ofir/kenyonexpress-autopilot/.next/server/chunks/[root-of-the-server]__1jlk8z1._.js:2:4124)\n    at S.with (/Users/ofir/kenyonexpress-autopilot/.next/server/chunks/[root-of-the-server]__1jlk8z1._.js:2:4450)\n    at e.trace (/Users/ofir/kenyonexpress-autopilot/.next/server/chunks/[root-of-the-server]__1jlk8z1._.js:2:53551)\n    at fetch (/Users/ofir/kenyonexpress-autopilot/.next/server/chunks/[root-of-the-server]__1jlk8z1._.js:2:84044)\n    at /Users/ofir/kenyonexpress-autopilot/.next/server/chun","digest":"HANGING_PROMISE_REJECTION"}}
{"ts":"2026-10-07T14:22:09.352Z","level":"error","event":"supabase.timeout","request_id":null,"timeoutMs":10000,"url":"https://ixvwfbuvfxxsjiywhbbb.supabase.co/rest/v1/products"}
{"ts":"2026-10-07T14:22:09.410Z","level":"error","event":"db.query_failed","request_id":null,"method":"GET","target":"products","duration_ms":0,"err":{"name":"Error","message":"During prerendering, fetch() rejects when the prerender is complete. Typically these errors are handled by React but if you move fetch() to a different context by using `setTimeout`, `after`, or similar functions you may observe this error and you should handle it in that context. This occurred at route \"/product/[slug]\".","stack":"Error: During prerendering, fetch() rejects when the prerender is complete. Typically these errors are handled by React but if you move fetch() to a different context by using `setTimeout`, `after`, or similar functions you may observe this error and you should handle it in that context. This occurred at route \"/product/[slug]\".\n    at /Users/ofir/kenyonexpress-autopilot/.next/server/chunks/ssr/[root-of-the-server]__1_aa14n._.js:2:23832\n    at /Users/ofir/kenyonexpress-autopilot/.next/server/chunks/ssr/[root-of-the-server]__1_aa14n._.js:11:48366\n    at /Users/ofir/kenyonexpress-autopilot/.next/server/chunks/ssr/[root-of-the-server]__1_aa14n._.js:11:66894\n    at /Users/ofir/kenyonexpress-autopilot/.next/server/chunks/ssr/[root-of-the-server]__1_aa14n._.js:11:67121\n    at Object.with (/Users/ofir/kenyonexpress-autopilot/.next/server/chunks/ssr/0sj1_@opentelemetry_api_build_esm_1_uv6rc._.js:2:3907)\n    at v.with (/Users/ofir/kenyonexpress-autopilot/.next/server/chunks/ssr/0sj1_@opentelemetry_api_build_esm_1_uv6rc._.js:2:4233)\n    at P.startActiveSpan (/Users/ofir/kenyonexpress-autopilot/.next/server/chunks/ssr/0sj1_@opentelemetry_api_build_esm_1_uv6rc._.js:2:6588)\n    at R.startActiveSpan (/Users/ofir/kenyonexpress-autopilot/.next/server/chunks/ssr/0sj1_@opentelemetry_api_build_esm_1_uv6rc._.js:2:6827)\n    at a.runWithActiveSpan (/Users/ofir/kenyonexpress-autopilot/.next/server/chunks/ssr/[root-of-the-server]__1_aa14n._.js:11:67098)\n    at /Users/ofir/kenyonexpress-autopilot/.next/server/chunks/ssr/[root-of-the-server]__1_aa14n._.js:11:66397\n    at Object.with (/Users/ofir/kenyonexpress-autopilot/.next/server/chunks/ssr/0sj1_@opentelemetry_api_build_esm_1_uv6rc._.js:2:3907)\n    at v.with (/Users/ofir/kenyonexpress-autopilot/.next/server/chunks/ssr/0sj1_@opentelemetry_api_build_esm_1_uv6rc._.js:2:4233)\n    at a.trace (/Users/ofir/kenyonexpress-autopilot/.next/server/chunks/ssr/[root-of-the-server]__1_aa14n._.js:11:66371)\n    at fetch (/Users/ofir/kenyonexpress-autopilot","digest":"HANGING_PROMISE_REJECTION"}}
{"ts":"2026-10-07T14:22:09.411Z","level":"warn","event":"stock.available_read_failed","request_id":null,"productId":"f47ac10b-58cc-4372-a567-0e02b2c3d904","reason":"Error: During prerendering, fetch() rejects when the prerender is complete. Typically these errors are handled by React but if you move fetch() to a different context by using `setTimeout`, `after`, or similar functions you may observe this error and you should handle it in that context. This occurred at route \"/product/[slug]\"."}
{"ts":"2026-10-07T14:22:09.480Z","level":"error","event":"db.query_failed","request_id":null,"method":"GET","target":"products","duration_ms":0,"err":{"name":"Error","message":"During prerendering, fetch() rejects when the prerender is complete. Typically these errors are handled by React but if you move fetch() to a different context by using `setTimeout`, `after`, or similar functions you may observe this error and you should handle it in that context. This occurred at route \"/product/[slug]\".","stack":"Error: During prerendering, fetch() rejects when the prerender is complete. Typically these errors are handled by React but if you move fetch() to a different context by using `setTimeout`, `after`, or similar functions you may observe this error and you should handle it in that context. This occurred at route \"/product/[slug]\".\n    at /Users/ofir/kenyonexpress-autopilot/.next/server/chunks/ssr/[root-of-the-server]__1_aa14n._.js:2:23832\n    at /Users/ofir/kenyonexpress-autopilot/.next/server/chunks/ssr/[root-of-the-server]__1_aa14n._.js:11:48366\n    at /Users/ofir/kenyonexpress-autopilot/.next/server/chunks/ssr/[root-of-the-server]__1_aa14n._.js:11:66894\n    at /Users/ofir/kenyonexpress-autopilot/.next/server/chunks/ssr/[root-of-the-server]__1_aa14n._.js:11:67121\n    at Object.with (/Users/ofir/kenyonexpress-autopilot/.next/server/chunks/ssr/0sj1_@opentelemetry_api_build_esm_1_uv6rc._.js:2:3907)\n    at v.with (/Users/ofir/kenyonexpress-autopilot/.next/server/chunks/ssr/0sj1_@opentelemetry_api_build_esm_1_uv6rc._.js:2:4233)\n    at P.startActiveSpan (/Users/ofir/kenyonexpress-autopilot/.next/server/chunks/ssr/0sj1_@opentelemetry_api_build_esm_1_uv6rc._.js:2:6588)\n    at R.startActiveSpan (/Users/ofir/kenyonexpress-autopilot/.next/server/chunks/ssr/0sj1_@opentelemetry_api_build_esm_1_uv6rc._.js:2:6827)\n    at a.runWithActiveSpan (/Users/ofir/kenyonexpress-autopilot/.next/server/chunks/ssr/[root-of-the-server]__1_aa14n._.js:11:67098)\n    at /Users/ofir/kenyonexpress-autopilot/.next/server/chunks/ssr/[root-of-the-server]__1_aa14n._.js:11:66397\n    at Object.with (/Users/ofir/kenyonexpress-autopilot/.next/server/chunks/ssr/0sj1_@opentelemetry_api_build_esm_1_uv6rc._.js:2:3907)\n    at v.with (/Users/ofir/kenyonexpress-autopilot/.next/server/chunks/ssr/0sj1_@opentelemetry_api_build_esm_1_uv6rc._.js:2:4233)\n    at a.trace (/Users/ofir/kenyonexpress-autopilot/.next/server/chunks/ssr/[root-of-the-server]__1_aa14n._.js:11:66371)\n    at fetch (/Users/ofir/kenyonexpress-autopilot","digest":"HANGING_PROMISE_REJECTION"}}
{"ts":"2026-10-07T14:22:09.480Z","level":"warn","event":"stock.available_read_failed","request_id":null,"productId":"f47ac10b-58cc-4372-a567-0e02b2c3d904","reason":"Error: During prerendering, fetch() rejects when the prerender is complete. Typically these errors are handled by React but if you move fetch() to a different context by using `setTimeout`, `after`, or similar functions you may observe this error and you should handle it in that context. This occurred at route \"/product/[slug]\"."}
{"ts":"2026-10-07T14:22:09.608Z","level":"warn","event":"db.query_slow","request_id":null,"method":"GET","target":"product_variants","status":200,"duration_ms":1021,"threshold_ms":300}
{"ts":"2026-10-07T14:22:09.813Z","level":"warn","event":"db.query_slow","request_id":null,"method":"GET","target":"media_assets","status":200,"duration_ms":1225,"threshold_ms":300}
{"ts":"2026-10-07T14:22:10.042Z","level":"error","event":"db.query_failed","request_id":null,"method":"GET","target":"products","duration_ms":0,"err":{"name":"Error","message":"During prerendering, fetch() rejects when the prerender is complete. Typically these errors are handled by React but if you move fetch() to a different context by using `setTimeout`, `after`, or similar functions you may observe this error and you should handle it in that context. This occurred at route \"/product/[slug]\".","stack":"Error: During prerendering, fetch() rejects when the prerender is complete. Typically these errors are handled by React but if you move fetch() to a different context by using `setTimeout`, `after`, or similar functions you may observe this error and you should handle it in that context. This occurred at route \"/product/[slug]\".\n    at eu (/Users/ofir/kenyonexpress-autopilot/.next/server/chunks/[root-of-the-server]__1jlk8z1._.js:2:58687)\n    at /Users/ofir/kenyonexpress-autopilot/.next/server/chunks/[root-of-the-server]__1jlk8z1._.js:2:87004\n    at /Users/ofir/kenyonexpress-autopilot/.next/server/chunks/[root-of-the-server]__1jlk8z1._.js:2:54057\n    at /Users/ofir/kenyonexpress-autopilot/.next/server/chunks/[root-of-the-server]__1jlk8z1._.js:2:54347\n    at Object.with (/Users/ofir/kenyonexpress-autopilot/.next/server/chunks/[root-of-the-server]__1jlk8z1._.js:2:4124)\n    at S.with (/Users/ofir/kenyonexpress-autopilot/.next/server/chunks/[root-of-the-server]__1jlk8z1._.js:2:4450)\n    at G.startActiveSpan (/Users/ofir/kenyonexpress-autopilot/.next/server/chunks/[root-of-the-server]__1jlk8z1._.js:2:6806)\n    at H.startActiveSpan (/Users/ofir/kenyonexpress-autopilot/.next/server/chunks/[root-of-the-server]__1jlk8z1._.js:2:7045)\n    at e.runWithActiveSpan (/Users/ofir/kenyonexpress-autopilot/.next/server/chunks/[root-of-the-server]__1jlk8z1._.js:2:54324)\n    at /Users/ofir/kenyonexpress-autopilot/.next/server/chunks/[root-of-the-server]__1jlk8z1._.js:2:53577\n    at Object.with (/Users/ofir/kenyonexpress-autopilot/.next/server/chunks/[root-of-the-server]__1jlk8z1._.js:2:4124)\n    at S.with (/Users/ofir/kenyonexpress-autopilot/.next/server/chunks/[root-of-the-server]__1jlk8z1._.js:2:4450)\n    at e.trace (/Users/ofir/kenyonexpress-autopilot/.next/server/chunks/[root-of-the-server]__1jlk8z1._.js:2:53551)\n    at fetch (/Users/ofir/kenyonexpress-autopilot/.next/server/chunks/[root-of-the-server]__1jlk8z1._.js:2:84044)\n    at /Users/ofir/kenyonexpress-autopilot/.next/server/chun","digest":"HANGING_PROMISE_REJECTION"}}
{"ts":"2026-10-07T14:22:10.062Z","level":"warn","event":"db.query_slow","request_id":null,"method":"POST","target":"rpc:product_rating_summary","status":404,"duration_ms":1433,"threshold_ms":300}
{"ts":"2026-10-07T14:22:10.062Z","level":"error","event":"db.query_failed","request_id":null,"method":"GET","target":"products","duration_ms":0,"err":{"name":"Error","message":"During prerendering, fetch() rejects when the prerender is complete. Typically these errors are handled by React but if you move fetch() to a different context by using `setTimeout`, `after`, or similar functions you may observe this error and you should handle it in that context. This occurred at route \"/product/[slug]\".","stack":"Error: During prerendering, fetch() rejects when the prerender is complete. Typically these errors are handled by React but if you move fetch() to a different context by using `setTimeout`, `after`, or similar functions you may observe this error and you should handle it in that context. This occurred at route \"/product/[slug]\".\n    at eu (/Users/ofir/kenyonexpress-autopilot/.next/server/chunks/[root-of-the-server]__1jlk8z1._.js:2:58687)\n    at /Users/ofir/kenyonexpress-autopilot/.next/server/chunks/[root-of-the-server]__1jlk8z1._.js:2:87004\n    at /Users/ofir/kenyonexpress-autopilot/.next/server/chunks/[root-of-the-server]__1jlk8z1._.js:2:54057\n    at /Users/ofir/kenyonexpress-autopilot/.next/server/chunks/[root-of-the-server]__1jlk8z1._.js:2:54347\n    at Object.with (/Users/ofir/kenyonexpress-autopilot/.next/server/chunks/[root-of-the-server]__1jlk8z1._.js:2:4124)\n    at S.with (/Users/ofir/kenyonexpress-autopilot/.next/server/chunks/[root-of-the-server]__1jlk8z1._.js:2:4450)\n    at G.startActiveSpan (/Users/ofir/kenyonexpress-autopilot/.next/server/chunks/[root-of-the-server]__1jlk8z1._.js:2:6806)\n    at H.startActiveSpan (/Users/ofir/kenyonexpress-autopilot/.next/server/chunks/[root-of-the-server]__1jlk8z1._.js:2:7045)\n    at e.runWithActiveSpan (/Users/ofir/kenyonexpress-autopilot/.next/server/chunks/[root-of-the-server]__1jlk8z1._.js:2:54324)\n    at /Users/ofir/kenyonexpress-autopilot/.next/server/chunks/[root-of-the-server]__1jlk8z1._.js:2:53577\n    at Object.with (/Users/ofir/kenyonexpress-autopilot/.next/server/chunks/[root-of-the-server]__1jlk8z1._.js:2:4124)\n    at S.with (/Users/ofir/kenyonexpress-autopilot/.next/server/chunks/[root-of-the-server]__1jlk8z1._.js:2:4450)\n    at e.trace (/Users/ofir/kenyonexpress-autopilot/.next/server/chunks/[root-of-the-server]__1jlk8z1._.js:2:53551)\n    at fetch (/Users/ofir/kenyonexpress-autopilot/.next/server/chunks/[root-of-the-server]__1jlk8z1._.js:2:84044)\n    at /Users/ofir/kenyonexpress-autopilot/.next/server/chun","digest":"HANGING_PROMISE_REJECTION"}}
{"ts":"2026-10-07T14:22:10.095Z","level":"warn","event":"db.query_slow","request_id":null,"method":"GET","target":"product_variants","status":200,"duration_ms":1467,"threshold_ms":300}
{"ts":"2026-10-07T14:22:10.096Z","level":"warn","event":"db.query_slow","request_id":null,"method":"GET","target":"product_variants","status":200,"duration_ms":4378,"threshold_ms":300}
{"ts":"2026-10-07T14:22:10.132Z","level":"warn","event":"db.query_slow","request_id":null,"method":"GET","target":"media_assets","status":200,"duration_ms":4410,"threshold_ms":300}
{"ts":"2026-10-07T14:22:10.326Z","level":"warn","event":"db.query_slow","request_id":null,"method":"POST","target":"rpc:product_rating_summary","status":404,"duration_ms":4648,"threshold_ms":300}
{"ts":"2026-10-07T14:22:11.114Z","level":"error","event":"db.query_failed","request_id":null,"method":"GET","target":"products","duration_ms":0,"err":{"name":"Error","message":"During prerendering, fetch() rejects when the prerender is complete. Typically these errors are handled by React but if you move fetch() to a different context by using `setTimeout`, `after`, or similar functions you may observe this error and you should handle it in that context. This occurred at route \"/product/[slug]\".","stack":"Error: During prerendering, fetch() rejects when the prerender is complete. Typically these errors are handled by React but if you move fetch() to a different context by using `setTimeout`, `after`, or similar functions you may observe this error and you should handle it in that context. This occurred at route \"/product/[slug]\".\n    at eu (/Users/ofir/kenyonexpress-autopilot/.next/server/chunks/[root-of-the-server]__1jlk8z1._.js:2:58687)\n    at /Users/ofir/kenyonexpress-autopilot/.next/server/chunks/[root-of-the-server]__1jlk8z1._.js:2:87004\n    at /Users/ofir/kenyonexpress-autopilot/.next/server/chunks/[root-of-the-server]__1jlk8z1._.js:2:54057\n    at /Users/ofir/kenyonexpress-autopilot/.next/server/chunks/[root-of-the-server]__1jlk8z1._.js:2:54347\n    at Object.with (/Users/ofir/kenyonexpress-autopilot/.next/server/chunks/[root-of-the-server]__1jlk8z1._.js:2:4124)\n    at S.with (/Users/ofir/kenyonexpress-autopilot/.next/server/chunks/[root-of-the-server]__1jlk8z1._.js:2:4450)\n    at G.startActiveSpan (/Users/ofir/kenyonexpress-autopilot/.next/server/chunks/[root-of-the-server]__1jlk8z1._.js:2:6806)\n    at H.startActiveSpan (/Users/ofir/kenyonexpress-autopilot/.next/server/chunks/[root-of-the-server]__1jlk8z1._.js:2:7045)\n    at e.runWithActiveSpan (/Users/ofir/kenyonexpress-autopilot/.next/server/chunks/[root-of-the-server]__1jlk8z1._.js:2:54324)\n    at /Users/ofir/kenyonexpress-autopilot/.next/server/chunks/[root-of-the-server]__1jlk8z1._.js:2:53577\n    at Object.with (/Users/ofir/kenyonexpress-autopilot/.next/server/chunks/[root-of-the-server]__1jlk8z1._.js:2:4124)\n    at S.with (/Users/ofir/kenyonexpress-autopilot/.next/server/chunks/[root-of-the-server]__1jlk8z1._.js:2:4450)\n    at e.trace (/Users/ofir/kenyonexpress-autopilot/.next/server/chunks/[root-of-the-server]__1jlk8z1._.js:2:53551)\n    at fetch (/Users/ofir/kenyonexpress-autopilot/.next/server/chunks/[root-of-the-server]__1jlk8z1._.js:2:84044)\n    at /Users/ofir/kenyonexpress-autopilot/.next/server/chun","digest":"HANGING_PROMISE_REJECTION"}}
{"ts":"2026-10-07T14:22:11.132Z","level":"error","event":"db.query_failed","request_id":null,"method":"GET","target":"products","duration_ms":0,"err":{"name":"Error","message":"During prerendering, fetch() rejects when the prerender is complete. Typically these errors are handled by React but if you move fetch() to a different context by using `setTimeout`, `after`, or similar functions you may observe this error and you should handle it in that context. This occurred at route \"/product/[slug]\".","stack":"Error: During prerendering, fetch() rejects when the prerender is complete. Typically these errors are handled by React but if you move fetch() to a different context by using `setTimeout`, `after`, or similar functions you may observe this error and you should handle it in that context. This occurred at route \"/product/[slug]\".\n    at eu (/Users/ofir/kenyonexpress-autopilot/.next/server/chunks/[root-of-the-server]__1jlk8z1._.js:2:58687)\n    at /Users/ofir/kenyonexpress-autopilot/.next/server/chunks/[root-of-the-server]__1jlk8z1._.js:2:87004\n    at /Users/ofir/kenyonexpress-autopilot/.next/server/chunks/[root-of-the-server]__1jlk8z1._.js:2:54057\n    at /Users/ofir/kenyonexpress-autopilot/.next/server/chunks/[root-of-the-server]__1jlk8z1._.js:2:54347\n    at Object.with (/Users/ofir/kenyonexpress-autopilot/.next/server/chunks/[root-of-the-server]__1jlk8z1._.js:2:4124)\n    at S.with (/Users/ofir/kenyonexpress-autopilot/.next/server/chunks/[root-of-the-server]__1jlk8z1._.js:2:4450)\n    at G.startActiveSpan (/Users/ofir/kenyonexpress-autopilot/.next/server/chunks/[root-of-the-server]__1jlk8z1._.js:2:6806)\n    at H.startActiveSpan (/Users/ofir/kenyonexpress-autopilot/.next/server/chunks/[root-of-the-server]__1jlk8z1._.js:2:7045)\n    at e.runWithActiveSpan (/Users/ofir/kenyonexpress-autopilot/.next/server/chunks/[root-of-the-server]__1jlk8z1._.js:2:54324)\n    at /Users/ofir/kenyonexpress-autopilot/.next/server/chunks/[root-of-the-server]__1jlk8z1._.js:2:53577\n    at Object.with (/Users/ofir/kenyonexpress-autopilot/.next/server/chunks/[root-of-the-server]__1jlk8z1._.js:2:4124)\n    at S.with (/Users/ofir/kenyonexpress-autopilot/.next/server/chunks/[root-of-the-server]__1jlk8z1._.js:2:4450)\n    at e.trace (/Users/ofir/kenyonexpress-autopilot/.next/server/chunks/[root-of-the-server]__1jlk8z1._.js:2:53551)\n    at fetch (/Users/ofir/kenyonexpress-autopilot/.next/server/chunks/[root-of-the-server]__1jlk8z1._.js:2:84044)\n    at /Users/ofir/kenyonexpress-autopilot/.next/server/chun","digest":"HANGING_PROMISE_REJECTION"}}
{"ts":"2026-10-07T14:22:11.350Z","level":"warn","event":"db.query_slow","request_id":null,"method":"GET","target":"products","status":200,"duration_ms":5672,"threshold_ms":300}
{"ts":"2026-10-07T14:22:11.896Z","level":"error","event":"db.query_failed","request_id":null,"method":"GET","target":"products","duration_ms":9099,"err":{"name":"TypeError","message":"fetch failed","stack":"TypeError: fetch failed"}}
{"ts":"2026-10-07T14:22:11.897Z","level":"error","event":"db.query_failed","request_id":null,"method":"GET","target":"products","duration_ms":9094,"err":{"name":"TypeError","message":"fetch failed","stack":"TypeError: fetch failed"}}
{"ts":"2026-10-07T14:22:12.045Z","level":"error","event":"db.query_failed","request_id":null,"method":"GET","target":"products","duration_ms":1,"err":{"name":"Error","message":"During prerendering, fetch() rejects when the prerender is complete. Typically these errors are handled by React but if you move fetch() to a different context by using `setTimeout`, `after`, or similar functions you may observe this error and you should handle it in that context. This occurred at route \"/product/[slug]\".","stack":"Error: During prerendering, fetch() rejects when the prerender is complete. Typically these errors are handled by React but if you move fetch() to a different context by using `setTimeout`, `after`, or similar functions you may observe this error and you should handle it in that context. This occurred at route \"/product/[slug]\".\n    at eu (/Users/ofir/kenyonexpress-autopilot/.next/server/chunks/[root-of-the-server]__1jlk8z1._.js:2:58687)\n    at /Users/ofir/kenyonexpress-autopilot/.next/server/chunks/[root-of-the-server]__1jlk8z1._.js:2:87004\n    at /Users/ofir/kenyonexpress-autopilot/.next/server/chunks/[root-of-the-server]__1jlk8z1._.js:2:54057\n    at /Users/ofir/kenyonexpress-autopilot/.next/server/chunks/[root-of-the-server]__1jlk8z1._.js:2:54347\n    at Object.with (/Users/ofir/kenyonexpress-autopilot/.next/server/chunks/[root-of-the-server]__1jlk8z1._.js:2:4124)\n    at S.with (/Users/ofir/kenyonexpress-autopilot/.next/server/chunks/[root-of-the-server]__1jlk8z1._.js:2:4450)\n    at G.startActiveSpan (/Users/ofir/kenyonexpress-autopilot/.next/server/chunks/[root-of-the-server]__1jlk8z1._.js:2:6806)\n    at H.startActiveSpan (/Users/ofir/kenyonexpress-autopilot/.next/server/chunks/[root-of-the-server]__1jlk8z1._.js:2:7045)\n    at e.runWithActiveSpan (/Users/ofir/kenyonexpress-autopilot/.next/server/chunks/[root-of-the-server]__1jlk8z1._.js:2:54324)\n    at /Users/ofir/kenyonexpress-autopilot/.next/server/chunks/[root-of-the-server]__1jlk8z1._.js:2:53577\n    at Object.with (/Users/ofir/kenyonexpress-autopilot/.next/server/chunks/[root-of-the-server]__1jlk8z1._.js:2:4124)\n    at S.with (/Users/ofir/kenyonexpress-autopilot/.next/server/chunks/[root-of-the-server]__1jlk8z1._.js:2:4450)\n    at e.trace (/Users/ofir/kenyonexpress-autopilot/.next/server/chunks/[root-of-the-server]__1jlk8z1._.js:2:53551)\n    at fetch (/Users/ofir/kenyonexpress-autopilot/.next/server/chunks/[root-of-the-server]__1jlk8z1._.js:2:84044)\n    at /Users/ofir/kenyonexpress-autopilot/.next/server/chun","digest":"HANGING_PROMISE_REJECTION"}}
{"ts":"2026-10-07T14:22:12.065Z","level":"error","event":"db.query_failed","request_id":null,"method":"GET","target":"products","duration_ms":0,"err":{"name":"Error","message":"During prerendering, fetch() rejects when the prerender is complete. Typically these errors are handled by React but if you move fetch() to a different context by using `setTimeout`, `after`, or similar functions you may observe this error and you should handle it in that context. This occurred at route \"/product/[slug]\".","stack":"Error: During prerendering, fetch() rejects when the prerender is complete. Typically these errors are handled by React but if you move fetch() to a different context by using `setTimeout`, `after`, or similar functions you may observe this error and you should handle it in that context. This occurred at route \"/product/[slug]\".\n    at eu (/Users/ofir/kenyonexpress-autopilot/.next/server/chunks/[root-of-the-server]__1jlk8z1._.js:2:58687)\n    at /Users/ofir/kenyonexpress-autopilot/.next/server/chunks/[root-of-the-server]__1jlk8z1._.js:2:87004\n    at /Users/ofir/kenyonexpress-autopilot/.next/server/chunks/[root-of-the-server]__1jlk8z1._.js:2:54057\n    at /Users/ofir/kenyonexpress-autopilot/.next/server/chunks/[root-of-the-server]__1jlk8z1._.js:2:54347\n    at Object.with (/Users/ofir/kenyonexpress-autopilot/.next/server/chunks/[root-of-the-server]__1jlk8z1._.js:2:4124)\n    at S.with (/Users/ofir/kenyonexpress-autopilot/.next/server/chunks/[root-of-the-server]__1jlk8z1._.js:2:4450)\n    at G.startActiveSpan (/Users/ofir/kenyonexpress-autopilot/.next/server/chunks/[root-of-the-server]__1jlk8z1._.js:2:6806)\n    at H.startActiveSpan (/Users/ofir/kenyonexpress-autopilot/.next/server/chunks/[root-of-the-server]__1jlk8z1._.js:2:7045)\n    at e.runWithActiveSpan (/Users/ofir/kenyonexpress-autopilot/.next/server/chunks/[root-of-the-server]__1jlk8z1._.js:2:54324)\n    at /Users/ofir/kenyonexpress-autopilot/.next/server/chunks/[root-of-the-server]__1jlk8z1._.js:2:53577\n    at Object.with (/Users/ofir/kenyonexpress-autopilot/.next/server/chunks/[root-of-the-server]__1jlk8z1._.js:2:4124)\n    at S.with (/Users/ofir/kenyonexpress-autopilot/.next/server/chunks/[root-of-the-server]__1jlk8z1._.js:2:4450)\n    at e.trace (/Users/ofir/kenyonexpress-autopilot/.next/server/chunks/[root-of-the-server]__1jlk8z1._.js:2:53551)\n    at fetch (/Users/ofir/kenyonexpress-autopilot/.next/server/chunks/[root-of-the-server]__1jlk8z1._.js:2:84044)\n    at /Users/ofir/kenyonexpress-autopilot/.next/server/chun","digest":"HANGING_PROMISE_REJECTION"}}
{"ts":"2026-10-07T14:22:12.133Z","level":"error","event":"db.query_failed","request_id":null,"method":"GET","target":"products","duration_ms":0,"err":{"name":"Error","message":"During prerendering, fetch() rejects when the prerender is complete. Typically these errors are handled by React but if you move fetch() to a different context by using `setTimeout`, `after`, or similar functions you may observe this error and you should handle it in that context. This occurred at route \"/product/[slug]\".","stack":"Error: During prerendering, fetch() rejects when the prerender is complete. Typically these errors are handled by React but if you move fetch() to a different context by using `setTimeout`, `after`, or similar functions you may observe this error and you should handle it in that context. This occurred at route \"/product/[slug]\".\n    at eu (/Users/ofir/kenyonexpress-autopilot/.next/server/chunks/[root-of-the-server]__1jlk8z1._.js:2:58687)\n    at /Users/ofir/kenyonexpress-autopilot/.next/server/chunks/[root-of-the-server]__1jlk8z1._.js:2:87004\n    at /Users/ofir/kenyonexpress-autopilot/.next/server/chunks/[root-of-the-server]__1jlk8z1._.js:2:54057\n    at /Users/ofir/kenyonexpress-autopilot/.next/server/chunks/[root-of-the-server]__1jlk8z1._.js:2:54347\n    at Object.with (/Users/ofir/kenyonexpress-autopilot/.next/server/chunks/[root-of-the-server]__1jlk8z1._.js:2:4124)\n    at S.with (/Users/ofir/kenyonexpress-autopilot/.next/server/chunks/[root-of-the-server]__1jlk8z1._.js:2:4450)\n    at G.startActiveSpan (/Users/ofir/kenyonexpress-autopilot/.next/server/chunks/[root-of-the-server]__1jlk8z1._.js:2:6806)\n    at H.startActiveSpan (/Users/ofir/kenyonexpress-autopilot/.next/server/chunks/[root-of-the-server]__1jlk8z1._.js:2:7045)\n    at e.runWithActiveSpan (/Users/ofir/kenyonexpress-autopilot/.next/server/chunks/[root-of-the-server]__1jlk8z1._.js:2:54324)\n    at /Users/ofir/kenyonexpress-autopilot/.next/server/chunks/[root-of-the-server]__1jlk8z1._.js:2:53577\n    at Object.with (/Users/ofir/kenyonexpress-autopilot/.next/server/chunks/[root-of-the-server]__1jlk8z1._.js:2:4124)\n    at S.with (/Users/ofir/kenyonexpress-autopilot/.next/server/chunks/[root-of-the-server]__1jlk8z1._.js:2:4450)\n    at e.trace (/Users/ofir/kenyonexpress-autopilot/.next/server/chunks/[root-of-the-server]__1jlk8z1._.js:2:53551)\n    at fetch (/Users/ofir/kenyonexpress-autopilot/.next/server/chunks/[root-of-the-server]__1jlk8z1._.js:2:84044)\n    at /Users/ofir/kenyonexpress-autopilot/.next/server/chun","digest":"HANGING_PROMISE_REJECTION"}}
{"ts":"2026-10-07T14:22:12.133Z","level":"warn","event":"stock.available_read_failed","request_id":null,"productId":"d613dc56-2a8a-4885-8e54-c4baf6849c8b","reason":"Error: During prerendering, fetch() rejects when the prerender is complete. Typically these errors are handled by React but if you move fetch() to a different context by using `setTimeout`, `after`, or similar functions you may observe this error and you should handle it in that context. This occurred at route \"/product/[slug]\"."}
{"ts":"2026-10-07T14:22:12.197Z","level":"error","event":"db.query_failed","request_id":null,"method":"GET","target":"products","duration_ms":0,"err":{"name":"Error","message":"During prerendering, fetch() rejects when the prerender is complete. Typically these errors are handled by React but if you move fetch() to a different context by using `setTimeout`, `after`, or similar functions you may observe this error and you should handle it in that context. This occurred at route \"/product/[slug]\".","stack":"Error: During prerendering, fetch() rejects when the prerender is complete. Typically these errors are handled by React but if you move fetch() to a different context by using `setTimeout`, `after`, or similar functions you may observe this error and you should handle it in that context. This occurred at route \"/product/[slug]\".\n    at eu (/Users/ofir/kenyonexpress-autopilot/.next/server/chunks/[root-of-the-server]__1jlk8z1._.js:2:58687)\n    at /Users/ofir/kenyonexpress-autopilot/.next/server/chunks/[root-of-the-server]__1jlk8z1._.js:2:87004\n    at /Users/ofir/kenyonexpress-autopilot/.next/server/chunks/[root-of-the-server]__1jlk8z1._.js:2:54057\n    at /Users/ofir/kenyonexpress-autopilot/.next/server/chunks/[root-of-the-server]__1jlk8z1._.js:2:54347\n    at Object.with (/Users/ofir/kenyonexpress-autopilot/.next/server/chunks/[root-of-the-server]__1jlk8z1._.js:2:4124)\n    at S.with (/Users/ofir/kenyonexpress-autopilot/.next/server/chunks/[root-of-the-server]__1jlk8z1._.js:2:4450)\n    at G.startActiveSpan (/Users/ofir/kenyonexpress-autopilot/.next/server/chunks/[root-of-the-server]__1jlk8z1._.js:2:6806)\n    at H.startActiveSpan (/Users/ofir/kenyonexpress-autopilot/.next/server/chunks/[root-of-the-server]__1jlk8z1._.js:2:7045)\n    at e.runWithActiveSpan (/Users/ofir/kenyonexpress-autopilot/.next/server/chunks/[root-of-the-server]__1jlk8z1._.js:2:54324)\n    at /Users/ofir/kenyonexpress-autopilot/.next/server/chunks/[root-of-the-server]__1jlk8z1._.js:2:53577\n    at Object.with (/Users/ofir/kenyonexpress-autopilot/.next/server/chunks/[root-of-the-server]__1jlk8z1._.js:2:4124)\n    at S.with (/Users/ofir/kenyonexpress-autopilot/.next/server/chunks/[root-of-the-server]__1jlk8z1._.js:2:4450)\n    at e.trace (/Users/ofir/kenyonexpress-autopilot/.next/server/chunks/[root-of-the-server]__1jlk8z1._.js:2:53551)\n    at fetch (/Users/ofir/kenyonexpress-autopilot/.next/server/chunks/[root-of-the-server]__1jlk8z1._.js:2:84044)\n    at /Users/ofir/kenyonexpress-autopilot/.next/server/chun","digest":"HANGING_PROMISE_REJECTION"}}
{"ts":"2026-10-07T14:22:12.198Z","level":"warn","event":"stock.available_read_failed","request_id":null,"productId":"74ac31dd-559b-4537-81a4-4023cb049153","reason":"Error: During prerendering, fetch() rejects when the prerender is complete. Typically these errors are handled by React but if you move fetch() to a different context by using `setTimeout`, `after`, or similar functions you may observe this error and you should handle it in that context. This occurred at route \"/product/[slug]\"."}
{"ts":"2026-10-07T14:22:12.227Z","level":"error","event":"db.query_failed","request_id":null,"method":"GET","target":"products","duration_ms":0,"err":{"name":"Error","message":"During prerendering, fetch() rejects when the prerender is complete. Typically these errors are handled by React but if you move fetch() to a different context by using `setTimeout`, `after`, or similar functions you may observe this error and you should handle it in that context. This occurred at route \"/product/[slug]\".","stack":"Error: During prerendering, fetch() rejects when the prerender is complete. Typically these errors are handled by React but if you move fetch() to a different context by using `setTimeout`, `after`, or similar functions you may observe this error and you should handle it in that context. This occurred at route \"/product/[slug]\".\n    at eu (/Users/ofir/kenyonexpress-autopilot/.next/server/chunks/[root-of-the-server]__1jlk8z1._.js:2:58687)\n    at /Users/ofir/kenyonexpress-autopilot/.next/server/chunks/[root-of-the-server]__1jlk8z1._.js:2:87004\n    at /Users/ofir/kenyonexpress-autopilot/.next/server/chunks/[root-of-the-server]__1jlk8z1._.js:2:54057\n    at /Users/ofir/kenyonexpress-autopilot/.next/server/chunks/[root-of-the-server]__1jlk8z1._.js:2:54347\n    at Object.with (/Users/ofir/kenyonexpress-autopilot/.next/server/chunks/[root-of-the-server]__1jlk8z1._.js:2:4124)\n    at S.with (/Users/ofir/kenyonexpress-autopilot/.next/server/chunks/[root-of-the-server]__1jlk8z1._.js:2:4450)\n    at G.startActiveSpan (/Users/ofir/kenyonexpress-autopilot/.next/server/chunks/[root-of-the-server]__1jlk8z1._.js:2:6806)\n    at H.startActiveSpan (/Users/ofir/kenyonexpress-autopilot/.next/server/chunks/[root-of-the-server]__1jlk8z1._.js:2:7045)\n    at e.runWithActiveSpan (/Users/ofir/kenyonexpress-autopilot/.next/server/chunks/[root-of-the-server]__1jlk8z1._.js:2:54324)\n    at /Users/ofir/kenyonexpress-autopilot/.next/server/chunks/[root-of-the-server]__1jlk8z1._.js:2:53577\n    at Object.with (/Users/ofir/kenyonexpress-autopilot/.next/server/chunks/[root-of-the-server]__1jlk8z1._.js:2:4124)\n    at S.with (/Users/ofir/kenyonexpress-autopilot/.next/server/chunks/[root-of-the-server]__1jlk8z1._.js:2:4450)\n    at e.trace (/Users/ofir/kenyonexpress-autopilot/.next/server/chunks/[root-of-the-server]__1jlk8z1._.js:2:53551)\n    at fetch (/Users/ofir/kenyonexpress-autopilot/.next/server/chunks/[root-of-the-server]__1jlk8z1._.js:2:84044)\n    at /Users/ofir/kenyonexpress-autopilot/.next/server/chun","digest":"HANGING_PROMISE_REJECTION"}}
{"ts":"2026-10-07T14:22:12.227Z","level":"warn","event":"stock.available_read_failed","request_id":null,"productId":"d613dc56-2a8a-4885-8e54-c4baf6849c8b","reason":"Error: During prerendering, fetch() rejects when the prerender is complete. Typically these errors are handled by React but if you move fetch() to a different context by using `setTimeout`, `after`, or similar functions you may observe this error and you should handle it in that context. This occurred at route \"/product/[slug]\"."}
{"ts":"2026-10-07T14:22:12.243Z","level":"error","event":"db.query_failed","request_id":null,"method":"GET","target":"products","duration_ms":0,"err":{"name":"Error","message":"During prerendering, fetch() rejects when the prerender is complete. Typically these errors are handled by React but if you move fetch() to a different context by using `setTimeout`, `after`, or similar functions you may observe this error and you should handle it in that context. This occurred at route \"/product/[slug]\".","stack":"Error: During prerendering, fetch() rejects when the prerender is complete. Typically these errors are handled by React but if you move fetch() to a different context by using `setTimeout`, `after`, or similar functions you may observe this error and you should handle it in that context. This occurred at route \"/product/[slug]\".\n    at eu (/Users/ofir/kenyonexpress-autopilot/.next/server/chunks/[root-of-the-server]__1jlk8z1._.js:2:58687)\n    at /Users/ofir/kenyonexpress-autopilot/.next/server/chunks/[root-of-the-server]__1jlk8z1._.js:2:87004\n    at /Users/ofir/kenyonexpress-autopilot/.next/server/chunks/[root-of-the-server]__1jlk8z1._.js:2:54057\n    at /Users/ofir/kenyonexpress-autopilot/.next/server/chunks/[root-of-the-server]__1jlk8z1._.js:2:54347\n    at Object.with (/Users/ofir/kenyonexpress-autopilot/.next/server/chunks/[root-of-the-server]__1jlk8z1._.js:2:4124)\n    at S.with (/Users/ofir/kenyonexpress-autopilot/.next/server/chunks/[root-of-the-server]__1jlk8z1._.js:2:4450)\n    at G.startActiveSpan (/Users/ofir/kenyonexpress-autopilot/.next/server/chunks/[root-of-the-server]__1jlk8z1._.js:2:6806)\n    at H.startActiveSpan (/Users/ofir/kenyonexpress-autopilot/.next/server/chunks/[root-of-the-server]__1jlk8z1._.js:2:7045)\n    at e.runWithActiveSpan (/Users/ofir/kenyonexpress-autopilot/.next/server/chunks/[root-of-the-server]__1jlk8z1._.js:2:54324)\n    at /Users/ofir/kenyonexpress-autopilot/.next/server/chunks/[root-of-the-server]__1jlk8z1._.js:2:53577\n    at Object.with (/Users/ofir/kenyonexpress-autopilot/.next/server/chunks/[root-of-the-server]__1jlk8z1._.js:2:4124)\n    at S.with (/Users/ofir/kenyonexpress-autopilot/.next/server/chunks/[root-of-the-server]__1jlk8z1._.js:2:4450)\n    at e.trace (/Users/ofir/kenyonexpress-autopilot/.next/server/chunks/[root-of-the-server]__1jlk8z1._.js:2:53551)\n    at fetch (/Users/ofir/kenyonexpress-autopilot/.next/server/chunks/[root-of-the-server]__1jlk8z1._.js:2:84044)\n    at /Users/ofir/kenyonexpress-autopilot/.next/server/chun","digest":"HANGING_PROMISE_REJECTION"}}
{"ts":"2026-10-07T14:22:12.243Z","level":"warn","event":"stock.available_read_failed","request_id":null,"productId":"74ac31dd-559b-4537-81a4-4023cb049153","reason":"Error: During prerendering, fetch() rejects when the prerender is complete. Typically these errors are handled by React but if you move fetch() to a different context by using `setTimeout`, `after`, or similar functions you may observe this error and you should handle it in that context. This occurred at route \"/product/[slug]\"."}
{"ts":"2026-10-07T14:22:12.634Z","level":"warn","event":"db.query_slow","request_id":null,"method":"GET","target":"media_assets","status":200,"duration_ms":6955,"threshold_ms":300}
{"ts":"2026-10-07T14:22:12.639Z","level":"warn","event":"db.query_slow","request_id":null,"method":"GET","target":"products","status":200,"duration_ms":6916,"threshold_ms":300}
{"ts":"2026-10-07T14:22:12.702Z","level":"error","event":"db.query_failed","request_id":null,"method":"GET","target":"products","duration_ms":0,"err":{"name":"Error","message":"During prerendering, fetch() rejects when the prerender is complete. Typically these errors are handled by React but if you move fetch() to a different context by using `setTimeout`, `after`, or similar functions you may observe this error and you should handle it in that context. This occurred at route \"/product/[slug]\".","stack":"Error: During prerendering, fetch() rejects when the prerender is complete. Typically these errors are handled by React but if you move fetch() to a different context by using `setTimeout`, `after`, or similar functions you may observe this error and you should handle it in that context. This occurred at route \"/product/[slug]\".\n    at eu (/Users/ofir/kenyonexpress-autopilot/.next/server/chunks/[root-of-the-server]__1jlk8z1._.js:2:58687)\n    at /Users/ofir/kenyonexpress-autopilot/.next/server/chunks/[root-of-the-server]__1jlk8z1._.js:2:87004\n    at /Users/ofir/kenyonexpress-autopilot/.next/server/chunks/[root-of-the-server]__1jlk8z1._.js:2:54057\n    at /Users/ofir/kenyonexpress-autopilot/.next/server/chunks/[root-of-the-server]__1jlk8z1._.js:2:54347\n    at Object.with (/Users/ofir/kenyonexpress-autopilot/.next/server/chunks/[root-of-the-server]__1jlk8z1._.js:2:4124)\n    at S.with (/Users/ofir/kenyonexpress-autopilot/.next/server/chunks/[root-of-the-server]__1jlk8z1._.js:2:4450)\n    at G.startActiveSpan (/Users/ofir/kenyonexpress-autopilot/.next/server/chunks/[root-of-the-server]__1jlk8z1._.js:2:6806)\n    at H.startActiveSpan (/Users/ofir/kenyonexpress-autopilot/.next/server/chunks/[root-of-the-server]__1jlk8z1._.js:2:7045)\n    at e.runWithActiveSpan (/Users/ofir/kenyonexpress-autopilot/.next/server/chunks/[root-of-the-server]__1jlk8z1._.js:2:54324)\n    at /Users/ofir/kenyonexpress-autopilot/.next/server/chunks/[root-of-the-server]__1jlk8z1._.js:2:53577\n    at Object.with (/Users/ofir/kenyonexpress-autopilot/.next/server/chunks/[root-of-the-server]__1jlk8z1._.js:2:4124)\n    at S.with (/Users/ofir/kenyonexpress-autopilot/.next/server/chunks/[root-of-the-server]__1jlk8z1._.js:2:4450)\n    at e.trace (/Users/ofir/kenyonexpress-autopilot/.next/server/chunks/[root-of-the-server]__1jlk8z1._.js:2:53551)\n    at fetch (/Users/ofir/kenyonexpress-autopilot/.next/server/chunks/[root-of-the-server]__1jlk8z1._.js:2:84044)\n    at /Users/ofir/kenyonexpress-autopilot/.next/server/chun","digest":"HANGING_PROMISE_REJECTION"}}
{"ts":"2026-10-07T14:22:12.702Z","level":"warn","event":"stock.available_read_failed","request_id":null,"productId":"fb84d073-d454-424a-9b53-93aa1f2a4464","reason":"Error: During prerendering, fetch() rejects when the prerender is complete. Typically these errors are handled by React but if you move fetch() to a different context by using `setTimeout`, `after`, or similar functions you may observe this error and you should handle it in that context. This occurred at route \"/product/[slug]\"."}
{"ts":"2026-10-07T14:22:12.731Z","level":"error","event":"db.query_failed","request_id":null,"method":"GET","target":"products","duration_ms":0,"err":{"name":"Error","message":"During prerendering, fetch() rejects when the prerender is complete. Typically these errors are handled by React but if you move fetch() to a different context by using `setTimeout`, `after`, or similar functions you may observe this error and you should handle it in that context. This occurred at route \"/product/[slug]\".","stack":"Error: During prerendering, fetch() rejects when the prerender is complete. Typically these errors are handled by React but if you move fetch() to a different context by using `setTimeout`, `after`, or similar functions you may observe this error and you should handle it in that context. This occurred at route \"/product/[slug]\".\n    at eu (/Users/ofir/kenyonexpress-autopilot/.next/server/chunks/[root-of-the-server]__1jlk8z1._.js:2:58687)\n    at /Users/ofir/kenyonexpress-autopilot/.next/server/chunks/[root-of-the-server]__1jlk8z1._.js:2:87004\n    at /Users/ofir/kenyonexpress-autopilot/.next/server/chunks/[root-of-the-server]__1jlk8z1._.js:2:54057\n    at /Users/ofir/kenyonexpress-autopilot/.next/server/chunks/[root-of-the-server]__1jlk8z1._.js:2:54347\n    at Object.with (/Users/ofir/kenyonexpress-autopilot/.next/server/chunks/[root-of-the-server]__1jlk8z1._.js:2:4124)\n    at S.with (/Users/ofir/kenyonexpress-autopilot/.next/server/chunks/[root-of-the-server]__1jlk8z1._.js:2:4450)\n    at G.startActiveSpan (/Users/ofir/kenyonexpress-autopilot/.next/server/chunks/[root-of-the-server]__1jlk8z1._.js:2:6806)\n    at H.startActiveSpan (/Users/ofir/kenyonexpress-autopilot/.next/server/chunks/[root-of-the-server]__1jlk8z1._.js:2:7045)\n    at e.runWithActiveSpan (/Users/ofir/kenyonexpress-autopilot/.next/server/chunks/[root-of-the-server]__1jlk8z1._.js:2:54324)\n    at /Users/ofir/kenyonexpress-autopilot/.next/server/chunks/[root-of-the-server]__1jlk8z1._.js:2:53577\n    at Object.with (/Users/ofir/kenyonexpress-autopilot/.next/server/chunks/[root-of-the-server]__1jlk8z1._.js:2:4124)\n    at S.with (/Users/ofir/kenyonexpress-autopilot/.next/server/chunks/[root-of-the-server]__1jlk8z1._.js:2:4450)\n    at e.trace (/Users/ofir/kenyonexpress-autopilot/.next/server/chunks/[root-of-the-server]__1jlk8z1._.js:2:53551)\n    at fetch (/Users/ofir/kenyonexpress-autopilot/.next/server/chunks/[root-of-the-server]__1jlk8z1._.js:2:84044)\n    at /Users/ofir/kenyonexpress-autopilot/.next/server/chun","digest":"HANGING_PROMISE_REJECTION"}}
{"ts":"2026-10-07T14:22:12.731Z","level":"warn","event":"stock.available_read_failed","request_id":null,"productId":"fb84d073-d454-424a-9b53-93aa1f2a4464","reason":"Error: During prerendering, fetch() rejects when the prerender is complete. Typically these errors are handled by React but if you move fetch() to a different context by using `setTimeout`, `after`, or similar functions you may observe this error and you should handle it in that context. This occurred at route \"/product/[slug]\"."}
{"ts":"2026-10-07T14:22:12.755Z","level":"error","event":"supabase.timeout","request_id":null,"timeoutMs":10000,"url":"https://ixvwfbuvfxxsjiywhbbb.supabase.co/rest/v1/products"}
{"ts":"2026-10-07T14:22:12.758Z","level":"error","event":"supabase.timeout","request_id":null,"timeoutMs":10000,"url":"https://ixvwfbuvfxxsjiywhbbb.supabase.co/rest/v1/products"}
{"ts":"2026-10-07T14:22:12.764Z","level":"error","event":"supabase.timeout","request_id":null,"timeoutMs":10000,"url":"https://ixvwfbuvfxxsjiywhbbb.supabase.co/rest/v1/products"}
{"ts":"2026-10-07T14:22:12.769Z","level":"error","event":"supabase.timeout","request_id":null,"timeoutMs":10000,"url":"https://ixvwfbuvfxxsjiywhbbb.supabase.co/rest/v1/products"}
{"ts":"2026-10-07T14:22:12.789Z","level":"error","event":"supabase.timeout","request_id":null,"timeoutMs":10000,"url":"https://ixvwfbuvfxxsjiywhbbb.supabase.co/rest/v1/products"}
{"ts":"2026-10-07T14:22:12.800Z","level":"error","event":"supabase.timeout","request_id":null,"timeoutMs":10000,"url":"https://ixvwfbuvfxxsjiywhbbb.supabase.co/rest/v1/products"}
{"ts":"2026-10-07T14:22:12.803Z","level":"error","event":"supabase.timeout","request_id":null,"timeoutMs":10000,"url":"https://ixvwfbuvfxxsjiywhbbb.supabase.co/rest/v1/products"}
{"ts":"2026-10-07T14:22:12.935Z","level":"warn","event":"db.query_slow","request_id":null,"method":"GET","target":"products","status":200,"duration_ms":7788,"threshold_ms":300}
{"ts":"2026-10-07T14:22:12.939Z","level":"warn","event":"db.query_slow","request_id":null,"method":"GET","target":"products","status":200,"duration_ms":2586,"threshold_ms":300}
{"ts":"2026-10-07T14:22:13.443Z","level":"warn","event":"db.query_slow","request_id":null,"method":"POST","target":"rpc:product_rating_summary","status":404,"duration_ms":4389,"threshold_ms":300}
{"ts":"2026-10-07T14:22:13.451Z","level":"warn","event":"db.query_slow","request_id":null,"method":"GET","target":"suppliers","status":200,"duration_ms":7730,"threshold_ms":300}
{"ts":"2026-10-07T14:22:13.453Z","level":"warn","event":"db.query_slow","request_id":null,"method":"GET","target":"suppliers","status":200,"duration_ms":4865,"threshold_ms":300}
{"ts":"2026-10-07T14:22:13.454Z","level":"warn","event":"db.query_slow","request_id":null,"method":"GET","target":"suppliers","status":200,"duration_ms":4825,"threshold_ms":300}
{"ts":"2026-10-07T14:22:13.454Z","level":"warn","event":"db.query_slow","request_id":null,"method":"GET","target":"suppliers","status":200,"duration_ms":4401,"threshold_ms":300}
{"ts":"2026-10-07T14:22:13.706Z","level":"warn","event":"db.query_slow","request_id":null,"method":"GET","target":"products","status":200,"duration_ms":806,"threshold_ms":300}
{"ts":"2026-10-07T14:22:14.420Z","level":"warn","event":"db.query_slow","request_id":null,"method":"GET","target":"products","status":200,"duration_ms":618,"threshold_ms":300}
{"ts":"2026-10-07T14:22:14.470Z","level":"warn","event":"db.query_slow","request_id":null,"method":"GET","target":"products","status":200,"duration_ms":701,"threshold_ms":300}
{"ts":"2026-10-07T14:22:14.471Z","level":"warn","event":"db.query_slow","request_id":null,"method":"GET","target":"products","status":200,"duration_ms":668,"threshold_ms":300}
{"ts":"2026-10-07T14:22:14.526Z","level":"warn","event":"db.query_slow","request_id":null,"method":"GET","target":"products","status":200,"duration_ms":5897,"threshold_ms":300}
{"ts":"2026-10-07T14:22:14.687Z","level":"warn","event":"db.query_slow","request_id":null,"method":"GET","target":"products","status":200,"duration_ms":926,"threshold_ms":300}
{"ts":"2026-10-07T14:22:14.688Z","level":"warn","event":"db.query_slow","request_id":null,"method":"GET","target":"products","status":200,"duration_ms":922,"threshold_ms":300}
{"ts":"2026-10-07T14:22:14.846Z","level":"warn","event":"db.query_slow","request_id":null,"method":"POST","target":"rpc:product_rating_summary","status":404,"duration_ms":372,"threshold_ms":300}
{"ts":"2026-10-07T14:22:14.911Z","level":"warn","event":"db.query_slow","request_id":null,"method":"GET","target":"products","status":200,"duration_ms":436,"threshold_ms":300}
{"ts":"2026-10-07T14:22:14.912Z","level":"warn","event":"db.query_slow","request_id":null,"method":"GET","target":"media_assets","status":200,"duration_ms":438,"threshold_ms":300}
{"ts":"2026-10-07T14:22:15.116Z","level":"error","event":"db.query_failed","request_id":null,"method":"GET","target":"products","duration_ms":0,"err":{"name":"Error","message":"During prerendering, fetch() rejects when the prerender is complete. Typically these errors are handled by React but if you move fetch() to a different context by using `setTimeout`, `after`, or similar functions you may observe this error and you should handle it in that context. This occurred at route \"/product/[slug]\".","stack":"Error: During prerendering, fetch() rejects when the prerender is complete. Typically these errors are handled by React but if you move fetch() to a different context by using `setTimeout`, `after`, or similar functions you may observe this error and you should handle it in that context. This occurred at route \"/product/[slug]\".\n    at eu (/Users/ofir/kenyonexpress-autopilot/.next/server/chunks/[root-of-the-server]__1jlk8z1._.js:2:58687)\n    at /Users/ofir/kenyonexpress-autopilot/.next/server/chunks/[root-of-the-server]__1jlk8z1._.js:2:87004\n    at /Users/ofir/kenyonexpress-autopilot/.next/server/chunks/[root-of-the-server]__1jlk8z1._.js:2:54057\n    at /Users/ofir/kenyonexpress-autopilot/.next/server/chunks/[root-of-the-server]__1jlk8z1._.js:2:54347\n    at Object.with (/Users/ofir/kenyonexpress-autopilot/.next/server/chunks/[root-of-the-server]__1jlk8z1._.js:2:4124)\n    at S.with (/Users/ofir/kenyonexpress-autopilot/.next/server/chunks/[root-of-the-server]__1jlk8z1._.js:2:4450)\n    at G.startActiveSpan (/Users/ofir/kenyonexpress-autopilot/.next/server/chunks/[root-of-the-server]__1jlk8z1._.js:2:6806)\n    at H.startActiveSpan (/Users/ofir/kenyonexpress-autopilot/.next/server/chunks/[root-of-the-server]__1jlk8z1._.js:2:7045)\n    at e.runWithActiveSpan (/Users/ofir/kenyonexpress-autopilot/.next/server/chunks/[root-of-the-server]__1jlk8z1._.js:2:54324)\n    at /Users/ofir/kenyonexpress-autopilot/.next/server/chunks/[root-of-the-server]__1jlk8z1._.js:2:53577\n    at Object.with (/Users/ofir/kenyonexpress-autopilot/.next/server/chunks/[root-of-the-server]__1jlk8z1._.js:2:4124)\n    at S.with (/Users/ofir/kenyonexpress-autopilot/.next/server/chunks/[root-of-the-server]__1jlk8z1._.js:2:4450)\n    at e.trace (/Users/ofir/kenyonexpress-autopilot/.next/server/chunks/[root-of-the-server]__1jlk8z1._.js:2:53551)\n    at fetch (/Users/ofir/kenyonexpress-autopilot/.next/server/chunks/[root-of-the-server]__1jlk8z1._.js:2:84044)\n    at /Users/ofir/kenyonexpress-autopilot/.next/server/chun","digest":"HANGING_PROMISE_REJECTION"}}
{"ts":"2026-10-07T14:22:15.116Z","level":"warn","event":"stock.available_read_failed","request_id":null,"productId":"97a3edc0-6161-4e6c-99f0-a3ab58d13fc2","reason":"Error: During prerendering, fetch() rejects when the prerender is complete. Typically these errors are handled by React but if you move fetch() to a different context by using `setTimeout`, `after`, or similar functions you may observe this error and you should handle it in that context. This occurred at route \"/product/[slug]\"."}
{"ts":"2026-10-07T14:22:15.135Z","level":"error","event":"db.query_failed","request_id":null,"method":"GET","target":"products","duration_ms":0,"err":{"name":"Error","message":"During prerendering, fetch() rejects when the prerender is complete. Typically these errors are handled by React but if you move fetch() to a different context by using `setTimeout`, `after`, or similar functions you may observe this error and you should handle it in that context. This occurred at route \"/product/[slug]\".","stack":"Error: During prerendering, fetch() rejects when the prerender is complete. Typically these errors are handled by React but if you move fetch() to a different context by using `setTimeout`, `after`, or similar functions you may observe this error and you should handle it in that context. This occurred at route \"/product/[slug]\".\n    at eu (/Users/ofir/kenyonexpress-autopilot/.next/server/chunks/[root-of-the-server]__1jlk8z1._.js:2:58687)\n    at /Users/ofir/kenyonexpress-autopilot/.next/server/chunks/[root-of-the-server]__1jlk8z1._.js:2:87004\n    at /Users/ofir/kenyonexpress-autopilot/.next/server/chunks/[root-of-the-server]__1jlk8z1._.js:2:54057\n    at /Users/ofir/kenyonexpress-autopilot/.next/server/chunks/[root-of-the-server]__1jlk8z1._.js:2:54347\n    at Object.with (/Users/ofir/kenyonexpress-autopilot/.next/server/chunks/[root-of-the-server]__1jlk8z1._.js:2:4124)\n    at S.with (/Users/ofir/kenyonexpress-autopilot/.next/server/chunks/[root-of-the-server]__1jlk8z1._.js:2:4450)\n    at G.startActiveSpan (/Users/ofir/kenyonexpress-autopilot/.next/server/chunks/[root-of-the-server]__1jlk8z1._.js:2:6806)\n    at H.startActiveSpan (/Users/ofir/kenyonexpress-autopilot/.next/server/chunks/[root-of-the-server]__1jlk8z1._.js:2:7045)\n    at e.runWithActiveSpan (/Users/ofir/kenyonexpress-autopilot/.next/server/chunks/[root-of-the-server]__1jlk8z1._.js:2:54324)\n    at /Users/ofir/kenyonexpress-autopilot/.next/server/chunks/[root-of-the-server]__1jlk8z1._.js:2:53577\n    at Object.with (/Users/ofir/kenyonexpress-autopilot/.next/server/chunks/[root-of-the-server]__1jlk8z1._.js:2:4124)\n    at S.with (/Users/ofir/kenyonexpress-autopilot/.next/server/chunks/[root-of-the-server]__1jlk8z1._.js:2:4450)\n    at e.trace (/Users/ofir/kenyonexpress-autopilot/.next/server/chunks/[root-of-the-server]__1jlk8z1._.js:2:53551)\n    at fetch (/Users/ofir/kenyonexpress-autopilot/.next/server/chunks/[root-of-the-server]__1jlk8z1._.js:2:84044)\n    at /Users/ofir/kenyonexpress-autopilot/.next/server/chun","digest":"HANGING_PROMISE_REJECTION"}}
{"ts":"2026-10-07T14:22:15.135Z","level":"warn","event":"stock.available_read_failed","request_id":null,"productId":"97a3edc0-6161-4e6c-99f0-a3ab58d13fc2","reason":"Error: During prerendering, fetch() rejects when the prerender is complete. Typically these errors are handled by React but if you move fetch() to a different context by using `setTimeout`, `after`, or similar functions you may observe this error and you should handle it in that context. This occurred at route \"/product/[slug]\"."}
{"ts":"2026-10-07T14:22:15.149Z","level":"error","event":"supabase.timeout","request_id":null,"timeoutMs":10000,"url":"https://ixvwfbuvfxxsjiywhbbb.supabase.co/rest/v1/products"}
{"ts":"2026-10-07T14:22:15.150Z","level":"error","event":"supabase.timeout","request_id":null,"timeoutMs":10000,"url":"https://ixvwfbuvfxxsjiywhbbb.supabase.co/rest/v1/rpc/product_rating_summary"}
{"ts":"2026-10-07T14:22:15.150Z","level":"warn","event":"product_detail.rating_read_failed","request_id":null,"productId":"ca3a8e54-b43f-425a-a20e-cf7a0710ee60","reason":"SupabaseTimeoutError: Supabase request exceeded 10000ms"}
{"ts":"2026-10-07T14:22:15.724Z","level":"error","event":"supabase.timeout","request_id":null,"timeoutMs":10000,"url":"https://ixvwfbuvfxxsjiywhbbb.supabase.co/rest/v1/rpc/product_rating_summary"}
{"ts":"2026-10-07T14:22:15.725Z","level":"warn","event":"product_detail.rating_read_failed","request_id":null,"productId":"c261f011-36e2-4aa4-8fec-61a219a7cd2f","reason":"SupabaseTimeoutError: Supabase request exceeded 10000ms"}
{"ts":"2026-10-07T14:22:15.989Z","level":"warn","event":"db.query_slow","request_id":null,"method":"GET","target":"products","status":200,"duration_ms":2198,"threshold_ms":300}
{"ts":"2026-10-07T14:22:16.047Z","level":"error","event":"db.query_failed","request_id":null,"method":"GET","target":"products","duration_ms":0,"err":{"name":"Error","message":"During prerendering, fetch() rejects when the prerender is complete. Typically these errors are handled by React but if you move fetch() to a different context by using `setTimeout`, `after`, or similar functions you may observe this error and you should handle it in that context. This occurred at route \"/product/[slug]\".","stack":"Error: During prerendering, fetch() rejects when the prerender is complete. Typically these errors are handled by React but if you move fetch() to a different context by using `setTimeout`, `after`, or similar functions you may observe this error and you should handle it in that context. This occurred at route \"/product/[slug]\".\n    at eu (/Users/ofir/kenyonexpress-autopilot/.next/server/chunks/[root-of-the-server]__1jlk8z1._.js:2:58687)\n    at /Users/ofir/kenyonexpress-autopilot/.next/server/chunks/[root-of-the-server]__1jlk8z1._.js:2:87004\n    at /Users/ofir/kenyonexpress-autopilot/.next/server/chunks/[root-of-the-server]__1jlk8z1._.js:2:54057\n    at /Users/ofir/kenyonexpress-autopilot/.next/server/chunks/[root-of-the-server]__1jlk8z1._.js:2:54347\n    at Object.with (/Users/ofir/kenyonexpress-autopilot/.next/server/chunks/[root-of-the-server]__1jlk8z1._.js:2:4124)\n    at S.with (/Users/ofir/kenyonexpress-autopilot/.next/server/chunks/[root-of-the-server]__1jlk8z1._.js:2:4450)\n    at G.startActiveSpan (/Users/ofir/kenyonexpress-autopilot/.next/server/chunks/[root-of-the-server]__1jlk8z1._.js:2:6806)\n    at H.startActiveSpan (/Users/ofir/kenyonexpress-autopilot/.next/server/chunks/[root-of-the-server]__1jlk8z1._.js:2:7045)\n    at e.runWithActiveSpan (/Users/ofir/kenyonexpress-autopilot/.next/server/chunks/[root-of-the-server]__1jlk8z1._.js:2:54324)\n    at /Users/ofir/kenyonexpress-autopilot/.next/server/chunks/[root-of-the-server]__1jlk8z1._.js:2:53577\n    at Object.with (/Users/ofir/kenyonexpress-autopilot/.next/server/chunks/[root-of-the-server]__1jlk8z1._.js:2:4124)\n    at S.with (/Users/ofir/kenyonexpress-autopilot/.next/server/chunks/[root-of-the-server]__1jlk8z1._.js:2:4450)\n    at e.trace (/Users/ofir/kenyonexpress-autopilot/.next/server/chunks/[root-of-the-server]__1jlk8z1._.js:2:53551)\n    at fetch (/Users/ofir/kenyonexpress-autopilot/.next/server/chunks/[root-of-the-server]__1jlk8z1._.js:2:84044)\n    at /Users/ofir/kenyonexpress-autopilot/.next/server/chun","digest":"HANGING_PROMISE_REJECTION"}}
{"ts":"2026-10-07T14:22:16.048Z","level":"warn","event":"stock.available_read_failed","request_id":null,"productId":"9032de64-3efe-4fda-9ebf-4aab556af2a6","reason":"Error: During prerendering, fetch() rejects when the prerender is complete. Typically these errors are handled by React but if you move fetch() to a different context by using `setTimeout`, `after`, or similar functions you may observe this error and you should handle it in that context. This occurred at route \"/product/[slug]\"."}
{"ts":"2026-10-07T14:22:16.068Z","level":"error","event":"db.query_failed","request_id":null,"method":"GET","target":"products","duration_ms":0,"err":{"name":"Error","message":"During prerendering, fetch() rejects when the prerender is complete. Typically these errors are handled by React but if you move fetch() to a different context by using `setTimeout`, `after`, or similar functions you may observe this error and you should handle it in that context. This occurred at route \"/product/[slug]\".","stack":"Error: During prerendering, fetch() rejects when the prerender is complete. Typically these errors are handled by React but if you move fetch() to a different context by using `setTimeout`, `after`, or similar functions you may observe this error and you should handle it in that context. This occurred at route \"/product/[slug]\".\n    at eu (/Users/ofir/kenyonexpress-autopilot/.next/server/chunks/[root-of-the-server]__1jlk8z1._.js:2:58687)\n    at /Users/ofir/kenyonexpress-autopilot/.next/server/chunks/[root-of-the-server]__1jlk8z1._.js:2:87004\n    at /Users/ofir/kenyonexpress-autopilot/.next/server/chunks/[root-of-the-server]__1jlk8z1._.js:2:54057\n    at /Users/ofir/kenyonexpress-autopilot/.next/server/chunks/[root-of-the-server]__1jlk8z1._.js:2:54347\n    at Object.with (/Users/ofir/kenyonexpress-autopilot/.next/server/chunks/[root-of-the-server]__1jlk8z1._.js:2:4124)\n    at S.with (/Users/ofir/kenyonexpress-autopilot/.next/server/chunks/[root-of-the-server]__1jlk8z1._.js:2:4450)\n    at G.startActiveSpan (/Users/ofir/kenyonexpress-autopilot/.next/server/chunks/[root-of-the-server]__1jlk8z1._.js:2:6806)\n    at H.startActiveSpan (/Users/ofir/kenyonexpress-autopilot/.next/server/chunks/[root-of-the-server]__1jlk8z1._.js:2:7045)\n    at e.runWithActiveSpan (/Users/ofir/kenyonexpress-autopilot/.next/server/chunks/[root-of-the-server]__1jlk8z1._.js:2:54324)\n    at /Users/ofir/kenyonexpress-autopilot/.next/server/chunks/[root-of-the-server]__1jlk8z1._.js:2:53577\n    at Object.with (/Users/ofir/kenyonexpress-autopilot/.next/server/chunks/[root-of-the-server]__1jlk8z1._.js:2:4124)\n    at S.with (/Users/ofir/kenyonexpress-autopilot/.next/server/chunks/[root-of-the-server]__1jlk8z1._.js:2:4450)\n    at e.trace (/Users/ofir/kenyonexpress-autopilot/.next/server/chunks/[root-of-the-server]__1jlk8z1._.js:2:53551)\n    at fetch (/Users/ofir/kenyonexpress-autopilot/.next/server/chunks/[root-of-the-server]__1jlk8z1._.js:2:84044)\n    at /Users/ofir/kenyonexpress-autopilot/.next/server/chun","digest":"HANGING_PROMISE_REJECTION"}}
{"ts":"2026-10-07T14:22:16.068Z","level":"warn","event":"stock.available_read_failed","request_id":null,"productId":"9032de64-3efe-4fda-9ebf-4aab556af2a6","reason":"Error: During prerendering, fetch() rejects when the prerender is complete. Typically these errors are handled by React but if you move fetch() to a different context by using `setTimeout`, `after`, or similar functions you may observe this error and you should handle it in that context. This occurred at route \"/product/[slug]\"."}
{"ts":"2026-10-07T14:22:16.274Z","level":"warn","event":"db.query_slow","request_id":null,"method":"GET","target":"products","status":200,"duration_ms":7220,"threshold_ms":300}
{"ts":"2026-10-07T14:22:16.934Z","level":"warn","event":"db.query_slow","request_id":null,"method":"GET","target":"products","status":200,"duration_ms":1207,"threshold_ms":300}
{"ts":"2026-10-07T14:22:17.134Z","level":"error","event":"supabase.timeout","request_id":null,"timeoutMs":10000,"url":"https://ixvwfbuvfxxsjiywhbbb.supabase.co/rest/v1/product_variants"}
{"ts":"2026-10-07T14:22:18.170Z","level":"error","event":"supabase.timeout","request_id":null,"timeoutMs":10000,"url":"https://ixvwfbuvfxxsjiywhbbb.supabase.co/rest/v1/categories"}
{"ts":"2026-10-07T14:22:18.172Z","level":"error","event":"supabase.timeout","request_id":null,"timeoutMs":10000,"url":"https://ixvwfbuvfxxsjiywhbbb.supabase.co/rest/v1/categories"}
{"ts":"2026-10-07T14:22:18.189Z","level":"error","event":"supabase.timeout","request_id":null,"timeoutMs":10000,"url":"https://ixvwfbuvfxxsjiywhbbb.supabase.co/rest/v1/categories"}
{"ts":"2026-10-07T14:22:18.571Z","level":"warn","event":"db.query_slow","request_id":null,"method":"POST","target":"rpc:product_rating_summary","status":404,"duration_ms":9983,"threshold_ms":300}
{"ts":"2026-10-07T14:22:18.590Z","level":"error","event":"supabase.timeout","request_id":null,"timeoutMs":10000,"url":"https://ixvwfbuvfxxsjiywhbbb.supabase.co/rest/v1/products"}
{"ts":"2026-10-07T14:22:18.631Z","level":"error","event":"supabase.timeout","request_id":null,"timeoutMs":10000,"url":"https://ixvwfbuvfxxsjiywhbbb.supabase.co/rest/v1/media_assets"}
{"ts":"2026-10-07T14:22:19.054Z","level":"error","event":"supabase.timeout","request_id":null,"timeoutMs":10000,"url":"https://ixvwfbuvfxxsjiywhbbb.supabase.co/rest/v1/product_variants"}
{"ts":"2026-10-07T14:22:19.055Z","level":"error","event":"supabase.timeout","request_id":null,"timeoutMs":10000,"url":"https://ixvwfbuvfxxsjiywhbbb.supabase.co/rest/v1/media_assets"}
{"ts":"2026-10-07T14:22:19.282Z","level":"warn","event":"db.query_slow","request_id":null,"method":"GET","target":"products","status":200,"duration_ms":6639,"threshold_ms":300}
{"ts":"2026-10-07T14:22:19.288Z","level":"error","event":"db.query_failed","request_id":null,"method":"POST","target":"rpc:available_stock","duration_ms":6644,"err":{"name":"Error","message":"During prerendering, fetch() rejects when the prerender is complete. Typically these errors are handled by React but if you move fetch() to a different context by using `setTimeout`, `after`, or similar functions you may observe this error and you should handle it in that context. This occurred at route \"/product/[slug]\".","stack":"Error: During prerendering, fetch() rejects when the prerender is complete. Typically these errors are handled by React but if you move fetch() to a different context by using `setTimeout`, `after`, or similar functions you may observe this error and you should handle it in that context. This occurred at route \"/product/[slug]\".\n    at eu (/Users/ofir/kenyonexpress-autopilot/.next/server/chunks/[root-of-the-server]__1jlk8z1._.js:2:58687)\n    at /Users/ofir/kenyonexpress-autopilot/.next/server/chunks/[root-of-the-server]__1jlk8z1._.js:2:87004\n    at /Users/ofir/kenyonexpress-autopilot/.next/server/chunks/[root-of-the-server]__1jlk8z1._.js:2:54057\n    at /Users/ofir/kenyonexpress-autopilot/.next/server/chunks/[root-of-the-server]__1jlk8z1._.js:2:54347\n    at Object.with (/Users/ofir/kenyonexpress-autopilot/.next/server/chunks/[root-of-the-server]__1jlk8z1._.js:2:4124)\n    at S.with (/Users/ofir/kenyonexpress-autopilot/.next/server/chunks/[root-of-the-server]__1jlk8z1._.js:2:4450)\n    at G.startActiveSpan (/Users/ofir/kenyonexpress-autopilot/.next/server/chunks/[root-of-the-server]__1jlk8z1._.js:2:6806)\n    at H.startActiveSpan (/Users/ofir/kenyonexpress-autopilot/.next/server/chunks/[root-of-the-server]__1jlk8z1._.js:2:7045)\n    at e.runWithActiveSpan (/Users/ofir/kenyonexpress-autopilot/.next/server/chunks/[root-of-the-server]__1jlk8z1._.js:2:54324)\n    at /Users/ofir/kenyonexpress-autopilot/.next/server/chunks/[root-of-the-server]__1jlk8z1._.js:2:53577\n    at Object.with (/Users/ofir/kenyonexpress-autopilot/.next/server/chunks/[root-of-the-server]__1jlk8z1._.js:2:4124)\n    at S.with (/Users/ofir/kenyonexpress-autopilot/.next/server/chunks/[root-of-the-server]__1jlk8z1._.js:2:4450)\n    at e.trace (/Users/ofir/kenyonexpress-autopilot/.next/server/chunks/[root-of-the-server]__1jlk8z1._.js:2:53551)\n    at fetch (/Users/ofir/kenyonexpress-autopilot/.next/server/chunks/[root-of-the-server]__1jlk8z1._.js:2:84044)\n    at /Users/ofir/kenyonexpress-autopilot/.next/server/chun","digest":"HANGING_PROMISE_REJECTION"}}
{"ts":"2026-10-07T14:22:19.288Z","level":"error","event":"db.query_failed","request_id":null,"method":"GET","target":"products","duration_ms":6644,"err":{"name":"Error","message":"During prerendering, fetch() rejects when the prerender is complete. Typically these errors are handled by React but if you move fetch() to a different context by using `setTimeout`, `after`, or similar functions you may observe this error and you should handle it in that context. This occurred at route \"/product/[slug]\".","stack":"Error: During prerendering, fetch() rejects when the prerender is complete. Typically these errors are handled by React but if you move fetch() to a different context by using `setTimeout`, `after`, or similar functions you may observe this error and you should handle it in that context. This occurred at route \"/product/[slug]\".\n    at eu (/Users/ofir/kenyonexpress-autopilot/.next/server/chunks/[root-of-the-server]__1jlk8z1._.js:2:58687)\n    at /Users/ofir/kenyonexpress-autopilot/.next/server/chunks/[root-of-the-server]__1jlk8z1._.js:2:87004\n    at /Users/ofir/kenyonexpress-autopilot/.next/server/chunks/[root-of-the-server]__1jlk8z1._.js:2:54057\n    at /Users/ofir/kenyonexpress-autopilot/.next/server/chunks/[root-of-the-server]__1jlk8z1._.js:2:54347\n    at Object.with (/Users/ofir/kenyonexpress-autopilot/.next/server/chunks/[root-of-the-server]__1jlk8z1._.js:2:4124)\n    at S.with (/Users/ofir/kenyonexpress-autopilot/.next/server/chunks/[root-of-the-server]__1jlk8z1._.js:2:4450)\n    at G.startActiveSpan (/Users/ofir/kenyonexpress-autopilot/.next/server/chunks/[root-of-the-server]__1jlk8z1._.js:2:6806)\n    at H.startActiveSpan (/Users/ofir/kenyonexpress-autopilot/.next/server/chunks/[root-of-the-server]__1jlk8z1._.js:2:7045)\n    at e.runWithActiveSpan (/Users/ofir/kenyonexpress-autopilot/.next/server/chunks/[root-of-the-server]__1jlk8z1._.js:2:54324)\n    at /Users/ofir/kenyonexpress-autopilot/.next/server/chunks/[root-of-the-server]__1jlk8z1._.js:2:53577\n    at Object.with (/Users/ofir/kenyonexpress-autopilot/.next/server/chunks/[root-of-the-server]__1jlk8z1._.js:2:4124)\n    at S.with (/Users/ofir/kenyonexpress-autopilot/.next/server/chunks/[root-of-the-server]__1jlk8z1._.js:2:4450)\n    at e.trace (/Users/ofir/kenyonexpress-autopilot/.next/server/chunks/[root-of-the-server]__1jlk8z1._.js:2:53551)\n    at fetch (/Users/ofir/kenyonexpress-autopilot/.next/server/chunks/[root-of-the-server]__1jlk8z1._.js:2:84044)\n    at /Users/ofir/kenyonexpress-autopilot/.next/server/chun","digest":"HANGING_PROMISE_REJECTION"}}
{"ts":"2026-10-07T14:22:19.309Z","level":"error","event":"db.query_failed","request_id":null,"method":"POST","target":"rpc:available_stock","duration_ms":2,"err":{"name":"Error","message":"During prerendering, fetch() rejects when the prerender is complete. Typically these errors are handled by React but if you move fetch() to a different context by using `setTimeout`, `after`, or similar functions you may observe this error and you should handle it in that context. This occurred at route \"/product/[slug]\".","stack":"Error: During prerendering, fetch() rejects when the prerender is complete. Typically these errors are handled by React but if you move fetch() to a different context by using `setTimeout`, `after`, or similar functions you may observe this error and you should handle it in that context. This occurred at route \"/product/[slug]\".\n    at eu (/Users/ofir/kenyonexpress-autopilot/.next/server/chunks/[root-of-the-server]__1jlk8z1._.js:2:58687)\n    at /Users/ofir/kenyonexpress-autopilot/.next/server/chunks/[root-of-the-server]__1jlk8z1._.js:2:87004\n    at /Users/ofir/kenyonexpress-autopilot/.next/server/chunks/[root-of-the-server]__1jlk8z1._.js:2:54057\n    at /Users/ofir/kenyonexpress-autopilot/.next/server/chunks/[root-of-the-server]__1jlk8z1._.js:2:54347\n    at Object.with (/Users/ofir/kenyonexpress-autopilot/.next/server/chunks/[root-of-the-server]__1jlk8z1._.js:2:4124)\n    at S.with (/Users/ofir/kenyonexpress-autopilot/.next/server/chunks/[root-of-the-server]__1jlk8z1._.js:2:4450)\n    at G.startActiveSpan (/Users/ofir/kenyonexpress-autopilot/.next/server/chunks/[root-of-the-server]__1jlk8z1._.js:2:6806)\n    at H.startActiveSpan (/Users/ofir/kenyonexpress-autopilot/.next/server/chunks/[root-of-the-server]__1jlk8z1._.js:2:7045)\n    at e.runWithActiveSpan (/Users/ofir/kenyonexpress-autopilot/.next/server/chunks/[root-of-the-server]__1jlk8z1._.js:2:54324)\n    at /Users/ofir/kenyonexpress-autopilot/.next/server/chunks/[root-of-the-server]__1jlk8z1._.js:2:53577\n    at Object.with (/Users/ofir/kenyonexpress-autopilot/.next/server/chunks/[root-of-the-server]__1jlk8z1._.js:2:4124)\n    at S.with (/Users/ofir/kenyonexpress-autopilot/.next/server/chunks/[root-of-the-server]__1jlk8z1._.js:2:4450)\n    at e.trace (/Users/ofir/kenyonexpress-autopilot/.next/server/chunks/[root-of-the-server]__1jlk8z1._.js:2:53551)\n    at fetch (/Users/ofir/kenyonexpress-autopilot/.next/server/chunks/[root-of-the-server]__1jlk8z1._.js:2:84044)\n    at /Users/ofir/kenyonexpress-autopilot/.next/server/chun","digest":"HANGING_PROMISE_REJECTION"}}
{"ts":"2026-10-07T14:22:19.309Z","level":"error","event":"db.query_failed","request_id":null,"method":"GET","target":"products","duration_ms":1,"err":{"name":"Error","message":"During prerendering, fetch() rejects when the prerender is complete. Typically these errors are handled by React but if you move fetch() to a different context by using `setTimeout`, `after`, or similar functions you may observe this error and you should handle it in that context. This occurred at route \"/product/[slug]\".","stack":"Error: During prerendering, fetch() rejects when the prerender is complete. Typically these errors are handled by React but if you move fetch() to a different context by using `setTimeout`, `after`, or similar functions you may observe this error and you should handle it in that context. This occurred at route \"/product/[slug]\".\n    at eu (/Users/ofir/kenyonexpress-autopilot/.next/server/chunks/[root-of-the-server]__1jlk8z1._.js:2:58687)\n    at /Users/ofir/kenyonexpress-autopilot/.next/server/chunks/[root-of-the-server]__1jlk8z1._.js:2:87004\n    at /Users/ofir/kenyonexpress-autopilot/.next/server/chunks/[root-of-the-server]__1jlk8z1._.js:2:54057\n    at /Users/ofir/kenyonexpress-autopilot/.next/server/chunks/[root-of-the-server]__1jlk8z1._.js:2:54347\n    at Object.with (/Users/ofir/kenyonexpress-autopilot/.next/server/chunks/[root-of-the-server]__1jlk8z1._.js:2:4124)\n    at S.with (/Users/ofir/kenyonexpress-autopilot/.next/server/chunks/[root-of-the-server]__1jlk8z1._.js:2:4450)\n    at G.startActiveSpan (/Users/ofir/kenyonexpress-autopilot/.next/server/chunks/[root-of-the-server]__1jlk8z1._.js:2:6806)\n    at H.startActiveSpan (/Users/ofir/kenyonexpress-autopilot/.next/server/chunks/[root-of-the-server]__1jlk8z1._.js:2:7045)\n    at e.runWithActiveSpan (/Users/ofir/kenyonexpress-autopilot/.next/server/chunks/[root-of-the-server]__1jlk8z1._.js:2:54324)\n    at /Users/ofir/kenyonexpress-autopilot/.next/server/chunks/[root-of-the-server]__1jlk8z1._.js:2:53577\n    at Object.with (/Users/ofir/kenyonexpress-autopilot/.next/server/chunks/[root-of-the-server]__1jlk8z1._.js:2:4124)\n    at S.with (/Users/ofir/kenyonexpress-autopilot/.next/server/chunks/[root-of-the-server]__1jlk8z1._.js:2:4450)\n    at e.trace (/Users/ofir/kenyonexpress-autopilot/.next/server/chunks/[root-of-the-server]__1jlk8z1._.js:2:53551)\n    at fetch (/Users/ofir/kenyonexpress-autopilot/.next/server/chunks/[root-of-the-server]__1jlk8z1._.js:2:84044)\n    at /Users/ofir/kenyonexpress-autopilot/.next/server/chun","digest":"HANGING_PROMISE_REJECTION"}}
{"ts":"2026-10-07T14:22:20.291Z","level":"error","event":"db.query_failed","request_id":null,"method":"GET","target":"products","duration_ms":1,"err":{"name":"Error","message":"During prerendering, fetch() rejects when the prerender is complete. Typically these errors are handled by React but if you move fetch() to a different context by using `setTimeout`, `after`, or similar functions you may observe this error and you should handle it in that context. This occurred at route \"/product/[slug]\".","stack":"Error: During prerendering, fetch() rejects when the prerender is complete. Typically these errors are handled by React but if you move fetch() to a different context by using `setTimeout`, `after`, or similar functions you may observe this error and you should handle it in that context. This occurred at route \"/product/[slug]\".\n    at eu (/Users/ofir/kenyonexpress-autopilot/.next/server/chunks/[root-of-the-server]__1jlk8z1._.js:2:58687)\n    at /Users/ofir/kenyonexpress-autopilot/.next/server/chunks/[root-of-the-server]__1jlk8z1._.js:2:87004\n    at /Users/ofir/kenyonexpress-autopilot/.next/server/chunks/[root-of-the-server]__1jlk8z1._.js:2:54057\n    at /Users/ofir/kenyonexpress-autopilot/.next/server/chunks/[root-of-the-server]__1jlk8z1._.js:2:54347\n    at Object.with (/Users/ofir/kenyonexpress-autopilot/.next/server/chunks/[root-of-the-server]__1jlk8z1._.js:2:4124)\n    at S.with (/Users/ofir/kenyonexpress-autopilot/.next/server/chunks/[root-of-the-server]__1jlk8z1._.js:2:4450)\n    at G.startActiveSpan (/Users/ofir/kenyonexpress-autopilot/.next/server/chunks/[root-of-the-server]__1jlk8z1._.js:2:6806)\n    at H.startActiveSpan (/Users/ofir/kenyonexpress-autopilot/.next/server/chunks/[root-of-the-server]__1jlk8z1._.js:2:7045)\n    at e.runWithActiveSpan (/Users/ofir/kenyonexpress-autopilot/.next/server/chunks/[root-of-the-server]__1jlk8z1._.js:2:54324)\n    at /Users/ofir/kenyonexpress-autopilot/.next/server/chunks/[root-of-the-server]__1jlk8z1._.js:2:53577\n    at Object.with (/Users/ofir/kenyonexpress-autopilot/.next/server/chunks/[root-of-the-server]__1jlk8z1._.js:2:4124)\n    at S.with (/Users/ofir/kenyonexpress-autopilot/.next/server/chunks/[root-of-the-server]__1jlk8z1._.js:2:4450)\n    at e.trace (/Users/ofir/kenyonexpress-autopilot/.next/server/chunks/[root-of-the-server]__1jlk8z1._.js:2:53551)\n    at fetch (/Users/ofir/kenyonexpress-autopilot/.next/server/chunks/[root-of-the-server]__1jlk8z1._.js:2:84044)\n    at /Users/ofir/kenyonexpress-autopilot/.next/server/chun","digest":"HANGING_PROMISE_REJECTION"}}
{"ts":"2026-10-07T14:22:20.311Z","level":"error","event":"db.query_failed","request_id":null,"method":"GET","target":"products","duration_ms":0,"err":{"name":"Error","message":"During prerendering, fetch() rejects when the prerender is complete. Typically these errors are handled by React but if you move fetch() to a different context by using `setTimeout`, `after`, or similar functions you may observe this error and you should handle it in that context. This occurred at route \"/product/[slug]\".","stack":"Error: During prerendering, fetch() rejects when the prerender is complete. Typically these errors are handled by React but if you move fetch() to a different context by using `setTimeout`, `after`, or similar functions you may observe this error and you should handle it in that context. This occurred at route \"/product/[slug]\".\n    at eu (/Users/ofir/kenyonexpress-autopilot/.next/server/chunks/[root-of-the-server]__1jlk8z1._.js:2:58687)\n    at /Users/ofir/kenyonexpress-autopilot/.next/server/chunks/[root-of-the-server]__1jlk8z1._.js:2:87004\n    at /Users/ofir/kenyonexpress-autopilot/.next/server/chunks/[root-of-the-server]__1jlk8z1._.js:2:54057\n    at /Users/ofir/kenyonexpress-autopilot/.next/server/chunks/[root-of-the-server]__1jlk8z1._.js:2:54347\n    at Object.with (/Users/ofir/kenyonexpress-autopilot/.next/server/chunks/[root-of-the-server]__1jlk8z1._.js:2:4124)\n    at S.with (/Users/ofir/kenyonexpress-autopilot/.next/server/chunks/[root-of-the-server]__1jlk8z1._.js:2:4450)\n    at G.startActiveSpan (/Users/ofir/kenyonexpress-autopilot/.next/server/chunks/[root-of-the-server]__1jlk8z1._.js:2:6806)\n    at H.startActiveSpan (/Users/ofir/kenyonexpress-autopilot/.next/server/chunks/[root-of-the-server]__1jlk8z1._.js:2:7045)\n    at e.runWithActiveSpan (/Users/ofir/kenyonexpress-autopilot/.next/server/chunks/[root-of-the-server]__1jlk8z1._.js:2:54324)\n    at /Users/ofir/kenyonexpress-autopilot/.next/server/chunks/[root-of-the-server]__1jlk8z1._.js:2:53577\n    at Object.with (/Users/ofir/kenyonexpress-autopilot/.next/server/chunks/[root-of-the-server]__1jlk8z1._.js:2:4124)\n    at S.with (/Users/ofir/kenyonexpress-autopilot/.next/server/chunks/[root-of-the-server]__1jlk8z1._.js:2:4450)\n    at e.trace (/Users/ofir/kenyonexpress-autopilot/.next/server/chunks/[root-of-the-server]__1jlk8z1._.js:2:53551)\n    at fetch (/Users/ofir/kenyonexpress-autopilot/.next/server/chunks/[root-of-the-server]__1jlk8z1._.js:2:84044)\n    at /Users/ofir/kenyonexpress-autopilot/.next/server/chun","digest":"HANGING_PROMISE_REJECTION"}}
{"ts":"2026-10-07T14:22:21.503Z","level":"warn","event":"db.query_slow","request_id":null,"method":"GET","target":"products","status":200,"duration_ms":7743,"threshold_ms":300}
{"ts":"2026-10-07T14:22:21.702Z","level":"warn","event":"db.query_slow","request_id":null,"method":"GET","target":"product_variants","status":200,"duration_ms":1645,"threshold_ms":300}
{"ts":"2026-10-07T14:22:21.705Z","level":"warn","event":"db.query_slow","request_id":null,"method":"GET","target":"products","status":200,"duration_ms":5553,"threshold_ms":300}
{"ts":"2026-10-07T14:22:21.972Z","level":"warn","event":"db.query_slow","request_id":null,"method":"GET","target":"products","status":200,"duration_ms":466,"threshold_ms":300}
{"ts":"2026-10-07T14:22:21.973Z","level":"warn","event":"db.query_slow","request_id":null,"method":"GET","target":"product_variants","status":200,"duration_ms":468,"threshold_ms":300}
{"ts":"2026-10-07T14:22:22.199Z","level":"warn","event":"db.query_slow","request_id":null,"method":"GET","target":"products","status":200,"duration_ms":452,"threshold_ms":300}
{"ts":"2026-10-07T14:22:22.295Z","level":"error","event":"db.query_failed","request_id":null,"method":"GET","target":"products","duration_ms":2,"err":{"name":"Error","message":"During prerendering, fetch() rejects when the prerender is complete. Typically these errors are handled by React but if you move fetch() to a different context by using `setTimeout`, `after`, or similar functions you may observe this error and you should handle it in that context. This occurred at route \"/product/[slug]\".","stack":"Error: During prerendering, fetch() rejects when the prerender is complete. Typically these errors are handled by React but if you move fetch() to a different context by using `setTimeout`, `after`, or similar functions you may observe this error and you should handle it in that context. This occurred at route \"/product/[slug]\".\n    at eu (/Users/ofir/kenyonexpress-autopilot/.next/server/chunks/[root-of-the-server]__1jlk8z1._.js:2:58687)\n    at /Users/ofir/kenyonexpress-autopilot/.next/server/chunks/[root-of-the-server]__1jlk8z1._.js:2:87004\n    at /Users/ofir/kenyonexpress-autopilot/.next/server/chunks/[root-of-the-server]__1jlk8z1._.js:2:54057\n    at /Users/ofir/kenyonexpress-autopilot/.next/server/chunks/[root-of-the-server]__1jlk8z1._.js:2:54347\n    at Object.with (/Users/ofir/kenyonexpress-autopilot/.next/server/chunks/[root-of-the-server]__1jlk8z1._.js:2:4124)\n    at S.with (/Users/ofir/kenyonexpress-autopilot/.next/server/chunks/[root-of-the-server]__1jlk8z1._.js:2:4450)\n    at G.startActiveSpan (/Users/ofir/kenyonexpress-autopilot/.next/server/chunks/[root-of-the-server]__1jlk8z1._.js:2:6806)\n    at H.startActiveSpan (/Users/ofir/kenyonexpress-autopilot/.next/server/chunks/[root-of-the-server]__1jlk8z1._.js:2:7045)\n    at e.runWithActiveSpan (/Users/ofir/kenyonexpress-autopilot/.next/server/chunks/[root-of-the-server]__1jlk8z1._.js:2:54324)\n    at /Users/ofir/kenyonexpress-autopilot/.next/server/chunks/[root-of-the-server]__1jlk8z1._.js:2:53577\n    at Object.with (/Users/ofir/kenyonexpress-autopilot/.next/server/chunks/[root-of-the-server]__1jlk8z1._.js:2:4124)\n    at S.with (/Users/ofir/kenyonexpress-autopilot/.next/server/chunks/[root-of-the-server]__1jlk8z1._.js:2:4450)\n    at e.trace (/Users/ofir/kenyonexpress-autopilot/.next/server/chunks/[root-of-the-server]__1jlk8z1._.js:2:53551)\n    at fetch (/Users/ofir/kenyonexpress-autopilot/.next/server/chunks/[root-of-the-server]__1jlk8z1._.js:2:84044)\n    at /Users/ofir/kenyonexpress-autopilot/.next/server/chun","digest":"HANGING_PROMISE_REJECTION"}}
{"ts":"2026-10-07T14:22:22.313Z","level":"error","event":"db.query_failed","request_id":null,"method":"GET","target":"products","duration_ms":0,"err":{"name":"Error","message":"During prerendering, fetch() rejects when the prerender is complete. Typically these errors are handled by React but if you move fetch() to a different context by using `setTimeout`, `after`, or similar functions you may observe this error and you should handle it in that context. This occurred at route \"/product/[slug]\".","stack":"Error: During prerendering, fetch() rejects when the prerender is complete. Typically these errors are handled by React but if you move fetch() to a different context by using `setTimeout`, `after`, or similar functions you may observe this error and you should handle it in that context. This occurred at route \"/product/[slug]\".\n    at eu (/Users/ofir/kenyonexpress-autopilot/.next/server/chunks/[root-of-the-server]__1jlk8z1._.js:2:58687)\n    at /Users/ofir/kenyonexpress-autopilot/.next/server/chunks/[root-of-the-server]__1jlk8z1._.js:2:87004\n    at /Users/ofir/kenyonexpress-autopilot/.next/server/chunks/[root-of-the-server]__1jlk8z1._.js:2:54057\n    at /Users/ofir/kenyonexpress-autopilot/.next/server/chunks/[root-of-the-server]__1jlk8z1._.js:2:54347\n    at Object.with (/Users/ofir/kenyonexpress-autopilot/.next/server/chunks/[root-of-the-server]__1jlk8z1._.js:2:4124)\n    at S.with (/Users/ofir/kenyonexpress-autopilot/.next/server/chunks/[root-of-the-server]__1jlk8z1._.js:2:4450)\n    at G.startActiveSpan (/Users/ofir/kenyonexpress-autopilot/.next/server/chunks/[root-of-the-server]__1jlk8z1._.js:2:6806)\n    at H.startActiveSpan (/Users/ofir/kenyonexpress-autopilot/.next/server/chunks/[root-of-the-server]__1jlk8z1._.js:2:7045)\n    at e.runWithActiveSpan (/Users/ofir/kenyonexpress-autopilot/.next/server/chunks/[root-of-the-server]__1jlk8z1._.js:2:54324)\n    at /Users/ofir/kenyonexpress-autopilot/.next/server/chunks/[root-of-the-server]__1jlk8z1._.js:2:53577\n    at Object.with (/Users/ofir/kenyonexpress-autopilot/.next/server/chunks/[root-of-the-server]__1jlk8z1._.js:2:4124)\n    at S.with (/Users/ofir/kenyonexpress-autopilot/.next/server/chunks/[root-of-the-server]__1jlk8z1._.js:2:4450)\n    at e.trace (/Users/ofir/kenyonexpress-autopilot/.next/server/chunks/[root-of-the-server]__1jlk8z1._.js:2:53551)\n    at fetch (/Users/ofir/kenyonexpress-autopilot/.next/server/chunks/[root-of-the-server]__1jlk8z1._.js:2:84044)\n    at /Users/ofir/kenyonexpress-autopilot/.next/server/chun","digest":"HANGING_PROMISE_REJECTION"}}
{"ts":"2026-10-07T14:22:22.901Z","level":"error","event":"supabase.timeout","request_id":null,"timeoutMs":10000,"url":"https://ixvwfbuvfxxsjiywhbbb.supabase.co/rest/v1/products"}
{"ts":"2026-10-07T14:22:22.964Z","level":"warn","event":"db.query_slow","request_id":null,"method":"GET","target":"products","status":200,"duration_ms":8489,"threshold_ms":300}
{"ts":"2026-10-07T14:22:23.314Z","level":"warn","event":"db.query_slow","request_id":null,"method":"GET","target":"products","status":200,"duration_ms":1113,"threshold_ms":300}
{"ts":"2026-10-07T14:22:23.441Z","level":"warn","event":"db.query_slow","request_id":null,"method":"POST","target":"rpc:product_rating_summary","status":404,"duration_ms":1936,"threshold_ms":300}
{"ts":"2026-10-07T14:22:24.477Z","level":"error","event":"supabase.timeout","request_id":null,"timeoutMs":10000,"url":"https://ixvwfbuvfxxsjiywhbbb.supabase.co/rest/v1/product_variants"}
{"ts":"2026-10-07T14:22:24.478Z","level":"error","event":"supabase.timeout","request_id":null,"timeoutMs":10000,"url":"https://ixvwfbuvfxxsjiywhbbb.supabase.co/rest/v1/product_variants"}
{"ts":"2026-10-07T14:22:24.479Z","level":"error","event":"supabase.timeout","request_id":null,"timeoutMs":10000,"url":"https://ixvwfbuvfxxsjiywhbbb.supabase.co/rest/v1/rpc/product_rating_summary"}
{"ts":"2026-10-07T14:22:24.479Z","level":"warn","event":"product_detail.rating_read_failed","request_id":null,"productId":"8198e729-3513-435e-8d51-b0d94f0cc32a","reason":"SupabaseTimeoutError: Supabase request exceeded 10000ms"}
{"ts":"2026-10-07T14:22:25.013Z","level":"warn","event":"db.query_slow","request_id":null,"method":"GET","target":"media_assets","status":200,"duration_ms":3508,"threshold_ms":300}
{"ts":"2026-10-07T14:22:25.821Z","level":"warn","event":"db.query_slow","request_id":null,"method":"GET","target":"products","status":200,"duration_ms":801,"threshold_ms":300}
{"ts":"2026-10-07T14:22:26.299Z","level":"error","event":"db.query_failed","request_id":null,"method":"GET","target":"products","duration_ms":1,"err":{"name":"Error","message":"During prerendering, fetch() rejects when the prerender is complete. Typically these errors are handled by React but if you move fetch() to a different context by using `setTimeout`, `after`, or similar functions you may observe this error and you should handle it in that context. This occurred at route \"/product/[slug]\".","stack":"Error: During prerendering, fetch() rejects when the prerender is complete. Typically these errors are handled by React but if you move fetch() to a different context by using `setTimeout`, `after`, or similar functions you may observe this error and you should handle it in that context. This occurred at route \"/product/[slug]\".\n    at eu (/Users/ofir/kenyonexpress-autopilot/.next/server/chunks/[root-of-the-server]__1jlk8z1._.js:2:58687)\n    at /Users/ofir/kenyonexpress-autopilot/.next/server/chunks/[root-of-the-server]__1jlk8z1._.js:2:87004\n    at /Users/ofir/kenyonexpress-autopilot/.next/server/chunks/[root-of-the-server]__1jlk8z1._.js:2:54057\n    at /Users/ofir/kenyonexpress-autopilot/.next/server/chunks/[root-of-the-server]__1jlk8z1._.js:2:54347\n    at Object.with (/Users/ofir/kenyonexpress-autopilot/.next/server/chunks/[root-of-the-server]__1jlk8z1._.js:2:4124)\n    at S.with (/Users/ofir/kenyonexpress-autopilot/.next/server/chunks/[root-of-the-server]__1jlk8z1._.js:2:4450)\n    at G.startActiveSpan (/Users/ofir/kenyonexpress-autopilot/.next/server/chunks/[root-of-the-server]__1jlk8z1._.js:2:6806)\n    at H.startActiveSpan (/Users/ofir/kenyonexpress-autopilot/.next/server/chunks/[root-of-the-server]__1jlk8z1._.js:2:7045)\n    at e.runWithActiveSpan (/Users/ofir/kenyonexpress-autopilot/.next/server/chunks/[root-of-the-server]__1jlk8z1._.js:2:54324)\n    at /Users/ofir/kenyonexpress-autopilot/.next/server/chunks/[root-of-the-server]__1jlk8z1._.js:2:53577\n    at Object.with (/Users/ofir/kenyonexpress-autopilot/.next/server/chunks/[root-of-the-server]__1jlk8z1._.js:2:4124)\n    at S.with (/Users/ofir/kenyonexpress-autopilot/.next/server/chunks/[root-of-the-server]__1jlk8z1._.js:2:4450)\n    at e.trace (/Users/ofir/kenyonexpress-autopilot/.next/server/chunks/[root-of-the-server]__1jlk8z1._.js:2:53551)\n    at fetch (/Users/ofir/kenyonexpress-autopilot/.next/server/chunks/[root-of-the-server]__1jlk8z1._.js:2:84044)\n    at /Users/ofir/kenyonexpress-autopilot/.next/server/chun","digest":"HANGING_PROMISE_REJECTION"}}
{"ts":"2026-10-07T14:22:26.300Z","level":"warn","event":"stock.available_read_failed","request_id":null,"productId":"933e28bb-5476-4250-8072-6dca2751102e","reason":"Error: During prerendering, fetch() rejects when the prerender is complete. Typically these errors are handled by React but if you move fetch() to a different context by using `setTimeout`, `after`, or similar functions you may observe this error and you should handle it in that context. This occurred at route \"/product/[slug]\"."}
{"ts":"2026-10-07T14:22:26.316Z","level":"error","event":"db.query_failed","request_id":null,"method":"GET","target":"products","duration_ms":0,"err":{"name":"Error","message":"During prerendering, fetch() rejects when the prerender is complete. Typically these errors are handled by React but if you move fetch() to a different context by using `setTimeout`, `after`, or similar functions you may observe this error and you should handle it in that context. This occurred at route \"/product/[slug]\".","stack":"Error: During prerendering, fetch() rejects when the prerender is complete. Typically these errors are handled by React but if you move fetch() to a different context by using `setTimeout`, `after`, or similar functions you may observe this error and you should handle it in that context. This occurred at route \"/product/[slug]\".\n    at eu (/Users/ofir/kenyonexpress-autopilot/.next/server/chunks/[root-of-the-server]__1jlk8z1._.js:2:58687)\n    at /Users/ofir/kenyonexpress-autopilot/.next/server/chunks/[root-of-the-server]__1jlk8z1._.js:2:87004\n    at /Users/ofir/kenyonexpress-autopilot/.next/server/chunks/[root-of-the-server]__1jlk8z1._.js:2:54057\n    at /Users/ofir/kenyonexpress-autopilot/.next/server/chunks/[root-of-the-server]__1jlk8z1._.js:2:54347\n    at Object.with (/Users/ofir/kenyonexpress-autopilot/.next/server/chunks/[root-of-the-server]__1jlk8z1._.js:2:4124)\n    at S.with (/Users/ofir/kenyonexpress-autopilot/.next/server/chunks/[root-of-the-server]__1jlk8z1._.js:2:4450)\n    at G.startActiveSpan (/Users/ofir/kenyonexpress-autopilot/.next/server/chunks/[root-of-the-server]__1jlk8z1._.js:2:6806)\n    at H.startActiveSpan (/Users/ofir/kenyonexpress-autopilot/.next/server/chunks/[root-of-the-server]__1jlk8z1._.js:2:7045)\n    at e.runWithActiveSpan (/Users/ofir/kenyonexpress-autopilot/.next/server/chunks/[root-of-the-server]__1jlk8z1._.js:2:54324)\n    at /Users/ofir/kenyonexpress-autopilot/.next/server/chunks/[root-of-the-server]__1jlk8z1._.js:2:53577\n    at Object.with (/Users/ofir/kenyonexpress-autopilot/.next/server/chunks/[root-of-the-server]__1jlk8z1._.js:2:4124)\n    at S.with (/Users/ofir/kenyonexpress-autopilot/.next/server/chunks/[root-of-the-server]__1jlk8z1._.js:2:4450)\n    at e.trace (/Users/ofir/kenyonexpress-autopilot/.next/server/chunks/[root-of-the-server]__1jlk8z1._.js:2:53551)\n    at fetch (/Users/ofir/kenyonexpress-autopilot/.next/server/chunks/[root-of-the-server]__1jlk8z1._.js:2:84044)\n    at /Users/ofir/kenyonexpress-autopilot/.next/server/chun","digest":"HANGING_PROMISE_REJECTION"}}
{"ts":"2026-10-07T14:22:26.316Z","level":"warn","event":"stock.available_read_failed","request_id":null,"productId":"933e28bb-5476-4250-8072-6dca2751102e","reason":"Error: During prerendering, fetch() rejects when the prerender is complete. Typically these errors are handled by React but if you move fetch() to a different context by using `setTimeout`, `after`, or similar functions you may observe this error and you should handle it in that context. This occurred at route \"/product/[slug]\"."}
{"ts":"2026-10-07T14:22:26.422Z","level":"warn","event":"db.query_slow","request_id":null,"method":"GET","target":"product_variants","status":200,"duration_ms":942,"threshold_ms":300}
{"ts":"2026-10-07T14:22:27.151Z","level":"warn","event":"db.query_slow","request_id":null,"method":"GET","target":"media_assets","status":200,"duration_ms":7093,"threshold_ms":300}
{"ts":"2026-10-07T14:22:27.369Z","level":"warn","event":"db.query_slow","request_id":null,"method":"GET","target":"product_variants","status":200,"duration_ms":1889,"threshold_ms":300}
{"ts":"2026-10-07T14:22:27.375Z","level":"warn","event":"db.query_slow","request_id":null,"method":"GET","target":"products","status":200,"duration_ms":950,"threshold_ms":300}
{"ts":"2026-10-07T14:22:27.892Z","level":"warn","event":"db.query_slow","request_id":null,"method":"GET","target":"products","status":200,"duration_ms":738,"threshold_ms":300}
{"ts":"2026-10-07T14:22:27.901Z","level":"warn","event":"db.query_slow","request_id":null,"method":"GET","target":"categories","status":200,"duration_ms":5723,"threshold_ms":300}
{"ts":"2026-10-07T14:22:28.613Z","level":"warn","event":"db.query_slow","request_id":null,"method":"GET","target":"categories","status":200,"duration_ms":6422,"threshold_ms":300}
{"ts":"2026-10-07T14:22:28.656Z","level":"warn","event":"db.query_slow","request_id":null,"method":"GET","target":"products","status":200,"duration_ms":9063,"threshold_ms":300}
{"ts":"2026-10-07T14:22:28.833Z","level":"warn","event":"db.query_slow","request_id":null,"method":"GET","target":"product_variants","status":200,"duration_ms":9696,"threshold_ms":300}
{"ts":"2026-10-07T14:22:28.834Z","level":"warn","event":"db.query_slow","request_id":null,"method":"GET","target":"products","status":200,"duration_ms":1461,"threshold_ms":300}
{"ts":"2026-10-07T14:22:29.103Z","level":"warn","event":"db.query_slow","request_id":null,"method":"GET","target":"products","status":200,"duration_ms":442,"threshold_ms":300}
{"ts":"2026-10-07T14:22:29.634Z","level":"error","event":"supabase.timeout","request_id":null,"timeoutMs":10000,"url":"https://ixvwfbuvfxxsjiywhbbb.supabase.co/rest/v1/media_assets"}
{"ts":"2026-10-07T14:22:31.144Z","level":"warn","event":"db.query_slow","request_id":null,"method":"GET","target":"products","status":200,"duration_ms":2300,"threshold_ms":300}
{"ts":"2026-10-07T14:22:31.165Z","level":"warn","event":"db.query_slow","request_id":null,"method":"GET","target":"products","status":200,"duration_ms":3271,"threshold_ms":300}
{"ts":"2026-10-07T14:22:32.181Z","level":"error","event":"supabase.timeout","request_id":null,"timeoutMs":10000,"url":"https://ixvwfbuvfxxsjiywhbbb.supabase.co/rest/v1/categories"}
{"ts":"2026-10-07T14:22:32.186Z","level":"error","event":"catalogue.category_by_slug_failed","request_id":null,"slug":"vacation","error":{"message":"SupabaseTimeoutError: Supabase request exceeded 10000ms","details":"SupabaseTimeoutError: Supabase request exceeded 10000ms\n    at /Users/ofir/kenyonexpress-autopilot/.next/server/chunks/ssr/src_lib_02hz88u._.js:2:2434\n    at async /Users/ofir/kenyonexpress-autopilot/.next/server/chunks/ssr/src_lib_02hz88u._.js:2:3166\n    at async /Users/ofir/kenyonexpress-autopilot/.next/server/chunks/ssr/src_lib_02hz88u._.js:2:3835\n    at async /Users/ofir/kenyonexpress-autopilot/.next/server/chunks/ssr/src_lib_02hz88u._.js:2:11417\n    at async o (/Users/ofir/kenyonexpress-autopilot/.next/server/chunks/ssr/src_lib_category-page_ts_1yg58gq._.js:2:884)","hint":"","code":""}}
⨯ Error: catalogue.category_by_slug_failed: SupabaseTimeoutError: Supabase request exceeded 10000ms
    at c (src/lib/catalogue-read.ts:56:9)
    at o (src/lib/category-page.ts:146:16)
  54 |   if (error.code === 'PGRST116' || error.code === 'PGRST103') return data
  55 |   log.error(event, { ...context, error })
> 56 |   throw new Error(`${event}: ${error.message ?? 'catalogue read failed'}`)
     |         ^
  57 | }
  58 |
  59 | /** Same contract as `orFail`, for the reads that also carry `count`. */ {
  digest: '4211092872'
}
Error occurred prerendering page "/category/vacation". Read more: https://nextjs.org/docs/messages/prerender-error
Error: catalogue.category_by_slug_failed: SupabaseTimeoutError: Supabase request exceeded 10000ms
    at c (src/lib/catalogue-read.ts:56:9)
    at o (src/lib/category-page.ts:146:16)
  54 |   if (error.code === 'PGRST116' || error.code === 'PGRST103') return data
  55 |   log.error(event, { ...context, error })
> 56 |   throw new Error(`${event}: ${error.message ?? 'catalogue read failed'}`)
     |         ^
  57 | }
  58 |
  59 | /** Same contract as `orFail`, for the reads that also carry `count`. */ {
  digest: '4211092872'
}
Export encountered an error on /(store)/category/[slug]/page: /category/vacation, exiting the build.
⨯ Next.js build worker exited with code: 1 and signal: null
Turbopack build encountered 2 warnings:
./src/lib/images/watermark.ts:33:21
Warning: The file pattern ('/ROOT/' <dynamic> | '/ROOT' <dynamic>) matches 10396 files in [project]/
  [90m31 |[0m   [36mif[0m (cached && cachedFor === file) [36mreturn[0m cached
  [90m32 |[0m   cachedFor = file
[33m[1m>[0m [90m33 |[0m   cached = readFile(resolve(process.cwd(), file))
  [90m   |[0m                     [33m[1m^^^^^^^^^^^^^^^^^^^^^^^^^^^^[0m
  [90m34 |[0m     .then((image) => ({ image, opacity: parseOpacity(env.[33mIMAGE_WATERMARK_OPACITY[0m) }))
  [90m35 |[0m     .[36mcatch[0m((error: unknown) => {
  [90m36 |[0m       log.warn([32m'images.watermark.unreadable'[0m, {

Overly broad patterns can lead to build performance issues and over bundling.

Import trace:
  Server Component:
    ./src/lib/images/watermark.ts
    ./src/server/actions/admin/images.ts


./src/lib/images/watermark.ts:33:21
Warning: Dynamic filesystem access causes tracing of the whole project
  [90m31 |[0m   [36mif[0m (cached && cachedFor === file) [36mreturn[0m cached
  [90m32 |[0m   cachedFor = file
[33m[1m>[0m [90m33 |[0m   cached = readFile(resolve(process.cwd(), file))
  [90m   |[0m                     [33m[1m^^^^^^^^^^^^^^^^^^^^^^^^^^^^[0m
  [90m34 |[0m     .then((image) => ({ image, opacity: parseOpacity(env.[33mIMAGE_WATERMARK_OPACITY[0m) }))
  [90m35 |[0m     .[36mcatch[0m((error: unknown) => {
  [90m36 |[0m       log.warn([32m'images.watermark.unreadable'[0m, {

Static analysis determined that this filesystem access causes the whole project to be traced and included in the output.
This is usually unintentional and leads to all source files (including the public folder) to be deployed as part of the server code.
This can slow down deployments or lead to failures when size limits are exceeded.
To resolve this, you can
- make sure the path is statically scoped to some subfolder, for example path.join(process.cwd(), 'data', bar), or
- only use them in development, or
- opt out by adding an ignore comment to the highlighted call: path.resolve(/*turbopackIgnore: true*/ ...), or
- remove them.

Import trace:
  Server Component:
    ./src/lib/images/watermark.ts
    ./src/server/actions/admin/images.ts


[ELIFECYCLE] Command failed with exit code 1.
exit=1
