Already up to date
Done in 321ms using pnpm v11.1.2
$ next build && node scripts/security/csp-shell-gate.mjs
▲ Next.js 16.3.3 (Turbopack)
- Environments: .env.local
✓ Running next.config.ts took 401ms
- Cache Components enabled
- Experiments (use with caution):
  · optimizePackageImports
  · serverActions

  Creating an optimized production build ...
✓ Compiled successfully in 11.4s
  Running next.config.js provided runAfterProductionCompile ...
✓ Completed runAfterProductionCompile in 355ms
  Running TypeScript ...
  Finished TypeScript in 11.2s ...
  Collecting page data using 7 workers ...
(node:35723) ExperimentalWarning: The supports Web Crypto API method is an experimental feature and might change at any time
(Use `node --trace-warnings ...` to show where the warning was created)
(node:35723) ExperimentalWarning: The ML-DSA-44 Web Crypto API algorithm is an experimental feature and might change at any time
{"ts":"2026-10-07T18:55:04.405Z","level":"warn","event":"db.query_slow","request_id":null,"method":"GET","target":"suppliers","status":200,"duration_ms":617,"threshold_ms":300}
{"ts":"2026-10-07T18:55:04.417Z","level":"warn","event":"db.query_slow","request_id":null,"method":"GET","target":"categories","status":200,"duration_ms":678,"threshold_ms":300}
{"ts":"2026-10-07T18:55:04.434Z","level":"warn","event":"db.query_slow","request_id":null,"method":"GET","target":"products","status":200,"duration_ms":597,"threshold_ms":300}
{"ts":"2026-10-07T18:55:04.437Z","level":"warn","event":"db.query_slow","request_id":null,"method":"GET","target":"coupon_deals","status":200,"duration_ms":738,"threshold_ms":300}
{"ts":"2026-10-07T18:55:04.465Z","level":"warn","event":"db.query_slow","request_id":null,"method":"GET","target":"products","status":200,"duration_ms":665,"threshold_ms":300}
  Generating static pages using 7 workers (0/295) ...
  Generating static pages using 7 workers (73/295) 
{"ts":"2026-10-07T18:55:04.977Z","level":"warn","event":"db.query_slow","request_id":null,"method":"GET","target":"products","status":200,"duration_ms":419,"threshold_ms":300}
{"ts":"2026-10-07T18:55:04.984Z","level":"warn","event":"db.query_slow","request_id":null,"method":"GET","target":"products","status":200,"duration_ms":409,"threshold_ms":300}
{"ts":"2026-10-07T18:55:04.985Z","level":"warn","event":"db.query_slow","request_id":null,"method":"GET","target":"products","status":200,"duration_ms":398,"threshold_ms":300}
{"ts":"2026-10-07T18:55:04.993Z","level":"warn","event":"db.query_slow","request_id":null,"method":"GET","target":"products","status":200,"duration_ms":416,"threshold_ms":300}
{"ts":"2026-10-07T18:55:05.011Z","level":"warn","event":"db.query_slow","request_id":null,"method":"GET","target":"products","status":200,"duration_ms":408,"threshold_ms":300}
{"ts":"2026-10-07T18:55:05.011Z","level":"warn","event":"db.query_slow","request_id":null,"method":"GET","target":"products","status":200,"duration_ms":433,"threshold_ms":300}
{"ts":"2026-10-07T18:55:05.012Z","level":"warn","event":"db.query_slow","request_id":null,"method":"GET","target":"products","status":200,"duration_ms":431,"threshold_ms":300}
{"ts":"2026-10-07T18:55:05.013Z","level":"warn","event":"db.query_slow","request_id":null,"method":"GET","target":"products","status":200,"duration_ms":447,"threshold_ms":300}
{"ts":"2026-10-07T18:55:05.023Z","level":"warn","event":"db.query_slow","request_id":null,"method":"GET","target":"products","status":200,"duration_ms":443,"threshold_ms":300}
{"ts":"2026-10-07T18:55:05.024Z","level":"warn","event":"db.query_slow","request_id":null,"method":"GET","target":"products","status":200,"duration_ms":437,"threshold_ms":300}
{"ts":"2026-10-07T18:55:05.034Z","level":"warn","event":"db.query_slow","request_id":null,"method":"GET","target":"products","status":200,"duration_ms":443,"threshold_ms":300}
{"ts":"2026-10-07T18:55:05.035Z","level":"warn","event":"db.query_slow","request_id":null,"method":"GET","target":"products","status":200,"duration_ms":447,"threshold_ms":300}
{"ts":"2026-10-07T18:55:05.037Z","level":"warn","event":"db.query_slow","request_id":null,"method":"GET","target":"coupon_deals","status":200,"duration_ms":482,"threshold_ms":300}
{"ts":"2026-10-07T18:55:05.073Z","level":"warn","event":"db.query_slow","request_id":null,"method":"GET","target":"products","status":200,"duration_ms":498,"threshold_ms":300}
{"ts":"2026-10-07T18:55:05.073Z","level":"warn","event":"db.query_slow","request_id":null,"method":"GET","target":"products","status":200,"duration_ms":471,"threshold_ms":300}
{"ts":"2026-10-07T18:55:05.074Z","level":"warn","event":"db.query_slow","request_id":null,"method":"GET","target":"products","status":200,"duration_ms":489,"threshold_ms":300}
(node:35724) ExperimentalWarning: The supports Web Crypto API method is an experimental feature and might change at any time
(Use `node --trace-warnings ...` to show where the warning was created)
(node:35724) ExperimentalWarning: The ML-DSA-44 Web Crypto API algorithm is an experimental feature and might change at any time
{"ts":"2026-10-07T18:55:05.126Z","level":"error","event":"db.query_failed","request_id":null,"method":"GET","target":"referral_program_settings","duration_ms":50,"err":{"name":"Error","message":"During prerendering, fetch() rejects when the prerender is complete. Typically these errors are handled by React but if you move fetch() to a different context by using `setTimeout`, `after`, or similar functions you may observe this error and you should handle it in that context. This occurred at route \"/account/referrals\".","stack":"Error: During prerendering, fetch() rejects when the prerender is complete. Typically these errors are handled by React but if you move fetch() to a different context by using `setTimeout`, `after`, or similar functions you may observe this error and you should handle it in that context. This occurred at route \"/account/referrals\".\n    at /Users/ofir/kenyonexpress-autopilot/.next/server/chunks/ssr/[root-of-the-server]__1_aa14n._.js:2:23832\n    at /Users/ofir/kenyonexpress-autopilot/.next/server/chunks/ssr/[root-of-the-server]__1_aa14n._.js:11:48366\n    at /Users/ofir/kenyonexpress-autopilot/.next/server/chunks/ssr/[root-of-the-server]__1_aa14n._.js:11:66894\n    at /Users/ofir/kenyonexpress-autopilot/.next/server/chunks/ssr/[root-of-the-server]__1_aa14n._.js:11:67121\n    at Object.with (/Users/ofir/kenyonexpress-autopilot/.next/server/chunks/ssr/0sj1_@opentelemetry_api_build_esm_1_uv6rc._.js:2:3907)\n    at v.with (/Users/ofir/kenyonexpress-autopilot/.next/server/chunks/ssr/0sj1_@opentelemetry_api_build_esm_1_uv6rc._.js:2:4233)\n    at P.startActiveSpan (/Users/ofir/kenyonexpress-autopilot/.next/server/chunks/ssr/0sj1_@opentelemetry_api_build_esm_1_uv6rc._.js:2:6588)\n    at R.startActiveSpan (/Users/ofir/kenyonexpress-autopilot/.next/server/chunks/ssr/0sj1_@opentelemetry_api_build_esm_1_uv6rc._.js:2:6827)\n    at a.runWithActiveSpan (/Users/ofir/kenyonexpress-autopilot/.next/server/chunks/ssr/[root-of-the-server]__1_aa14n._.js:11:67098)\n    at /Users/ofir/kenyonexpress-autopilot/.next/server/chunks/ssr/[root-of-the-server]__1_aa14n._.js:11:66397\n    at Object.with (/Users/ofir/kenyonexpress-autopilot/.next/server/chunks/ssr/0sj1_@opentelemetry_api_build_esm_1_uv6rc._.js:2:3907)\n    at v.with (/Users/ofir/kenyonexpress-autopilot/.next/server/chunks/ssr/0sj1_@opentelemetry_api_build_esm_1_uv6rc._.js:2:4233)\n    at a.trace (/Users/ofir/kenyonexpress-autopilot/.next/server/chunks/ssr/[root-of-the-server]__1_aa14n._.js:11:66371)\n    at fetch (/Users/ofir/kenyonexpress-autopi","digest":"HANGING_PROMISE_REJECTION"}}
{"ts":"2026-10-07T18:55:05.127Z","level":"warn","event":"db.query_slow","request_id":null,"method":"GET","target":"products","status":200,"duration_ms":541,"threshold_ms":300}
{"ts":"2026-10-07T18:55:05.149Z","level":"warn","event":"db.query_slow","request_id":null,"method":"GET","target":"products","status":200,"duration_ms":449,"threshold_ms":300}
{"ts":"2026-10-07T18:55:05.156Z","level":"warn","event":"db.query_slow","request_id":null,"method":"GET","target":"products","status":200,"duration_ms":451,"threshold_ms":300}
{"ts":"2026-10-07T18:55:05.187Z","level":"error","event":"db.query_failed","request_id":null,"method":"GET","target":"referral_program_settings","duration_ms":1,"err":{"name":"Error","message":"During prerendering, fetch() rejects when the prerender is complete. Typically these errors are handled by React but if you move fetch() to a different context by using `setTimeout`, `after`, or similar functions you may observe this error and you should handle it in that context. This occurred at route \"/account/referrals\".","stack":"Error: During prerendering, fetch() rejects when the prerender is complete. Typically these errors are handled by React but if you move fetch() to a different context by using `setTimeout`, `after`, or similar functions you may observe this error and you should handle it in that context. This occurred at route \"/account/referrals\".\n    at /Users/ofir/kenyonexpress-autopilot/.next/server/chunks/ssr/[root-of-the-server]__1_aa14n._.js:2:23832\n    at /Users/ofir/kenyonexpress-autopilot/.next/server/chunks/ssr/[root-of-the-server]__1_aa14n._.js:11:48366\n    at /Users/ofir/kenyonexpress-autopilot/.next/server/chunks/ssr/[root-of-the-server]__1_aa14n._.js:11:66894\n    at /Users/ofir/kenyonexpress-autopilot/.next/server/chunks/ssr/[root-of-the-server]__1_aa14n._.js:11:67121\n    at Object.with (/Users/ofir/kenyonexpress-autopilot/.next/server/chunks/ssr/0sj1_@opentelemetry_api_build_esm_1_uv6rc._.js:2:3907)\n    at v.with (/Users/ofir/kenyonexpress-autopilot/.next/server/chunks/ssr/0sj1_@opentelemetry_api_build_esm_1_uv6rc._.js:2:4233)\n    at P.startActiveSpan (/Users/ofir/kenyonexpress-autopilot/.next/server/chunks/ssr/0sj1_@opentelemetry_api_build_esm_1_uv6rc._.js:2:6588)\n    at R.startActiveSpan (/Users/ofir/kenyonexpress-autopilot/.next/server/chunks/ssr/0sj1_@opentelemetry_api_build_esm_1_uv6rc._.js:2:6827)\n    at a.runWithActiveSpan (/Users/ofir/kenyonexpress-autopilot/.next/server/chunks/ssr/[root-of-the-server]__1_aa14n._.js:11:67098)\n    at /Users/ofir/kenyonexpress-autopilot/.next/server/chunks/ssr/[root-of-the-server]__1_aa14n._.js:11:66397\n    at Object.with (/Users/ofir/kenyonexpress-autopilot/.next/server/chunks/ssr/0sj1_@opentelemetry_api_build_esm_1_uv6rc._.js:2:3907)\n    at v.with (/Users/ofir/kenyonexpress-autopilot/.next/server/chunks/ssr/0sj1_@opentelemetry_api_build_esm_1_uv6rc._.js:2:4233)\n    at a.trace (/Users/ofir/kenyonexpress-autopilot/.next/server/chunks/ssr/[root-of-the-server]__1_aa14n._.js:11:66371)\n    at fetch (/Users/ofir/kenyonexpress-autopi","digest":"HANGING_PROMISE_REJECTION"}}
{"ts":"2026-10-07T18:55:05.358Z","level":"warn","event":"db.query_slow","request_id":null,"method":"GET","target":"products","status":200,"duration_ms":647,"threshold_ms":300}
{"ts":"2026-10-07T18:55:05.359Z","level":"warn","event":"db.query_slow","request_id":null,"method":"GET","target":"products","status":200,"duration_ms":652,"threshold_ms":300}
{"ts":"2026-10-07T18:55:05.376Z","level":"warn","event":"db.query_slow","request_id":null,"method":"GET","target":"products","status":400,"duration_ms":396,"threshold_ms":300}
{"ts":"2026-10-07T18:55:05.377Z","level":"warn","event":"db.query_slow","request_id":null,"method":"GET","target":"products","status":200,"duration_ms":681,"threshold_ms":300}
{"ts":"2026-10-07T18:55:05.378Z","level":"warn","event":"db.query_slow","request_id":null,"method":"GET","target":"product_variants","status":200,"duration_ms":398,"threshold_ms":300}
{"ts":"2026-10-07T18:55:05.379Z","level":"warn","event":"db.query_slow","request_id":null,"method":"GET","target":"suppliers","status":200,"duration_ms":399,"threshold_ms":300}
{"ts":"2026-10-07T18:55:05.379Z","level":"warn","event":"db.query_slow","request_id":null,"method":"POST","target":"rpc:product_rating_summary","status":404,"duration_ms":383,"threshold_ms":300}
{"ts":"2026-10-07T18:55:05.414Z","level":"error","event":"db.query_failed","request_id":null,"method":"GET","target":"referral_program_settings","duration_ms":11,"err":{"name":"Error","message":"During prerendering, fetch() rejects when the prerender is complete. Typically these errors are handled by React but if you move fetch() to a different context by using `setTimeout`, `after`, or similar functions you may observe this error and you should handle it in that context. This occurred at route \"/account/wallet\".","stack":"Error: During prerendering, fetch() rejects when the prerender is complete. Typically these errors are handled by React but if you move fetch() to a different context by using `setTimeout`, `after`, or similar functions you may observe this error and you should handle it in that context. This occurred at route \"/account/wallet\".\n    at /Users/ofir/kenyonexpress-autopilot/.next/server/chunks/ssr/[root-of-the-server]__1_aa14n._.js:2:23832\n    at /Users/ofir/kenyonexpress-autopilot/.next/server/chunks/ssr/[root-of-the-server]__1_aa14n._.js:11:48366\n    at /Users/ofir/kenyonexpress-autopilot/.next/server/chunks/ssr/[root-of-the-server]__1_aa14n._.js:11:66894\n    at /Users/ofir/kenyonexpress-autopilot/.next/server/chunks/ssr/[root-of-the-server]__1_aa14n._.js:11:67121\n    at Object.with (/Users/ofir/kenyonexpress-autopilot/.next/server/chunks/ssr/0sj1_@opentelemetry_api_build_esm_1_uv6rc._.js:2:3907)\n    at v.with (/Users/ofir/kenyonexpress-autopilot/.next/server/chunks/ssr/0sj1_@opentelemetry_api_build_esm_1_uv6rc._.js:2:4233)\n    at P.startActiveSpan (/Users/ofir/kenyonexpress-autopilot/.next/server/chunks/ssr/0sj1_@opentelemetry_api_build_esm_1_uv6rc._.js:2:6588)\n    at R.startActiveSpan (/Users/ofir/kenyonexpress-autopilot/.next/server/chunks/ssr/0sj1_@opentelemetry_api_build_esm_1_uv6rc._.js:2:6827)\n    at a.runWithActiveSpan (/Users/ofir/kenyonexpress-autopilot/.next/server/chunks/ssr/[root-of-the-server]__1_aa14n._.js:11:67098)\n    at /Users/ofir/kenyonexpress-autopilot/.next/server/chunks/ssr/[root-of-the-server]__1_aa14n._.js:11:66397\n    at Object.with (/Users/ofir/kenyonexpress-autopilot/.next/server/chunks/ssr/0sj1_@opentelemetry_api_build_esm_1_uv6rc._.js:2:3907)\n    at v.with (/Users/ofir/kenyonexpress-autopilot/.next/server/chunks/ssr/0sj1_@opentelemetry_api_build_esm_1_uv6rc._.js:2:4233)\n    at a.trace (/Users/ofir/kenyonexpress-autopilot/.next/server/chunks/ssr/[root-of-the-server]__1_aa14n._.js:11:66371)\n    at fetch (/Users/ofir/kenyonexpress-autopilot","digest":"HANGING_PROMISE_REJECTION"}}
{"ts":"2026-10-07T18:55:05.420Z","level":"warn","event":"db.query_slow","request_id":null,"method":"POST","target":"rpc:product_rating_summary","status":404,"duration_ms":439,"threshold_ms":300}
{"ts":"2026-10-07T18:55:05.420Z","level":"warn","event":"db.query_slow","request_id":null,"method":"POST","target":"rpc:product_rating_summary","status":404,"duration_ms":395,"threshold_ms":300}
{"ts":"2026-10-07T18:55:05.436Z","level":"error","event":"db.query_failed","request_id":null,"method":"GET","target":"referral_program_settings","duration_ms":0,"err":{"name":"Error","message":"During prerendering, fetch() rejects when the prerender is complete. Typically these errors are handled by React but if you move fetch() to a different context by using `setTimeout`, `after`, or similar functions you may observe this error and you should handle it in that context. This occurred at route \"/account/wallet\".","stack":"Error: During prerendering, fetch() rejects when the prerender is complete. Typically these errors are handled by React but if you move fetch() to a different context by using `setTimeout`, `after`, or similar functions you may observe this error and you should handle it in that context. This occurred at route \"/account/wallet\".\n    at /Users/ofir/kenyonexpress-autopilot/.next/server/chunks/ssr/[root-of-the-server]__1_aa14n._.js:2:23832\n    at /Users/ofir/kenyonexpress-autopilot/.next/server/chunks/ssr/[root-of-the-server]__1_aa14n._.js:11:48366\n    at /Users/ofir/kenyonexpress-autopilot/.next/server/chunks/ssr/[root-of-the-server]__1_aa14n._.js:11:66894\n    at /Users/ofir/kenyonexpress-autopilot/.next/server/chunks/ssr/[root-of-the-server]__1_aa14n._.js:11:67121\n    at Object.with (/Users/ofir/kenyonexpress-autopilot/.next/server/chunks/ssr/0sj1_@opentelemetry_api_build_esm_1_uv6rc._.js:2:3907)\n    at v.with (/Users/ofir/kenyonexpress-autopilot/.next/server/chunks/ssr/0sj1_@opentelemetry_api_build_esm_1_uv6rc._.js:2:4233)\n    at P.startActiveSpan (/Users/ofir/kenyonexpress-autopilot/.next/server/chunks/ssr/0sj1_@opentelemetry_api_build_esm_1_uv6rc._.js:2:6588)\n    at R.startActiveSpan (/Users/ofir/kenyonexpress-autopilot/.next/server/chunks/ssr/0sj1_@opentelemetry_api_build_esm_1_uv6rc._.js:2:6827)\n    at a.runWithActiveSpan (/Users/ofir/kenyonexpress-autopilot/.next/server/chunks/ssr/[root-of-the-server]__1_aa14n._.js:11:67098)\n    at /Users/ofir/kenyonexpress-autopilot/.next/server/chunks/ssr/[root-of-the-server]__1_aa14n._.js:11:66397\n    at Object.with (/Users/ofir/kenyonexpress-autopilot/.next/server/chunks/ssr/0sj1_@opentelemetry_api_build_esm_1_uv6rc._.js:2:3907)\n    at v.with (/Users/ofir/kenyonexpress-autopilot/.next/server/chunks/ssr/0sj1_@opentelemetry_api_build_esm_1_uv6rc._.js:2:4233)\n    at a.trace (/Users/ofir/kenyonexpress-autopilot/.next/server/chunks/ssr/[root-of-the-server]__1_aa14n._.js:11:66371)\n    at fetch (/Users/ofir/kenyonexpress-autopilot","digest":"HANGING_PROMISE_REJECTION"}}
{"ts":"2026-10-07T18:55:05.461Z","level":"warn","event":"db.query_slow","request_id":null,"method":"POST","target":"rpc:product_rating_summary","status":404,"duration_ms":434,"threshold_ms":300}
(node:35725) ExperimentalWarning: The supports Web Crypto API method is an experimental feature and might change at any time
(Use `node --trace-warnings ...` to show where the warning was created)
(node:35725) ExperimentalWarning: The ML-DSA-44 Web Crypto API algorithm is an experimental feature and might change at any time
{"ts":"2026-10-07T18:55:05.591Z","level":"warn","event":"db.query_slow","request_id":null,"method":"GET","target":"media_assets","status":200,"duration_ms":610,"threshold_ms":300}
{"ts":"2026-10-07T18:55:05.593Z","level":"warn","event":"db.query_slow","request_id":null,"method":"GET","target":"products","status":400,"duration_ms":566,"threshold_ms":300}
{"ts":"2026-10-07T18:55:05.595Z","level":"warn","event":"db.query_slow","request_id":null,"method":"GET","target":"product_variants","status":200,"duration_ms":569,"threshold_ms":300}
{"ts":"2026-10-07T18:55:05.598Z","level":"warn","event":"db.query_slow","request_id":null,"method":"GET","target":"media_assets","status":200,"duration_ms":602,"threshold_ms":300}
{"ts":"2026-10-07T18:55:05.599Z","level":"warn","event":"db.query_slow","request_id":null,"method":"GET","target":"suppliers","status":200,"duration_ms":521,"threshold_ms":300}
{"ts":"2026-10-07T18:55:05.599Z","level":"warn","event":"db.query_slow","request_id":null,"method":"GET","target":"suppliers","status":200,"duration_ms":522,"threshold_ms":300}
{"ts":"2026-10-07T18:55:05.601Z","level":"warn","event":"db.query_slow","request_id":null,"method":"GET","target":"products","status":400,"duration_ms":521,"threshold_ms":300}
{"ts":"2026-10-07T18:55:05.602Z","level":"warn","event":"db.query_slow","request_id":null,"method":"GET","target":"products","status":400,"duration_ms":576,"threshold_ms":300}
{"ts":"2026-10-07T18:55:05.602Z","level":"warn","event":"db.query_slow","request_id":null,"method":"GET","target":"products","status":400,"duration_ms":525,"threshold_ms":300}
{"ts":"2026-10-07T18:55:05.603Z","level":"warn","event":"db.query_slow","request_id":null,"method":"GET","target":"media_assets","status":200,"duration_ms":578,"threshold_ms":300}
{"ts":"2026-10-07T18:55:05.604Z","level":"warn","event":"db.query_slow","request_id":null,"method":"GET","target":"suppliers","status":200,"duration_ms":567,"threshold_ms":300}
{"ts":"2026-10-07T18:55:05.605Z","level":"warn","event":"db.query_slow","request_id":null,"method":"GET","target":"product_variants","status":200,"duration_ms":610,"threshold_ms":300}
{"ts":"2026-10-07T18:55:05.605Z","level":"warn","event":"db.query_slow","request_id":null,"method":"POST","target":"rpc:product_rating_summary","status":404,"duration_ms":568,"threshold_ms":300}
{"ts":"2026-10-07T18:55:05.606Z","level":"warn","event":"db.query_slow","request_id":null,"method":"GET","target":"suppliers","status":200,"duration_ms":610,"threshold_ms":300}
{"ts":"2026-10-07T18:55:05.606Z","level":"warn","event":"db.query_slow","request_id":null,"method":"GET","target":"products","status":400,"duration_ms":610,"threshold_ms":300}
{"ts":"2026-10-07T18:55:05.607Z","level":"warn","event":"db.query_slow","request_id":null,"method":"GET","target":"suppliers","status":200,"duration_ms":581,"threshold_ms":300}
{"ts":"2026-10-07T18:55:05.608Z","level":"warn","event":"db.query_slow","request_id":null,"method":"GET","target":"product_variants","status":200,"duration_ms":582,"threshold_ms":300}
{"ts":"2026-10-07T18:55:05.609Z","level":"warn","event":"db.query_slow","request_id":null,"method":"GET","target":"suppliers","status":200,"duration_ms":584,"threshold_ms":300}
{"ts":"2026-10-07T18:55:05.612Z","level":"warn","event":"db.query_slow","request_id":null,"method":"POST","target":"rpc:product_rating_summary","status":404,"duration_ms":535,"threshold_ms":300}
{"ts":"2026-10-07T18:55:05.612Z","level":"warn","event":"db.query_slow","request_id":null,"method":"GET","target":"coupon_deals","status":200,"duration_ms":1010,"threshold_ms":300}
{"ts":"2026-10-07T18:55:05.614Z","level":"warn","event":"db.query_slow","request_id":null,"method":"GET","target":"products","status":400,"duration_ms":576,"threshold_ms":300}
{"ts":"2026-10-07T18:55:05.614Z","level":"warn","event":"db.query_slow","request_id":null,"method":"GET","target":"products","status":400,"duration_ms":453,"threshold_ms":300}
{"ts":"2026-10-07T18:55:05.615Z","level":"warn","event":"db.query_slow","request_id":null,"method":"GET","target":"media_assets","status":200,"duration_ms":588,"threshold_ms":300}
{"ts":"2026-10-07T18:55:05.617Z","level":"warn","event":"db.query_slow","request_id":null,"method":"POST","target":"rpc:product_rating_summary","status":404,"duration_ms":539,"threshold_ms":300}
{"ts":"2026-10-07T18:55:05.628Z","level":"warn","event":"db.query_slow","request_id":null,"method":"POST","target":"rpc:product_rating_summary","status":404,"duration_ms":466,"threshold_ms":300}
{"ts":"2026-10-07T18:55:05.630Z","level":"warn","event":"db.query_slow","request_id":null,"method":"GET","target":"product_variants","status":200,"duration_ms":551,"threshold_ms":300}
  Generating static pages using 7 workers (147/295) 
{"ts":"2026-10-07T18:55:05.843Z","level":"warn","event":"db.query_slow","request_id":null,"method":"GET","target":"products","status":200,"duration_ms":1131,"threshold_ms":300}
{"ts":"2026-10-07T18:55:05.912Z","level":"warn","event":"db.query_slow","request_id":null,"method":"GET","target":"suppliers","status":200,"duration_ms":551,"threshold_ms":300}
{"ts":"2026-10-07T18:55:05.913Z","level":"warn","event":"db.query_slow","request_id":null,"method":"POST","target":"rpc:product_rating_summary","status":404,"duration_ms":535,"threshold_ms":300}
{"ts":"2026-10-07T18:55:05.914Z","level":"warn","event":"db.query_slow","request_id":null,"method":"GET","target":"media_assets","status":200,"duration_ms":554,"threshold_ms":300}
{"ts":"2026-10-07T18:55:05.969Z","level":"warn","event":"db.query_slow","request_id":null,"method":"GET","target":"products","status":400,"duration_ms":892,"threshold_ms":300}
{"ts":"2026-10-07T18:55:05.973Z","level":"warn","event":"db.query_slow","request_id":null,"method":"GET","target":"media_assets","status":200,"duration_ms":896,"threshold_ms":300}
{"ts":"2026-10-07T18:55:05.974Z","level":"warn","event":"db.query_slow","request_id":null,"method":"POST","target":"rpc:product_rating_summary","status":404,"duration_ms":895,"threshold_ms":300}
{"ts":"2026-10-07T18:55:05.974Z","level":"warn","event":"db.query_slow","request_id":null,"method":"GET","target":"suppliers","status":200,"duration_ms":897,"threshold_ms":300}
{"ts":"2026-10-07T18:55:05.990Z","level":"warn","event":"db.query_slow","request_id":null,"method":"GET","target":"media_assets","status":200,"duration_ms":953,"threshold_ms":300}
{"ts":"2026-10-07T18:55:05.991Z","level":"warn","event":"db.query_slow","request_id":null,"method":"GET","target":"media_assets","status":200,"duration_ms":914,"threshold_ms":300}
{"ts":"2026-10-07T18:55:06.004Z","level":"warn","event":"db.query_slow","request_id":null,"method":"GET","target":"products","status":200,"duration_ms":1296,"threshold_ms":300}
{"ts":"2026-10-07T18:55:06.006Z","level":"warn","event":"db.query_slow","request_id":null,"method":"GET","target":"product_variants","status":200,"duration_ms":968,"threshold_ms":300}
{"ts":"2026-10-07T18:55:06.008Z","level":"warn","event":"db.query_slow","request_id":null,"method":"GET","target":"product_variants","status":200,"duration_ms":931,"threshold_ms":300}
{"ts":"2026-10-07T18:55:06.009Z","level":"warn","event":"db.query_slow","request_id":null,"method":"GET","target":"products","status":200,"duration_ms":847,"threshold_ms":300}
{"ts":"2026-10-07T18:55:06.009Z","level":"warn","event":"db.query_slow","request_id":null,"method":"GET","target":"media_assets","status":200,"duration_ms":930,"threshold_ms":300}
{"ts":"2026-10-07T18:55:06.011Z","level":"warn","event":"db.query_slow","request_id":null,"method":"GET","target":"product_variants","status":200,"duration_ms":933,"threshold_ms":300}
{"ts":"2026-10-07T18:55:06.013Z","level":"warn","event":"db.query_slow","request_id":null,"method":"GET","target":"media_assets","status":200,"duration_ms":851,"threshold_ms":300}
{"ts":"2026-10-07T18:55:06.014Z","level":"warn","event":"db.query_slow","request_id":null,"method":"GET","target":"suppliers","status":200,"duration_ms":852,"threshold_ms":300}
{"ts":"2026-10-07T18:55:06.023Z","level":"warn","event":"db.query_slow","request_id":null,"method":"GET","target":"product_variants","status":200,"duration_ms":862,"threshold_ms":300}
{"ts":"2026-10-07T18:55:06.028Z","level":"warn","event":"db.query_slow","request_id":null,"method":"GET","target":"products","status":200,"duration_ms":866,"threshold_ms":300}
{"ts":"2026-10-07T18:55:06.036Z","level":"warn","event":"db.query_slow","request_id":null,"method":"GET","target":"products","status":200,"duration_ms":967,"threshold_ms":300}
{"ts":"2026-10-07T18:55:06.043Z","level":"warn","event":"db.query_slow","request_id":null,"method":"GET","target":"categories","status":200,"duration_ms":994,"threshold_ms":300}
{"ts":"2026-10-07T18:55:06.044Z","level":"warn","event":"db.query_slow","request_id":null,"method":"GET","target":"products","status":200,"duration_ms":979,"threshold_ms":300}
{"ts":"2026-10-07T18:55:06.129Z","level":"error","event":"db.query_failed","request_id":null,"method":"GET","target":"referral_program_settings","duration_ms":0,"err":{"name":"Error","message":"During prerendering, fetch() rejects when the prerender is complete. Typically these errors are handled by React but if you move fetch() to a different context by using `setTimeout`, `after`, or similar functions you may observe this error and you should handle it in that context. This occurred at route \"/account/referrals\".","stack":"Error: During prerendering, fetch() rejects when the prerender is complete. Typically these errors are handled by React but if you move fetch() to a different context by using `setTimeout`, `after`, or similar functions you may observe this error and you should handle it in that context. This occurred at route \"/account/referrals\".\n    at /Users/ofir/kenyonexpress-autopilot/.next/server/chunks/ssr/[root-of-the-server]__1_aa14n._.js:2:23832\n    at /Users/ofir/kenyonexpress-autopilot/.next/server/chunks/ssr/[root-of-the-server]__1_aa14n._.js:11:48366\n    at /Users/ofir/kenyonexpress-autopilot/.next/server/chunks/ssr/[root-of-the-server]__1_aa14n._.js:11:66894\n    at /Users/ofir/kenyonexpress-autopilot/.next/server/chunks/ssr/[root-of-the-server]__1_aa14n._.js:11:67121\n    at Object.with (/Users/ofir/kenyonexpress-autopilot/.next/server/chunks/ssr/0sj1_@opentelemetry_api_build_esm_1_uv6rc._.js:2:3907)\n    at v.with (/Users/ofir/kenyonexpress-autopilot/.next/server/chunks/ssr/0sj1_@opentelemetry_api_build_esm_1_uv6rc._.js:2:4233)\n    at P.startActiveSpan (/Users/ofir/kenyonexpress-autopilot/.next/server/chunks/ssr/0sj1_@opentelemetry_api_build_esm_1_uv6rc._.js:2:6588)\n    at R.startActiveSpan (/Users/ofir/kenyonexpress-autopilot/.next/server/chunks/ssr/0sj1_@opentelemetry_api_build_esm_1_uv6rc._.js:2:6827)\n    at a.runWithActiveSpan (/Users/ofir/kenyonexpress-autopilot/.next/server/chunks/ssr/[root-of-the-server]__1_aa14n._.js:11:67098)\n    at /Users/ofir/kenyonexpress-autopilot/.next/server/chunks/ssr/[root-of-the-server]__1_aa14n._.js:11:66397\n    at Object.with (/Users/ofir/kenyonexpress-autopilot/.next/server/chunks/ssr/0sj1_@opentelemetry_api_build_esm_1_uv6rc._.js:2:3907)\n    at v.with (/Users/ofir/kenyonexpress-autopilot/.next/server/chunks/ssr/0sj1_@opentelemetry_api_build_esm_1_uv6rc._.js:2:4233)\n    at a.trace (/Users/ofir/kenyonexpress-autopilot/.next/server/chunks/ssr/[root-of-the-server]__1_aa14n._.js:11:66371)\n    at fetch (/Users/ofir/kenyonexpress-autopi","digest":"HANGING_PROMISE_REJECTION"}}
{"ts":"2026-10-07T18:55:06.189Z","level":"error","event":"db.query_failed","request_id":null,"method":"GET","target":"referral_program_settings","duration_ms":0,"err":{"name":"Error","message":"During prerendering, fetch() rejects when the prerender is complete. Typically these errors are handled by React but if you move fetch() to a different context by using `setTimeout`, `after`, or similar functions you may observe this error and you should handle it in that context. This occurred at route \"/account/referrals\".","stack":"Error: During prerendering, fetch() rejects when the prerender is complete. Typically these errors are handled by React but if you move fetch() to a different context by using `setTimeout`, `after`, or similar functions you may observe this error and you should handle it in that context. This occurred at route \"/account/referrals\".\n    at /Users/ofir/kenyonexpress-autopilot/.next/server/chunks/ssr/[root-of-the-server]__1_aa14n._.js:2:23832\n    at /Users/ofir/kenyonexpress-autopilot/.next/server/chunks/ssr/[root-of-the-server]__1_aa14n._.js:11:48366\n    at /Users/ofir/kenyonexpress-autopilot/.next/server/chunks/ssr/[root-of-the-server]__1_aa14n._.js:11:66894\n    at /Users/ofir/kenyonexpress-autopilot/.next/server/chunks/ssr/[root-of-the-server]__1_aa14n._.js:11:67121\n    at Object.with (/Users/ofir/kenyonexpress-autopilot/.next/server/chunks/ssr/0sj1_@opentelemetry_api_build_esm_1_uv6rc._.js:2:3907)\n    at v.with (/Users/ofir/kenyonexpress-autopilot/.next/server/chunks/ssr/0sj1_@opentelemetry_api_build_esm_1_uv6rc._.js:2:4233)\n    at P.startActiveSpan (/Users/ofir/kenyonexpress-autopilot/.next/server/chunks/ssr/0sj1_@opentelemetry_api_build_esm_1_uv6rc._.js:2:6588)\n    at R.startActiveSpan (/Users/ofir/kenyonexpress-autopilot/.next/server/chunks/ssr/0sj1_@opentelemetry_api_build_esm_1_uv6rc._.js:2:6827)\n    at a.runWithActiveSpan (/Users/ofir/kenyonexpress-autopilot/.next/server/chunks/ssr/[root-of-the-server]__1_aa14n._.js:11:67098)\n    at /Users/ofir/kenyonexpress-autopilot/.next/server/chunks/ssr/[root-of-the-server]__1_aa14n._.js:11:66397\n    at Object.with (/Users/ofir/kenyonexpress-autopilot/.next/server/chunks/ssr/0sj1_@opentelemetry_api_build_esm_1_uv6rc._.js:2:3907)\n    at v.with (/Users/ofir/kenyonexpress-autopilot/.next/server/chunks/ssr/0sj1_@opentelemetry_api_build_esm_1_uv6rc._.js:2:4233)\n    at a.trace (/Users/ofir/kenyonexpress-autopilot/.next/server/chunks/ssr/[root-of-the-server]__1_aa14n._.js:11:66371)\n    at fetch (/Users/ofir/kenyonexpress-autopi","digest":"HANGING_PROMISE_REJECTION"}}
{"ts":"2026-10-07T18:55:06.246Z","level":"warn","event":"db.query_slow","request_id":null,"method":"GET","target":"products","status":200,"duration_ms":652,"threshold_ms":300}
{"ts":"2026-10-07T18:55:06.246Z","level":"warn","event":"db.query_slow","request_id":null,"method":"GET","target":"products","status":200,"duration_ms":1164,"threshold_ms":300}
{"ts":"2026-10-07T18:55:06.247Z","level":"warn","event":"db.query_slow","request_id":null,"method":"GET","target":"products","status":200,"duration_ms":632,"threshold_ms":300}
{"ts":"2026-10-07T18:55:06.247Z","level":"warn","event":"db.query_slow","request_id":null,"method":"GET","target":"products","status":200,"duration_ms":645,"threshold_ms":300}
{"ts":"2026-10-07T18:55:06.259Z","level":"warn","event":"db.query_slow","request_id":null,"method":"GET","target":"coupon_deals","status":200,"duration_ms":659,"threshold_ms":300}
{"ts":"2026-10-07T18:55:06.260Z","level":"warn","event":"db.query_slow","request_id":null,"method":"GET","target":"products","status":200,"duration_ms":653,"threshold_ms":300}
{"ts":"2026-10-07T18:55:06.261Z","level":"warn","event":"db.query_slow","request_id":null,"method":"GET","target":"products","status":200,"duration_ms":659,"threshold_ms":300}
{"ts":"2026-10-07T18:55:06.261Z","level":"warn","event":"db.query_slow","request_id":null,"method":"GET","target":"products","status":200,"duration_ms":883,"threshold_ms":300}
{"ts":"2026-10-07T18:55:06.261Z","level":"warn","event":"db.query_slow","request_id":null,"method":"GET","target":"products","status":200,"duration_ms":659,"threshold_ms":300}
{"ts":"2026-10-07T18:55:06.264Z","level":"warn","event":"db.query_slow","request_id":null,"method":"GET","target":"coupon_deals","status":200,"duration_ms":1215,"threshold_ms":300}
{"ts":"2026-10-07T18:55:06.266Z","level":"warn","event":"db.query_slow","request_id":null,"method":"GET","target":"popular_searches","status":200,"duration_ms":1218,"threshold_ms":300}
{"ts":"2026-10-07T18:55:06.269Z","level":"warn","event":"db.query_slow","request_id":null,"method":"GET","target":"products","status":200,"duration_ms":1220,"threshold_ms":300}
{"ts":"2026-10-07T18:55:06.281Z","level":"error","event":"db.query_failed","request_id":null,"method":"GET","target":"v_banners_live","duration_ms":1235,"err":{"name":"Error","message":"During prerendering, fetch() rejects when the prerender is complete. Typically these errors are handled by React but if you move fetch() to a different context by using `setTimeout`, `after`, or similar functions you may observe this error and you should handle it in that context. This occurred at route \"/\".","stack":"Error: During prerendering, fetch() rejects when the prerender is complete. Typically these errors are handled by React but if you move fetch() to a different context by using `setTimeout`, `after`, or similar functions you may observe this error and you should handle it in that context. This occurred at route \"/\".\n    at eu (/Users/ofir/kenyonexpress-autopilot/.next/server/chunks/[root-of-the-server]__1jlk8z1._.js:2:58687)\n    at /Users/ofir/kenyonexpress-autopilot/.next/server/chunks/[root-of-the-server]__1jlk8z1._.js:2:87004\n    at /Users/ofir/kenyonexpress-autopilot/.next/server/chunks/[root-of-the-server]__1jlk8z1._.js:2:54057\n    at /Users/ofir/kenyonexpress-autopilot/.next/server/chunks/[root-of-the-server]__1jlk8z1._.js:2:54347\n    at Object.with (/Users/ofir/kenyonexpress-autopilot/.next/server/chunks/[root-of-the-server]__1jlk8z1._.js:2:4124)\n    at S.with (/Users/ofir/kenyonexpress-autopilot/.next/server/chunks/[root-of-the-server]__1jlk8z1._.js:2:4450)\n    at G.startActiveSpan (/Users/ofir/kenyonexpress-autopilot/.next/server/chunks/[root-of-the-server]__1jlk8z1._.js:2:6806)\n    at H.startActiveSpan (/Users/ofir/kenyonexpress-autopilot/.next/server/chunks/[root-of-the-server]__1jlk8z1._.js:2:7045)\n    at e.runWithActiveSpan (/Users/ofir/kenyonexpress-autopilot/.next/server/chunks/[root-of-the-server]__1jlk8z1._.js:2:54324)\n    at /Users/ofir/kenyonexpress-autopilot/.next/server/chunks/[root-of-the-server]__1jlk8z1._.js:2:53577\n    at Object.with (/Users/ofir/kenyonexpress-autopilot/.next/server/chunks/[root-of-the-server]__1jlk8z1._.js:2:4124)\n    at S.with (/Users/ofir/kenyonexpress-autopilot/.next/server/chunks/[root-of-the-server]__1jlk8z1._.js:2:4450)\n    at e.trace (/Users/ofir/kenyonexpress-autopilot/.next/server/chunks/[root-of-the-server]__1jlk8z1._.js:2:53551)\n    at fetch (/Users/ofir/kenyonexpress-autopilot/.next/server/chunks/[root-of-the-server]__1jlk8z1._.js:2:84044)\n    at /Users/ofir/kenyonexpress-autopilot/.next/server/chunks/ssr/src_lib","digest":"HANGING_PROMISE_REJECTION"}}
{"ts":"2026-10-07T18:55:06.281Z","level":"error","event":"db.query_failed","request_id":null,"method":"GET","target":"v_homepage_sections_live","duration_ms":1233,"err":{"name":"Error","message":"During prerendering, fetch() rejects when the prerender is complete. Typically these errors are handled by React but if you move fetch() to a different context by using `setTimeout`, `after`, or similar functions you may observe this error and you should handle it in that context. This occurred at route \"/\".","stack":"Error: During prerendering, fetch() rejects when the prerender is complete. Typically these errors are handled by React but if you move fetch() to a different context by using `setTimeout`, `after`, or similar functions you may observe this error and you should handle it in that context. This occurred at route \"/\".\n    at eu (/Users/ofir/kenyonexpress-autopilot/.next/server/chunks/[root-of-the-server]__1jlk8z1._.js:2:58687)\n    at /Users/ofir/kenyonexpress-autopilot/.next/server/chunks/[root-of-the-server]__1jlk8z1._.js:2:87004\n    at /Users/ofir/kenyonexpress-autopilot/.next/server/chunks/[root-of-the-server]__1jlk8z1._.js:2:54057\n    at /Users/ofir/kenyonexpress-autopilot/.next/server/chunks/[root-of-the-server]__1jlk8z1._.js:2:54347\n    at Object.with (/Users/ofir/kenyonexpress-autopilot/.next/server/chunks/[root-of-the-server]__1jlk8z1._.js:2:4124)\n    at S.with (/Users/ofir/kenyonexpress-autopilot/.next/server/chunks/[root-of-the-server]__1jlk8z1._.js:2:4450)\n    at G.startActiveSpan (/Users/ofir/kenyonexpress-autopilot/.next/server/chunks/[root-of-the-server]__1jlk8z1._.js:2:6806)\n    at H.startActiveSpan (/Users/ofir/kenyonexpress-autopilot/.next/server/chunks/[root-of-the-server]__1jlk8z1._.js:2:7045)\n    at e.runWithActiveSpan (/Users/ofir/kenyonexpress-autopilot/.next/server/chunks/[root-of-the-server]__1jlk8z1._.js:2:54324)\n    at /Users/ofir/kenyonexpress-autopilot/.next/server/chunks/[root-of-the-server]__1jlk8z1._.js:2:53577\n    at Object.with (/Users/ofir/kenyonexpress-autopilot/.next/server/chunks/[root-of-the-server]__1jlk8z1._.js:2:4124)\n    at S.with (/Users/ofir/kenyonexpress-autopilot/.next/server/chunks/[root-of-the-server]__1jlk8z1._.js:2:4450)\n    at e.trace (/Users/ofir/kenyonexpress-autopilot/.next/server/chunks/[root-of-the-server]__1jlk8z1._.js:2:53551)\n    at fetch (/Users/ofir/kenyonexpress-autopilot/.next/server/chunks/[root-of-the-server]__1jlk8z1._.js:2:84044)\n    at /Users/ofir/kenyonexpress-autopilot/.next/server/chunks/ssr/src_lib","digest":"HANGING_PROMISE_REJECTION"}}
{"ts":"2026-10-07T18:55:06.308Z","level":"warn","event":"db.query_slow","request_id":null,"method":"GET","target":"categories","status":200,"duration_ms":615,"threshold_ms":300}
{"ts":"2026-10-07T18:55:06.312Z","level":"warn","event":"db.query_slow","request_id":null,"method":"GET","target":"products","status":200,"duration_ms":1235,"threshold_ms":300}
{"ts":"2026-10-07T18:55:06.313Z","level":"warn","event":"db.query_slow","request_id":null,"method":"GET","target":"products","status":200,"duration_ms":1247,"threshold_ms":300}
{"ts":"2026-10-07T18:55:06.314Z","level":"warn","event":"db.query_slow","request_id":null,"method":"GET","target":"products","status":200,"duration_ms":1230,"threshold_ms":300}
{"ts":"2026-10-07T18:55:06.314Z","level":"warn","event":"db.query_slow","request_id":null,"method":"GET","target":"products","status":200,"duration_ms":1230,"threshold_ms":300}
{"ts":"2026-10-07T18:55:06.337Z","level":"error","event":"db.query_failed","request_id":null,"method":"GET","target":"v_banners_live","duration_ms":1,"err":{"name":"Error","message":"During prerendering, fetch() rejects when the prerender is complete. Typically these errors are handled by React but if you move fetch() to a different context by using `setTimeout`, `after`, or similar functions you may observe this error and you should handle it in that context. This occurred at route \"/\".","stack":"Error: During prerendering, fetch() rejects when the prerender is complete. Typically these errors are handled by React but if you move fetch() to a different context by using `setTimeout`, `after`, or similar functions you may observe this error and you should handle it in that context. This occurred at route \"/\".\n    at eu (/Users/ofir/kenyonexpress-autopilot/.next/server/chunks/[root-of-the-server]__1jlk8z1._.js:2:58687)\n    at /Users/ofir/kenyonexpress-autopilot/.next/server/chunks/[root-of-the-server]__1jlk8z1._.js:2:87004\n    at /Users/ofir/kenyonexpress-autopilot/.next/server/chunks/[root-of-the-server]__1jlk8z1._.js:2:54057\n    at /Users/ofir/kenyonexpress-autopilot/.next/server/chunks/[root-of-the-server]__1jlk8z1._.js:2:54347\n    at Object.with (/Users/ofir/kenyonexpress-autopilot/.next/server/chunks/[root-of-the-server]__1jlk8z1._.js:2:4124)\n    at S.with (/Users/ofir/kenyonexpress-autopilot/.next/server/chunks/[root-of-the-server]__1jlk8z1._.js:2:4450)\n    at G.startActiveSpan (/Users/ofir/kenyonexpress-autopilot/.next/server/chunks/[root-of-the-server]__1jlk8z1._.js:2:6806)\n    at H.startActiveSpan (/Users/ofir/kenyonexpress-autopilot/.next/server/chunks/[root-of-the-server]__1jlk8z1._.js:2:7045)\n    at e.runWithActiveSpan (/Users/ofir/kenyonexpress-autopilot/.next/server/chunks/[root-of-the-server]__1jlk8z1._.js:2:54324)\n    at /Users/ofir/kenyonexpress-autopilot/.next/server/chunks/[root-of-the-server]__1jlk8z1._.js:2:53577\n    at Object.with (/Users/ofir/kenyonexpress-autopilot/.next/server/chunks/[root-of-the-server]__1jlk8z1._.js:2:4124)\n    at S.with (/Users/ofir/kenyonexpress-autopilot/.next/server/chunks/[root-of-the-server]__1jlk8z1._.js:2:4450)\n    at e.trace (/Users/ofir/kenyonexpress-autopilot/.next/server/chunks/[root-of-the-server]__1jlk8z1._.js:2:53551)\n    at fetch (/Users/ofir/kenyonexpress-autopilot/.next/server/chunks/[root-of-the-server]__1jlk8z1._.js:2:84044)\n    at /Users/ofir/kenyonexpress-autopilot/.next/server/chunks/ssr/src_lib","digest":"HANGING_PROMISE_REJECTION"}}
{"ts":"2026-10-07T18:55:06.337Z","level":"error","event":"db.query_failed","request_id":null,"method":"GET","target":"v_homepage_sections_live","duration_ms":1,"err":{"name":"Error","message":"During prerendering, fetch() rejects when the prerender is complete. Typically these errors are handled by React but if you move fetch() to a different context by using `setTimeout`, `after`, or similar functions you may observe this error and you should handle it in that context. This occurred at route \"/\".","stack":"Error: During prerendering, fetch() rejects when the prerender is complete. Typically these errors are handled by React but if you move fetch() to a different context by using `setTimeout`, `after`, or similar functions you may observe this error and you should handle it in that context. This occurred at route \"/\".\n    at eu (/Users/ofir/kenyonexpress-autopilot/.next/server/chunks/[root-of-the-server]__1jlk8z1._.js:2:58687)\n    at /Users/ofir/kenyonexpress-autopilot/.next/server/chunks/[root-of-the-server]__1jlk8z1._.js:2:87004\n    at /Users/ofir/kenyonexpress-autopilot/.next/server/chunks/[root-of-the-server]__1jlk8z1._.js:2:54057\n    at /Users/ofir/kenyonexpress-autopilot/.next/server/chunks/[root-of-the-server]__1jlk8z1._.js:2:54347\n    at Object.with (/Users/ofir/kenyonexpress-autopilot/.next/server/chunks/[root-of-the-server]__1jlk8z1._.js:2:4124)\n    at S.with (/Users/ofir/kenyonexpress-autopilot/.next/server/chunks/[root-of-the-server]__1jlk8z1._.js:2:4450)\n    at G.startActiveSpan (/Users/ofir/kenyonexpress-autopilot/.next/server/chunks/[root-of-the-server]__1jlk8z1._.js:2:6806)\n    at H.startActiveSpan (/Users/ofir/kenyonexpress-autopilot/.next/server/chunks/[root-of-the-server]__1jlk8z1._.js:2:7045)\n    at e.runWithActiveSpan (/Users/ofir/kenyonexpress-autopilot/.next/server/chunks/[root-of-the-server]__1jlk8z1._.js:2:54324)\n    at /Users/ofir/kenyonexpress-autopilot/.next/server/chunks/[root-of-the-server]__1jlk8z1._.js:2:53577\n    at Object.with (/Users/ofir/kenyonexpress-autopilot/.next/server/chunks/[root-of-the-server]__1jlk8z1._.js:2:4124)\n    at S.with (/Users/ofir/kenyonexpress-autopilot/.next/server/chunks/[root-of-the-server]__1jlk8z1._.js:2:4450)\n    at e.trace (/Users/ofir/kenyonexpress-autopilot/.next/server/chunks/[root-of-the-server]__1jlk8z1._.js:2:53551)\n    at fetch (/Users/ofir/kenyonexpress-autopilot/.next/server/chunks/[root-of-the-server]__1jlk8z1._.js:2:84044)\n    at /Users/ofir/kenyonexpress-autopilot/.next/server/chunks/ssr/src_lib","digest":"HANGING_PROMISE_REJECTION"}}
{"ts":"2026-10-07T18:55:06.347Z","level":"warn","event":"db.query_slow","request_id":null,"method":"GET","target":"categories","status":200,"duration_ms":639,"threshold_ms":300}
{"ts":"2026-10-07T18:55:06.352Z","level":"warn","event":"db.query_slow","request_id":null,"method":"GET","target":"products","status":200,"duration_ms":1271,"threshold_ms":300}
{"ts":"2026-10-07T18:55:06.353Z","level":"warn","event":"db.query_slow","request_id":null,"method":"GET","target":"products","status":200,"duration_ms":1285,"threshold_ms":300}
{"ts":"2026-10-07T18:55:06.358Z","level":"warn","event":"db.query_slow","request_id":null,"method":"GET","target":"products","status":200,"duration_ms":1284,"threshold_ms":300}
{"ts":"2026-10-07T18:55:06.376Z","level":"warn","event":"db.query_slow","request_id":null,"method":"GET","target":"products","status":200,"duration_ms":1671,"threshold_ms":300}
{"ts":"2026-10-07T18:55:06.417Z","level":"error","event":"db.query_failed","request_id":null,"method":"GET","target":"referral_program_settings","duration_ms":0,"err":{"name":"Error","message":"During prerendering, fetch() rejects when the prerender is complete. Typically these errors are handled by React but if you move fetch() to a different context by using `setTimeout`, `after`, or similar functions you may observe this error and you should handle it in that context. This occurred at route \"/account/wallet\".","stack":"Error: During prerendering, fetch() rejects when the prerender is complete. Typically these errors are handled by React but if you move fetch() to a different context by using `setTimeout`, `after`, or similar functions you may observe this error and you should handle it in that context. This occurred at route \"/account/wallet\".\n    at /Users/ofir/kenyonexpress-autopilot/.next/server/chunks/ssr/[root-of-the-server]__1_aa14n._.js:2:23832\n    at /Users/ofir/kenyonexpress-autopilot/.next/server/chunks/ssr/[root-of-the-server]__1_aa14n._.js:11:48366\n    at /Users/ofir/kenyonexpress-autopilot/.next/server/chunks/ssr/[root-of-the-server]__1_aa14n._.js:11:66894\n    at /Users/ofir/kenyonexpress-autopilot/.next/server/chunks/ssr/[root-of-the-server]__1_aa14n._.js:11:67121\n    at Object.with (/Users/ofir/kenyonexpress-autopilot/.next/server/chunks/ssr/0sj1_@opentelemetry_api_build_esm_1_uv6rc._.js:2:3907)\n    at v.with (/Users/ofir/kenyonexpress-autopilot/.next/server/chunks/ssr/0sj1_@opentelemetry_api_build_esm_1_uv6rc._.js:2:4233)\n    at P.startActiveSpan (/Users/ofir/kenyonexpress-autopilot/.next/server/chunks/ssr/0sj1_@opentelemetry_api_build_esm_1_uv6rc._.js:2:6588)\n    at R.startActiveSpan (/Users/ofir/kenyonexpress-autopilot/.next/server/chunks/ssr/0sj1_@opentelemetry_api_build_esm_1_uv6rc._.js:2:6827)\n    at a.runWithActiveSpan (/Users/ofir/kenyonexpress-autopilot/.next/server/chunks/ssr/[root-of-the-server]__1_aa14n._.js:11:67098)\n    at /Users/ofir/kenyonexpress-autopilot/.next/server/chunks/ssr/[root-of-the-server]__1_aa14n._.js:11:66397\n    at Object.with (/Users/ofir/kenyonexpress-autopilot/.next/server/chunks/ssr/0sj1_@opentelemetry_api_build_esm_1_uv6rc._.js:2:3907)\n    at v.with (/Users/ofir/kenyonexpress-autopilot/.next/server/chunks/ssr/0sj1_@opentelemetry_api_build_esm_1_uv6rc._.js:2:4233)\n    at a.trace (/Users/ofir/kenyonexpress-autopilot/.next/server/chunks/ssr/[root-of-the-server]__1_aa14n._.js:11:66371)\n    at fetch (/Users/ofir/kenyonexpress-autopilot","digest":"HANGING_PROMISE_REJECTION"}}
{"ts":"2026-10-07T18:55:06.438Z","level":"error","event":"db.query_failed","request_id":null,"method":"GET","target":"referral_program_settings","duration_ms":0,"err":{"name":"Error","message":"During prerendering, fetch() rejects when the prerender is complete. Typically these errors are handled by React but if you move fetch() to a different context by using `setTimeout`, `after`, or similar functions you may observe this error and you should handle it in that context. This occurred at route \"/account/wallet\".","stack":"Error: During prerendering, fetch() rejects when the prerender is complete. Typically these errors are handled by React but if you move fetch() to a different context by using `setTimeout`, `after`, or similar functions you may observe this error and you should handle it in that context. This occurred at route \"/account/wallet\".\n    at /Users/ofir/kenyonexpress-autopilot/.next/server/chunks/ssr/[root-of-the-server]__1_aa14n._.js:2:23832\n    at /Users/ofir/kenyonexpress-autopilot/.next/server/chunks/ssr/[root-of-the-server]__1_aa14n._.js:11:48366\n    at /Users/ofir/kenyonexpress-autopilot/.next/server/chunks/ssr/[root-of-the-server]__1_aa14n._.js:11:66894\n    at /Users/ofir/kenyonexpress-autopilot/.next/server/chunks/ssr/[root-of-the-server]__1_aa14n._.js:11:67121\n    at Object.with (/Users/ofir/kenyonexpress-autopilot/.next/server/chunks/ssr/0sj1_@opentelemetry_api_build_esm_1_uv6rc._.js:2:3907)\n    at v.with (/Users/ofir/kenyonexpress-autopilot/.next/server/chunks/ssr/0sj1_@opentelemetry_api_build_esm_1_uv6rc._.js:2:4233)\n    at P.startActiveSpan (/Users/ofir/kenyonexpress-autopilot/.next/server/chunks/ssr/0sj1_@opentelemetry_api_build_esm_1_uv6rc._.js:2:6588)\n    at R.startActiveSpan (/Users/ofir/kenyonexpress-autopilot/.next/server/chunks/ssr/0sj1_@opentelemetry_api_build_esm_1_uv6rc._.js:2:6827)\n    at a.runWithActiveSpan (/Users/ofir/kenyonexpress-autopilot/.next/server/chunks/ssr/[root-of-the-server]__1_aa14n._.js:11:67098)\n    at /Users/ofir/kenyonexpress-autopilot/.next/server/chunks/ssr/[root-of-the-server]__1_aa14n._.js:11:66397\n    at Object.with (/Users/ofir/kenyonexpress-autopilot/.next/server/chunks/ssr/0sj1_@opentelemetry_api_build_esm_1_uv6rc._.js:2:3907)\n    at v.with (/Users/ofir/kenyonexpress-autopilot/.next/server/chunks/ssr/0sj1_@opentelemetry_api_build_esm_1_uv6rc._.js:2:4233)\n    at a.trace (/Users/ofir/kenyonexpress-autopilot/.next/server/chunks/ssr/[root-of-the-server]__1_aa14n._.js:11:66371)\n    at fetch (/Users/ofir/kenyonexpress-autopilot","digest":"HANGING_PROMISE_REJECTION"}}
{"ts":"2026-10-07T18:55:06.438Z","level":"warn","event":"db.query_slow","request_id":null,"method":"GET","target":"suppliers","status":200,"duration_ms":385,"threshold_ms":300}
{"ts":"2026-10-07T18:55:06.588Z","level":"warn","event":"db.query_slow","request_id":null,"method":"GET","target":"products","status":400,"duration_ms":1225,"threshold_ms":300}
{"ts":"2026-10-07T18:55:06.594Z","level":"warn","event":"db.query_slow","request_id":null,"method":"GET","target":"media_assets","status":200,"duration_ms":1232,"threshold_ms":300}
{"ts":"2026-10-07T18:55:06.596Z","level":"warn","event":"db.query_slow","request_id":null,"method":"POST","target":"rpc:product_rating_summary","status":404,"duration_ms":1235,"threshold_ms":300}
{"ts":"2026-10-07T18:55:06.611Z","level":"warn","event":"db.query_slow","request_id":null,"method":"GET","target":"products","status":400,"duration_ms":1232,"threshold_ms":300}
{"ts":"2026-10-07T18:55:06.612Z","level":"warn","event":"db.query_slow","request_id":null,"method":"POST","target":"rpc:product_rating_summary","status":404,"duration_ms":1250,"threshold_ms":300}
{"ts":"2026-10-07T18:55:06.614Z","level":"warn","event":"db.query_slow","request_id":null,"method":"GET","target":"suppliers","status":200,"duration_ms":1236,"threshold_ms":300}
{"ts":"2026-10-07T18:55:06.627Z","level":"warn","event":"db.query_slow","request_id":null,"method":"GET","target":"products","status":200,"duration_ms":1265,"threshold_ms":300}
{"ts":"2026-10-07T18:55:06.629Z","level":"warn","event":"db.query_slow","request_id":null,"method":"GET","target":"products","status":200,"duration_ms":1251,"threshold_ms":300}
{"ts":"2026-10-07T18:55:06.631Z","level":"warn","event":"db.query_slow","request_id":null,"method":"GET","target":"product_variants","status":200,"duration_ms":1253,"threshold_ms":300}
{"ts":"2026-10-07T18:55:06.632Z","level":"warn","event":"db.query_slow","request_id":null,"method":"GET","target":"products","status":200,"duration_ms":363,"threshold_ms":300}
{"ts":"2026-10-07T18:55:06.634Z","level":"warn","event":"db.query_slow","request_id":null,"method":"GET","target":"products","status":200,"duration_ms":376,"threshold_ms":300}
{"ts":"2026-10-07T18:55:06.634Z","level":"warn","event":"db.query_slow","request_id":null,"method":"GET","target":"products","status":200,"duration_ms":375,"threshold_ms":300}
{"ts":"2026-10-07T18:55:06.635Z","level":"warn","event":"db.query_slow","request_id":null,"method":"GET","target":"products","status":200,"duration_ms":379,"threshold_ms":300}
{"ts":"2026-10-07T18:55:06.635Z","level":"warn","event":"db.query_slow","request_id":null,"method":"GET","target":"products","status":200,"duration_ms":372,"threshold_ms":300}
{"ts":"2026-10-07T18:55:06.640Z","level":"error","event":"db.query_failed","request_id":null,"method":"POST","target":"rpc:available_stock","duration_ms":381,"err":{"name":"Error","message":"During prerendering, fetch() rejects when the prerender is complete. Typically these errors are handled by React but if you move fetch() to a different context by using `setTimeout`, `after`, or similar functions you may observe this error and you should handle it in that context. This occurred at route \"/product/[slug]\".","stack":"Error: During prerendering, fetch() rejects when the prerender is complete. Typically these errors are handled by React but if you move fetch() to a different context by using `setTimeout`, `after`, or similar functions you may observe this error and you should handle it in that context. This occurred at route \"/product/[slug]\".\n    at eu (/Users/ofir/kenyonexpress-autopilot/.next/server/chunks/[root-of-the-server]__1jlk8z1._.js:2:58687)\n    at /Users/ofir/kenyonexpress-autopilot/.next/server/chunks/[root-of-the-server]__1jlk8z1._.js:2:87004\n    at /Users/ofir/kenyonexpress-autopilot/.next/server/chunks/[root-of-the-server]__1jlk8z1._.js:2:54057\n    at /Users/ofir/kenyonexpress-autopilot/.next/server/chunks/[root-of-the-server]__1jlk8z1._.js:2:54347\n    at Object.with (/Users/ofir/kenyonexpress-autopilot/.next/server/chunks/[root-of-the-server]__1jlk8z1._.js:2:4124)\n    at S.with (/Users/ofir/kenyonexpress-autopilot/.next/server/chunks/[root-of-the-server]__1jlk8z1._.js:2:4450)\n    at G.startActiveSpan (/Users/ofir/kenyonexpress-autopilot/.next/server/chunks/[root-of-the-server]__1jlk8z1._.js:2:6806)\n    at H.startActiveSpan (/Users/ofir/kenyonexpress-autopilot/.next/server/chunks/[root-of-the-server]__1jlk8z1._.js:2:7045)\n    at e.runWithActiveSpan (/Users/ofir/kenyonexpress-autopilot/.next/server/chunks/[root-of-the-server]__1jlk8z1._.js:2:54324)\n    at /Users/ofir/kenyonexpress-autopilot/.next/server/chunks/[root-of-the-server]__1jlk8z1._.js:2:53577\n    at Object.with (/Users/ofir/kenyonexpress-autopilot/.next/server/chunks/[root-of-the-server]__1jlk8z1._.js:2:4124)\n    at S.with (/Users/ofir/kenyonexpress-autopilot/.next/server/chunks/[root-of-the-server]__1jlk8z1._.js:2:4450)\n    at e.trace (/Users/ofir/kenyonexpress-autopilot/.next/server/chunks/[root-of-the-server]__1jlk8z1._.js:2:53551)\n    at fetch (/Users/ofir/kenyonexpress-autopilot/.next/server/chunks/[root-of-the-server]__1jlk8z1._.js:2:84044)\n    at /Users/ofir/kenyonexpress-autopilot/.next/server/chun","digest":"HANGING_PROMISE_REJECTION"}}
{"ts":"2026-10-07T18:55:06.641Z","level":"error","event":"db.query_failed","request_id":null,"method":"GET","target":"products","duration_ms":382,"err":{"name":"Error","message":"During prerendering, fetch() rejects when the prerender is complete. Typically these errors are handled by React but if you move fetch() to a different context by using `setTimeout`, `after`, or similar functions you may observe this error and you should handle it in that context. This occurred at route \"/product/[slug]\".","stack":"Error: During prerendering, fetch() rejects when the prerender is complete. Typically these errors are handled by React but if you move fetch() to a different context by using `setTimeout`, `after`, or similar functions you may observe this error and you should handle it in that context. This occurred at route \"/product/[slug]\".\n    at eu (/Users/ofir/kenyonexpress-autopilot/.next/server/chunks/[root-of-the-server]__1jlk8z1._.js:2:58687)\n    at /Users/ofir/kenyonexpress-autopilot/.next/server/chunks/[root-of-the-server]__1jlk8z1._.js:2:87004\n    at /Users/ofir/kenyonexpress-autopilot/.next/server/chunks/[root-of-the-server]__1jlk8z1._.js:2:54057\n    at /Users/ofir/kenyonexpress-autopilot/.next/server/chunks/[root-of-the-server]__1jlk8z1._.js:2:54347\n    at Object.with (/Users/ofir/kenyonexpress-autopilot/.next/server/chunks/[root-of-the-server]__1jlk8z1._.js:2:4124)\n    at S.with (/Users/ofir/kenyonexpress-autopilot/.next/server/chunks/[root-of-the-server]__1jlk8z1._.js:2:4450)\n    at G.startActiveSpan (/Users/ofir/kenyonexpress-autopilot/.next/server/chunks/[root-of-the-server]__1jlk8z1._.js:2:6806)\n    at H.startActiveSpan (/Users/ofir/kenyonexpress-autopilot/.next/server/chunks/[root-of-the-server]__1jlk8z1._.js:2:7045)\n    at e.runWithActiveSpan (/Users/ofir/kenyonexpress-autopilot/.next/server/chunks/[root-of-the-server]__1jlk8z1._.js:2:54324)\n    at /Users/ofir/kenyonexpress-autopilot/.next/server/chunks/[root-of-the-server]__1jlk8z1._.js:2:53577\n    at Object.with (/Users/ofir/kenyonexpress-autopilot/.next/server/chunks/[root-of-the-server]__1jlk8z1._.js:2:4124)\n    at S.with (/Users/ofir/kenyonexpress-autopilot/.next/server/chunks/[root-of-the-server]__1jlk8z1._.js:2:4450)\n    at e.trace (/Users/ofir/kenyonexpress-autopilot/.next/server/chunks/[root-of-the-server]__1jlk8z1._.js:2:53551)\n    at fetch (/Users/ofir/kenyonexpress-autopilot/.next/server/chunks/[root-of-the-server]__1jlk8z1._.js:2:84044)\n    at /Users/ofir/kenyonexpress-autopilot/.next/server/chun","digest":"HANGING_PROMISE_REJECTION"}}
{"ts":"2026-10-07T18:55:06.655Z","level":"warn","event":"db.query_slow","request_id":null,"method":"GET","target":"products","status":400,"duration_ms":338,"threshold_ms":300}
{"ts":"2026-10-07T18:55:06.655Z","level":"warn","event":"db.query_slow","request_id":null,"method":"GET","target":"products","status":200,"duration_ms":1277,"threshold_ms":300}
{"ts":"2026-10-07T18:55:06.657Z","level":"warn","event":"db.query_slow","request_id":null,"method":"POST","target":"rpc:product_rating_summary","status":404,"duration_ms":340,"threshold_ms":300}
{"ts":"2026-10-07T18:55:06.657Z","level":"warn","event":"db.query_slow","request_id":null,"method":"GET","target":"product_variants","status":200,"duration_ms":340,"threshold_ms":300}
{"ts":"2026-10-07T18:55:06.659Z","level":"warn","event":"db.query_slow","request_id":null,"method":"GET","target":"media_assets","status":200,"duration_ms":343,"threshold_ms":300}
{"ts":"2026-10-07T18:55:06.661Z","level":"warn","event":"db.query_slow","request_id":null,"method":"GET","target":"suppliers","status":200,"duration_ms":345,"threshold_ms":300}
{"ts":"2026-10-07T18:55:06.662Z","level":"warn","event":"db.query_slow","request_id":null,"method":"GET","target":"suppliers","status":200,"duration_ms":306,"threshold_ms":300}
{"ts":"2026-10-07T18:55:06.663Z","level":"warn","event":"db.query_slow","request_id":null,"method":"GET","target":"suppliers","status":200,"duration_ms":308,"threshold_ms":300}
{"ts":"2026-10-07T18:55:06.664Z","level":"warn","event":"db.query_slow","request_id":null,"method":"POST","target":"rpc:product_rating_summary","status":404,"duration_ms":308,"threshold_ms":300}
{"ts":"2026-10-07T18:55:06.665Z","level":"warn","event":"db.query_slow","request_id":null,"method":"POST","target":"rpc:product_rating_summary","status":404,"duration_ms":310,"threshold_ms":300}
{"ts":"2026-10-07T18:55:06.665Z","level":"warn","event":"db.query_slow","request_id":null,"method":"GET","target":"products","status":400,"duration_ms":310,"threshold_ms":300}
{"ts":"2026-10-07T18:55:06.718Z","level":"warn","event":"db.query_slow","request_id":null,"method":"GET","target":"products","status":200,"duration_ms":452,"threshold_ms":300}
{"ts":"2026-10-07T18:55:06.719Z","level":"warn","event":"db.query_slow","request_id":null,"method":"GET","target":"products","status":200,"duration_ms":449,"threshold_ms":300}
{"ts":"2026-10-07T18:55:06.732Z","level":"error","event":"db.query_failed","request_id":null,"method":"POST","target":"rpc:available_stock","duration_ms":1,"err":{"name":"Error","message":"During prerendering, fetch() rejects when the prerender is complete. Typically these errors are handled by React but if you move fetch() to a different context by using `setTimeout`, `after`, or similar functions you may observe this error and you should handle it in that context. This occurred at route \"/product/[slug]\".","stack":"Error: During prerendering, fetch() rejects when the prerender is complete. Typically these errors are handled by React but if you move fetch() to a different context by using `setTimeout`, `after`, or similar functions you may observe this error and you should handle it in that context. This occurred at route \"/product/[slug]\".\n    at eu (/Users/ofir/kenyonexpress-autopilot/.next/server/chunks/[root-of-the-server]__1jlk8z1._.js:2:58687)\n    at /Users/ofir/kenyonexpress-autopilot/.next/server/chunks/[root-of-the-server]__1jlk8z1._.js:2:87004\n    at /Users/ofir/kenyonexpress-autopilot/.next/server/chunks/[root-of-the-server]__1jlk8z1._.js:2:54057\n    at /Users/ofir/kenyonexpress-autopilot/.next/server/chunks/[root-of-the-server]__1jlk8z1._.js:2:54347\n    at Object.with (/Users/ofir/kenyonexpress-autopilot/.next/server/chunks/[root-of-the-server]__1jlk8z1._.js:2:4124)\n    at S.with (/Users/ofir/kenyonexpress-autopilot/.next/server/chunks/[root-of-the-server]__1jlk8z1._.js:2:4450)\n    at G.startActiveSpan (/Users/ofir/kenyonexpress-autopilot/.next/server/chunks/[root-of-the-server]__1jlk8z1._.js:2:6806)\n    at H.startActiveSpan (/Users/ofir/kenyonexpress-autopilot/.next/server/chunks/[root-of-the-server]__1jlk8z1._.js:2:7045)\n    at e.runWithActiveSpan (/Users/ofir/kenyonexpress-autopilot/.next/server/chunks/[root-of-the-server]__1jlk8z1._.js:2:54324)\n    at /Users/ofir/kenyonexpress-autopilot/.next/server/chunks/[root-of-the-server]__1jlk8z1._.js:2:53577\n    at Object.with (/Users/ofir/kenyonexpress-autopilot/.next/server/chunks/[root-of-the-server]__1jlk8z1._.js:2:4124)\n    at S.with (/Users/ofir/kenyonexpress-autopilot/.next/server/chunks/[root-of-the-server]__1jlk8z1._.js:2:4450)\n    at e.trace (/Users/ofir/kenyonexpress-autopilot/.next/server/chunks/[root-of-the-server]__1jlk8z1._.js:2:53551)\n    at fetch (/Users/ofir/kenyonexpress-autopilot/.next/server/chunks/[root-of-the-server]__1jlk8z1._.js:2:84044)\n    at /Users/ofir/kenyonexpress-autopilot/.next/server/chun","digest":"HANGING_PROMISE_REJECTION"}}
{"ts":"2026-10-07T18:55:06.732Z","level":"error","event":"db.query_failed","request_id":null,"method":"GET","target":"products","duration_ms":1,"err":{"name":"Error","message":"During prerendering, fetch() rejects when the prerender is complete. Typically these errors are handled by React but if you move fetch() to a different context by using `setTimeout`, `after`, or similar functions you may observe this error and you should handle it in that context. This occurred at route \"/product/[slug]\".","stack":"Error: During prerendering, fetch() rejects when the prerender is complete. Typically these errors are handled by React but if you move fetch() to a different context by using `setTimeout`, `after`, or similar functions you may observe this error and you should handle it in that context. This occurred at route \"/product/[slug]\".\n    at eu (/Users/ofir/kenyonexpress-autopilot/.next/server/chunks/[root-of-the-server]__1jlk8z1._.js:2:58687)\n    at /Users/ofir/kenyonexpress-autopilot/.next/server/chunks/[root-of-the-server]__1jlk8z1._.js:2:87004\n    at /Users/ofir/kenyonexpress-autopilot/.next/server/chunks/[root-of-the-server]__1jlk8z1._.js:2:54057\n    at /Users/ofir/kenyonexpress-autopilot/.next/server/chunks/[root-of-the-server]__1jlk8z1._.js:2:54347\n    at Object.with (/Users/ofir/kenyonexpress-autopilot/.next/server/chunks/[root-of-the-server]__1jlk8z1._.js:2:4124)\n    at S.with (/Users/ofir/kenyonexpress-autopilot/.next/server/chunks/[root-of-the-server]__1jlk8z1._.js:2:4450)\n    at G.startActiveSpan (/Users/ofir/kenyonexpress-autopilot/.next/server/chunks/[root-of-the-server]__1jlk8z1._.js:2:6806)\n    at H.startActiveSpan (/Users/ofir/kenyonexpress-autopilot/.next/server/chunks/[root-of-the-server]__1jlk8z1._.js:2:7045)\n    at e.runWithActiveSpan (/Users/ofir/kenyonexpress-autopilot/.next/server/chunks/[root-of-the-server]__1jlk8z1._.js:2:54324)\n    at /Users/ofir/kenyonexpress-autopilot/.next/server/chunks/[root-of-the-server]__1jlk8z1._.js:2:53577\n    at Object.with (/Users/ofir/kenyonexpress-autopilot/.next/server/chunks/[root-of-the-server]__1jlk8z1._.js:2:4124)\n    at S.with (/Users/ofir/kenyonexpress-autopilot/.next/server/chunks/[root-of-the-server]__1jlk8z1._.js:2:4450)\n    at e.trace (/Users/ofir/kenyonexpress-autopilot/.next/server/chunks/[root-of-the-server]__1jlk8z1._.js:2:53551)\n    at fetch (/Users/ofir/kenyonexpress-autopilot/.next/server/chunks/[root-of-the-server]__1jlk8z1._.js:2:84044)\n    at /Users/ofir/kenyonexpress-autopilot/.next/server/chun","digest":"HANGING_PROMISE_REJECTION"}}
{"ts":"2026-10-07T18:55:06.737Z","level":"error","event":"db.query_failed","request_id":null,"method":"POST","target":"rpc:available_stock","duration_ms":467,"err":{"name":"Error","message":"During prerendering, fetch() rejects when the prerender is complete. Typically these errors are handled by React but if you move fetch() to a different context by using `setTimeout`, `after`, or similar functions you may observe this error and you should handle it in that context. This occurred at route \"/product/[slug]\".","stack":"Error: During prerendering, fetch() rejects when the prerender is complete. Typically these errors are handled by React but if you move fetch() to a different context by using `setTimeout`, `after`, or similar functions you may observe this error and you should handle it in that context. This occurred at route \"/product/[slug]\".\n    at eu (/Users/ofir/kenyonexpress-autopilot/.next/server/chunks/[root-of-the-server]__1jlk8z1._.js:2:58687)\n    at /Users/ofir/kenyonexpress-autopilot/.next/server/chunks/[root-of-the-server]__1jlk8z1._.js:2:87004\n    at /Users/ofir/kenyonexpress-autopilot/.next/server/chunks/[root-of-the-server]__1jlk8z1._.js:2:54057\n    at /Users/ofir/kenyonexpress-autopilot/.next/server/chunks/[root-of-the-server]__1jlk8z1._.js:2:54347\n    at Object.with (/Users/ofir/kenyonexpress-autopilot/.next/server/chunks/[root-of-the-server]__1jlk8z1._.js:2:4124)\n    at S.with (/Users/ofir/kenyonexpress-autopilot/.next/server/chunks/[root-of-the-server]__1jlk8z1._.js:2:4450)\n    at G.startActiveSpan (/Users/ofir/kenyonexpress-autopilot/.next/server/chunks/[root-of-the-server]__1jlk8z1._.js:2:6806)\n    at H.startActiveSpan (/Users/ofir/kenyonexpress-autopilot/.next/server/chunks/[root-of-the-server]__1jlk8z1._.js:2:7045)\n    at e.runWithActiveSpan (/Users/ofir/kenyonexpress-autopilot/.next/server/chunks/[root-of-the-server]__1jlk8z1._.js:2:54324)\n    at /Users/ofir/kenyonexpress-autopilot/.next/server/chunks/[root-of-the-server]__1jlk8z1._.js:2:53577\n    at Object.with (/Users/ofir/kenyonexpress-autopilot/.next/server/chunks/[root-of-the-server]__1jlk8z1._.js:2:4124)\n    at S.with (/Users/ofir/kenyonexpress-autopilot/.next/server/chunks/[root-of-the-server]__1jlk8z1._.js:2:4450)\n    at e.trace (/Users/ofir/kenyonexpress-autopilot/.next/server/chunks/[root-of-the-server]__1jlk8z1._.js:2:53551)\n    at fetch (/Users/ofir/kenyonexpress-autopilot/.next/server/chunks/[root-of-the-server]__1jlk8z1._.js:2:84044)\n    at /Users/ofir/kenyonexpress-autopilot/.next/server/chun","digest":"HANGING_PROMISE_REJECTION"}}
{"ts":"2026-10-07T18:55:06.737Z","level":"error","event":"db.query_failed","request_id":null,"method":"GET","target":"products","duration_ms":467,"err":{"name":"Error","message":"During prerendering, fetch() rejects when the prerender is complete. Typically these errors are handled by React but if you move fetch() to a different context by using `setTimeout`, `after`, or similar functions you may observe this error and you should handle it in that context. This occurred at route \"/product/[slug]\".","stack":"Error: During prerendering, fetch() rejects when the prerender is complete. Typically these errors are handled by React but if you move fetch() to a different context by using `setTimeout`, `after`, or similar functions you may observe this error and you should handle it in that context. This occurred at route \"/product/[slug]\".\n    at eu (/Users/ofir/kenyonexpress-autopilot/.next/server/chunks/[root-of-the-server]__1jlk8z1._.js:2:58687)\n    at /Users/ofir/kenyonexpress-autopilot/.next/server/chunks/[root-of-the-server]__1jlk8z1._.js:2:87004\n    at /Users/ofir/kenyonexpress-autopilot/.next/server/chunks/[root-of-the-server]__1jlk8z1._.js:2:54057\n    at /Users/ofir/kenyonexpress-autopilot/.next/server/chunks/[root-of-the-server]__1jlk8z1._.js:2:54347\n    at Object.with (/Users/ofir/kenyonexpress-autopilot/.next/server/chunks/[root-of-the-server]__1jlk8z1._.js:2:4124)\n    at S.with (/Users/ofir/kenyonexpress-autopilot/.next/server/chunks/[root-of-the-server]__1jlk8z1._.js:2:4450)\n    at G.startActiveSpan (/Users/ofir/kenyonexpress-autopilot/.next/server/chunks/[root-of-the-server]__1jlk8z1._.js:2:6806)\n    at H.startActiveSpan (/Users/ofir/kenyonexpress-autopilot/.next/server/chunks/[root-of-the-server]__1jlk8z1._.js:2:7045)\n    at e.runWithActiveSpan (/Users/ofir/kenyonexpress-autopilot/.next/server/chunks/[root-of-the-server]__1jlk8z1._.js:2:54324)\n    at /Users/ofir/kenyonexpress-autopilot/.next/server/chunks/[root-of-the-server]__1jlk8z1._.js:2:53577\n    at Object.with (/Users/ofir/kenyonexpress-autopilot/.next/server/chunks/[root-of-the-server]__1jlk8z1._.js:2:4124)\n    at S.with (/Users/ofir/kenyonexpress-autopilot/.next/server/chunks/[root-of-the-server]__1jlk8z1._.js:2:4450)\n    at e.trace (/Users/ofir/kenyonexpress-autopilot/.next/server/chunks/[root-of-the-server]__1jlk8z1._.js:2:53551)\n    at fetch (/Users/ofir/kenyonexpress-autopilot/.next/server/chunks/[root-of-the-server]__1jlk8z1._.js:2:84044)\n    at /Users/ofir/kenyonexpress-autopilot/.next/server/chun","digest":"HANGING_PROMISE_REJECTION"}}
{"ts":"2026-10-07T18:55:06.754Z","level":"error","event":"db.query_failed","request_id":null,"method":"POST","target":"rpc:available_stock","duration_ms":1,"err":{"name":"Error","message":"During prerendering, fetch() rejects when the prerender is complete. Typically these errors are handled by React but if you move fetch() to a different context by using `setTimeout`, `after`, or similar functions you may observe this error and you should handle it in that context. This occurred at route \"/product/[slug]\".","stack":"Error: During prerendering, fetch() rejects when the prerender is complete. Typically these errors are handled by React but if you move fetch() to a different context by using `setTimeout`, `after`, or similar functions you may observe this error and you should handle it in that context. This occurred at route \"/product/[slug]\".\n    at eu (/Users/ofir/kenyonexpress-autopilot/.next/server/chunks/[root-of-the-server]__1jlk8z1._.js:2:58687)\n    at /Users/ofir/kenyonexpress-autopilot/.next/server/chunks/[root-of-the-server]__1jlk8z1._.js:2:87004\n    at /Users/ofir/kenyonexpress-autopilot/.next/server/chunks/[root-of-the-server]__1jlk8z1._.js:2:54057\n    at /Users/ofir/kenyonexpress-autopilot/.next/server/chunks/[root-of-the-server]__1jlk8z1._.js:2:54347\n    at Object.with (/Users/ofir/kenyonexpress-autopilot/.next/server/chunks/[root-of-the-server]__1jlk8z1._.js:2:4124)\n    at S.with (/Users/ofir/kenyonexpress-autopilot/.next/server/chunks/[root-of-the-server]__1jlk8z1._.js:2:4450)\n    at G.startActiveSpan (/Users/ofir/kenyonexpress-autopilot/.next/server/chunks/[root-of-the-server]__1jlk8z1._.js:2:6806)\n    at H.startActiveSpan (/Users/ofir/kenyonexpress-autopilot/.next/server/chunks/[root-of-the-server]__1jlk8z1._.js:2:7045)\n    at e.runWithActiveSpan (/Users/ofir/kenyonexpress-autopilot/.next/server/chunks/[root-of-the-server]__1jlk8z1._.js:2:54324)\n    at /Users/ofir/kenyonexpress-autopilot/.next/server/chunks/[root-of-the-server]__1jlk8z1._.js:2:53577\n    at Object.with (/Users/ofir/kenyonexpress-autopilot/.next/server/chunks/[root-of-the-server]__1jlk8z1._.js:2:4124)\n    at S.with (/Users/ofir/kenyonexpress-autopilot/.next/server/chunks/[root-of-the-server]__1jlk8z1._.js:2:4450)\n    at e.trace (/Users/ofir/kenyonexpress-autopilot/.next/server/chunks/[root-of-the-server]__1jlk8z1._.js:2:53551)\n    at fetch (/Users/ofir/kenyonexpress-autopilot/.next/server/chunks/[root-of-the-server]__1jlk8z1._.js:2:84044)\n    at /Users/ofir/kenyonexpress-autopilot/.next/server/chun","digest":"HANGING_PROMISE_REJECTION"}}
{"ts":"2026-10-07T18:55:06.754Z","level":"error","event":"db.query_failed","request_id":null,"method":"GET","target":"products","duration_ms":1,"err":{"name":"Error","message":"During prerendering, fetch() rejects when the prerender is complete. Typically these errors are handled by React but if you move fetch() to a different context by using `setTimeout`, `after`, or similar functions you may observe this error and you should handle it in that context. This occurred at route \"/product/[slug]\".","stack":"Error: During prerendering, fetch() rejects when the prerender is complete. Typically these errors are handled by React but if you move fetch() to a different context by using `setTimeout`, `after`, or similar functions you may observe this error and you should handle it in that context. This occurred at route \"/product/[slug]\".\n    at eu (/Users/ofir/kenyonexpress-autopilot/.next/server/chunks/[root-of-the-server]__1jlk8z1._.js:2:58687)\n    at /Users/ofir/kenyonexpress-autopilot/.next/server/chunks/[root-of-the-server]__1jlk8z1._.js:2:87004\n    at /Users/ofir/kenyonexpress-autopilot/.next/server/chunks/[root-of-the-server]__1jlk8z1._.js:2:54057\n    at /Users/ofir/kenyonexpress-autopilot/.next/server/chunks/[root-of-the-server]__1jlk8z1._.js:2:54347\n    at Object.with (/Users/ofir/kenyonexpress-autopilot/.next/server/chunks/[root-of-the-server]__1jlk8z1._.js:2:4124)\n    at S.with (/Users/ofir/kenyonexpress-autopilot/.next/server/chunks/[root-of-the-server]__1jlk8z1._.js:2:4450)\n    at G.startActiveSpan (/Users/ofir/kenyonexpress-autopilot/.next/server/chunks/[root-of-the-server]__1jlk8z1._.js:2:6806)\n    at H.startActiveSpan (/Users/ofir/kenyonexpress-autopilot/.next/server/chunks/[root-of-the-server]__1jlk8z1._.js:2:7045)\n    at e.runWithActiveSpan (/Users/ofir/kenyonexpress-autopilot/.next/server/chunks/[root-of-the-server]__1jlk8z1._.js:2:54324)\n    at /Users/ofir/kenyonexpress-autopilot/.next/server/chunks/[root-of-the-server]__1jlk8z1._.js:2:53577\n    at Object.with (/Users/ofir/kenyonexpress-autopilot/.next/server/chunks/[root-of-the-server]__1jlk8z1._.js:2:4124)\n    at S.with (/Users/ofir/kenyonexpress-autopilot/.next/server/chunks/[root-of-the-server]__1jlk8z1._.js:2:4450)\n    at e.trace (/Users/ofir/kenyonexpress-autopilot/.next/server/chunks/[root-of-the-server]__1jlk8z1._.js:2:53551)\n    at fetch (/Users/ofir/kenyonexpress-autopilot/.next/server/chunks/[root-of-the-server]__1jlk8z1._.js:2:84044)\n    at /Users/ofir/kenyonexpress-autopilot/.next/server/chun","digest":"HANGING_PROMISE_REJECTION"}}
{"ts":"2026-10-07T18:55:06.756Z","level":"warn","event":"db.query_slow","request_id":null,"method":"GET","target":"coupon_deals","status":200,"duration_ms":1163,"threshold_ms":300}
{"ts":"2026-10-07T18:55:06.795Z","level":"warn","event":"db.query_slow","request_id":null,"method":"GET","target":"products","status":200,"duration_ms":824,"threshold_ms":300}
{"ts":"2026-10-07T18:55:06.804Z","level":"warn","event":"db.query_slow","request_id":null,"method":"GET","target":"products","status":200,"duration_ms":1189,"threshold_ms":300}
{"ts":"2026-10-07T18:55:06.895Z","level":"warn","event":"db.query_slow","request_id":null,"method":"GET","target":"products","status":400,"duration_ms":842,"threshold_ms":300}
{"ts":"2026-10-07T18:55:06.911Z","level":"warn","event":"db.query_slow","request_id":null,"method":"POST","target":"rpc:product_rating_summary","status":404,"duration_ms":526,"threshold_ms":300}
{"ts":"2026-10-07T18:55:06.912Z","level":"warn","event":"db.query_slow","request_id":null,"method":"GET","target":"products","status":200,"duration_ms":301,"threshold_ms":300}
{"ts":"2026-10-07T18:55:06.913Z","level":"warn","event":"db.query_slow","request_id":null,"method":"GET","target":"products","status":400,"duration_ms":527,"threshold_ms":300}
{"ts":"2026-10-07T18:55:06.913Z","level":"warn","event":"db.query_slow","request_id":null,"method":"GET","target":"products","status":200,"duration_ms":321,"threshold_ms":300}
{"ts":"2026-10-07T18:55:06.914Z","level":"warn","event":"db.query_slow","request_id":null,"method":"GET","target":"media_assets","status":200,"duration_ms":529,"threshold_ms":300}
{"ts":"2026-10-07T18:55:06.914Z","level":"warn","event":"db.query_slow","request_id":null,"method":"GET","target":"product_variants","status":200,"duration_ms":530,"threshold_ms":300}
{"ts":"2026-10-07T18:55:06.925Z","level":"warn","event":"db.query_slow","request_id":null,"method":"POST","target":"rpc:product_rating_summary","status":404,"duration_ms":872,"threshold_ms":300}
{"ts":"2026-10-07T18:55:06.959Z","level":"warn","event":"db.query_slow","request_id":null,"method":"GET","target":"coupon_deals","status":200,"duration_ms":1370,"threshold_ms":300}
{"ts":"2026-10-07T18:55:06.960Z","level":"warn","event":"db.query_slow","request_id":null,"method":"GET","target":"coupon_deals","status":200,"duration_ms":1363,"threshold_ms":300}
{"ts":"2026-10-07T18:55:06.961Z","level":"warn","event":"db.query_slow","request_id":null,"method":"GET","target":"products","status":200,"duration_ms":324,"threshold_ms":300}
{"ts":"2026-10-07T18:55:06.963Z","level":"warn","event":"db.query_slow","request_id":null,"method":"GET","target":"products","status":200,"duration_ms":326,"threshold_ms":300}
{"ts":"2026-10-07T18:55:06.965Z","level":"error","event":"db.query_failed","request_id":null,"method":"POST","target":"rpc:available_stock","duration_ms":696,"err":{"name":"Error","message":"During prerendering, fetch() rejects when the prerender is complete. Typically these errors are handled by React but if you move fetch() to a different context by using `setTimeout`, `after`, or similar functions you may observe this error and you should handle it in that context. This occurred at route \"/product/[slug]\".","stack":"Error: During prerendering, fetch() rejects when the prerender is complete. Typically these errors are handled by React but if you move fetch() to a different context by using `setTimeout`, `after`, or similar functions you may observe this error and you should handle it in that context. This occurred at route \"/product/[slug]\".\n    at eu (/Users/ofir/kenyonexpress-autopilot/.next/server/chunks/[root-of-the-server]__1jlk8z1._.js:2:58687)\n    at /Users/ofir/kenyonexpress-autopilot/.next/server/chunks/[root-of-the-server]__1jlk8z1._.js:2:87004\n    at /Users/ofir/kenyonexpress-autopilot/.next/server/chunks/[root-of-the-server]__1jlk8z1._.js:2:54057\n    at /Users/ofir/kenyonexpress-autopilot/.next/server/chunks/[root-of-the-server]__1jlk8z1._.js:2:54347\n    at Object.with (/Users/ofir/kenyonexpress-autopilot/.next/server/chunks/[root-of-the-server]__1jlk8z1._.js:2:4124)\n    at S.with (/Users/ofir/kenyonexpress-autopilot/.next/server/chunks/[root-of-the-server]__1jlk8z1._.js:2:4450)\n    at G.startActiveSpan (/Users/ofir/kenyonexpress-autopilot/.next/server/chunks/[root-of-the-server]__1jlk8z1._.js:2:6806)\n    at H.startActiveSpan (/Users/ofir/kenyonexpress-autopilot/.next/server/chunks/[root-of-the-server]__1jlk8z1._.js:2:7045)\n    at e.runWithActiveSpan (/Users/ofir/kenyonexpress-autopilot/.next/server/chunks/[root-of-the-server]__1jlk8z1._.js:2:54324)\n    at /Users/ofir/kenyonexpress-autopilot/.next/server/chunks/[root-of-the-server]__1jlk8z1._.js:2:53577\n    at Object.with (/Users/ofir/kenyonexpress-autopilot/.next/server/chunks/[root-of-the-server]__1jlk8z1._.js:2:4124)\n    at S.with (/Users/ofir/kenyonexpress-autopilot/.next/server/chunks/[root-of-the-server]__1jlk8z1._.js:2:4450)\n    at e.trace (/Users/ofir/kenyonexpress-autopilot/.next/server/chunks/[root-of-the-server]__1jlk8z1._.js:2:53551)\n    at fetch (/Users/ofir/kenyonexpress-autopilot/.next/server/chunks/[root-of-the-server]__1jlk8z1._.js:2:84044)\n    at /Users/ofir/kenyonexpress-autopilot/.next/server/chun","digest":"HANGING_PROMISE_REJECTION"}}
{"ts":"2026-10-07T18:55:06.965Z","level":"error","event":"db.query_failed","request_id":null,"method":"GET","target":"products","duration_ms":696,"err":{"name":"Error","message":"During prerendering, fetch() rejects when the prerender is complete. Typically these errors are handled by React but if you move fetch() to a different context by using `setTimeout`, `after`, or similar functions you may observe this error and you should handle it in that context. This occurred at route \"/product/[slug]\".","stack":"Error: During prerendering, fetch() rejects when the prerender is complete. Typically these errors are handled by React but if you move fetch() to a different context by using `setTimeout`, `after`, or similar functions you may observe this error and you should handle it in that context. This occurred at route \"/product/[slug]\".\n    at eu (/Users/ofir/kenyonexpress-autopilot/.next/server/chunks/[root-of-the-server]__1jlk8z1._.js:2:58687)\n    at /Users/ofir/kenyonexpress-autopilot/.next/server/chunks/[root-of-the-server]__1jlk8z1._.js:2:87004\n    at /Users/ofir/kenyonexpress-autopilot/.next/server/chunks/[root-of-the-server]__1jlk8z1._.js:2:54057\n    at /Users/ofir/kenyonexpress-autopilot/.next/server/chunks/[root-of-the-server]__1jlk8z1._.js:2:54347\n    at Object.with (/Users/ofir/kenyonexpress-autopilot/.next/server/chunks/[root-of-the-server]__1jlk8z1._.js:2:4124)\n    at S.with (/Users/ofir/kenyonexpress-autopilot/.next/server/chunks/[root-of-the-server]__1jlk8z1._.js:2:4450)\n    at G.startActiveSpan (/Users/ofir/kenyonexpress-autopilot/.next/server/chunks/[root-of-the-server]__1jlk8z1._.js:2:6806)\n    at H.startActiveSpan (/Users/ofir/kenyonexpress-autopilot/.next/server/chunks/[root-of-the-server]__1jlk8z1._.js:2:7045)\n    at e.runWithActiveSpan (/Users/ofir/kenyonexpress-autopilot/.next/server/chunks/[root-of-the-server]__1jlk8z1._.js:2:54324)\n    at /Users/ofir/kenyonexpress-autopilot/.next/server/chunks/[root-of-the-server]__1jlk8z1._.js:2:53577\n    at Object.with (/Users/ofir/kenyonexpress-autopilot/.next/server/chunks/[root-of-the-server]__1jlk8z1._.js:2:4124)\n    at S.with (/Users/ofir/kenyonexpress-autopilot/.next/server/chunks/[root-of-the-server]__1jlk8z1._.js:2:4450)\n    at e.trace (/Users/ofir/kenyonexpress-autopilot/.next/server/chunks/[root-of-the-server]__1jlk8z1._.js:2:53551)\n    at fetch (/Users/ofir/kenyonexpress-autopilot/.next/server/chunks/[root-of-the-server]__1jlk8z1._.js:2:84044)\n    at /Users/ofir/kenyonexpress-autopilot/.next/server/chun","digest":"HANGING_PROMISE_REJECTION"}}
{"ts":"2026-10-07T18:55:06.978Z","level":"error","event":"db.query_failed","request_id":null,"method":"POST","target":"rpc:available_stock","duration_ms":721,"err":{"name":"Error","message":"During prerendering, fetch() rejects when the prerender is complete. Typically these errors are handled by React but if you move fetch() to a different context by using `setTimeout`, `after`, or similar functions you may observe this error and you should handle it in that context. This occurred at route \"/product/[slug]\".","stack":"Error: During prerendering, fetch() rejects when the prerender is complete. Typically these errors are handled by React but if you move fetch() to a different context by using `setTimeout`, `after`, or similar functions you may observe this error and you should handle it in that context. This occurred at route \"/product/[slug]\".\n    at eu (/Users/ofir/kenyonexpress-autopilot/.next/server/chunks/[root-of-the-server]__1jlk8z1._.js:2:58687)\n    at /Users/ofir/kenyonexpress-autopilot/.next/server/chunks/[root-of-the-server]__1jlk8z1._.js:2:87004\n    at /Users/ofir/kenyonexpress-autopilot/.next/server/chunks/[root-of-the-server]__1jlk8z1._.js:2:54057\n    at /Users/ofir/kenyonexpress-autopilot/.next/server/chunks/[root-of-the-server]__1jlk8z1._.js:2:54347\n    at Object.with (/Users/ofir/kenyonexpress-autopilot/.next/server/chunks/[root-of-the-server]__1jlk8z1._.js:2:4124)\n    at S.with (/Users/ofir/kenyonexpress-autopilot/.next/server/chunks/[root-of-the-server]__1jlk8z1._.js:2:4450)\n    at G.startActiveSpan (/Users/ofir/kenyonexpress-autopilot/.next/server/chunks/[root-of-the-server]__1jlk8z1._.js:2:6806)\n    at H.startActiveSpan (/Users/ofir/kenyonexpress-autopilot/.next/server/chunks/[root-of-the-server]__1jlk8z1._.js:2:7045)\n    at e.runWithActiveSpan (/Users/ofir/kenyonexpress-autopilot/.next/server/chunks/[root-of-the-server]__1jlk8z1._.js:2:54324)\n    at /Users/ofir/kenyonexpress-autopilot/.next/server/chunks/[root-of-the-server]__1jlk8z1._.js:2:53577\n    at Object.with (/Users/ofir/kenyonexpress-autopilot/.next/server/chunks/[root-of-the-server]__1jlk8z1._.js:2:4124)\n    at S.with (/Users/ofir/kenyonexpress-autopilot/.next/server/chunks/[root-of-the-server]__1jlk8z1._.js:2:4450)\n    at e.trace (/Users/ofir/kenyonexpress-autopilot/.next/server/chunks/[root-of-the-server]__1jlk8z1._.js:2:53551)\n    at fetch (/Users/ofir/kenyonexpress-autopilot/.next/server/chunks/[root-of-the-server]__1jlk8z1._.js:2:84044)\n    at /Users/ofir/kenyonexpress-autopilot/.next/server/chun","digest":"HANGING_PROMISE_REJECTION"}}
{"ts":"2026-10-07T18:55:06.979Z","level":"error","event":"db.query_failed","request_id":null,"method":"GET","target":"products","duration_ms":721,"err":{"name":"Error","message":"During prerendering, fetch() rejects when the prerender is complete. Typically these errors are handled by React but if you move fetch() to a different context by using `setTimeout`, `after`, or similar functions you may observe this error and you should handle it in that context. This occurred at route \"/product/[slug]\".","stack":"Error: During prerendering, fetch() rejects when the prerender is complete. Typically these errors are handled by React but if you move fetch() to a different context by using `setTimeout`, `after`, or similar functions you may observe this error and you should handle it in that context. This occurred at route \"/product/[slug]\".\n    at eu (/Users/ofir/kenyonexpress-autopilot/.next/server/chunks/[root-of-the-server]__1jlk8z1._.js:2:58687)\n    at /Users/ofir/kenyonexpress-autopilot/.next/server/chunks/[root-of-the-server]__1jlk8z1._.js:2:87004\n    at /Users/ofir/kenyonexpress-autopilot/.next/server/chunks/[root-of-the-server]__1jlk8z1._.js:2:54057\n    at /Users/ofir/kenyonexpress-autopilot/.next/server/chunks/[root-of-the-server]__1jlk8z1._.js:2:54347\n    at Object.with (/Users/ofir/kenyonexpress-autopilot/.next/server/chunks/[root-of-the-server]__1jlk8z1._.js:2:4124)\n    at S.with (/Users/ofir/kenyonexpress-autopilot/.next/server/chunks/[root-of-the-server]__1jlk8z1._.js:2:4450)\n    at G.startActiveSpan (/Users/ofir/kenyonexpress-autopilot/.next/server/chunks/[root-of-the-server]__1jlk8z1._.js:2:6806)\n    at H.startActiveSpan (/Users/ofir/kenyonexpress-autopilot/.next/server/chunks/[root-of-the-server]__1jlk8z1._.js:2:7045)\n    at e.runWithActiveSpan (/Users/ofir/kenyonexpress-autopilot/.next/server/chunks/[root-of-the-server]__1jlk8z1._.js:2:54324)\n    at /Users/ofir/kenyonexpress-autopilot/.next/server/chunks/[root-of-the-server]__1jlk8z1._.js:2:53577\n    at Object.with (/Users/ofir/kenyonexpress-autopilot/.next/server/chunks/[root-of-the-server]__1jlk8z1._.js:2:4124)\n    at S.with (/Users/ofir/kenyonexpress-autopilot/.next/server/chunks/[root-of-the-server]__1jlk8z1._.js:2:4450)\n    at e.trace (/Users/ofir/kenyonexpress-autopilot/.next/server/chunks/[root-of-the-server]__1jlk8z1._.js:2:53551)\n    at fetch (/Users/ofir/kenyonexpress-autopilot/.next/server/chunks/[root-of-the-server]__1jlk8z1._.js:2:84044)\n    at /Users/ofir/kenyonexpress-autopilot/.next/server/chun","digest":"HANGING_PROMISE_REJECTION"}}
{"ts":"2026-10-07T18:55:06.998Z","level":"error","event":"db.query_failed","request_id":null,"method":"POST","target":"rpc:available_stock","duration_ms":1,"err":{"name":"Error","message":"During prerendering, fetch() rejects when the prerender is complete. Typically these errors are handled by React but if you move fetch() to a different context by using `setTimeout`, `after`, or similar functions you may observe this error and you should handle it in that context. This occurred at route \"/product/[slug]\".","stack":"Error: During prerendering, fetch() rejects when the prerender is complete. Typically these errors are handled by React but if you move fetch() to a different context by using `setTimeout`, `after`, or similar functions you may observe this error and you should handle it in that context. This occurred at route \"/product/[slug]\".\n    at eu (/Users/ofir/kenyonexpress-autopilot/.next/server/chunks/[root-of-the-server]__1jlk8z1._.js:2:58687)\n    at /Users/ofir/kenyonexpress-autopilot/.next/server/chunks/[root-of-the-server]__1jlk8z1._.js:2:87004\n    at /Users/ofir/kenyonexpress-autopilot/.next/server/chunks/[root-of-the-server]__1jlk8z1._.js:2:54057\n    at /Users/ofir/kenyonexpress-autopilot/.next/server/chunks/[root-of-the-server]__1jlk8z1._.js:2:54347\n    at Object.with (/Users/ofir/kenyonexpress-autopilot/.next/server/chunks/[root-of-the-server]__1jlk8z1._.js:2:4124)\n    at S.with (/Users/ofir/kenyonexpress-autopilot/.next/server/chunks/[root-of-the-server]__1jlk8z1._.js:2:4450)\n    at G.startActiveSpan (/Users/ofir/kenyonexpress-autopilot/.next/server/chunks/[root-of-the-server]__1jlk8z1._.js:2:6806)\n    at H.startActiveSpan (/Users/ofir/kenyonexpress-autopilot/.next/server/chunks/[root-of-the-server]__1jlk8z1._.js:2:7045)\n    at e.runWithActiveSpan (/Users/ofir/kenyonexpress-autopilot/.next/server/chunks/[root-of-the-server]__1jlk8z1._.js:2:54324)\n    at /Users/ofir/kenyonexpress-autopilot/.next/server/chunks/[root-of-the-server]__1jlk8z1._.js:2:53577\n    at Object.with (/Users/ofir/kenyonexpress-autopilot/.next/server/chunks/[root-of-the-server]__1jlk8z1._.js:2:4124)\n    at S.with (/Users/ofir/kenyonexpress-autopilot/.next/server/chunks/[root-of-the-server]__1jlk8z1._.js:2:4450)\n    at e.trace (/Users/ofir/kenyonexpress-autopilot/.next/server/chunks/[root-of-the-server]__1jlk8z1._.js:2:53551)\n    at fetch (/Users/ofir/kenyonexpress-autopilot/.next/server/chunks/[root-of-the-server]__1jlk8z1._.js:2:84044)\n    at /Users/ofir/kenyonexpress-autopilot/.next/server/chun","digest":"HANGING_PROMISE_REJECTION"}}
{"ts":"2026-10-07T18:55:06.998Z","level":"error","event":"db.query_failed","request_id":null,"method":"GET","target":"products","duration_ms":1,"err":{"name":"Error","message":"During prerendering, fetch() rejects when the prerender is complete. Typically these errors are handled by React but if you move fetch() to a different context by using `setTimeout`, `after`, or similar functions you may observe this error and you should handle it in that context. This occurred at route \"/product/[slug]\".","stack":"Error: During prerendering, fetch() rejects when the prerender is complete. Typically these errors are handled by React but if you move fetch() to a different context by using `setTimeout`, `after`, or similar functions you may observe this error and you should handle it in that context. This occurred at route \"/product/[slug]\".\n    at eu (/Users/ofir/kenyonexpress-autopilot/.next/server/chunks/[root-of-the-server]__1jlk8z1._.js:2:58687)\n    at /Users/ofir/kenyonexpress-autopilot/.next/server/chunks/[root-of-the-server]__1jlk8z1._.js:2:87004\n    at /Users/ofir/kenyonexpress-autopilot/.next/server/chunks/[root-of-the-server]__1jlk8z1._.js:2:54057\n    at /Users/ofir/kenyonexpress-autopilot/.next/server/chunks/[root-of-the-server]__1jlk8z1._.js:2:54347\n    at Object.with (/Users/ofir/kenyonexpress-autopilot/.next/server/chunks/[root-of-the-server]__1jlk8z1._.js:2:4124)\n    at S.with (/Users/ofir/kenyonexpress-autopilot/.next/server/chunks/[root-of-the-server]__1jlk8z1._.js:2:4450)\n    at G.startActiveSpan (/Users/ofir/kenyonexpress-autopilot/.next/server/chunks/[root-of-the-server]__1jlk8z1._.js:2:6806)\n    at H.startActiveSpan (/Users/ofir/kenyonexpress-autopilot/.next/server/chunks/[root-of-the-server]__1jlk8z1._.js:2:7045)\n    at e.runWithActiveSpan (/Users/ofir/kenyonexpress-autopilot/.next/server/chunks/[root-of-the-server]__1jlk8z1._.js:2:54324)\n    at /Users/ofir/kenyonexpress-autopilot/.next/server/chunks/[root-of-the-server]__1jlk8z1._.js:2:53577\n    at Object.with (/Users/ofir/kenyonexpress-autopilot/.next/server/chunks/[root-of-the-server]__1jlk8z1._.js:2:4124)\n    at S.with (/Users/ofir/kenyonexpress-autopilot/.next/server/chunks/[root-of-the-server]__1jlk8z1._.js:2:4450)\n    at e.trace (/Users/ofir/kenyonexpress-autopilot/.next/server/chunks/[root-of-the-server]__1jlk8z1._.js:2:53551)\n    at fetch (/Users/ofir/kenyonexpress-autopilot/.next/server/chunks/[root-of-the-server]__1jlk8z1._.js:2:84044)\n    at /Users/ofir/kenyonexpress-autopilot/.next/server/chun","digest":"HANGING_PROMISE_REJECTION"}}
{"ts":"2026-10-07T18:55:07.007Z","level":"error","event":"db.query_failed","request_id":null,"method":"POST","target":"rpc:available_stock","duration_ms":1,"err":{"name":"Error","message":"During prerendering, fetch() rejects when the prerender is complete. Typically these errors are handled by React but if you move fetch() to a different context by using `setTimeout`, `after`, or similar functions you may observe this error and you should handle it in that context. This occurred at route \"/product/[slug]\".","stack":"Error: During prerendering, fetch() rejects when the prerender is complete. Typically these errors are handled by React but if you move fetch() to a different context by using `setTimeout`, `after`, or similar functions you may observe this error and you should handle it in that context. This occurred at route \"/product/[slug]\".\n    at eu (/Users/ofir/kenyonexpress-autopilot/.next/server/chunks/[root-of-the-server]__1jlk8z1._.js:2:58687)\n    at /Users/ofir/kenyonexpress-autopilot/.next/server/chunks/[root-of-the-server]__1jlk8z1._.js:2:87004\n    at /Users/ofir/kenyonexpress-autopilot/.next/server/chunks/[root-of-the-server]__1jlk8z1._.js:2:54057\n    at /Users/ofir/kenyonexpress-autopilot/.next/server/chunks/[root-of-the-server]__1jlk8z1._.js:2:54347\n    at Object.with (/Users/ofir/kenyonexpress-autopilot/.next/server/chunks/[root-of-the-server]__1jlk8z1._.js:2:4124)\n    at S.with (/Users/ofir/kenyonexpress-autopilot/.next/server/chunks/[root-of-the-server]__1jlk8z1._.js:2:4450)\n    at G.startActiveSpan (/Users/ofir/kenyonexpress-autopilot/.next/server/chunks/[root-of-the-server]__1jlk8z1._.js:2:6806)\n    at H.startActiveSpan (/Users/ofir/kenyonexpress-autopilot/.next/server/chunks/[root-of-the-server]__1jlk8z1._.js:2:7045)\n    at e.runWithActiveSpan (/Users/ofir/kenyonexpress-autopilot/.next/server/chunks/[root-of-the-server]__1jlk8z1._.js:2:54324)\n    at /Users/ofir/kenyonexpress-autopilot/.next/server/chunks/[root-of-the-server]__1jlk8z1._.js:2:53577\n    at Object.with (/Users/ofir/kenyonexpress-autopilot/.next/server/chunks/[root-of-the-server]__1jlk8z1._.js:2:4124)\n    at S.with (/Users/ofir/kenyonexpress-autopilot/.next/server/chunks/[root-of-the-server]__1jlk8z1._.js:2:4450)\n    at e.trace (/Users/ofir/kenyonexpress-autopilot/.next/server/chunks/[root-of-the-server]__1jlk8z1._.js:2:53551)\n    at fetch (/Users/ofir/kenyonexpress-autopilot/.next/server/chunks/[root-of-the-server]__1jlk8z1._.js:2:84044)\n    at /Users/ofir/kenyonexpress-autopilot/.next/server/chun","digest":"HANGING_PROMISE_REJECTION"}}
{"ts":"2026-10-07T18:55:07.007Z","level":"error","event":"db.query_failed","request_id":null,"method":"GET","target":"products","duration_ms":1,"err":{"name":"Error","message":"During prerendering, fetch() rejects when the prerender is complete. Typically these errors are handled by React but if you move fetch() to a different context by using `setTimeout`, `after`, or similar functions you may observe this error and you should handle it in that context. This occurred at route \"/product/[slug]\".","stack":"Error: During prerendering, fetch() rejects when the prerender is complete. Typically these errors are handled by React but if you move fetch() to a different context by using `setTimeout`, `after`, or similar functions you may observe this error and you should handle it in that context. This occurred at route \"/product/[slug]\".\n    at eu (/Users/ofir/kenyonexpress-autopilot/.next/server/chunks/[root-of-the-server]__1jlk8z1._.js:2:58687)\n    at /Users/ofir/kenyonexpress-autopilot/.next/server/chunks/[root-of-the-server]__1jlk8z1._.js:2:87004\n    at /Users/ofir/kenyonexpress-autopilot/.next/server/chunks/[root-of-the-server]__1jlk8z1._.js:2:54057\n    at /Users/ofir/kenyonexpress-autopilot/.next/server/chunks/[root-of-the-server]__1jlk8z1._.js:2:54347\n    at Object.with (/Users/ofir/kenyonexpress-autopilot/.next/server/chunks/[root-of-the-server]__1jlk8z1._.js:2:4124)\n    at S.with (/Users/ofir/kenyonexpress-autopilot/.next/server/chunks/[root-of-the-server]__1jlk8z1._.js:2:4450)\n    at G.startActiveSpan (/Users/ofir/kenyonexpress-autopilot/.next/server/chunks/[root-of-the-server]__1jlk8z1._.js:2:6806)\n    at H.startActiveSpan (/Users/ofir/kenyonexpress-autopilot/.next/server/chunks/[root-of-the-server]__1jlk8z1._.js:2:7045)\n    at e.runWithActiveSpan (/Users/ofir/kenyonexpress-autopilot/.next/server/chunks/[root-of-the-server]__1jlk8z1._.js:2:54324)\n    at /Users/ofir/kenyonexpress-autopilot/.next/server/chunks/[root-of-the-server]__1jlk8z1._.js:2:53577\n    at Object.with (/Users/ofir/kenyonexpress-autopilot/.next/server/chunks/[root-of-the-server]__1jlk8z1._.js:2:4124)\n    at S.with (/Users/ofir/kenyonexpress-autopilot/.next/server/chunks/[root-of-the-server]__1jlk8z1._.js:2:4450)\n    at e.trace (/Users/ofir/kenyonexpress-autopilot/.next/server/chunks/[root-of-the-server]__1jlk8z1._.js:2:53551)\n    at fetch (/Users/ofir/kenyonexpress-autopilot/.next/server/chunks/[root-of-the-server]__1jlk8z1._.js:2:84044)\n    at /Users/ofir/kenyonexpress-autopilot/.next/server/chun","digest":"HANGING_PROMISE_REJECTION"}}
{"ts":"2026-10-07T18:55:07.010Z","level":"error","event":"db.query_failed","request_id":null,"method":"POST","target":"rpc:available_stock","duration_ms":755,"err":{"name":"Error","message":"During prerendering, fetch() rejects when the prerender is complete. Typically these errors are handled by React but if you move fetch() to a different context by using `setTimeout`, `after`, or similar functions you may observe this error and you should handle it in that context. This occurred at route \"/product/[slug]\".","stack":"Error: During prerendering, fetch() rejects when the prerender is complete. Typically these errors are handled by React but if you move fetch() to a different context by using `setTimeout`, `after`, or similar functions you may observe this error and you should handle it in that context. This occurred at route \"/product/[slug]\".\n    at eu (/Users/ofir/kenyonexpress-autopilot/.next/server/chunks/[root-of-the-server]__1jlk8z1._.js:2:58687)\n    at /Users/ofir/kenyonexpress-autopilot/.next/server/chunks/[root-of-the-server]__1jlk8z1._.js:2:87004\n    at /Users/ofir/kenyonexpress-autopilot/.next/server/chunks/[root-of-the-server]__1jlk8z1._.js:2:54057\n    at /Users/ofir/kenyonexpress-autopilot/.next/server/chunks/[root-of-the-server]__1jlk8z1._.js:2:54347\n    at Object.with (/Users/ofir/kenyonexpress-autopilot/.next/server/chunks/[root-of-the-server]__1jlk8z1._.js:2:4124)\n    at S.with (/Users/ofir/kenyonexpress-autopilot/.next/server/chunks/[root-of-the-server]__1jlk8z1._.js:2:4450)\n    at G.startActiveSpan (/Users/ofir/kenyonexpress-autopilot/.next/server/chunks/[root-of-the-server]__1jlk8z1._.js:2:6806)\n    at H.startActiveSpan (/Users/ofir/kenyonexpress-autopilot/.next/server/chunks/[root-of-the-server]__1jlk8z1._.js:2:7045)\n    at e.runWithActiveSpan (/Users/ofir/kenyonexpress-autopilot/.next/server/chunks/[root-of-the-server]__1jlk8z1._.js:2:54324)\n    at /Users/ofir/kenyonexpress-autopilot/.next/server/chunks/[root-of-the-server]__1jlk8z1._.js:2:53577\n    at Object.with (/Users/ofir/kenyonexpress-autopilot/.next/server/chunks/[root-of-the-server]__1jlk8z1._.js:2:4124)\n    at S.with (/Users/ofir/kenyonexpress-autopilot/.next/server/chunks/[root-of-the-server]__1jlk8z1._.js:2:4450)\n    at e.trace (/Users/ofir/kenyonexpress-autopilot/.next/server/chunks/[root-of-the-server]__1jlk8z1._.js:2:53551)\n    at fetch (/Users/ofir/kenyonexpress-autopilot/.next/server/chunks/[root-of-the-server]__1jlk8z1._.js:2:84044)\n    at /Users/ofir/kenyonexpress-autopilot/.next/server/chun","digest":"HANGING_PROMISE_REJECTION"}}
{"ts":"2026-10-07T18:55:07.011Z","level":"error","event":"db.query_failed","request_id":null,"method":"GET","target":"products","duration_ms":755,"err":{"name":"Error","message":"During prerendering, fetch() rejects when the prerender is complete. Typically these errors are handled by React but if you move fetch() to a different context by using `setTimeout`, `after`, or similar functions you may observe this error and you should handle it in that context. This occurred at route \"/product/[slug]\".","stack":"Error: During prerendering, fetch() rejects when the prerender is complete. Typically these errors are handled by React but if you move fetch() to a different context by using `setTimeout`, `after`, or similar functions you may observe this error and you should handle it in that context. This occurred at route \"/product/[slug]\".\n    at eu (/Users/ofir/kenyonexpress-autopilot/.next/server/chunks/[root-of-the-server]__1jlk8z1._.js:2:58687)\n    at /Users/ofir/kenyonexpress-autopilot/.next/server/chunks/[root-of-the-server]__1jlk8z1._.js:2:87004\n    at /Users/ofir/kenyonexpress-autopilot/.next/server/chunks/[root-of-the-server]__1jlk8z1._.js:2:54057\n    at /Users/ofir/kenyonexpress-autopilot/.next/server/chunks/[root-of-the-server]__1jlk8z1._.js:2:54347\n    at Object.with (/Users/ofir/kenyonexpress-autopilot/.next/server/chunks/[root-of-the-server]__1jlk8z1._.js:2:4124)\n    at S.with (/Users/ofir/kenyonexpress-autopilot/.next/server/chunks/[root-of-the-server]__1jlk8z1._.js:2:4450)\n    at G.startActiveSpan (/Users/ofir/kenyonexpress-autopilot/.next/server/chunks/[root-of-the-server]__1jlk8z1._.js:2:6806)\n    at H.startActiveSpan (/Users/ofir/kenyonexpress-autopilot/.next/server/chunks/[root-of-the-server]__1jlk8z1._.js:2:7045)\n    at e.runWithActiveSpan (/Users/ofir/kenyonexpress-autopilot/.next/server/chunks/[root-of-the-server]__1jlk8z1._.js:2:54324)\n    at /Users/ofir/kenyonexpress-autopilot/.next/server/chunks/[root-of-the-server]__1jlk8z1._.js:2:53577\n    at Object.with (/Users/ofir/kenyonexpress-autopilot/.next/server/chunks/[root-of-the-server]__1jlk8z1._.js:2:4124)\n    at S.with (/Users/ofir/kenyonexpress-autopilot/.next/server/chunks/[root-of-the-server]__1jlk8z1._.js:2:4450)\n    at e.trace (/Users/ofir/kenyonexpress-autopilot/.next/server/chunks/[root-of-the-server]__1jlk8z1._.js:2:53551)\n    at fetch (/Users/ofir/kenyonexpress-autopilot/.next/server/chunks/[root-of-the-server]__1jlk8z1._.js:2:84044)\n    at /Users/ofir/kenyonexpress-autopilot/.next/server/chun","digest":"HANGING_PROMISE_REJECTION"}}
{"ts":"2026-10-07T18:55:07.023Z","level":"error","event":"db.query_failed","request_id":null,"method":"POST","target":"rpc:available_stock","duration_ms":1,"err":{"name":"Error","message":"During prerendering, fetch() rejects when the prerender is complete. Typically these errors are handled by React but if you move fetch() to a different context by using `setTimeout`, `after`, or similar functions you may observe this error and you should handle it in that context. This occurred at route \"/product/[slug]\".","stack":"Error: During prerendering, fetch() rejects when the prerender is complete. Typically these errors are handled by React but if you move fetch() to a different context by using `setTimeout`, `after`, or similar functions you may observe this error and you should handle it in that context. This occurred at route \"/product/[slug]\".\n    at eu (/Users/ofir/kenyonexpress-autopilot/.next/server/chunks/[root-of-the-server]__1jlk8z1._.js:2:58687)\n    at /Users/ofir/kenyonexpress-autopilot/.next/server/chunks/[root-of-the-server]__1jlk8z1._.js:2:87004\n    at /Users/ofir/kenyonexpress-autopilot/.next/server/chunks/[root-of-the-server]__1jlk8z1._.js:2:54057\n    at /Users/ofir/kenyonexpress-autopilot/.next/server/chunks/[root-of-the-server]__1jlk8z1._.js:2:54347\n    at Object.with (/Users/ofir/kenyonexpress-autopilot/.next/server/chunks/[root-of-the-server]__1jlk8z1._.js:2:4124)\n    at S.with (/Users/ofir/kenyonexpress-autopilot/.next/server/chunks/[root-of-the-server]__1jlk8z1._.js:2:4450)\n    at G.startActiveSpan (/Users/ofir/kenyonexpress-autopilot/.next/server/chunks/[root-of-the-server]__1jlk8z1._.js:2:6806)\n    at H.startActiveSpan (/Users/ofir/kenyonexpress-autopilot/.next/server/chunks/[root-of-the-server]__1jlk8z1._.js:2:7045)\n    at e.runWithActiveSpan (/Users/ofir/kenyonexpress-autopilot/.next/server/chunks/[root-of-the-server]__1jlk8z1._.js:2:54324)\n    at /Users/ofir/kenyonexpress-autopilot/.next/server/chunks/[root-of-the-server]__1jlk8z1._.js:2:53577\n    at Object.with (/Users/ofir/kenyonexpress-autopilot/.next/server/chunks/[root-of-the-server]__1jlk8z1._.js:2:4124)\n    at S.with (/Users/ofir/kenyonexpress-autopilot/.next/server/chunks/[root-of-the-server]__1jlk8z1._.js:2:4450)\n    at e.trace (/Users/ofir/kenyonexpress-autopilot/.next/server/chunks/[root-of-the-server]__1jlk8z1._.js:2:53551)\n    at fetch (/Users/ofir/kenyonexpress-autopilot/.next/server/chunks/[root-of-the-server]__1jlk8z1._.js:2:84044)\n    at /Users/ofir/kenyonexpress-autopilot/.next/server/chun","digest":"HANGING_PROMISE_REJECTION"}}
{"ts":"2026-10-07T18:55:07.023Z","level":"error","event":"db.query_failed","request_id":null,"method":"GET","target":"products","duration_ms":1,"err":{"name":"Error","message":"During prerendering, fetch() rejects when the prerender is complete. Typically these errors are handled by React but if you move fetch() to a different context by using `setTimeout`, `after`, or similar functions you may observe this error and you should handle it in that context. This occurred at route \"/product/[slug]\".","stack":"Error: During prerendering, fetch() rejects when the prerender is complete. Typically these errors are handled by React but if you move fetch() to a different context by using `setTimeout`, `after`, or similar functions you may observe this error and you should handle it in that context. This occurred at route \"/product/[slug]\".\n    at eu (/Users/ofir/kenyonexpress-autopilot/.next/server/chunks/[root-of-the-server]__1jlk8z1._.js:2:58687)\n    at /Users/ofir/kenyonexpress-autopilot/.next/server/chunks/[root-of-the-server]__1jlk8z1._.js:2:87004\n    at /Users/ofir/kenyonexpress-autopilot/.next/server/chunks/[root-of-the-server]__1jlk8z1._.js:2:54057\n    at /Users/ofir/kenyonexpress-autopilot/.next/server/chunks/[root-of-the-server]__1jlk8z1._.js:2:54347\n    at Object.with (/Users/ofir/kenyonexpress-autopilot/.next/server/chunks/[root-of-the-server]__1jlk8z1._.js:2:4124)\n    at S.with (/Users/ofir/kenyonexpress-autopilot/.next/server/chunks/[root-of-the-server]__1jlk8z1._.js:2:4450)\n    at G.startActiveSpan (/Users/ofir/kenyonexpress-autopilot/.next/server/chunks/[root-of-the-server]__1jlk8z1._.js:2:6806)\n    at H.startActiveSpan (/Users/ofir/kenyonexpress-autopilot/.next/server/chunks/[root-of-the-server]__1jlk8z1._.js:2:7045)\n    at e.runWithActiveSpan (/Users/ofir/kenyonexpress-autopilot/.next/server/chunks/[root-of-the-server]__1jlk8z1._.js:2:54324)\n    at /Users/ofir/kenyonexpress-autopilot/.next/server/chunks/[root-of-the-server]__1jlk8z1._.js:2:53577\n    at Object.with (/Users/ofir/kenyonexpress-autopilot/.next/server/chunks/[root-of-the-server]__1jlk8z1._.js:2:4124)\n    at S.with (/Users/ofir/kenyonexpress-autopilot/.next/server/chunks/[root-of-the-server]__1jlk8z1._.js:2:4450)\n    at e.trace (/Users/ofir/kenyonexpress-autopilot/.next/server/chunks/[root-of-the-server]__1jlk8z1._.js:2:53551)\n    at fetch (/Users/ofir/kenyonexpress-autopilot/.next/server/chunks/[root-of-the-server]__1jlk8z1._.js:2:84044)\n    at /Users/ofir/kenyonexpress-autopilot/.next/server/chun","digest":"HANGING_PROMISE_REJECTION"}}
{"ts":"2026-10-07T18:55:07.029Z","level":"warn","event":"db.query_slow","request_id":null,"method":"GET","target":"products","status":200,"duration_ms":309,"threshold_ms":300}
{"ts":"2026-10-07T18:55:07.031Z","level":"warn","event":"db.query_slow","request_id":null,"method":"GET","target":"products","status":200,"duration_ms":306,"threshold_ms":300}
{"ts":"2026-10-07T18:55:07.034Z","level":"error","event":"db.query_failed","request_id":null,"method":"POST","target":"rpc:available_stock","duration_ms":771,"err":{"name":"Error","message":"During prerendering, fetch() rejects when the prerender is complete. Typically these errors are handled by React but if you move fetch() to a different context by using `setTimeout`, `after`, or similar functions you may observe this error and you should handle it in that context. This occurred at route \"/product/[slug]\".","stack":"Error: During prerendering, fetch() rejects when the prerender is complete. Typically these errors are handled by React but if you move fetch() to a different context by using `setTimeout`, `after`, or similar functions you may observe this error and you should handle it in that context. This occurred at route \"/product/[slug]\".\n    at eu (/Users/ofir/kenyonexpress-autopilot/.next/server/chunks/[root-of-the-server]__1jlk8z1._.js:2:58687)\n    at /Users/ofir/kenyonexpress-autopilot/.next/server/chunks/[root-of-the-server]__1jlk8z1._.js:2:87004\n    at /Users/ofir/kenyonexpress-autopilot/.next/server/chunks/[root-of-the-server]__1jlk8z1._.js:2:54057\n    at /Users/ofir/kenyonexpress-autopilot/.next/server/chunks/[root-of-the-server]__1jlk8z1._.js:2:54347\n    at Object.with (/Users/ofir/kenyonexpress-autopilot/.next/server/chunks/[root-of-the-server]__1jlk8z1._.js:2:4124)\n    at S.with (/Users/ofir/kenyonexpress-autopilot/.next/server/chunks/[root-of-the-server]__1jlk8z1._.js:2:4450)\n    at G.startActiveSpan (/Users/ofir/kenyonexpress-autopilot/.next/server/chunks/[root-of-the-server]__1jlk8z1._.js:2:6806)\n    at H.startActiveSpan (/Users/ofir/kenyonexpress-autopilot/.next/server/chunks/[root-of-the-server]__1jlk8z1._.js:2:7045)\n    at e.runWithActiveSpan (/Users/ofir/kenyonexpress-autopilot/.next/server/chunks/[root-of-the-server]__1jlk8z1._.js:2:54324)\n    at /Users/ofir/kenyonexpress-autopilot/.next/server/chunks/[root-of-the-server]__1jlk8z1._.js:2:53577\n    at Object.with (/Users/ofir/kenyonexpress-autopilot/.next/server/chunks/[root-of-the-server]__1jlk8z1._.js:2:4124)\n    at S.with (/Users/ofir/kenyonexpress-autopilot/.next/server/chunks/[root-of-the-server]__1jlk8z1._.js:2:4450)\n    at e.trace (/Users/ofir/kenyonexpress-autopilot/.next/server/chunks/[root-of-the-server]__1jlk8z1._.js:2:53551)\n    at fetch (/Users/ofir/kenyonexpress-autopilot/.next/server/chunks/[root-of-the-server]__1jlk8z1._.js:2:84044)\n    at /Users/ofir/kenyonexpress-autopilot/.next/server/chun","digest":"HANGING_PROMISE_REJECTION"}}
{"ts":"2026-10-07T18:55:07.034Z","level":"error","event":"db.query_failed","request_id":null,"method":"GET","target":"products","duration_ms":771,"err":{"name":"Error","message":"During prerendering, fetch() rejects when the prerender is complete. Typically these errors are handled by React but if you move fetch() to a different context by using `setTimeout`, `after`, or similar functions you may observe this error and you should handle it in that context. This occurred at route \"/product/[slug]\".","stack":"Error: During prerendering, fetch() rejects when the prerender is complete. Typically these errors are handled by React but if you move fetch() to a different context by using `setTimeout`, `after`, or similar functions you may observe this error and you should handle it in that context. This occurred at route \"/product/[slug]\".\n    at eu (/Users/ofir/kenyonexpress-autopilot/.next/server/chunks/[root-of-the-server]__1jlk8z1._.js:2:58687)\n    at /Users/ofir/kenyonexpress-autopilot/.next/server/chunks/[root-of-the-server]__1jlk8z1._.js:2:87004\n    at /Users/ofir/kenyonexpress-autopilot/.next/server/chunks/[root-of-the-server]__1jlk8z1._.js:2:54057\n    at /Users/ofir/kenyonexpress-autopilot/.next/server/chunks/[root-of-the-server]__1jlk8z1._.js:2:54347\n    at Object.with (/Users/ofir/kenyonexpress-autopilot/.next/server/chunks/[root-of-the-server]__1jlk8z1._.js:2:4124)\n    at S.with (/Users/ofir/kenyonexpress-autopilot/.next/server/chunks/[root-of-the-server]__1jlk8z1._.js:2:4450)\n    at G.startActiveSpan (/Users/ofir/kenyonexpress-autopilot/.next/server/chunks/[root-of-the-server]__1jlk8z1._.js:2:6806)\n    at H.startActiveSpan (/Users/ofir/kenyonexpress-autopilot/.next/server/chunks/[root-of-the-server]__1jlk8z1._.js:2:7045)\n    at e.runWithActiveSpan (/Users/ofir/kenyonexpress-autopilot/.next/server/chunks/[root-of-the-server]__1jlk8z1._.js:2:54324)\n    at /Users/ofir/kenyonexpress-autopilot/.next/server/chunks/[root-of-the-server]__1jlk8z1._.js:2:53577\n    at Object.with (/Users/ofir/kenyonexpress-autopilot/.next/server/chunks/[root-of-the-server]__1jlk8z1._.js:2:4124)\n    at S.with (/Users/ofir/kenyonexpress-autopilot/.next/server/chunks/[root-of-the-server]__1jlk8z1._.js:2:4450)\n    at e.trace (/Users/ofir/kenyonexpress-autopilot/.next/server/chunks/[root-of-the-server]__1jlk8z1._.js:2:53551)\n    at fetch (/Users/ofir/kenyonexpress-autopilot/.next/server/chunks/[root-of-the-server]__1jlk8z1._.js:2:84044)\n    at /Users/ofir/kenyonexpress-autopilot/.next/server/chun","digest":"HANGING_PROMISE_REJECTION"}}
{"ts":"2026-10-07T18:55:07.045Z","level":"error","event":"db.query_failed","request_id":null,"method":"POST","target":"rpc:available_stock","duration_ms":778,"err":{"name":"Error","message":"During prerendering, fetch() rejects when the prerender is complete. Typically these errors are handled by React but if you move fetch() to a different context by using `setTimeout`, `after`, or similar functions you may observe this error and you should handle it in that context. This occurred at route \"/product/[slug]\".","stack":"Error: During prerendering, fetch() rejects when the prerender is complete. Typically these errors are handled by React but if you move fetch() to a different context by using `setTimeout`, `after`, or similar functions you may observe this error and you should handle it in that context. This occurred at route \"/product/[slug]\".\n    at eu (/Users/ofir/kenyonexpress-autopilot/.next/server/chunks/[root-of-the-server]__1jlk8z1._.js:2:58687)\n    at /Users/ofir/kenyonexpress-autopilot/.next/server/chunks/[root-of-the-server]__1jlk8z1._.js:2:87004\n    at /Users/ofir/kenyonexpress-autopilot/.next/server/chunks/[root-of-the-server]__1jlk8z1._.js:2:54057\n    at /Users/ofir/kenyonexpress-autopilot/.next/server/chunks/[root-of-the-server]__1jlk8z1._.js:2:54347\n    at Object.with (/Users/ofir/kenyonexpress-autopilot/.next/server/chunks/[root-of-the-server]__1jlk8z1._.js:2:4124)\n    at S.with (/Users/ofir/kenyonexpress-autopilot/.next/server/chunks/[root-of-the-server]__1jlk8z1._.js:2:4450)\n    at G.startActiveSpan (/Users/ofir/kenyonexpress-autopilot/.next/server/chunks/[root-of-the-server]__1jlk8z1._.js:2:6806)\n    at H.startActiveSpan (/Users/ofir/kenyonexpress-autopilot/.next/server/chunks/[root-of-the-server]__1jlk8z1._.js:2:7045)\n    at e.runWithActiveSpan (/Users/ofir/kenyonexpress-autopilot/.next/server/chunks/[root-of-the-server]__1jlk8z1._.js:2:54324)\n    at /Users/ofir/kenyonexpress-autopilot/.next/server/chunks/[root-of-the-server]__1jlk8z1._.js:2:53577\n    at Object.with (/Users/ofir/kenyonexpress-autopilot/.next/server/chunks/[root-of-the-server]__1jlk8z1._.js:2:4124)\n    at S.with (/Users/ofir/kenyonexpress-autopilot/.next/server/chunks/[root-of-the-server]__1jlk8z1._.js:2:4450)\n    at e.trace (/Users/ofir/kenyonexpress-autopilot/.next/server/chunks/[root-of-the-server]__1jlk8z1._.js:2:53551)\n    at fetch (/Users/ofir/kenyonexpress-autopilot/.next/server/chunks/[root-of-the-server]__1jlk8z1._.js:2:84044)\n    at /Users/ofir/kenyonexpress-autopilot/.next/server/chun","digest":"HANGING_PROMISE_REJECTION"}}
{"ts":"2026-10-07T18:55:07.045Z","level":"error","event":"db.query_failed","request_id":null,"method":"GET","target":"products","duration_ms":778,"err":{"name":"Error","message":"During prerendering, fetch() rejects when the prerender is complete. Typically these errors are handled by React but if you move fetch() to a different context by using `setTimeout`, `after`, or similar functions you may observe this error and you should handle it in that context. This occurred at route \"/product/[slug]\".","stack":"Error: During prerendering, fetch() rejects when the prerender is complete. Typically these errors are handled by React but if you move fetch() to a different context by using `setTimeout`, `after`, or similar functions you may observe this error and you should handle it in that context. This occurred at route \"/product/[slug]\".\n    at eu (/Users/ofir/kenyonexpress-autopilot/.next/server/chunks/[root-of-the-server]__1jlk8z1._.js:2:58687)\n    at /Users/ofir/kenyonexpress-autopilot/.next/server/chunks/[root-of-the-server]__1jlk8z1._.js:2:87004\n    at /Users/ofir/kenyonexpress-autopilot/.next/server/chunks/[root-of-the-server]__1jlk8z1._.js:2:54057\n    at /Users/ofir/kenyonexpress-autopilot/.next/server/chunks/[root-of-the-server]__1jlk8z1._.js:2:54347\n    at Object.with (/Users/ofir/kenyonexpress-autopilot/.next/server/chunks/[root-of-the-server]__1jlk8z1._.js:2:4124)\n    at S.with (/Users/ofir/kenyonexpress-autopilot/.next/server/chunks/[root-of-the-server]__1jlk8z1._.js:2:4450)\n    at G.startActiveSpan (/Users/ofir/kenyonexpress-autopilot/.next/server/chunks/[root-of-the-server]__1jlk8z1._.js:2:6806)\n    at H.startActiveSpan (/Users/ofir/kenyonexpress-autopilot/.next/server/chunks/[root-of-the-server]__1jlk8z1._.js:2:7045)\n    at e.runWithActiveSpan (/Users/ofir/kenyonexpress-autopilot/.next/server/chunks/[root-of-the-server]__1jlk8z1._.js:2:54324)\n    at /Users/ofir/kenyonexpress-autopilot/.next/server/chunks/[root-of-the-server]__1jlk8z1._.js:2:53577\n    at Object.with (/Users/ofir/kenyonexpress-autopilot/.next/server/chunks/[root-of-the-server]__1jlk8z1._.js:2:4124)\n    at S.with (/Users/ofir/kenyonexpress-autopilot/.next/server/chunks/[root-of-the-server]__1jlk8z1._.js:2:4450)\n    at e.trace (/Users/ofir/kenyonexpress-autopilot/.next/server/chunks/[root-of-the-server]__1jlk8z1._.js:2:53551)\n    at fetch (/Users/ofir/kenyonexpress-autopilot/.next/server/chunks/[root-of-the-server]__1jlk8z1._.js:2:84044)\n    at /Users/ofir/kenyonexpress-autopilot/.next/server/chun","digest":"HANGING_PROMISE_REJECTION"}}
{"ts":"2026-10-07T18:55:07.055Z","level":"error","event":"db.query_failed","request_id":null,"method":"POST","target":"rpc:available_stock","duration_ms":0,"err":{"name":"Error","message":"During prerendering, fetch() rejects when the prerender is complete. Typically these errors are handled by React but if you move fetch() to a different context by using `setTimeout`, `after`, or similar functions you may observe this error and you should handle it in that context. This occurred at route \"/product/[slug]\".","stack":"Error: During prerendering, fetch() rejects when the prerender is complete. Typically these errors are handled by React but if you move fetch() to a different context by using `setTimeout`, `after`, or similar functions you may observe this error and you should handle it in that context. This occurred at route \"/product/[slug]\".\n    at eu (/Users/ofir/kenyonexpress-autopilot/.next/server/chunks/[root-of-the-server]__1jlk8z1._.js:2:58687)\n    at /Users/ofir/kenyonexpress-autopilot/.next/server/chunks/[root-of-the-server]__1jlk8z1._.js:2:87004\n    at /Users/ofir/kenyonexpress-autopilot/.next/server/chunks/[root-of-the-server]__1jlk8z1._.js:2:54057\n    at /Users/ofir/kenyonexpress-autopilot/.next/server/chunks/[root-of-the-server]__1jlk8z1._.js:2:54347\n    at Object.with (/Users/ofir/kenyonexpress-autopilot/.next/server/chunks/[root-of-the-server]__1jlk8z1._.js:2:4124)\n    at S.with (/Users/ofir/kenyonexpress-autopilot/.next/server/chunks/[root-of-the-server]__1jlk8z1._.js:2:4450)\n    at G.startActiveSpan (/Users/ofir/kenyonexpress-autopilot/.next/server/chunks/[root-of-the-server]__1jlk8z1._.js:2:6806)\n    at H.startActiveSpan (/Users/ofir/kenyonexpress-autopilot/.next/server/chunks/[root-of-the-server]__1jlk8z1._.js:2:7045)\n    at e.runWithActiveSpan (/Users/ofir/kenyonexpress-autopilot/.next/server/chunks/[root-of-the-server]__1jlk8z1._.js:2:54324)\n    at /Users/ofir/kenyonexpress-autopilot/.next/server/chunks/[root-of-the-server]__1jlk8z1._.js:2:53577\n    at Object.with (/Users/ofir/kenyonexpress-autopilot/.next/server/chunks/[root-of-the-server]__1jlk8z1._.js:2:4124)\n    at S.with (/Users/ofir/kenyonexpress-autopilot/.next/server/chunks/[root-of-the-server]__1jlk8z1._.js:2:4450)\n    at e.trace (/Users/ofir/kenyonexpress-autopilot/.next/server/chunks/[root-of-the-server]__1jlk8z1._.js:2:53551)\n    at fetch (/Users/ofir/kenyonexpress-autopilot/.next/server/chunks/[root-of-the-server]__1jlk8z1._.js:2:84044)\n    at /Users/ofir/kenyonexpress-autopilot/.next/server/chun","digest":"HANGING_PROMISE_REJECTION"}}
{"ts":"2026-10-07T18:55:07.056Z","level":"error","event":"db.query_failed","request_id":null,"method":"GET","target":"products","duration_ms":1,"err":{"name":"Error","message":"During prerendering, fetch() rejects when the prerender is complete. Typically these errors are handled by React but if you move fetch() to a different context by using `setTimeout`, `after`, or similar functions you may observe this error and you should handle it in that context. This occurred at route \"/product/[slug]\".","stack":"Error: During prerendering, fetch() rejects when the prerender is complete. Typically these errors are handled by React but if you move fetch() to a different context by using `setTimeout`, `after`, or similar functions you may observe this error and you should handle it in that context. This occurred at route \"/product/[slug]\".\n    at eu (/Users/ofir/kenyonexpress-autopilot/.next/server/chunks/[root-of-the-server]__1jlk8z1._.js:2:58687)\n    at /Users/ofir/kenyonexpress-autopilot/.next/server/chunks/[root-of-the-server]__1jlk8z1._.js:2:87004\n    at /Users/ofir/kenyonexpress-autopilot/.next/server/chunks/[root-of-the-server]__1jlk8z1._.js:2:54057\n    at /Users/ofir/kenyonexpress-autopilot/.next/server/chunks/[root-of-the-server]__1jlk8z1._.js:2:54347\n    at Object.with (/Users/ofir/kenyonexpress-autopilot/.next/server/chunks/[root-of-the-server]__1jlk8z1._.js:2:4124)\n    at S.with (/Users/ofir/kenyonexpress-autopilot/.next/server/chunks/[root-of-the-server]__1jlk8z1._.js:2:4450)\n    at G.startActiveSpan (/Users/ofir/kenyonexpress-autopilot/.next/server/chunks/[root-of-the-server]__1jlk8z1._.js:2:6806)\n    at H.startActiveSpan (/Users/ofir/kenyonexpress-autopilot/.next/server/chunks/[root-of-the-server]__1jlk8z1._.js:2:7045)\n    at e.runWithActiveSpan (/Users/ofir/kenyonexpress-autopilot/.next/server/chunks/[root-of-the-server]__1jlk8z1._.js:2:54324)\n    at /Users/ofir/kenyonexpress-autopilot/.next/server/chunks/[root-of-the-server]__1jlk8z1._.js:2:53577\n    at Object.with (/Users/ofir/kenyonexpress-autopilot/.next/server/chunks/[root-of-the-server]__1jlk8z1._.js:2:4124)\n    at S.with (/Users/ofir/kenyonexpress-autopilot/.next/server/chunks/[root-of-the-server]__1jlk8z1._.js:2:4450)\n    at e.trace (/Users/ofir/kenyonexpress-autopilot/.next/server/chunks/[root-of-the-server]__1jlk8z1._.js:2:53551)\n    at fetch (/Users/ofir/kenyonexpress-autopilot/.next/server/chunks/[root-of-the-server]__1jlk8z1._.js:2:84044)\n    at /Users/ofir/kenyonexpress-autopilot/.next/server/chun","digest":"HANGING_PROMISE_REJECTION"}}
{"ts":"2026-10-07T18:55:07.091Z","level":"error","event":"db.query_failed","request_id":null,"method":"POST","target":"rpc:available_stock","duration_ms":0,"err":{"name":"Error","message":"During prerendering, fetch() rejects when the prerender is complete. Typically these errors are handled by React but if you move fetch() to a different context by using `setTimeout`, `after`, or similar functions you may observe this error and you should handle it in that context. This occurred at route \"/product/[slug]\".","stack":"Error: During prerendering, fetch() rejects when the prerender is complete. Typically these errors are handled by React but if you move fetch() to a different context by using `setTimeout`, `after`, or similar functions you may observe this error and you should handle it in that context. This occurred at route \"/product/[slug]\".\n    at eu (/Users/ofir/kenyonexpress-autopilot/.next/server/chunks/[root-of-the-server]__1jlk8z1._.js:2:58687)\n    at /Users/ofir/kenyonexpress-autopilot/.next/server/chunks/[root-of-the-server]__1jlk8z1._.js:2:87004\n    at /Users/ofir/kenyonexpress-autopilot/.next/server/chunks/[root-of-the-server]__1jlk8z1._.js:2:54057\n    at /Users/ofir/kenyonexpress-autopilot/.next/server/chunks/[root-of-the-server]__1jlk8z1._.js:2:54347\n    at Object.with (/Users/ofir/kenyonexpress-autopilot/.next/server/chunks/[root-of-the-server]__1jlk8z1._.js:2:4124)\n    at S.with (/Users/ofir/kenyonexpress-autopilot/.next/server/chunks/[root-of-the-server]__1jlk8z1._.js:2:4450)\n    at G.startActiveSpan (/Users/ofir/kenyonexpress-autopilot/.next/server/chunks/[root-of-the-server]__1jlk8z1._.js:2:6806)\n    at H.startActiveSpan (/Users/ofir/kenyonexpress-autopilot/.next/server/chunks/[root-of-the-server]__1jlk8z1._.js:2:7045)\n    at e.runWithActiveSpan (/Users/ofir/kenyonexpress-autopilot/.next/server/chunks/[root-of-the-server]__1jlk8z1._.js:2:54324)\n    at /Users/ofir/kenyonexpress-autopilot/.next/server/chunks/[root-of-the-server]__1jlk8z1._.js:2:53577\n    at Object.with (/Users/ofir/kenyonexpress-autopilot/.next/server/chunks/[root-of-the-server]__1jlk8z1._.js:2:4124)\n    at S.with (/Users/ofir/kenyonexpress-autopilot/.next/server/chunks/[root-of-the-server]__1jlk8z1._.js:2:4450)\n    at e.trace (/Users/ofir/kenyonexpress-autopilot/.next/server/chunks/[root-of-the-server]__1jlk8z1._.js:2:53551)\n    at fetch (/Users/ofir/kenyonexpress-autopilot/.next/server/chunks/[root-of-the-server]__1jlk8z1._.js:2:84044)\n    at /Users/ofir/kenyonexpress-autopilot/.next/server/chun","digest":"HANGING_PROMISE_REJECTION"}}
{"ts":"2026-10-07T18:55:07.091Z","level":"error","event":"db.query_failed","request_id":null,"method":"GET","target":"products","duration_ms":1,"err":{"name":"Error","message":"During prerendering, fetch() rejects when the prerender is complete. Typically these errors are handled by React but if you move fetch() to a different context by using `setTimeout`, `after`, or similar functions you may observe this error and you should handle it in that context. This occurred at route \"/product/[slug]\".","stack":"Error: During prerendering, fetch() rejects when the prerender is complete. Typically these errors are handled by React but if you move fetch() to a different context by using `setTimeout`, `after`, or similar functions you may observe this error and you should handle it in that context. This occurred at route \"/product/[slug]\".\n    at eu (/Users/ofir/kenyonexpress-autopilot/.next/server/chunks/[root-of-the-server]__1jlk8z1._.js:2:58687)\n    at /Users/ofir/kenyonexpress-autopilot/.next/server/chunks/[root-of-the-server]__1jlk8z1._.js:2:87004\n    at /Users/ofir/kenyonexpress-autopilot/.next/server/chunks/[root-of-the-server]__1jlk8z1._.js:2:54057\n    at /Users/ofir/kenyonexpress-autopilot/.next/server/chunks/[root-of-the-server]__1jlk8z1._.js:2:54347\n    at Object.with (/Users/ofir/kenyonexpress-autopilot/.next/server/chunks/[root-of-the-server]__1jlk8z1._.js:2:4124)\n    at S.with (/Users/ofir/kenyonexpress-autopilot/.next/server/chunks/[root-of-the-server]__1jlk8z1._.js:2:4450)\n    at G.startActiveSpan (/Users/ofir/kenyonexpress-autopilot/.next/server/chunks/[root-of-the-server]__1jlk8z1._.js:2:6806)\n    at H.startActiveSpan (/Users/ofir/kenyonexpress-autopilot/.next/server/chunks/[root-of-the-server]__1jlk8z1._.js:2:7045)\n    at e.runWithActiveSpan (/Users/ofir/kenyonexpress-autopilot/.next/server/chunks/[root-of-the-server]__1jlk8z1._.js:2:54324)\n    at /Users/ofir/kenyonexpress-autopilot/.next/server/chunks/[root-of-the-server]__1jlk8z1._.js:2:53577\n    at Object.with (/Users/ofir/kenyonexpress-autopilot/.next/server/chunks/[root-of-the-server]__1jlk8z1._.js:2:4124)\n    at S.with (/Users/ofir/kenyonexpress-autopilot/.next/server/chunks/[root-of-the-server]__1jlk8z1._.js:2:4450)\n    at e.trace (/Users/ofir/kenyonexpress-autopilot/.next/server/chunks/[root-of-the-server]__1jlk8z1._.js:2:53551)\n    at fetch (/Users/ofir/kenyonexpress-autopilot/.next/server/chunks/[root-of-the-server]__1jlk8z1._.js:2:84044)\n    at /Users/ofir/kenyonexpress-autopilot/.next/server/chun","digest":"HANGING_PROMISE_REJECTION"}}
{"ts":"2026-10-07T18:55:07.120Z","level":"warn","event":"db.query_slow","request_id":null,"method":"GET","target":"products","status":200,"duration_ms":321,"threshold_ms":300}
{"ts":"2026-10-07T18:55:07.134Z","level":"error","event":"db.query_failed","request_id":null,"method":"POST","target":"rpc:available_stock","duration_ms":336,"err":{"name":"Error","message":"During prerendering, fetch() rejects when the prerender is complete. Typically these errors are handled by React but if you move fetch() to a different context by using `setTimeout`, `after`, or similar functions you may observe this error and you should handle it in that context. This occurred at route \"/product/[slug]\".","stack":"Error: During prerendering, fetch() rejects when the prerender is complete. Typically these errors are handled by React but if you move fetch() to a different context by using `setTimeout`, `after`, or similar functions you may observe this error and you should handle it in that context. This occurred at route \"/product/[slug]\".\n    at eu (/Users/ofir/kenyonexpress-autopilot/.next/server/chunks/[root-of-the-server]__1jlk8z1._.js:2:58687)\n    at /Users/ofir/kenyonexpress-autopilot/.next/server/chunks/[root-of-the-server]__1jlk8z1._.js:2:87004\n    at /Users/ofir/kenyonexpress-autopilot/.next/server/chunks/[root-of-the-server]__1jlk8z1._.js:2:54057\n    at /Users/ofir/kenyonexpress-autopilot/.next/server/chunks/[root-of-the-server]__1jlk8z1._.js:2:54347\n    at Object.with (/Users/ofir/kenyonexpress-autopilot/.next/server/chunks/[root-of-the-server]__1jlk8z1._.js:2:4124)\n    at S.with (/Users/ofir/kenyonexpress-autopilot/.next/server/chunks/[root-of-the-server]__1jlk8z1._.js:2:4450)\n    at G.startActiveSpan (/Users/ofir/kenyonexpress-autopilot/.next/server/chunks/[root-of-the-server]__1jlk8z1._.js:2:6806)\n    at H.startActiveSpan (/Users/ofir/kenyonexpress-autopilot/.next/server/chunks/[root-of-the-server]__1jlk8z1._.js:2:7045)\n    at e.runWithActiveSpan (/Users/ofir/kenyonexpress-autopilot/.next/server/chunks/[root-of-the-server]__1jlk8z1._.js:2:54324)\n    at /Users/ofir/kenyonexpress-autopilot/.next/server/chunks/[root-of-the-server]__1jlk8z1._.js:2:53577\n    at Object.with (/Users/ofir/kenyonexpress-autopilot/.next/server/chunks/[root-of-the-server]__1jlk8z1._.js:2:4124)\n    at S.with (/Users/ofir/kenyonexpress-autopilot/.next/server/chunks/[root-of-the-server]__1jlk8z1._.js:2:4450)\n    at e.trace (/Users/ofir/kenyonexpress-autopilot/.next/server/chunks/[root-of-the-server]__1jlk8z1._.js:2:53551)\n    at fetch (/Users/ofir/kenyonexpress-autopilot/.next/server/chunks/[root-of-the-server]__1jlk8z1._.js:2:84044)\n    at /Users/ofir/kenyonexpress-autopilot/.next/server/chun","digest":"HANGING_PROMISE_REJECTION"}}
{"ts":"2026-10-07T18:55:07.134Z","level":"error","event":"db.query_failed","request_id":null,"method":"GET","target":"products","duration_ms":336,"err":{"name":"Error","message":"During prerendering, fetch() rejects when the prerender is complete. Typically these errors are handled by React but if you move fetch() to a different context by using `setTimeout`, `after`, or similar functions you may observe this error and you should handle it in that context. This occurred at route \"/product/[slug]\".","stack":"Error: During prerendering, fetch() rejects when the prerender is complete. Typically these errors are handled by React but if you move fetch() to a different context by using `setTimeout`, `after`, or similar functions you may observe this error and you should handle it in that context. This occurred at route \"/product/[slug]\".\n    at eu (/Users/ofir/kenyonexpress-autopilot/.next/server/chunks/[root-of-the-server]__1jlk8z1._.js:2:58687)\n    at /Users/ofir/kenyonexpress-autopilot/.next/server/chunks/[root-of-the-server]__1jlk8z1._.js:2:87004\n    at /Users/ofir/kenyonexpress-autopilot/.next/server/chunks/[root-of-the-server]__1jlk8z1._.js:2:54057\n    at /Users/ofir/kenyonexpress-autopilot/.next/server/chunks/[root-of-the-server]__1jlk8z1._.js:2:54347\n    at Object.with (/Users/ofir/kenyonexpress-autopilot/.next/server/chunks/[root-of-the-server]__1jlk8z1._.js:2:4124)\n    at S.with (/Users/ofir/kenyonexpress-autopilot/.next/server/chunks/[root-of-the-server]__1jlk8z1._.js:2:4450)\n    at G.startActiveSpan (/Users/ofir/kenyonexpress-autopilot/.next/server/chunks/[root-of-the-server]__1jlk8z1._.js:2:6806)\n    at H.startActiveSpan (/Users/ofir/kenyonexpress-autopilot/.next/server/chunks/[root-of-the-server]__1jlk8z1._.js:2:7045)\n    at e.runWithActiveSpan (/Users/ofir/kenyonexpress-autopilot/.next/server/chunks/[root-of-the-server]__1jlk8z1._.js:2:54324)\n    at /Users/ofir/kenyonexpress-autopilot/.next/server/chunks/[root-of-the-server]__1jlk8z1._.js:2:53577\n    at Object.with (/Users/ofir/kenyonexpress-autopilot/.next/server/chunks/[root-of-the-server]__1jlk8z1._.js:2:4124)\n    at S.with (/Users/ofir/kenyonexpress-autopilot/.next/server/chunks/[root-of-the-server]__1jlk8z1._.js:2:4450)\n    at e.trace (/Users/ofir/kenyonexpress-autopilot/.next/server/chunks/[root-of-the-server]__1jlk8z1._.js:2:53551)\n    at fetch (/Users/ofir/kenyonexpress-autopilot/.next/server/chunks/[root-of-the-server]__1jlk8z1._.js:2:84044)\n    at /Users/ofir/kenyonexpress-autopilot/.next/server/chun","digest":"HANGING_PROMISE_REJECTION"}}
{"ts":"2026-10-07T18:55:07.175Z","level":"error","event":"db.query_failed","request_id":null,"method":"POST","target":"rpc:available_stock","duration_ms":1,"err":{"name":"Error","message":"During prerendering, fetch() rejects when the prerender is complete. Typically these errors are handled by React but if you move fetch() to a different context by using `setTimeout`, `after`, or similar functions you may observe this error and you should handle it in that context. This occurred at route \"/product/[slug]\".","stack":"Error: During prerendering, fetch() rejects when the prerender is complete. Typically these errors are handled by React but if you move fetch() to a different context by using `setTimeout`, `after`, or similar functions you may observe this error and you should handle it in that context. This occurred at route \"/product/[slug]\".\n    at eu (/Users/ofir/kenyonexpress-autopilot/.next/server/chunks/[root-of-the-server]__1jlk8z1._.js:2:58687)\n    at /Users/ofir/kenyonexpress-autopilot/.next/server/chunks/[root-of-the-server]__1jlk8z1._.js:2:87004\n    at /Users/ofir/kenyonexpress-autopilot/.next/server/chunks/[root-of-the-server]__1jlk8z1._.js:2:54057\n    at /Users/ofir/kenyonexpress-autopilot/.next/server/chunks/[root-of-the-server]__1jlk8z1._.js:2:54347\n    at Object.with (/Users/ofir/kenyonexpress-autopilot/.next/server/chunks/[root-of-the-server]__1jlk8z1._.js:2:4124)\n    at S.with (/Users/ofir/kenyonexpress-autopilot/.next/server/chunks/[root-of-the-server]__1jlk8z1._.js:2:4450)\n    at G.startActiveSpan (/Users/ofir/kenyonexpress-autopilot/.next/server/chunks/[root-of-the-server]__1jlk8z1._.js:2:6806)\n    at H.startActiveSpan (/Users/ofir/kenyonexpress-autopilot/.next/server/chunks/[root-of-the-server]__1jlk8z1._.js:2:7045)\n    at e.runWithActiveSpan (/Users/ofir/kenyonexpress-autopilot/.next/server/chunks/[root-of-the-server]__1jlk8z1._.js:2:54324)\n    at /Users/ofir/kenyonexpress-autopilot/.next/server/chunks/[root-of-the-server]__1jlk8z1._.js:2:53577\n    at Object.with (/Users/ofir/kenyonexpress-autopilot/.next/server/chunks/[root-of-the-server]__1jlk8z1._.js:2:4124)\n    at S.with (/Users/ofir/kenyonexpress-autopilot/.next/server/chunks/[root-of-the-server]__1jlk8z1._.js:2:4450)\n    at e.trace (/Users/ofir/kenyonexpress-autopilot/.next/server/chunks/[root-of-the-server]__1jlk8z1._.js:2:53551)\n    at fetch (/Users/ofir/kenyonexpress-autopilot/.next/server/chunks/[root-of-the-server]__1jlk8z1._.js:2:84044)\n    at /Users/ofir/kenyonexpress-autopilot/.next/server/chun","digest":"HANGING_PROMISE_REJECTION"}}
{"ts":"2026-10-07T18:55:07.175Z","level":"error","event":"db.query_failed","request_id":null,"method":"GET","target":"products","duration_ms":1,"err":{"name":"Error","message":"During prerendering, fetch() rejects when the prerender is complete. Typically these errors are handled by React but if you move fetch() to a different context by using `setTimeout`, `after`, or similar functions you may observe this error and you should handle it in that context. This occurred at route \"/product/[slug]\".","stack":"Error: During prerendering, fetch() rejects when the prerender is complete. Typically these errors are handled by React but if you move fetch() to a different context by using `setTimeout`, `after`, or similar functions you may observe this error and you should handle it in that context. This occurred at route \"/product/[slug]\".\n    at eu (/Users/ofir/kenyonexpress-autopilot/.next/server/chunks/[root-of-the-server]__1jlk8z1._.js:2:58687)\n    at /Users/ofir/kenyonexpress-autopilot/.next/server/chunks/[root-of-the-server]__1jlk8z1._.js:2:87004\n    at /Users/ofir/kenyonexpress-autopilot/.next/server/chunks/[root-of-the-server]__1jlk8z1._.js:2:54057\n    at /Users/ofir/kenyonexpress-autopilot/.next/server/chunks/[root-of-the-server]__1jlk8z1._.js:2:54347\n    at Object.with (/Users/ofir/kenyonexpress-autopilot/.next/server/chunks/[root-of-the-server]__1jlk8z1._.js:2:4124)\n    at S.with (/Users/ofir/kenyonexpress-autopilot/.next/server/chunks/[root-of-the-server]__1jlk8z1._.js:2:4450)\n    at G.startActiveSpan (/Users/ofir/kenyonexpress-autopilot/.next/server/chunks/[root-of-the-server]__1jlk8z1._.js:2:6806)\n    at H.startActiveSpan (/Users/ofir/kenyonexpress-autopilot/.next/server/chunks/[root-of-the-server]__1jlk8z1._.js:2:7045)\n    at e.runWithActiveSpan (/Users/ofir/kenyonexpress-autopilot/.next/server/chunks/[root-of-the-server]__1jlk8z1._.js:2:54324)\n    at /Users/ofir/kenyonexpress-autopilot/.next/server/chunks/[root-of-the-server]__1jlk8z1._.js:2:53577\n    at Object.with (/Users/ofir/kenyonexpress-autopilot/.next/server/chunks/[root-of-the-server]__1jlk8z1._.js:2:4124)\n    at S.with (/Users/ofir/kenyonexpress-autopilot/.next/server/chunks/[root-of-the-server]__1jlk8z1._.js:2:4450)\n    at e.trace (/Users/ofir/kenyonexpress-autopilot/.next/server/chunks/[root-of-the-server]__1jlk8z1._.js:2:53551)\n    at fetch (/Users/ofir/kenyonexpress-autopilot/.next/server/chunks/[root-of-the-server]__1jlk8z1._.js:2:84044)\n    at /Users/ofir/kenyonexpress-autopilot/.next/server/chun","digest":"HANGING_PROMISE_REJECTION"}}
{"ts":"2026-10-07T18:55:07.285Z","level":"error","event":"db.query_failed","request_id":null,"method":"GET","target":"v_banners_live","duration_ms":1,"err":{"name":"Error","message":"During prerendering, fetch() rejects when the prerender is complete. Typically these errors are handled by React but if you move fetch() to a different context by using `setTimeout`, `after`, or similar functions you may observe this error and you should handle it in that context. This occurred at route \"/\".","stack":"Error: During prerendering, fetch() rejects when the prerender is complete. Typically these errors are handled by React but if you move fetch() to a different context by using `setTimeout`, `after`, or similar functions you may observe this error and you should handle it in that context. This occurred at route \"/\".\n    at eu (/Users/ofir/kenyonexpress-autopilot/.next/server/chunks/[root-of-the-server]__1jlk8z1._.js:2:58687)\n    at /Users/ofir/kenyonexpress-autopilot/.next/server/chunks/[root-of-the-server]__1jlk8z1._.js:2:87004\n    at /Users/ofir/kenyonexpress-autopilot/.next/server/chunks/[root-of-the-server]__1jlk8z1._.js:2:54057\n    at /Users/ofir/kenyonexpress-autopilot/.next/server/chunks/[root-of-the-server]__1jlk8z1._.js:2:54347\n    at Object.with (/Users/ofir/kenyonexpress-autopilot/.next/server/chunks/[root-of-the-server]__1jlk8z1._.js:2:4124)\n    at S.with (/Users/ofir/kenyonexpress-autopilot/.next/server/chunks/[root-of-the-server]__1jlk8z1._.js:2:4450)\n    at G.startActiveSpan (/Users/ofir/kenyonexpress-autopilot/.next/server/chunks/[root-of-the-server]__1jlk8z1._.js:2:6806)\n    at H.startActiveSpan (/Users/ofir/kenyonexpress-autopilot/.next/server/chunks/[root-of-the-server]__1jlk8z1._.js:2:7045)\n    at e.runWithActiveSpan (/Users/ofir/kenyonexpress-autopilot/.next/server/chunks/[root-of-the-server]__1jlk8z1._.js:2:54324)\n    at /Users/ofir/kenyonexpress-autopilot/.next/server/chunks/[root-of-the-server]__1jlk8z1._.js:2:53577\n    at Object.with (/Users/ofir/kenyonexpress-autopilot/.next/server/chunks/[root-of-the-server]__1jlk8z1._.js:2:4124)\n    at S.with (/Users/ofir/kenyonexpress-autopilot/.next/server/chunks/[root-of-the-server]__1jlk8z1._.js:2:4450)\n    at e.trace (/Users/ofir/kenyonexpress-autopilot/.next/server/chunks/[root-of-the-server]__1jlk8z1._.js:2:53551)\n    at fetch (/Users/ofir/kenyonexpress-autopilot/.next/server/chunks/[root-of-the-server]__1jlk8z1._.js:2:84044)\n    at /Users/ofir/kenyonexpress-autopilot/.next/server/chunks/ssr/src_lib","digest":"HANGING_PROMISE_REJECTION"}}
{"ts":"2026-10-07T18:55:07.285Z","level":"error","event":"db.query_failed","request_id":null,"method":"GET","target":"v_homepage_sections_live","duration_ms":0,"err":{"name":"Error","message":"During prerendering, fetch() rejects when the prerender is complete. Typically these errors are handled by React but if you move fetch() to a different context by using `setTimeout`, `after`, or similar functions you may observe this error and you should handle it in that context. This occurred at route \"/\".","stack":"Error: During prerendering, fetch() rejects when the prerender is complete. Typically these errors are handled by React but if you move fetch() to a different context by using `setTimeout`, `after`, or similar functions you may observe this error and you should handle it in that context. This occurred at route \"/\".\n    at eu (/Users/ofir/kenyonexpress-autopilot/.next/server/chunks/[root-of-the-server]__1jlk8z1._.js:2:58687)\n    at /Users/ofir/kenyonexpress-autopilot/.next/server/chunks/[root-of-the-server]__1jlk8z1._.js:2:87004\n    at /Users/ofir/kenyonexpress-autopilot/.next/server/chunks/[root-of-the-server]__1jlk8z1._.js:2:54057\n    at /Users/ofir/kenyonexpress-autopilot/.next/server/chunks/[root-of-the-server]__1jlk8z1._.js:2:54347\n    at Object.with (/Users/ofir/kenyonexpress-autopilot/.next/server/chunks/[root-of-the-server]__1jlk8z1._.js:2:4124)\n    at S.with (/Users/ofir/kenyonexpress-autopilot/.next/server/chunks/[root-of-the-server]__1jlk8z1._.js:2:4450)\n    at G.startActiveSpan (/Users/ofir/kenyonexpress-autopilot/.next/server/chunks/[root-of-the-server]__1jlk8z1._.js:2:6806)\n    at H.startActiveSpan (/Users/ofir/kenyonexpress-autopilot/.next/server/chunks/[root-of-the-server]__1jlk8z1._.js:2:7045)\n    at e.runWithActiveSpan (/Users/ofir/kenyonexpress-autopilot/.next/server/chunks/[root-of-the-server]__1jlk8z1._.js:2:54324)\n    at /Users/ofir/kenyonexpress-autopilot/.next/server/chunks/[root-of-the-server]__1jlk8z1._.js:2:53577\n    at Object.with (/Users/ofir/kenyonexpress-autopilot/.next/server/chunks/[root-of-the-server]__1jlk8z1._.js:2:4124)\n    at S.with (/Users/ofir/kenyonexpress-autopilot/.next/server/chunks/[root-of-the-server]__1jlk8z1._.js:2:4450)\n    at e.trace (/Users/ofir/kenyonexpress-autopilot/.next/server/chunks/[root-of-the-server]__1jlk8z1._.js:2:53551)\n    at fetch (/Users/ofir/kenyonexpress-autopilot/.next/server/chunks/[root-of-the-server]__1jlk8z1._.js:2:84044)\n    at /Users/ofir/kenyonexpress-autopilot/.next/server/chunks/ssr/src_lib","digest":"HANGING_PROMISE_REJECTION"}}
{"ts":"2026-10-07T18:55:07.317Z","level":"warn","event":"db.query_slow","request_id":null,"method":"GET","target":"products","status":200,"duration_ms":961,"threshold_ms":300}
{"ts":"2026-10-07T18:55:07.318Z","level":"warn","event":"db.query_slow","request_id":null,"method":"GET","target":"product_variants","status":200,"duration_ms":962,"threshold_ms":300}
{"ts":"2026-10-07T18:55:07.318Z","level":"warn","event":"db.query_slow","request_id":null,"method":"GET","target":"products","status":400,"duration_ms":962,"threshold_ms":300}
{"ts":"2026-10-07T18:55:07.318Z","level":"warn","event":"db.query_slow","request_id":null,"method":"GET","target":"product_variants","status":200,"duration_ms":1958,"threshold_ms":300}
{"ts":"2026-10-07T18:55:07.319Z","level":"warn","event":"db.query_slow","request_id":null,"method":"GET","target":"suppliers","status":200,"duration_ms":1957,"threshold_ms":300}
{"ts":"2026-10-07T18:55:07.320Z","level":"warn","event":"db.query_slow","request_id":null,"method":"GET","target":"media_assets","status":200,"duration_ms":965,"threshold_ms":300}
{"ts":"2026-10-07T18:55:07.320Z","level":"warn","event":"db.query_slow","request_id":null,"method":"GET","target":"products","status":200,"duration_ms":964,"threshold_ms":300}
{"ts":"2026-10-07T18:55:07.321Z","level":"warn","event":"db.query_slow","request_id":null,"method":"GET","target":"product_variants","status":200,"duration_ms":966,"threshold_ms":300}
{"ts":"2026-10-07T18:55:07.340Z","level":"error","event":"db.query_failed","request_id":null,"method":"GET","target":"v_banners_live","duration_ms":0,"err":{"name":"Error","message":"During prerendering, fetch() rejects when the prerender is complete. Typically these errors are handled by React but if you move fetch() to a different context by using `setTimeout`, `after`, or similar functions you may observe this error and you should handle it in that context. This occurred at route \"/\".","stack":"Error: During prerendering, fetch() rejects when the prerender is complete. Typically these errors are handled by React but if you move fetch() to a different context by using `setTimeout`, `after`, or similar functions you may observe this error and you should handle it in that context. This occurred at route \"/\".\n    at eu (/Users/ofir/kenyonexpress-autopilot/.next/server/chunks/[root-of-the-server]__1jlk8z1._.js:2:58687)\n    at /Users/ofir/kenyonexpress-autopilot/.next/server/chunks/[root-of-the-server]__1jlk8z1._.js:2:87004\n    at /Users/ofir/kenyonexpress-autopilot/.next/server/chunks/[root-of-the-server]__1jlk8z1._.js:2:54057\n    at /Users/ofir/kenyonexpress-autopilot/.next/server/chunks/[root-of-the-server]__1jlk8z1._.js:2:54347\n    at Object.with (/Users/ofir/kenyonexpress-autopilot/.next/server/chunks/[root-of-the-server]__1jlk8z1._.js:2:4124)\n    at S.with (/Users/ofir/kenyonexpress-autopilot/.next/server/chunks/[root-of-the-server]__1jlk8z1._.js:2:4450)\n    at G.startActiveSpan (/Users/ofir/kenyonexpress-autopilot/.next/server/chunks/[root-of-the-server]__1jlk8z1._.js:2:6806)\n    at H.startActiveSpan (/Users/ofir/kenyonexpress-autopilot/.next/server/chunks/[root-of-the-server]__1jlk8z1._.js:2:7045)\n    at e.runWithActiveSpan (/Users/ofir/kenyonexpress-autopilot/.next/server/chunks/[root-of-the-server]__1jlk8z1._.js:2:54324)\n    at /Users/ofir/kenyonexpress-autopilot/.next/server/chunks/[root-of-the-server]__1jlk8z1._.js:2:53577\n    at Object.with (/Users/ofir/kenyonexpress-autopilot/.next/server/chunks/[root-of-the-server]__1jlk8z1._.js:2:4124)\n    at S.with (/Users/ofir/kenyonexpress-autopilot/.next/server/chunks/[root-of-the-server]__1jlk8z1._.js:2:4450)\n    at e.trace (/Users/ofir/kenyonexpress-autopilot/.next/server/chunks/[root-of-the-server]__1jlk8z1._.js:2:53551)\n    at fetch (/Users/ofir/kenyonexpress-autopilot/.next/server/chunks/[root-of-the-server]__1jlk8z1._.js:2:84044)\n    at /Users/ofir/kenyonexpress-autopilot/.next/server/chunks/ssr/src_lib","digest":"HANGING_PROMISE_REJECTION"}}
{"ts":"2026-10-07T18:55:07.340Z","level":"error","event":"db.query_failed","request_id":null,"method":"GET","target":"v_homepage_sections_live","duration_ms":0,"err":{"name":"Error","message":"During prerendering, fetch() rejects when the prerender is complete. Typically these errors are handled by React but if you move fetch() to a different context by using `setTimeout`, `after`, or similar functions you may observe this error and you should handle it in that context. This occurred at route \"/\".","stack":"Error: During prerendering, fetch() rejects when the prerender is complete. Typically these errors are handled by React but if you move fetch() to a different context by using `setTimeout`, `after`, or similar functions you may observe this error and you should handle it in that context. This occurred at route \"/\".\n    at eu (/Users/ofir/kenyonexpress-autopilot/.next/server/chunks/[root-of-the-server]__1jlk8z1._.js:2:58687)\n    at /Users/ofir/kenyonexpress-autopilot/.next/server/chunks/[root-of-the-server]__1jlk8z1._.js:2:87004\n    at /Users/ofir/kenyonexpress-autopilot/.next/server/chunks/[root-of-the-server]__1jlk8z1._.js:2:54057\n    at /Users/ofir/kenyonexpress-autopilot/.next/server/chunks/[root-of-the-server]__1jlk8z1._.js:2:54347\n    at Object.with (/Users/ofir/kenyonexpress-autopilot/.next/server/chunks/[root-of-the-server]__1jlk8z1._.js:2:4124)\n    at S.with (/Users/ofir/kenyonexpress-autopilot/.next/server/chunks/[root-of-the-server]__1jlk8z1._.js:2:4450)\n    at G.startActiveSpan (/Users/ofir/kenyonexpress-autopilot/.next/server/chunks/[root-of-the-server]__1jlk8z1._.js:2:6806)\n    at H.startActiveSpan (/Users/ofir/kenyonexpress-autopilot/.next/server/chunks/[root-of-the-server]__1jlk8z1._.js:2:7045)\n    at e.runWithActiveSpan (/Users/ofir/kenyonexpress-autopilot/.next/server/chunks/[root-of-the-server]__1jlk8z1._.js:2:54324)\n    at /Users/ofir/kenyonexpress-autopilot/.next/server/chunks/[root-of-the-server]__1jlk8z1._.js:2:53577\n    at Object.with (/Users/ofir/kenyonexpress-autopilot/.next/server/chunks/[root-of-the-server]__1jlk8z1._.js:2:4124)\n    at S.with (/Users/ofir/kenyonexpress-autopilot/.next/server/chunks/[root-of-the-server]__1jlk8z1._.js:2:4450)\n    at e.trace (/Users/ofir/kenyonexpress-autopilot/.next/server/chunks/[root-of-the-server]__1jlk8z1._.js:2:53551)\n    at fetch (/Users/ofir/kenyonexpress-autopilot/.next/server/chunks/[root-of-the-server]__1jlk8z1._.js:2:84044)\n    at /Users/ofir/kenyonexpress-autopilot/.next/server/chunks/ssr/src_lib","digest":"HANGING_PROMISE_REJECTION"}}
{"ts":"2026-10-07T18:55:07.400Z","level":"warn","event":"db.query_slow","request_id":null,"method":"GET","target":"products","status":200,"duration_ms":487,"threshold_ms":300}
{"ts":"2026-10-07T18:55:07.404Z","level":"warn","event":"db.query_slow","request_id":null,"method":"GET","target":"products","status":200,"duration_ms":508,"threshold_ms":300}
{"ts":"2026-10-07T18:55:07.480Z","level":"warn","event":"db.query_slow","request_id":null,"method":"GET","target":"products","status":200,"duration_ms":561,"threshold_ms":300}
{"ts":"2026-10-07T18:55:07.523Z","level":"warn","event":"db.query_slow","request_id":null,"method":"GET","target":"coupon_deals","status":200,"duration_ms":455,"threshold_ms":300}
{"ts":"2026-10-07T18:55:07.526Z","level":"warn","event":"db.query_slow","request_id":null,"method":"GET","target":"coupon_deals","status":200,"duration_ms":462,"threshold_ms":300}
{"ts":"2026-10-07T18:55:07.528Z","level":"warn","event":"db.query_slow","request_id":null,"method":"GET","target":"products","status":400,"duration_ms":2167,"threshold_ms":300}
{"ts":"2026-10-07T18:55:07.530Z","level":"warn","event":"db.query_slow","request_id":null,"method":"GET","target":"products","status":200,"duration_ms":2169,"threshold_ms":300}
{"ts":"2026-10-07T18:55:07.612Z","level":"warn","event":"db.query_slow","request_id":null,"method":"GET","target":"product_variants","status":200,"duration_ms":2250,"threshold_ms":300}
{"ts":"2026-10-07T18:55:07.614Z","level":"warn","event":"db.query_slow","request_id":null,"method":"GET","target":"products","status":200,"duration_ms":356,"threshold_ms":300}
{"ts":"2026-10-07T18:55:07.628Z","level":"warn","event":"db.query_slow","request_id":null,"method":"GET","target":"products","status":200,"duration_ms":355,"threshold_ms":300}
{"ts":"2026-10-07T18:55:07.630Z","level":"warn","event":"db.query_slow","request_id":null,"method":"GET","target":"products","status":200,"duration_ms":380,"threshold_ms":300}
{"ts":"2026-10-07T18:55:07.631Z","level":"warn","event":"db.query_slow","request_id":null,"method":"GET","target":"products","status":200,"duration_ms":364,"threshold_ms":300}
{"ts":"2026-10-07T18:55:07.631Z","level":"warn","event":"db.query_slow","request_id":null,"method":"GET","target":"products","status":200,"duration_ms":374,"threshold_ms":300}
{"ts":"2026-10-07T18:55:07.642Z","level":"error","event":"db.query_failed","request_id":null,"method":"GET","target":"products","duration_ms":0,"err":{"name":"Error","message":"During prerendering, fetch() rejects when the prerender is complete. Typically these errors are handled by React but if you move fetch() to a different context by using `setTimeout`, `after`, or similar functions you may observe this error and you should handle it in that context. This occurred at route \"/product/[slug]\".","stack":"Error: During prerendering, fetch() rejects when the prerender is complete. Typically these errors are handled by React but if you move fetch() to a different context by using `setTimeout`, `after`, or similar functions you may observe this error and you should handle it in that context. This occurred at route \"/product/[slug]\".\n    at eu (/Users/ofir/kenyonexpress-autopilot/.next/server/chunks/[root-of-the-server]__1jlk8z1._.js:2:58687)\n    at /Users/ofir/kenyonexpress-autopilot/.next/server/chunks/[root-of-the-server]__1jlk8z1._.js:2:87004\n    at /Users/ofir/kenyonexpress-autopilot/.next/server/chunks/[root-of-the-server]__1jlk8z1._.js:2:54057\n    at /Users/ofir/kenyonexpress-autopilot/.next/server/chunks/[root-of-the-server]__1jlk8z1._.js:2:54347\n    at Object.with (/Users/ofir/kenyonexpress-autopilot/.next/server/chunks/[root-of-the-server]__1jlk8z1._.js:2:4124)\n    at S.with (/Users/ofir/kenyonexpress-autopilot/.next/server/chunks/[root-of-the-server]__1jlk8z1._.js:2:4450)\n    at G.startActiveSpan (/Users/ofir/kenyonexpress-autopilot/.next/server/chunks/[root-of-the-server]__1jlk8z1._.js:2:6806)\n    at H.startActiveSpan (/Users/ofir/kenyonexpress-autopilot/.next/server/chunks/[root-of-the-server]__1jlk8z1._.js:2:7045)\n    at e.runWithActiveSpan (/Users/ofir/kenyonexpress-autopilot/.next/server/chunks/[root-of-the-server]__1jlk8z1._.js:2:54324)\n    at /Users/ofir/kenyonexpress-autopilot/.next/server/chunks/[root-of-the-server]__1jlk8z1._.js:2:53577\n    at Object.with (/Users/ofir/kenyonexpress-autopilot/.next/server/chunks/[root-of-the-server]__1jlk8z1._.js:2:4124)\n    at S.with (/Users/ofir/kenyonexpress-autopilot/.next/server/chunks/[root-of-the-server]__1jlk8z1._.js:2:4450)\n    at e.trace (/Users/ofir/kenyonexpress-autopilot/.next/server/chunks/[root-of-the-server]__1jlk8z1._.js:2:53551)\n    at fetch (/Users/ofir/kenyonexpress-autopilot/.next/server/chunks/[root-of-the-server]__1jlk8z1._.js:2:84044)\n    at /Users/ofir/kenyonexpress-autopilot/.next/server/chun","digest":"HANGING_PROMISE_REJECTION"}}
{"ts":"2026-10-07T18:55:07.645Z","level":"warn","event":"db.query_slow","request_id":null,"method":"GET","target":"products","status":200,"duration_ms":377,"threshold_ms":300}
{"ts":"2026-10-07T18:55:07.646Z","level":"warn","event":"db.query_slow","request_id":null,"method":"GET","target":"products","status":200,"duration_ms":2284,"threshold_ms":300}
{"ts":"2026-10-07T18:55:07.647Z","level":"warn","event":"db.query_slow","request_id":null,"method":"GET","target":"products","status":200,"duration_ms":374,"threshold_ms":300}
{"ts":"2026-10-07T18:55:07.649Z","level":"warn","event":"db.query_slow","request_id":null,"method":"GET","target":"products","status":200,"duration_ms":384,"threshold_ms":300}
{"ts":"2026-10-07T18:55:07.650Z","level":"warn","event":"db.query_slow","request_id":null,"method":"GET","target":"products","status":200,"duration_ms":388,"threshold_ms":300}
{"ts":"2026-10-07T18:55:07.652Z","level":"warn","event":"db.query_slow","request_id":null,"method":"GET","target":"products","status":200,"duration_ms":384,"threshold_ms":300}
{"ts":"2026-10-07T18:55:07.653Z","level":"warn","event":"db.query_slow","request_id":null,"method":"GET","target":"products","status":200,"duration_ms":403,"threshold_ms":300}
{"ts":"2026-10-07T18:55:07.655Z","level":"warn","event":"db.query_slow","request_id":null,"method":"GET","target":"products","status":200,"duration_ms":385,"threshold_ms":300}
{"ts":"2026-10-07T18:55:07.658Z","level":"warn","event":"db.query_slow","request_id":null,"method":"GET","target":"products","status":200,"duration_ms":387,"threshold_ms":300}
{"ts":"2026-10-07T18:55:07.658Z","level":"warn","event":"db.query_slow","request_id":null,"method":"GET","target":"categories","status":200,"duration_ms":382,"threshold_ms":300}
{"ts":"2026-10-07T18:55:07.735Z","level":"error","event":"db.query_failed","request_id":null,"method":"GET","target":"products","duration_ms":0,"err":{"name":"Error","message":"During prerendering, fetch() rejects when the prerender is complete. Typically these errors are handled by React but if you move fetch() to a different context by using `setTimeout`, `after`, or similar functions you may observe this error and you should handle it in that context. This occurred at route \"/product/[slug]\".","stack":"Error: During prerendering, fetch() rejects when the prerender is complete. Typically these errors are handled by React but if you move fetch() to a different context by using `setTimeout`, `after`, or similar functions you may observe this error and you should handle it in that context. This occurred at route \"/product/[slug]\".\n    at eu (/Users/ofir/kenyonexpress-autopilot/.next/server/chunks/[root-of-the-server]__1jlk8z1._.js:2:58687)\n    at /Users/ofir/kenyonexpress-autopilot/.next/server/chunks/[root-of-the-server]__1jlk8z1._.js:2:87004\n    at /Users/ofir/kenyonexpress-autopilot/.next/server/chunks/[root-of-the-server]__1jlk8z1._.js:2:54057\n    at /Users/ofir/kenyonexpress-autopilot/.next/server/chunks/[root-of-the-server]__1jlk8z1._.js:2:54347\n    at Object.with (/Users/ofir/kenyonexpress-autopilot/.next/server/chunks/[root-of-the-server]__1jlk8z1._.js:2:4124)\n    at S.with (/Users/ofir/kenyonexpress-autopilot/.next/server/chunks/[root-of-the-server]__1jlk8z1._.js:2:4450)\n    at G.startActiveSpan (/Users/ofir/kenyonexpress-autopilot/.next/server/chunks/[root-of-the-server]__1jlk8z1._.js:2:6806)\n    at H.startActiveSpan (/Users/ofir/kenyonexpress-autopilot/.next/server/chunks/[root-of-the-server]__1jlk8z1._.js:2:7045)\n    at e.runWithActiveSpan (/Users/ofir/kenyonexpress-autopilot/.next/server/chunks/[root-of-the-server]__1jlk8z1._.js:2:54324)\n    at /Users/ofir/kenyonexpress-autopilot/.next/server/chunks/[root-of-the-server]__1jlk8z1._.js:2:53577\n    at Object.with (/Users/ofir/kenyonexpress-autopilot/.next/server/chunks/[root-of-the-server]__1jlk8z1._.js:2:4124)\n    at S.with (/Users/ofir/kenyonexpress-autopilot/.next/server/chunks/[root-of-the-server]__1jlk8z1._.js:2:4450)\n    at e.trace (/Users/ofir/kenyonexpress-autopilot/.next/server/chunks/[root-of-the-server]__1jlk8z1._.js:2:53551)\n    at fetch (/Users/ofir/kenyonexpress-autopilot/.next/server/chunks/[root-of-the-server]__1jlk8z1._.js:2:84044)\n    at /Users/ofir/kenyonexpress-autopilot/.next/server/chun","digest":"HANGING_PROMISE_REJECTION"}}
{"ts":"2026-10-07T18:55:07.739Z","level":"error","event":"db.query_failed","request_id":null,"method":"GET","target":"products","duration_ms":0,"err":{"name":"Error","message":"During prerendering, fetch() rejects when the prerender is complete. Typically these errors are handled by React but if you move fetch() to a different context by using `setTimeout`, `after`, or similar functions you may observe this error and you should handle it in that context. This occurred at route \"/product/[slug]\".","stack":"Error: During prerendering, fetch() rejects when the prerender is complete. Typically these errors are handled by React but if you move fetch() to a different context by using `setTimeout`, `after`, or similar functions you may observe this error and you should handle it in that context. This occurred at route \"/product/[slug]\".\n    at eu (/Users/ofir/kenyonexpress-autopilot/.next/server/chunks/[root-of-the-server]__1jlk8z1._.js:2:58687)\n    at /Users/ofir/kenyonexpress-autopilot/.next/server/chunks/[root-of-the-server]__1jlk8z1._.js:2:87004\n    at /Users/ofir/kenyonexpress-autopilot/.next/server/chunks/[root-of-the-server]__1jlk8z1._.js:2:54057\n    at /Users/ofir/kenyonexpress-autopilot/.next/server/chunks/[root-of-the-server]__1jlk8z1._.js:2:54347\n    at Object.with (/Users/ofir/kenyonexpress-autopilot/.next/server/chunks/[root-of-the-server]__1jlk8z1._.js:2:4124)\n    at S.with (/Users/ofir/kenyonexpress-autopilot/.next/server/chunks/[root-of-the-server]__1jlk8z1._.js:2:4450)\n    at G.startActiveSpan (/Users/ofir/kenyonexpress-autopilot/.next/server/chunks/[root-of-the-server]__1jlk8z1._.js:2:6806)\n    at H.startActiveSpan (/Users/ofir/kenyonexpress-autopilot/.next/server/chunks/[root-of-the-server]__1jlk8z1._.js:2:7045)\n    at e.runWithActiveSpan (/Users/ofir/kenyonexpress-autopilot/.next/server/chunks/[root-of-the-server]__1jlk8z1._.js:2:54324)\n    at /Users/ofir/kenyonexpress-autopilot/.next/server/chunks/[root-of-the-server]__1jlk8z1._.js:2:53577\n    at Object.with (/Users/ofir/kenyonexpress-autopilot/.next/server/chunks/[root-of-the-server]__1jlk8z1._.js:2:4124)\n    at S.with (/Users/ofir/kenyonexpress-autopilot/.next/server/chunks/[root-of-the-server]__1jlk8z1._.js:2:4450)\n    at e.trace (/Users/ofir/kenyonexpress-autopilot/.next/server/chunks/[root-of-the-server]__1jlk8z1._.js:2:53551)\n    at fetch (/Users/ofir/kenyonexpress-autopilot/.next/server/chunks/[root-of-the-server]__1jlk8z1._.js:2:84044)\n    at /Users/ofir/kenyonexpress-autopilot/.next/server/chun","digest":"HANGING_PROMISE_REJECTION"}}
{"ts":"2026-10-07T18:55:07.756Z","level":"error","event":"db.query_failed","request_id":null,"method":"GET","target":"products","duration_ms":0,"err":{"name":"Error","message":"During prerendering, fetch() rejects when the prerender is complete. Typically these errors are handled by React but if you move fetch() to a different context by using `setTimeout`, `after`, or similar functions you may observe this error and you should handle it in that context. This occurred at route \"/product/[slug]\".","stack":"Error: During prerendering, fetch() rejects when the prerender is complete. Typically these errors are handled by React but if you move fetch() to a different context by using `setTimeout`, `after`, or similar functions you may observe this error and you should handle it in that context. This occurred at route \"/product/[slug]\".\n    at eu (/Users/ofir/kenyonexpress-autopilot/.next/server/chunks/[root-of-the-server]__1jlk8z1._.js:2:58687)\n    at /Users/ofir/kenyonexpress-autopilot/.next/server/chunks/[root-of-the-server]__1jlk8z1._.js:2:87004\n    at /Users/ofir/kenyonexpress-autopilot/.next/server/chunks/[root-of-the-server]__1jlk8z1._.js:2:54057\n    at /Users/ofir/kenyonexpress-autopilot/.next/server/chunks/[root-of-the-server]__1jlk8z1._.js:2:54347\n    at Object.with (/Users/ofir/kenyonexpress-autopilot/.next/server/chunks/[root-of-the-server]__1jlk8z1._.js:2:4124)\n    at S.with (/Users/ofir/kenyonexpress-autopilot/.next/server/chunks/[root-of-the-server]__1jlk8z1._.js:2:4450)\n    at G.startActiveSpan (/Users/ofir/kenyonexpress-autopilot/.next/server/chunks/[root-of-the-server]__1jlk8z1._.js:2:6806)\n    at H.startActiveSpan (/Users/ofir/kenyonexpress-autopilot/.next/server/chunks/[root-of-the-server]__1jlk8z1._.js:2:7045)\n    at e.runWithActiveSpan (/Users/ofir/kenyonexpress-autopilot/.next/server/chunks/[root-of-the-server]__1jlk8z1._.js:2:54324)\n    at /Users/ofir/kenyonexpress-autopilot/.next/server/chunks/[root-of-the-server]__1jlk8z1._.js:2:53577\n    at Object.with (/Users/ofir/kenyonexpress-autopilot/.next/server/chunks/[root-of-the-server]__1jlk8z1._.js:2:4124)\n    at S.with (/Users/ofir/kenyonexpress-autopilot/.next/server/chunks/[root-of-the-server]__1jlk8z1._.js:2:4450)\n    at e.trace (/Users/ofir/kenyonexpress-autopilot/.next/server/chunks/[root-of-the-server]__1jlk8z1._.js:2:53551)\n    at fetch (/Users/ofir/kenyonexpress-autopilot/.next/server/chunks/[root-of-the-server]__1jlk8z1._.js:2:84044)\n    at /Users/ofir/kenyonexpress-autopilot/.next/server/chun","digest":"HANGING_PROMISE_REJECTION"}}
{"ts":"2026-10-07T18:55:07.855Z","level":"warn","event":"db.query_slow","request_id":null,"method":"GET","target":"products","status":200,"duration_ms":520,"threshold_ms":300}
{"ts":"2026-10-07T18:55:07.856Z","level":"warn","event":"db.query_slow","request_id":null,"method":"GET","target":"products","status":200,"duration_ms":453,"threshold_ms":300}
{"ts":"2026-10-07T18:55:07.857Z","level":"warn","event":"db.query_slow","request_id":null,"method":"GET","target":"categories","status":200,"duration_ms":2145,"threshold_ms":300}
{"ts":"2026-10-07T18:55:07.859Z","level":"warn","event":"db.query_slow","request_id":null,"method":"GET","target":"products","status":200,"duration_ms":377,"threshold_ms":300}
{"ts":"2026-10-07T18:55:07.859Z","level":"warn","event":"db.query_slow","request_id":null,"method":"GET","target":"products","status":200,"duration_ms":331,"threshold_ms":300}
{"ts":"2026-10-07T18:55:07.859Z","level":"warn","event":"db.query_slow","request_id":null,"method":"GET","target":"categories","status":200,"duration_ms":2150,"threshold_ms":300}
{"ts":"2026-10-07T18:55:07.968Z","level":"error","event":"db.query_failed","request_id":null,"method":"GET","target":"products","duration_ms":1,"err":{"name":"Error","message":"During prerendering, fetch() rejects when the prerender is complete. Typically these errors are handled by React but if you move fetch() to a different context by using `setTimeout`, `after`, or similar functions you may observe this error and you should handle it in that context. This occurred at route \"/product/[slug]\".","stack":"Error: During prerendering, fetch() rejects when the prerender is complete. Typically these errors are handled by React but if you move fetch() to a different context by using `setTimeout`, `after`, or similar functions you may observe this error and you should handle it in that context. This occurred at route \"/product/[slug]\".\n    at eu (/Users/ofir/kenyonexpress-autopilot/.next/server/chunks/[root-of-the-server]__1jlk8z1._.js:2:58687)\n    at /Users/ofir/kenyonexpress-autopilot/.next/server/chunks/[root-of-the-server]__1jlk8z1._.js:2:87004\n    at /Users/ofir/kenyonexpress-autopilot/.next/server/chunks/[root-of-the-server]__1jlk8z1._.js:2:54057\n    at /Users/ofir/kenyonexpress-autopilot/.next/server/chunks/[root-of-the-server]__1jlk8z1._.js:2:54347\n    at Object.with (/Users/ofir/kenyonexpress-autopilot/.next/server/chunks/[root-of-the-server]__1jlk8z1._.js:2:4124)\n    at S.with (/Users/ofir/kenyonexpress-autopilot/.next/server/chunks/[root-of-the-server]__1jlk8z1._.js:2:4450)\n    at G.startActiveSpan (/Users/ofir/kenyonexpress-autopilot/.next/server/chunks/[root-of-the-server]__1jlk8z1._.js:2:6806)\n    at H.startActiveSpan (/Users/ofir/kenyonexpress-autopilot/.next/server/chunks/[root-of-the-server]__1jlk8z1._.js:2:7045)\n    at e.runWithActiveSpan (/Users/ofir/kenyonexpress-autopilot/.next/server/chunks/[root-of-the-server]__1jlk8z1._.js:2:54324)\n    at /Users/ofir/kenyonexpress-autopilot/.next/server/chunks/[root-of-the-server]__1jlk8z1._.js:2:53577\n    at Object.with (/Users/ofir/kenyonexpress-autopilot/.next/server/chunks/[root-of-the-server]__1jlk8z1._.js:2:4124)\n    at S.with (/Users/ofir/kenyonexpress-autopilot/.next/server/chunks/[root-of-the-server]__1jlk8z1._.js:2:4450)\n    at e.trace (/Users/ofir/kenyonexpress-autopilot/.next/server/chunks/[root-of-the-server]__1jlk8z1._.js:2:53551)\n    at fetch (/Users/ofir/kenyonexpress-autopilot/.next/server/chunks/[root-of-the-server]__1jlk8z1._.js:2:84044)\n    at /Users/ofir/kenyonexpress-autopilot/.next/server/chun","digest":"HANGING_PROMISE_REJECTION"}}
{"ts":"2026-10-07T18:55:07.979Z","level":"error","event":"db.query_failed","request_id":null,"method":"GET","target":"products","duration_ms":0,"err":{"name":"Error","message":"During prerendering, fetch() rejects when the prerender is complete. Typically these errors are handled by React but if you move fetch() to a different context by using `setTimeout`, `after`, or similar functions you may observe this error and you should handle it in that context. This occurred at route \"/product/[slug]\".","stack":"Error: During prerendering, fetch() rejects when the prerender is complete. Typically these errors are handled by React but if you move fetch() to a different context by using `setTimeout`, `after`, or similar functions you may observe this error and you should handle it in that context. This occurred at route \"/product/[slug]\".\n    at eu (/Users/ofir/kenyonexpress-autopilot/.next/server/chunks/[root-of-the-server]__1jlk8z1._.js:2:58687)\n    at /Users/ofir/kenyonexpress-autopilot/.next/server/chunks/[root-of-the-server]__1jlk8z1._.js:2:87004\n    at /Users/ofir/kenyonexpress-autopilot/.next/server/chunks/[root-of-the-server]__1jlk8z1._.js:2:54057\n    at /Users/ofir/kenyonexpress-autopilot/.next/server/chunks/[root-of-the-server]__1jlk8z1._.js:2:54347\n    at Object.with (/Users/ofir/kenyonexpress-autopilot/.next/server/chunks/[root-of-the-server]__1jlk8z1._.js:2:4124)\n    at S.with (/Users/ofir/kenyonexpress-autopilot/.next/server/chunks/[root-of-the-server]__1jlk8z1._.js:2:4450)\n    at G.startActiveSpan (/Users/ofir/kenyonexpress-autopilot/.next/server/chunks/[root-of-the-server]__1jlk8z1._.js:2:6806)\n    at H.startActiveSpan (/Users/ofir/kenyonexpress-autopilot/.next/server/chunks/[root-of-the-server]__1jlk8z1._.js:2:7045)\n    at e.runWithActiveSpan (/Users/ofir/kenyonexpress-autopilot/.next/server/chunks/[root-of-the-server]__1jlk8z1._.js:2:54324)\n    at /Users/ofir/kenyonexpress-autopilot/.next/server/chunks/[root-of-the-server]__1jlk8z1._.js:2:53577\n    at Object.with (/Users/ofir/kenyonexpress-autopilot/.next/server/chunks/[root-of-the-server]__1jlk8z1._.js:2:4124)\n    at S.with (/Users/ofir/kenyonexpress-autopilot/.next/server/chunks/[root-of-the-server]__1jlk8z1._.js:2:4450)\n    at e.trace (/Users/ofir/kenyonexpress-autopilot/.next/server/chunks/[root-of-the-server]__1jlk8z1._.js:2:53551)\n    at fetch (/Users/ofir/kenyonexpress-autopilot/.next/server/chunks/[root-of-the-server]__1jlk8z1._.js:2:84044)\n    at /Users/ofir/kenyonexpress-autopilot/.next/server/chun","digest":"HANGING_PROMISE_REJECTION"}}
{"ts":"2026-10-07T18:55:08.001Z","level":"error","event":"db.query_failed","request_id":null,"method":"GET","target":"products","duration_ms":0,"err":{"name":"Error","message":"During prerendering, fetch() rejects when the prerender is complete. Typically these errors are handled by React but if you move fetch() to a different context by using `setTimeout`, `after`, or similar functions you may observe this error and you should handle it in that context. This occurred at route \"/product/[slug]\".","stack":"Error: During prerendering, fetch() rejects when the prerender is complete. Typically these errors are handled by React but if you move fetch() to a different context by using `setTimeout`, `after`, or similar functions you may observe this error and you should handle it in that context. This occurred at route \"/product/[slug]\".\n    at eu (/Users/ofir/kenyonexpress-autopilot/.next/server/chunks/[root-of-the-server]__1jlk8z1._.js:2:58687)\n    at /Users/ofir/kenyonexpress-autopilot/.next/server/chunks/[root-of-the-server]__1jlk8z1._.js:2:87004\n    at /Users/ofir/kenyonexpress-autopilot/.next/server/chunks/[root-of-the-server]__1jlk8z1._.js:2:54057\n    at /Users/ofir/kenyonexpress-autopilot/.next/server/chunks/[root-of-the-server]__1jlk8z1._.js:2:54347\n    at Object.with (/Users/ofir/kenyonexpress-autopilot/.next/server/chunks/[root-of-the-server]__1jlk8z1._.js:2:4124)\n    at S.with (/Users/ofir/kenyonexpress-autopilot/.next/server/chunks/[root-of-the-server]__1jlk8z1._.js:2:4450)\n    at G.startActiveSpan (/Users/ofir/kenyonexpress-autopilot/.next/server/chunks/[root-of-the-server]__1jlk8z1._.js:2:6806)\n    at H.startActiveSpan (/Users/ofir/kenyonexpress-autopilot/.next/server/chunks/[root-of-the-server]__1jlk8z1._.js:2:7045)\n    at e.runWithActiveSpan (/Users/ofir/kenyonexpress-autopilot/.next/server/chunks/[root-of-the-server]__1jlk8z1._.js:2:54324)\n    at /Users/ofir/kenyonexpress-autopilot/.next/server/chunks/[root-of-the-server]__1jlk8z1._.js:2:53577\n    at Object.with (/Users/ofir/kenyonexpress-autopilot/.next/server/chunks/[root-of-the-server]__1jlk8z1._.js:2:4124)\n    at S.with (/Users/ofir/kenyonexpress-autopilot/.next/server/chunks/[root-of-the-server]__1jlk8z1._.js:2:4450)\n    at e.trace (/Users/ofir/kenyonexpress-autopilot/.next/server/chunks/[root-of-the-server]__1jlk8z1._.js:2:53551)\n    at fetch (/Users/ofir/kenyonexpress-autopilot/.next/server/chunks/[root-of-the-server]__1jlk8z1._.js:2:84044)\n    at /Users/ofir/kenyonexpress-autopilot/.next/server/chun","digest":"HANGING_PROMISE_REJECTION"}}
{"ts":"2026-10-07T18:55:08.008Z","level":"error","event":"db.query_failed","request_id":null,"method":"GET","target":"products","duration_ms":0,"err":{"name":"Error","message":"During prerendering, fetch() rejects when the prerender is complete. Typically these errors are handled by React but if you move fetch() to a different context by using `setTimeout`, `after`, or similar functions you may observe this error and you should handle it in that context. This occurred at route \"/product/[slug]\".","stack":"Error: During prerendering, fetch() rejects when the prerender is complete. Typically these errors are handled by React but if you move fetch() to a different context by using `setTimeout`, `after`, or similar functions you may observe this error and you should handle it in that context. This occurred at route \"/product/[slug]\".\n    at eu (/Users/ofir/kenyonexpress-autopilot/.next/server/chunks/[root-of-the-server]__1jlk8z1._.js:2:58687)\n    at /Users/ofir/kenyonexpress-autopilot/.next/server/chunks/[root-of-the-server]__1jlk8z1._.js:2:87004\n    at /Users/ofir/kenyonexpress-autopilot/.next/server/chunks/[root-of-the-server]__1jlk8z1._.js:2:54057\n    at /Users/ofir/kenyonexpress-autopilot/.next/server/chunks/[root-of-the-server]__1jlk8z1._.js:2:54347\n    at Object.with (/Users/ofir/kenyonexpress-autopilot/.next/server/chunks/[root-of-the-server]__1jlk8z1._.js:2:4124)\n    at S.with (/Users/ofir/kenyonexpress-autopilot/.next/server/chunks/[root-of-the-server]__1jlk8z1._.js:2:4450)\n    at G.startActiveSpan (/Users/ofir/kenyonexpress-autopilot/.next/server/chunks/[root-of-the-server]__1jlk8z1._.js:2:6806)\n    at H.startActiveSpan (/Users/ofir/kenyonexpress-autopilot/.next/server/chunks/[root-of-the-server]__1jlk8z1._.js:2:7045)\n    at e.runWithActiveSpan (/Users/ofir/kenyonexpress-autopilot/.next/server/chunks/[root-of-the-server]__1jlk8z1._.js:2:54324)\n    at /Users/ofir/kenyonexpress-autopilot/.next/server/chunks/[root-of-the-server]__1jlk8z1._.js:2:53577\n    at Object.with (/Users/ofir/kenyonexpress-autopilot/.next/server/chunks/[root-of-the-server]__1jlk8z1._.js:2:4124)\n    at S.with (/Users/ofir/kenyonexpress-autopilot/.next/server/chunks/[root-of-the-server]__1jlk8z1._.js:2:4450)\n    at e.trace (/Users/ofir/kenyonexpress-autopilot/.next/server/chunks/[root-of-the-server]__1jlk8z1._.js:2:53551)\n    at fetch (/Users/ofir/kenyonexpress-autopilot/.next/server/chunks/[root-of-the-server]__1jlk8z1._.js:2:84044)\n    at /Users/ofir/kenyonexpress-autopilot/.next/server/chun","digest":"HANGING_PROMISE_REJECTION"}}
{"ts":"2026-10-07T18:55:08.011Z","level":"error","event":"db.query_failed","request_id":null,"method":"GET","target":"products","duration_ms":0,"err":{"name":"Error","message":"During prerendering, fetch() rejects when the prerender is complete. Typically these errors are handled by React but if you move fetch() to a different context by using `setTimeout`, `after`, or similar functions you may observe this error and you should handle it in that context. This occurred at route \"/product/[slug]\".","stack":"Error: During prerendering, fetch() rejects when the prerender is complete. Typically these errors are handled by React but if you move fetch() to a different context by using `setTimeout`, `after`, or similar functions you may observe this error and you should handle it in that context. This occurred at route \"/product/[slug]\".\n    at eu (/Users/ofir/kenyonexpress-autopilot/.next/server/chunks/[root-of-the-server]__1jlk8z1._.js:2:58687)\n    at /Users/ofir/kenyonexpress-autopilot/.next/server/chunks/[root-of-the-server]__1jlk8z1._.js:2:87004\n    at /Users/ofir/kenyonexpress-autopilot/.next/server/chunks/[root-of-the-server]__1jlk8z1._.js:2:54057\n    at /Users/ofir/kenyonexpress-autopilot/.next/server/chunks/[root-of-the-server]__1jlk8z1._.js:2:54347\n    at Object.with (/Users/ofir/kenyonexpress-autopilot/.next/server/chunks/[root-of-the-server]__1jlk8z1._.js:2:4124)\n    at S.with (/Users/ofir/kenyonexpress-autopilot/.next/server/chunks/[root-of-the-server]__1jlk8z1._.js:2:4450)\n    at G.startActiveSpan (/Users/ofir/kenyonexpress-autopilot/.next/server/chunks/[root-of-the-server]__1jlk8z1._.js:2:6806)\n    at H.startActiveSpan (/Users/ofir/kenyonexpress-autopilot/.next/server/chunks/[root-of-the-server]__1jlk8z1._.js:2:7045)\n    at e.runWithActiveSpan (/Users/ofir/kenyonexpress-autopilot/.next/server/chunks/[root-of-the-server]__1jlk8z1._.js:2:54324)\n    at /Users/ofir/kenyonexpress-autopilot/.next/server/chunks/[root-of-the-server]__1jlk8z1._.js:2:53577\n    at Object.with (/Users/ofir/kenyonexpress-autopilot/.next/server/chunks/[root-of-the-server]__1jlk8z1._.js:2:4124)\n    at S.with (/Users/ofir/kenyonexpress-autopilot/.next/server/chunks/[root-of-the-server]__1jlk8z1._.js:2:4450)\n    at e.trace (/Users/ofir/kenyonexpress-autopilot/.next/server/chunks/[root-of-the-server]__1jlk8z1._.js:2:53551)\n    at fetch (/Users/ofir/kenyonexpress-autopilot/.next/server/chunks/[root-of-the-server]__1jlk8z1._.js:2:84044)\n    at /Users/ofir/kenyonexpress-autopilot/.next/server/chun","digest":"HANGING_PROMISE_REJECTION"}}
{"ts":"2026-10-07T18:55:08.026Z","level":"error","event":"db.query_failed","request_id":null,"method":"GET","target":"products","duration_ms":0,"err":{"name":"Error","message":"During prerendering, fetch() rejects when the prerender is complete. Typically these errors are handled by React but if you move fetch() to a different context by using `setTimeout`, `after`, or similar functions you may observe this error and you should handle it in that context. This occurred at route \"/product/[slug]\".","stack":"Error: During prerendering, fetch() rejects when the prerender is complete. Typically these errors are handled by React but if you move fetch() to a different context by using `setTimeout`, `after`, or similar functions you may observe this error and you should handle it in that context. This occurred at route \"/product/[slug]\".\n    at eu (/Users/ofir/kenyonexpress-autopilot/.next/server/chunks/[root-of-the-server]__1jlk8z1._.js:2:58687)\n    at /Users/ofir/kenyonexpress-autopilot/.next/server/chunks/[root-of-the-server]__1jlk8z1._.js:2:87004\n    at /Users/ofir/kenyonexpress-autopilot/.next/server/chunks/[root-of-the-server]__1jlk8z1._.js:2:54057\n    at /Users/ofir/kenyonexpress-autopilot/.next/server/chunks/[root-of-the-server]__1jlk8z1._.js:2:54347\n    at Object.with (/Users/ofir/kenyonexpress-autopilot/.next/server/chunks/[root-of-the-server]__1jlk8z1._.js:2:4124)\n    at S.with (/Users/ofir/kenyonexpress-autopilot/.next/server/chunks/[root-of-the-server]__1jlk8z1._.js:2:4450)\n    at G.startActiveSpan (/Users/ofir/kenyonexpress-autopilot/.next/server/chunks/[root-of-the-server]__1jlk8z1._.js:2:6806)\n    at H.startActiveSpan (/Users/ofir/kenyonexpress-autopilot/.next/server/chunks/[root-of-the-server]__1jlk8z1._.js:2:7045)\n    at e.runWithActiveSpan (/Users/ofir/kenyonexpress-autopilot/.next/server/chunks/[root-of-the-server]__1jlk8z1._.js:2:54324)\n    at /Users/ofir/kenyonexpress-autopilot/.next/server/chunks/[root-of-the-server]__1jlk8z1._.js:2:53577\n    at Object.with (/Users/ofir/kenyonexpress-autopilot/.next/server/chunks/[root-of-the-server]__1jlk8z1._.js:2:4124)\n    at S.with (/Users/ofir/kenyonexpress-autopilot/.next/server/chunks/[root-of-the-server]__1jlk8z1._.js:2:4450)\n    at e.trace (/Users/ofir/kenyonexpress-autopilot/.next/server/chunks/[root-of-the-server]__1jlk8z1._.js:2:53551)\n    at fetch (/Users/ofir/kenyonexpress-autopilot/.next/server/chunks/[root-of-the-server]__1jlk8z1._.js:2:84044)\n    at /Users/ofir/kenyonexpress-autopilot/.next/server/chun","digest":"HANGING_PROMISE_REJECTION"}}
{"ts":"2026-10-07T18:55:08.037Z","level":"error","event":"db.query_failed","request_id":null,"method":"GET","target":"products","duration_ms":0,"err":{"name":"Error","message":"During prerendering, fetch() rejects when the prerender is complete. Typically these errors are handled by React but if you move fetch() to a different context by using `setTimeout`, `after`, or similar functions you may observe this error and you should handle it in that context. This occurred at route \"/product/[slug]\".","stack":"Error: During prerendering, fetch() rejects when the prerender is complete. Typically these errors are handled by React but if you move fetch() to a different context by using `setTimeout`, `after`, or similar functions you may observe this error and you should handle it in that context. This occurred at route \"/product/[slug]\".\n    at eu (/Users/ofir/kenyonexpress-autopilot/.next/server/chunks/[root-of-the-server]__1jlk8z1._.js:2:58687)\n    at /Users/ofir/kenyonexpress-autopilot/.next/server/chunks/[root-of-the-server]__1jlk8z1._.js:2:87004\n    at /Users/ofir/kenyonexpress-autopilot/.next/server/chunks/[root-of-the-server]__1jlk8z1._.js:2:54057\n    at /Users/ofir/kenyonexpress-autopilot/.next/server/chunks/[root-of-the-server]__1jlk8z1._.js:2:54347\n    at Object.with (/Users/ofir/kenyonexpress-autopilot/.next/server/chunks/[root-of-the-server]__1jlk8z1._.js:2:4124)\n    at S.with (/Users/ofir/kenyonexpress-autopilot/.next/server/chunks/[root-of-the-server]__1jlk8z1._.js:2:4450)\n    at G.startActiveSpan (/Users/ofir/kenyonexpress-autopilot/.next/server/chunks/[root-of-the-server]__1jlk8z1._.js:2:6806)\n    at H.startActiveSpan (/Users/ofir/kenyonexpress-autopilot/.next/server/chunks/[root-of-the-server]__1jlk8z1._.js:2:7045)\n    at e.runWithActiveSpan (/Users/ofir/kenyonexpress-autopilot/.next/server/chunks/[root-of-the-server]__1jlk8z1._.js:2:54324)\n    at /Users/ofir/kenyonexpress-autopilot/.next/server/chunks/[root-of-the-server]__1jlk8z1._.js:2:53577\n    at Object.with (/Users/ofir/kenyonexpress-autopilot/.next/server/chunks/[root-of-the-server]__1jlk8z1._.js:2:4124)\n    at S.with (/Users/ofir/kenyonexpress-autopilot/.next/server/chunks/[root-of-the-server]__1jlk8z1._.js:2:4450)\n    at e.trace (/Users/ofir/kenyonexpress-autopilot/.next/server/chunks/[root-of-the-server]__1jlk8z1._.js:2:53551)\n    at fetch (/Users/ofir/kenyonexpress-autopilot/.next/server/chunks/[root-of-the-server]__1jlk8z1._.js:2:84044)\n    at /Users/ofir/kenyonexpress-autopilot/.next/server/chun","digest":"HANGING_PROMISE_REJECTION"}}
{"ts":"2026-10-07T18:55:08.046Z","level":"error","event":"db.query_failed","request_id":null,"method":"GET","target":"products","duration_ms":0,"err":{"name":"Error","message":"During prerendering, fetch() rejects when the prerender is complete. Typically these errors are handled by React but if you move fetch() to a different context by using `setTimeout`, `after`, or similar functions you may observe this error and you should handle it in that context. This occurred at route \"/product/[slug]\".","stack":"Error: During prerendering, fetch() rejects when the prerender is complete. Typically these errors are handled by React but if you move fetch() to a different context by using `setTimeout`, `after`, or similar functions you may observe this error and you should handle it in that context. This occurred at route \"/product/[slug]\".\n    at eu (/Users/ofir/kenyonexpress-autopilot/.next/server/chunks/[root-of-the-server]__1jlk8z1._.js:2:58687)\n    at /Users/ofir/kenyonexpress-autopilot/.next/server/chunks/[root-of-the-server]__1jlk8z1._.js:2:87004\n    at /Users/ofir/kenyonexpress-autopilot/.next/server/chunks/[root-of-the-server]__1jlk8z1._.js:2:54057\n    at /Users/ofir/kenyonexpress-autopilot/.next/server/chunks/[root-of-the-server]__1jlk8z1._.js:2:54347\n    at Object.with (/Users/ofir/kenyonexpress-autopilot/.next/server/chunks/[root-of-the-server]__1jlk8z1._.js:2:4124)\n    at S.with (/Users/ofir/kenyonexpress-autopilot/.next/server/chunks/[root-of-the-server]__1jlk8z1._.js:2:4450)\n    at G.startActiveSpan (/Users/ofir/kenyonexpress-autopilot/.next/server/chunks/[root-of-the-server]__1jlk8z1._.js:2:6806)\n    at H.startActiveSpan (/Users/ofir/kenyonexpress-autopilot/.next/server/chunks/[root-of-the-server]__1jlk8z1._.js:2:7045)\n    at e.runWithActiveSpan (/Users/ofir/kenyonexpress-autopilot/.next/server/chunks/[root-of-the-server]__1jlk8z1._.js:2:54324)\n    at /Users/ofir/kenyonexpress-autopilot/.next/server/chunks/[root-of-the-server]__1jlk8z1._.js:2:53577\n    at Object.with (/Users/ofir/kenyonexpress-autopilot/.next/server/chunks/[root-of-the-server]__1jlk8z1._.js:2:4124)\n    at S.with (/Users/ofir/kenyonexpress-autopilot/.next/server/chunks/[root-of-the-server]__1jlk8z1._.js:2:4450)\n    at e.trace (/Users/ofir/kenyonexpress-autopilot/.next/server/chunks/[root-of-the-server]__1jlk8z1._.js:2:53551)\n    at fetch (/Users/ofir/kenyonexpress-autopilot/.next/server/chunks/[root-of-the-server]__1jlk8z1._.js:2:84044)\n    at /Users/ofir/kenyonexpress-autopilot/.next/server/chun","digest":"HANGING_PROMISE_REJECTION"}}
{"ts":"2026-10-07T18:55:08.058Z","level":"error","event":"db.query_failed","request_id":null,"method":"GET","target":"products","duration_ms":0,"err":{"name":"Error","message":"During prerendering, fetch() rejects when the prerender is complete. Typically these errors are handled by React but if you move fetch() to a different context by using `setTimeout`, `after`, or similar functions you may observe this error and you should handle it in that context. This occurred at route \"/product/[slug]\".","stack":"Error: During prerendering, fetch() rejects when the prerender is complete. Typically these errors are handled by React but if you move fetch() to a different context by using `setTimeout`, `after`, or similar functions you may observe this error and you should handle it in that context. This occurred at route \"/product/[slug]\".\n    at eu (/Users/ofir/kenyonexpress-autopilot/.next/server/chunks/[root-of-the-server]__1jlk8z1._.js:2:58687)\n    at /Users/ofir/kenyonexpress-autopilot/.next/server/chunks/[root-of-the-server]__1jlk8z1._.js:2:87004\n    at /Users/ofir/kenyonexpress-autopilot/.next/server/chunks/[root-of-the-server]__1jlk8z1._.js:2:54057\n    at /Users/ofir/kenyonexpress-autopilot/.next/server/chunks/[root-of-the-server]__1jlk8z1._.js:2:54347\n    at Object.with (/Users/ofir/kenyonexpress-autopilot/.next/server/chunks/[root-of-the-server]__1jlk8z1._.js:2:4124)\n    at S.with (/Users/ofir/kenyonexpress-autopilot/.next/server/chunks/[root-of-the-server]__1jlk8z1._.js:2:4450)\n    at G.startActiveSpan (/Users/ofir/kenyonexpress-autopilot/.next/server/chunks/[root-of-the-server]__1jlk8z1._.js:2:6806)\n    at H.startActiveSpan (/Users/ofir/kenyonexpress-autopilot/.next/server/chunks/[root-of-the-server]__1jlk8z1._.js:2:7045)\n    at e.runWithActiveSpan (/Users/ofir/kenyonexpress-autopilot/.next/server/chunks/[root-of-the-server]__1jlk8z1._.js:2:54324)\n    at /Users/ofir/kenyonexpress-autopilot/.next/server/chunks/[root-of-the-server]__1jlk8z1._.js:2:53577\n    at Object.with (/Users/ofir/kenyonexpress-autopilot/.next/server/chunks/[root-of-the-server]__1jlk8z1._.js:2:4124)\n    at S.with (/Users/ofir/kenyonexpress-autopilot/.next/server/chunks/[root-of-the-server]__1jlk8z1._.js:2:4450)\n    at e.trace (/Users/ofir/kenyonexpress-autopilot/.next/server/chunks/[root-of-the-server]__1jlk8z1._.js:2:53551)\n    at fetch (/Users/ofir/kenyonexpress-autopilot/.next/server/chunks/[root-of-the-server]__1jlk8z1._.js:2:84044)\n    at /Users/ofir/kenyonexpress-autopilot/.next/server/chun","digest":"HANGING_PROMISE_REJECTION"}}
{"ts":"2026-10-07T18:55:08.092Z","level":"error","event":"db.query_failed","request_id":null,"method":"GET","target":"products","duration_ms":0,"err":{"name":"Error","message":"During prerendering, fetch() rejects when the prerender is complete. Typically these errors are handled by React but if you move fetch() to a different context by using `setTimeout`, `after`, or similar functions you may observe this error and you should handle it in that context. This occurred at route \"/product/[slug]\".","stack":"Error: During prerendering, fetch() rejects when the prerender is complete. Typically these errors are handled by React but if you move fetch() to a different context by using `setTimeout`, `after`, or similar functions you may observe this error and you should handle it in that context. This occurred at route \"/product/[slug]\".\n    at eu (/Users/ofir/kenyonexpress-autopilot/.next/server/chunks/[root-of-the-server]__1jlk8z1._.js:2:58687)\n    at /Users/ofir/kenyonexpress-autopilot/.next/server/chunks/[root-of-the-server]__1jlk8z1._.js:2:87004\n    at /Users/ofir/kenyonexpress-autopilot/.next/server/chunks/[root-of-the-server]__1jlk8z1._.js:2:54057\n    at /Users/ofir/kenyonexpress-autopilot/.next/server/chunks/[root-of-the-server]__1jlk8z1._.js:2:54347\n    at Object.with (/Users/ofir/kenyonexpress-autopilot/.next/server/chunks/[root-of-the-server]__1jlk8z1._.js:2:4124)\n    at S.with (/Users/ofir/kenyonexpress-autopilot/.next/server/chunks/[root-of-the-server]__1jlk8z1._.js:2:4450)\n    at G.startActiveSpan (/Users/ofir/kenyonexpress-autopilot/.next/server/chunks/[root-of-the-server]__1jlk8z1._.js:2:6806)\n    at H.startActiveSpan (/Users/ofir/kenyonexpress-autopilot/.next/server/chunks/[root-of-the-server]__1jlk8z1._.js:2:7045)\n    at e.runWithActiveSpan (/Users/ofir/kenyonexpress-autopilot/.next/server/chunks/[root-of-the-server]__1jlk8z1._.js:2:54324)\n    at /Users/ofir/kenyonexpress-autopilot/.next/server/chunks/[root-of-the-server]__1jlk8z1._.js:2:53577\n    at Object.with (/Users/ofir/kenyonexpress-autopilot/.next/server/chunks/[root-of-the-server]__1jlk8z1._.js:2:4124)\n    at S.with (/Users/ofir/kenyonexpress-autopilot/.next/server/chunks/[root-of-the-server]__1jlk8z1._.js:2:4450)\n    at e.trace (/Users/ofir/kenyonexpress-autopilot/.next/server/chunks/[root-of-the-server]__1jlk8z1._.js:2:53551)\n    at fetch (/Users/ofir/kenyonexpress-autopilot/.next/server/chunks/[root-of-the-server]__1jlk8z1._.js:2:84044)\n    at /Users/ofir/kenyonexpress-autopilot/.next/server/chun","digest":"HANGING_PROMISE_REJECTION"}}
{"ts":"2026-10-07T18:55:08.126Z","level":"warn","event":"db.query_slow","request_id":null,"method":"GET","target":"products","status":200,"duration_ms":803,"threshold_ms":300}
{"ts":"2026-10-07T18:55:08.126Z","level":"warn","event":"db.query_slow","request_id":null,"method":"GET","target":"products","status":200,"duration_ms":772,"threshold_ms":300}
{"ts":"2026-10-07T18:55:08.131Z","level":"error","event":"db.query_failed","request_id":null,"method":"POST","target":"rpc:available_stock","duration_ms":1307,"err":{"name":"Error","message":"During prerendering, fetch() rejects when the prerender is complete. Typically these errors are handled by React but if you move fetch() to a different context by using `setTimeout`, `after`, or similar functions you may observe this error and you should handle it in that context. This occurred at route \"/coupon/[slug]\".","stack":"Error: During prerendering, fetch() rejects when the prerender is complete. Typically these errors are handled by React but if you move fetch() to a different context by using `setTimeout`, `after`, or similar functions you may observe this error and you should handle it in that context. This occurred at route \"/coupon/[slug]\".\n    at /Users/ofir/kenyonexpress-autopilot/.next/server/chunks/ssr/[root-of-the-server]__1_aa14n._.js:2:23832\n    at /Users/ofir/kenyonexpress-autopilot/.next/server/chunks/ssr/[root-of-the-server]__1_aa14n._.js:11:48366\n    at /Users/ofir/kenyonexpress-autopilot/.next/server/chunks/ssr/[root-of-the-server]__1_aa14n._.js:11:66894\n    at /Users/ofir/kenyonexpress-autopilot/.next/server/chunks/ssr/[root-of-the-server]__1_aa14n._.js:11:67121\n    at Object.with (/Users/ofir/kenyonexpress-autopilot/.next/server/chunks/ssr/0sj1_@opentelemetry_api_build_esm_1_uv6rc._.js:2:3907)\n    at v.with (/Users/ofir/kenyonexpress-autopilot/.next/server/chunks/ssr/0sj1_@opentelemetry_api_build_esm_1_uv6rc._.js:2:4233)\n    at P.startActiveSpan (/Users/ofir/kenyonexpress-autopilot/.next/server/chunks/ssr/0sj1_@opentelemetry_api_build_esm_1_uv6rc._.js:2:6588)\n    at R.startActiveSpan (/Users/ofir/kenyonexpress-autopilot/.next/server/chunks/ssr/0sj1_@opentelemetry_api_build_esm_1_uv6rc._.js:2:6827)\n    at a.runWithActiveSpan (/Users/ofir/kenyonexpress-autopilot/.next/server/chunks/ssr/[root-of-the-server]__1_aa14n._.js:11:67098)\n    at /Users/ofir/kenyonexpress-autopilot/.next/server/chunks/ssr/[root-of-the-server]__1_aa14n._.js:11:66397\n    at Object.with (/Users/ofir/kenyonexpress-autopilot/.next/server/chunks/ssr/0sj1_@opentelemetry_api_build_esm_1_uv6rc._.js:2:3907)\n    at v.with (/Users/ofir/kenyonexpress-autopilot/.next/server/chunks/ssr/0sj1_@opentelemetry_api_build_esm_1_uv6rc._.js:2:4233)\n    at a.trace (/Users/ofir/kenyonexpress-autopilot/.next/server/chunks/ssr/[root-of-the-server]__1_aa14n._.js:11:66371)\n    at fetch (/Users/ofir/kenyonexpress-autopilot/","digest":"HANGING_PROMISE_REJECTION"}}
{"ts":"2026-10-07T18:55:08.132Z","level":"error","event":"db.query_failed","request_id":null,"method":"GET","target":"products","duration_ms":1308,"err":{"name":"Error","message":"During prerendering, fetch() rejects when the prerender is complete. Typically these errors are handled by React but if you move fetch() to a different context by using `setTimeout`, `after`, or similar functions you may observe this error and you should handle it in that context. This occurred at route \"/coupon/[slug]\".","stack":"Error: During prerendering, fetch() rejects when the prerender is complete. Typically these errors are handled by React but if you move fetch() to a different context by using `setTimeout`, `after`, or similar functions you may observe this error and you should handle it in that context. This occurred at route \"/coupon/[slug]\".\n    at /Users/ofir/kenyonexpress-autopilot/.next/server/chunks/ssr/[root-of-the-server]__1_aa14n._.js:2:23832\n    at /Users/ofir/kenyonexpress-autopilot/.next/server/chunks/ssr/[root-of-the-server]__1_aa14n._.js:11:48366\n    at /Users/ofir/kenyonexpress-autopilot/.next/server/chunks/ssr/[root-of-the-server]__1_aa14n._.js:11:66894\n    at /Users/ofir/kenyonexpress-autopilot/.next/server/chunks/ssr/[root-of-the-server]__1_aa14n._.js:11:67121\n    at Object.with (/Users/ofir/kenyonexpress-autopilot/.next/server/chunks/ssr/0sj1_@opentelemetry_api_build_esm_1_uv6rc._.js:2:3907)\n    at v.with (/Users/ofir/kenyonexpress-autopilot/.next/server/chunks/ssr/0sj1_@opentelemetry_api_build_esm_1_uv6rc._.js:2:4233)\n    at P.startActiveSpan (/Users/ofir/kenyonexpress-autopilot/.next/server/chunks/ssr/0sj1_@opentelemetry_api_build_esm_1_uv6rc._.js:2:6588)\n    at R.startActiveSpan (/Users/ofir/kenyonexpress-autopilot/.next/server/chunks/ssr/0sj1_@opentelemetry_api_build_esm_1_uv6rc._.js:2:6827)\n    at a.runWithActiveSpan (/Users/ofir/kenyonexpress-autopilot/.next/server/chunks/ssr/[root-of-the-server]__1_aa14n._.js:11:67098)\n    at /Users/ofir/kenyonexpress-autopilot/.next/server/chunks/ssr/[root-of-the-server]__1_aa14n._.js:11:66397\n    at Object.with (/Users/ofir/kenyonexpress-autopilot/.next/server/chunks/ssr/0sj1_@opentelemetry_api_build_esm_1_uv6rc._.js:2:3907)\n    at v.with (/Users/ofir/kenyonexpress-autopilot/.next/server/chunks/ssr/0sj1_@opentelemetry_api_build_esm_1_uv6rc._.js:2:4233)\n    at a.trace (/Users/ofir/kenyonexpress-autopilot/.next/server/chunks/ssr/[root-of-the-server]__1_aa14n._.js:11:66371)\n    at fetch (/Users/ofir/kenyonexpress-autopilot/","digest":"HANGING_PROMISE_REJECTION"}}
{"ts":"2026-10-07T18:55:08.134Z","level":"error","event":"db.query_failed","request_id":null,"method":"GET","target":"referral_program_settings","duration_ms":2,"err":{"name":"Error","message":"During prerendering, fetch() rejects when the prerender is complete. Typically these errors are handled by React but if you move fetch() to a different context by using `setTimeout`, `after`, or similar functions you may observe this error and you should handle it in that context. This occurred at route \"/account/referrals\".","stack":"Error: During prerendering, fetch() rejects when the prerender is complete. Typically these errors are handled by React but if you move fetch() to a different context by using `setTimeout`, `after`, or similar functions you may observe this error and you should handle it in that context. This occurred at route \"/account/referrals\".\n    at /Users/ofir/kenyonexpress-autopilot/.next/server/chunks/ssr/[root-of-the-server]__1_aa14n._.js:2:23832\n    at /Users/ofir/kenyonexpress-autopilot/.next/server/chunks/ssr/[root-of-the-server]__1_aa14n._.js:11:48366\n    at /Users/ofir/kenyonexpress-autopilot/.next/server/chunks/ssr/[root-of-the-server]__1_aa14n._.js:11:66894\n    at /Users/ofir/kenyonexpress-autopilot/.next/server/chunks/ssr/[root-of-the-server]__1_aa14n._.js:11:67121\n    at Object.with (/Users/ofir/kenyonexpress-autopilot/.next/server/chunks/ssr/0sj1_@opentelemetry_api_build_esm_1_uv6rc._.js:2:3907)\n    at v.with (/Users/ofir/kenyonexpress-autopilot/.next/server/chunks/ssr/0sj1_@opentelemetry_api_build_esm_1_uv6rc._.js:2:4233)\n    at P.startActiveSpan (/Users/ofir/kenyonexpress-autopilot/.next/server/chunks/ssr/0sj1_@opentelemetry_api_build_esm_1_uv6rc._.js:2:6588)\n    at R.startActiveSpan (/Users/ofir/kenyonexpress-autopilot/.next/server/chunks/ssr/0sj1_@opentelemetry_api_build_esm_1_uv6rc._.js:2:6827)\n    at a.runWithActiveSpan (/Users/ofir/kenyonexpress-autopilot/.next/server/chunks/ssr/[root-of-the-server]__1_aa14n._.js:11:67098)\n    at /Users/ofir/kenyonexpress-autopilot/.next/server/chunks/ssr/[root-of-the-server]__1_aa14n._.js:11:66397\n    at Object.with (/Users/ofir/kenyonexpress-autopilot/.next/server/chunks/ssr/0sj1_@opentelemetry_api_build_esm_1_uv6rc._.js:2:3907)\n    at v.with (/Users/ofir/kenyonexpress-autopilot/.next/server/chunks/ssr/0sj1_@opentelemetry_api_build_esm_1_uv6rc._.js:2:4233)\n    at a.trace (/Users/ofir/kenyonexpress-autopilot/.next/server/chunks/ssr/[root-of-the-server]__1_aa14n._.js:11:66371)\n    at fetch (/Users/ofir/kenyonexpress-autopi","digest":"HANGING_PROMISE_REJECTION"}}
{"ts":"2026-10-07T18:55:08.135Z","level":"error","event":"db.query_failed","request_id":null,"method":"GET","target":"products","duration_ms":0,"err":{"name":"Error","message":"During prerendering, fetch() rejects when the prerender is complete. Typically these errors are handled by React but if you move fetch() to a different context by using `setTimeout`, `after`, or similar functions you may observe this error and you should handle it in that context. This occurred at route \"/product/[slug]\".","stack":"Error: During prerendering, fetch() rejects when the prerender is complete. Typically these errors are handled by React but if you move fetch() to a different context by using `setTimeout`, `after`, or similar functions you may observe this error and you should handle it in that context. This occurred at route \"/product/[slug]\".\n    at eu (/Users/ofir/kenyonexpress-autopilot/.next/server/chunks/[root-of-the-server]__1jlk8z1._.js:2:58687)\n    at /Users/ofir/kenyonexpress-autopilot/.next/server/chunks/[root-of-the-server]__1jlk8z1._.js:2:87004\n    at /Users/ofir/kenyonexpress-autopilot/.next/server/chunks/[root-of-the-server]__1jlk8z1._.js:2:54057\n    at /Users/ofir/kenyonexpress-autopilot/.next/server/chunks/[root-of-the-server]__1jlk8z1._.js:2:54347\n    at Object.with (/Users/ofir/kenyonexpress-autopilot/.next/server/chunks/[root-of-the-server]__1jlk8z1._.js:2:4124)\n    at S.with (/Users/ofir/kenyonexpress-autopilot/.next/server/chunks/[root-of-the-server]__1jlk8z1._.js:2:4450)\n    at G.startActiveSpan (/Users/ofir/kenyonexpress-autopilot/.next/server/chunks/[root-of-the-server]__1jlk8z1._.js:2:6806)\n    at H.startActiveSpan (/Users/ofir/kenyonexpress-autopilot/.next/server/chunks/[root-of-the-server]__1jlk8z1._.js:2:7045)\n    at e.runWithActiveSpan (/Users/ofir/kenyonexpress-autopilot/.next/server/chunks/[root-of-the-server]__1jlk8z1._.js:2:54324)\n    at /Users/ofir/kenyonexpress-autopilot/.next/server/chunks/[root-of-the-server]__1jlk8z1._.js:2:53577\n    at Object.with (/Users/ofir/kenyonexpress-autopilot/.next/server/chunks/[root-of-the-server]__1jlk8z1._.js:2:4124)\n    at S.with (/Users/ofir/kenyonexpress-autopilot/.next/server/chunks/[root-of-the-server]__1jlk8z1._.js:2:4450)\n    at e.trace (/Users/ofir/kenyonexpress-autopilot/.next/server/chunks/[root-of-the-server]__1jlk8z1._.js:2:53551)\n    at fetch (/Users/ofir/kenyonexpress-autopilot/.next/server/chunks/[root-of-the-server]__1jlk8z1._.js:2:84044)\n    at /Users/ofir/kenyonexpress-autopilot/.next/server/chun","digest":"HANGING_PROMISE_REJECTION"}}
{"ts":"2026-10-07T18:55:08.177Z","level":"error","event":"db.query_failed","request_id":null,"method":"POST","target":"rpc:available_stock","duration_ms":1,"err":{"name":"Error","message":"During prerendering, fetch() rejects when the prerender is complete. Typically these errors are handled by React but if you move fetch() to a different context by using `setTimeout`, `after`, or similar functions you may observe this error and you should handle it in that context. This occurred at route \"/coupon/[slug]\".","stack":"Error: During prerendering, fetch() rejects when the prerender is complete. Typically these errors are handled by React but if you move fetch() to a different context by using `setTimeout`, `after`, or similar functions you may observe this error and you should handle it in that context. This occurred at route \"/coupon/[slug]\".\n    at /Users/ofir/kenyonexpress-autopilot/.next/server/chunks/ssr/[root-of-the-server]__1_aa14n._.js:2:23832\n    at /Users/ofir/kenyonexpress-autopilot/.next/server/chunks/ssr/[root-of-the-server]__1_aa14n._.js:11:48366\n    at /Users/ofir/kenyonexpress-autopilot/.next/server/chunks/ssr/[root-of-the-server]__1_aa14n._.js:11:66894\n    at /Users/ofir/kenyonexpress-autopilot/.next/server/chunks/ssr/[root-of-the-server]__1_aa14n._.js:11:67121\n    at Object.with (/Users/ofir/kenyonexpress-autopilot/.next/server/chunks/ssr/0sj1_@opentelemetry_api_build_esm_1_uv6rc._.js:2:3907)\n    at v.with (/Users/ofir/kenyonexpress-autopilot/.next/server/chunks/ssr/0sj1_@opentelemetry_api_build_esm_1_uv6rc._.js:2:4233)\n    at P.startActiveSpan (/Users/ofir/kenyonexpress-autopilot/.next/server/chunks/ssr/0sj1_@opentelemetry_api_build_esm_1_uv6rc._.js:2:6588)\n    at R.startActiveSpan (/Users/ofir/kenyonexpress-autopilot/.next/server/chunks/ssr/0sj1_@opentelemetry_api_build_esm_1_uv6rc._.js:2:6827)\n    at a.runWithActiveSpan (/Users/ofir/kenyonexpress-autopilot/.next/server/chunks/ssr/[root-of-the-server]__1_aa14n._.js:11:67098)\n    at /Users/ofir/kenyonexpress-autopilot/.next/server/chunks/ssr/[root-of-the-server]__1_aa14n._.js:11:66397\n    at Object.with (/Users/ofir/kenyonexpress-autopilot/.next/server/chunks/ssr/0sj1_@opentelemetry_api_build_esm_1_uv6rc._.js:2:3907)\n    at v.with (/Users/ofir/kenyonexpress-autopilot/.next/server/chunks/ssr/0sj1_@opentelemetry_api_build_esm_1_uv6rc._.js:2:4233)\n    at a.trace (/Users/ofir/kenyonexpress-autopilot/.next/server/chunks/ssr/[root-of-the-server]__1_aa14n._.js:11:66371)\n    at fetch (/Users/ofir/kenyonexpress-autopilot/","digest":"HANGING_PROMISE_REJECTION"}}
{"ts":"2026-10-07T18:55:08.177Z","level":"error","event":"db.query_failed","request_id":null,"method":"GET","target":"products","duration_ms":2,"err":{"name":"Error","message":"During prerendering, fetch() rejects when the prerender is complete. Typically these errors are handled by React but if you move fetch() to a different context by using `setTimeout`, `after`, or similar functions you may observe this error and you should handle it in that context. This occurred at route \"/coupon/[slug]\".","stack":"Error: During prerendering, fetch() rejects when the prerender is complete. Typically these errors are handled by React but if you move fetch() to a different context by using `setTimeout`, `after`, or similar functions you may observe this error and you should handle it in that context. This occurred at route \"/coupon/[slug]\".\n    at /Users/ofir/kenyonexpress-autopilot/.next/server/chunks/ssr/[root-of-the-server]__1_aa14n._.js:2:23832\n    at /Users/ofir/kenyonexpress-autopilot/.next/server/chunks/ssr/[root-of-the-server]__1_aa14n._.js:11:48366\n    at /Users/ofir/kenyonexpress-autopilot/.next/server/chunks/ssr/[root-of-the-server]__1_aa14n._.js:11:66894\n    at /Users/ofir/kenyonexpress-autopilot/.next/server/chunks/ssr/[root-of-the-server]__1_aa14n._.js:11:67121\n    at Object.with (/Users/ofir/kenyonexpress-autopilot/.next/server/chunks/ssr/0sj1_@opentelemetry_api_build_esm_1_uv6rc._.js:2:3907)\n    at v.with (/Users/ofir/kenyonexpress-autopilot/.next/server/chunks/ssr/0sj1_@opentelemetry_api_build_esm_1_uv6rc._.js:2:4233)\n    at P.startActiveSpan (/Users/ofir/kenyonexpress-autopilot/.next/server/chunks/ssr/0sj1_@opentelemetry_api_build_esm_1_uv6rc._.js:2:6588)\n    at R.startActiveSpan (/Users/ofir/kenyonexpress-autopilot/.next/server/chunks/ssr/0sj1_@opentelemetry_api_build_esm_1_uv6rc._.js:2:6827)\n    at a.runWithActiveSpan (/Users/ofir/kenyonexpress-autopilot/.next/server/chunks/ssr/[root-of-the-server]__1_aa14n._.js:11:67098)\n    at /Users/ofir/kenyonexpress-autopilot/.next/server/chunks/ssr/[root-of-the-server]__1_aa14n._.js:11:66397\n    at Object.with (/Users/ofir/kenyonexpress-autopilot/.next/server/chunks/ssr/0sj1_@opentelemetry_api_build_esm_1_uv6rc._.js:2:3907)\n    at v.with (/Users/ofir/kenyonexpress-autopilot/.next/server/chunks/ssr/0sj1_@opentelemetry_api_build_esm_1_uv6rc._.js:2:4233)\n    at a.trace (/Users/ofir/kenyonexpress-autopilot/.next/server/chunks/ssr/[root-of-the-server]__1_aa14n._.js:11:66371)\n    at fetch (/Users/ofir/kenyonexpress-autopilot/","digest":"HANGING_PROMISE_REJECTION"}}
{"ts":"2026-10-07T18:55:08.177Z","level":"error","event":"db.query_failed","request_id":null,"method":"GET","target":"products","duration_ms":0,"err":{"name":"Error","message":"During prerendering, fetch() rejects when the prerender is complete. Typically these errors are handled by React but if you move fetch() to a different context by using `setTimeout`, `after`, or similar functions you may observe this error and you should handle it in that context. This occurred at route \"/product/[slug]\".","stack":"Error: During prerendering, fetch() rejects when the prerender is complete. Typically these errors are handled by React but if you move fetch() to a different context by using `setTimeout`, `after`, or similar functions you may observe this error and you should handle it in that context. This occurred at route \"/product/[slug]\".\n    at eu (/Users/ofir/kenyonexpress-autopilot/.next/server/chunks/[root-of-the-server]__1jlk8z1._.js:2:58687)\n    at /Users/ofir/kenyonexpress-autopilot/.next/server/chunks/[root-of-the-server]__1jlk8z1._.js:2:87004\n    at /Users/ofir/kenyonexpress-autopilot/.next/server/chunks/[root-of-the-server]__1jlk8z1._.js:2:54057\n    at /Users/ofir/kenyonexpress-autopilot/.next/server/chunks/[root-of-the-server]__1jlk8z1._.js:2:54347\n    at Object.with (/Users/ofir/kenyonexpress-autopilot/.next/server/chunks/[root-of-the-server]__1jlk8z1._.js:2:4124)\n    at S.with (/Users/ofir/kenyonexpress-autopilot/.next/server/chunks/[root-of-the-server]__1jlk8z1._.js:2:4450)\n    at G.startActiveSpan (/Users/ofir/kenyonexpress-autopilot/.next/server/chunks/[root-of-the-server]__1jlk8z1._.js:2:6806)\n    at H.startActiveSpan (/Users/ofir/kenyonexpress-autopilot/.next/server/chunks/[root-of-the-server]__1jlk8z1._.js:2:7045)\n    at e.runWithActiveSpan (/Users/ofir/kenyonexpress-autopilot/.next/server/chunks/[root-of-the-server]__1jlk8z1._.js:2:54324)\n    at /Users/ofir/kenyonexpress-autopilot/.next/server/chunks/[root-of-the-server]__1jlk8z1._.js:2:53577\n    at Object.with (/Users/ofir/kenyonexpress-autopilot/.next/server/chunks/[root-of-the-server]__1jlk8z1._.js:2:4124)\n    at S.with (/Users/ofir/kenyonexpress-autopilot/.next/server/chunks/[root-of-the-server]__1jlk8z1._.js:2:4450)\n    at e.trace (/Users/ofir/kenyonexpress-autopilot/.next/server/chunks/[root-of-the-server]__1jlk8z1._.js:2:53551)\n    at fetch (/Users/ofir/kenyonexpress-autopilot/.next/server/chunks/[root-of-the-server]__1jlk8z1._.js:2:84044)\n    at /Users/ofir/kenyonexpress-autopilot/.next/server/chun","digest":"HANGING_PROMISE_REJECTION"}}
{"ts":"2026-10-07T18:55:08.192Z","level":"error","event":"db.query_failed","request_id":null,"method":"GET","target":"referral_program_settings","duration_ms":0,"err":{"name":"Error","message":"During prerendering, fetch() rejects when the prerender is complete. Typically these errors are handled by React but if you move fetch() to a different context by using `setTimeout`, `after`, or similar functions you may observe this error and you should handle it in that context. This occurred at route \"/account/referrals\".","stack":"Error: During prerendering, fetch() rejects when the prerender is complete. Typically these errors are handled by React but if you move fetch() to a different context by using `setTimeout`, `after`, or similar functions you may observe this error and you should handle it in that context. This occurred at route \"/account/referrals\".\n    at /Users/ofir/kenyonexpress-autopilot/.next/server/chunks/ssr/[root-of-the-server]__1_aa14n._.js:2:23832\n    at /Users/ofir/kenyonexpress-autopilot/.next/server/chunks/ssr/[root-of-the-server]__1_aa14n._.js:11:48366\n    at /Users/ofir/kenyonexpress-autopilot/.next/server/chunks/ssr/[root-of-the-server]__1_aa14n._.js:11:66894\n    at /Users/ofir/kenyonexpress-autopilot/.next/server/chunks/ssr/[root-of-the-server]__1_aa14n._.js:11:67121\n    at Object.with (/Users/ofir/kenyonexpress-autopilot/.next/server/chunks/ssr/0sj1_@opentelemetry_api_build_esm_1_uv6rc._.js:2:3907)\n    at v.with (/Users/ofir/kenyonexpress-autopilot/.next/server/chunks/ssr/0sj1_@opentelemetry_api_build_esm_1_uv6rc._.js:2:4233)\n    at P.startActiveSpan (/Users/ofir/kenyonexpress-autopilot/.next/server/chunks/ssr/0sj1_@opentelemetry_api_build_esm_1_uv6rc._.js:2:6588)\n    at R.startActiveSpan (/Users/ofir/kenyonexpress-autopilot/.next/server/chunks/ssr/0sj1_@opentelemetry_api_build_esm_1_uv6rc._.js:2:6827)\n    at a.runWithActiveSpan (/Users/ofir/kenyonexpress-autopilot/.next/server/chunks/ssr/[root-of-the-server]__1_aa14n._.js:11:67098)\n    at /Users/ofir/kenyonexpress-autopilot/.next/server/chunks/ssr/[root-of-the-server]__1_aa14n._.js:11:66397\n    at Object.with (/Users/ofir/kenyonexpress-autopilot/.next/server/chunks/ssr/0sj1_@opentelemetry_api_build_esm_1_uv6rc._.js:2:3907)\n    at v.with (/Users/ofir/kenyonexpress-autopilot/.next/server/chunks/ssr/0sj1_@opentelemetry_api_build_esm_1_uv6rc._.js:2:4233)\n    at a.trace (/Users/ofir/kenyonexpress-autopilot/.next/server/chunks/ssr/[root-of-the-server]__1_aa14n._.js:11:66371)\n    at fetch (/Users/ofir/kenyonexpress-autopi","digest":"HANGING_PROMISE_REJECTION"}}
{"ts":"2026-10-07T18:55:08.296Z","level":"warn","event":"db.query_slow","request_id":null,"method":"GET","target":"products","status":200,"duration_ms":662,"threshold_ms":300}
{"ts":"2026-10-07T18:55:08.297Z","level":"warn","event":"db.query_slow","request_id":null,"method":"POST","target":"rpc:product_rating_summary","status":404,"duration_ms":646,"threshold_ms":300}
{"ts":"2026-10-07T18:55:08.298Z","level":"warn","event":"db.query_slow","request_id":null,"method":"GET","target":"product_variants","status":200,"duration_ms":664,"threshold_ms":300}
{"ts":"2026-10-07T18:55:08.314Z","level":"warn","event":"db.query_slow","request_id":null,"method":"GET","target":"product_variants","status":200,"duration_ms":666,"threshold_ms":300}
{"ts":"2026-10-07T18:55:08.315Z","level":"warn","event":"db.query_slow","request_id":null,"method":"POST","target":"rpc:product_rating_summary","status":404,"duration_ms":681,"threshold_ms":300}
{"ts":"2026-10-07T18:55:08.317Z","level":"warn","event":"db.query_slow","request_id":null,"method":"GET","target":"media_assets","status":200,"duration_ms":666,"threshold_ms":300}
{"ts":"2026-10-07T18:55:08.319Z","level":"warn","event":"db.query_slow","request_id":null,"method":"GET","target":"products","status":200,"duration_ms":668,"threshold_ms":300}
{"ts":"2026-10-07T18:55:08.319Z","level":"warn","event":"db.query_slow","request_id":null,"method":"GET","target":"products","status":200,"duration_ms":663,"threshold_ms":300}
{"ts":"2026-10-07T18:55:08.320Z","level":"warn","event":"db.query_slow","request_id":null,"method":"POST","target":"rpc:product_rating_summary","status":404,"duration_ms":672,"threshold_ms":300}
{"ts":"2026-10-07T18:55:08.320Z","level":"warn","event":"db.query_slow","request_id":null,"method":"GET","target":"product_variants","status":200,"duration_ms":2268,"threshold_ms":300}
{"ts":"2026-10-07T18:55:08.320Z","level":"warn","event":"db.query_slow","request_id":null,"method":"GET","target":"product_variants","status":200,"duration_ms":663,"threshold_ms":300}
{"ts":"2026-10-07T18:55:08.323Z","level":"warn","event":"db.query_slow","request_id":null,"method":"GET","target":"products","status":200,"duration_ms":669,"threshold_ms":300}
{"ts":"2026-10-07T18:55:08.326Z","level":"warn","event":"db.query_slow","request_id":null,"method":"GET","target":"media_assets","status":200,"duration_ms":670,"threshold_ms":300}
{"ts":"2026-10-07T18:55:08.327Z","level":"warn","event":"db.query_slow","request_id":null,"method":"GET","target":"products","status":200,"duration_ms":667,"threshold_ms":300}
{"ts":"2026-10-07T18:55:08.328Z","level":"warn","event":"db.query_slow","request_id":null,"method":"GET","target":"products","status":200,"duration_ms":1395,"threshold_ms":300}
{"ts":"2026-10-07T18:55:08.420Z","level":"error","event":"db.query_failed","request_id":null,"method":"GET","target":"referral_program_settings","duration_ms":0,"err":{"name":"Error","message":"During prerendering, fetch() rejects when the prerender is complete. Typically these errors are handled by React but if you move fetch() to a different context by using `setTimeout`, `after`, or similar functions you may observe this error and you should handle it in that context. This occurred at route \"/account/wallet\".","stack":"Error: During prerendering, fetch() rejects when the prerender is complete. Typically these errors are handled by React but if you move fetch() to a different context by using `setTimeout`, `after`, or similar functions you may observe this error and you should handle it in that context. This occurred at route \"/account/wallet\".\n    at /Users/ofir/kenyonexpress-autopilot/.next/server/chunks/ssr/[root-of-the-server]__1_aa14n._.js:2:23832\n    at /Users/ofir/kenyonexpress-autopilot/.next/server/chunks/ssr/[root-of-the-server]__1_aa14n._.js:11:48366\n    at /Users/ofir/kenyonexpress-autopilot/.next/server/chunks/ssr/[root-of-the-server]__1_aa14n._.js:11:66894\n    at /Users/ofir/kenyonexpress-autopilot/.next/server/chunks/ssr/[root-of-the-server]__1_aa14n._.js:11:67121\n    at Object.with (/Users/ofir/kenyonexpress-autopilot/.next/server/chunks/ssr/0sj1_@opentelemetry_api_build_esm_1_uv6rc._.js:2:3907)\n    at v.with (/Users/ofir/kenyonexpress-autopilot/.next/server/chunks/ssr/0sj1_@opentelemetry_api_build_esm_1_uv6rc._.js:2:4233)\n    at P.startActiveSpan (/Users/ofir/kenyonexpress-autopilot/.next/server/chunks/ssr/0sj1_@opentelemetry_api_build_esm_1_uv6rc._.js:2:6588)\n    at R.startActiveSpan (/Users/ofir/kenyonexpress-autopilot/.next/server/chunks/ssr/0sj1_@opentelemetry_api_build_esm_1_uv6rc._.js:2:6827)\n    at a.runWithActiveSpan (/Users/ofir/kenyonexpress-autopilot/.next/server/chunks/ssr/[root-of-the-server]__1_aa14n._.js:11:67098)\n    at /Users/ofir/kenyonexpress-autopilot/.next/server/chunks/ssr/[root-of-the-server]__1_aa14n._.js:11:66397\n    at Object.with (/Users/ofir/kenyonexpress-autopilot/.next/server/chunks/ssr/0sj1_@opentelemetry_api_build_esm_1_uv6rc._.js:2:3907)\n    at v.with (/Users/ofir/kenyonexpress-autopilot/.next/server/chunks/ssr/0sj1_@opentelemetry_api_build_esm_1_uv6rc._.js:2:4233)\n    at a.trace (/Users/ofir/kenyonexpress-autopilot/.next/server/chunks/ssr/[root-of-the-server]__1_aa14n._.js:11:66371)\n    at fetch (/Users/ofir/kenyonexpress-autopilot","digest":"HANGING_PROMISE_REJECTION"}}
{"ts":"2026-10-07T18:55:08.441Z","level":"error","event":"db.query_failed","request_id":null,"method":"GET","target":"referral_program_settings","duration_ms":0,"err":{"name":"Error","message":"During prerendering, fetch() rejects when the prerender is complete. Typically these errors are handled by React but if you move fetch() to a different context by using `setTimeout`, `after`, or similar functions you may observe this error and you should handle it in that context. This occurred at route \"/account/wallet\".","stack":"Error: During prerendering, fetch() rejects when the prerender is complete. Typically these errors are handled by React but if you move fetch() to a different context by using `setTimeout`, `after`, or similar functions you may observe this error and you should handle it in that context. This occurred at route \"/account/wallet\".\n    at /Users/ofir/kenyonexpress-autopilot/.next/server/chunks/ssr/[root-of-the-server]__1_aa14n._.js:2:23832\n    at /Users/ofir/kenyonexpress-autopilot/.next/server/chunks/ssr/[root-of-the-server]__1_aa14n._.js:11:48366\n    at /Users/ofir/kenyonexpress-autopilot/.next/server/chunks/ssr/[root-of-the-server]__1_aa14n._.js:11:66894\n    at /Users/ofir/kenyonexpress-autopilot/.next/server/chunks/ssr/[root-of-the-server]__1_aa14n._.js:11:67121\n    at Object.with (/Users/ofir/kenyonexpress-autopilot/.next/server/chunks/ssr/0sj1_@opentelemetry_api_build_esm_1_uv6rc._.js:2:3907)\n    at v.with (/Users/ofir/kenyonexpress-autopilot/.next/server/chunks/ssr/0sj1_@opentelemetry_api_build_esm_1_uv6rc._.js:2:4233)\n    at P.startActiveSpan (/Users/ofir/kenyonexpress-autopilot/.next/server/chunks/ssr/0sj1_@opentelemetry_api_build_esm_1_uv6rc._.js:2:6588)\n    at R.startActiveSpan (/Users/ofir/kenyonexpress-autopilot/.next/server/chunks/ssr/0sj1_@opentelemetry_api_build_esm_1_uv6rc._.js:2:6827)\n    at a.runWithActiveSpan (/Users/ofir/kenyonexpress-autopilot/.next/server/chunks/ssr/[root-of-the-server]__1_aa14n._.js:11:67098)\n    at /Users/ofir/kenyonexpress-autopilot/.next/server/chunks/ssr/[root-of-the-server]__1_aa14n._.js:11:66397\n    at Object.with (/Users/ofir/kenyonexpress-autopilot/.next/server/chunks/ssr/0sj1_@opentelemetry_api_build_esm_1_uv6rc._.js:2:3907)\n    at v.with (/Users/ofir/kenyonexpress-autopilot/.next/server/chunks/ssr/0sj1_@opentelemetry_api_build_esm_1_uv6rc._.js:2:4233)\n    at a.trace (/Users/ofir/kenyonexpress-autopilot/.next/server/chunks/ssr/[root-of-the-server]__1_aa14n._.js:11:66371)\n    at fetch (/Users/ofir/kenyonexpress-autopilot","digest":"HANGING_PROMISE_REJECTION"}}
{"ts":"2026-10-07T18:55:08.497Z","level":"warn","event":"db.query_slow","request_id":null,"method":"POST","target":"rpc:product_rating_summary","status":404,"duration_ms":839,"threshold_ms":300}
{"ts":"2026-10-07T18:55:08.498Z","level":"warn","event":"db.query_slow","request_id":null,"method":"GET","target":"media_assets","status":200,"duration_ms":838,"threshold_ms":300}
{"ts":"2026-10-07T18:55:08.499Z","level":"warn","event":"db.query_slow","request_id":null,"method":"POST","target":"rpc:product_rating_summary","status":404,"duration_ms":843,"threshold_ms":300}
{"ts":"2026-10-07T18:55:08.755Z","level":"warn","event":"db.query_slow","request_id":null,"method":"GET","target":"product_variants","status":200,"duration_ms":1099,"threshold_ms":300}
{"ts":"2026-10-07T18:55:08.756Z","level":"warn","event":"db.query_slow","request_id":null,"method":"GET","target":"products","status":200,"duration_ms":896,"threshold_ms":300}
{"ts":"2026-10-07T18:55:08.761Z","level":"error","event":"db.query_failed","request_id":null,"method":"POST","target":"rpc:available_stock","duration_ms":1843,"err":{"name":"Error","message":"During prerendering, fetch() rejects when the prerender is complete. Typically these errors are handled by React but if you move fetch() to a different context by using `setTimeout`, `after`, or similar functions you may observe this error and you should handle it in that context. This occurred at route \"/coupon/[slug]\".","stack":"Error: During prerendering, fetch() rejects when the prerender is complete. Typically these errors are handled by React but if you move fetch() to a different context by using `setTimeout`, `after`, or similar functions you may observe this error and you should handle it in that context. This occurred at route \"/coupon/[slug]\".\n    at /Users/ofir/kenyonexpress-autopilot/.next/server/chunks/ssr/[root-of-the-server]__1_aa14n._.js:2:23832\n    at /Users/ofir/kenyonexpress-autopilot/.next/server/chunks/ssr/[root-of-the-server]__1_aa14n._.js:11:48366\n    at /Users/ofir/kenyonexpress-autopilot/.next/server/chunks/ssr/[root-of-the-server]__1_aa14n._.js:11:66894\n    at /Users/ofir/kenyonexpress-autopilot/.next/server/chunks/ssr/[root-of-the-server]__1_aa14n._.js:11:67121\n    at Object.with (/Users/ofir/kenyonexpress-autopilot/.next/server/chunks/ssr/0sj1_@opentelemetry_api_build_esm_1_uv6rc._.js:2:3907)\n    at v.with (/Users/ofir/kenyonexpress-autopilot/.next/server/chunks/ssr/0sj1_@opentelemetry_api_build_esm_1_uv6rc._.js:2:4233)\n    at P.startActiveSpan (/Users/ofir/kenyonexpress-autopilot/.next/server/chunks/ssr/0sj1_@opentelemetry_api_build_esm_1_uv6rc._.js:2:6588)\n    at R.startActiveSpan (/Users/ofir/kenyonexpress-autopilot/.next/server/chunks/ssr/0sj1_@opentelemetry_api_build_esm_1_uv6rc._.js:2:6827)\n    at a.runWithActiveSpan (/Users/ofir/kenyonexpress-autopilot/.next/server/chunks/ssr/[root-of-the-server]__1_aa14n._.js:11:67098)\n    at /Users/ofir/kenyonexpress-autopilot/.next/server/chunks/ssr/[root-of-the-server]__1_aa14n._.js:11:66397\n    at Object.with (/Users/ofir/kenyonexpress-autopilot/.next/server/chunks/ssr/0sj1_@opentelemetry_api_build_esm_1_uv6rc._.js:2:3907)\n    at v.with (/Users/ofir/kenyonexpress-autopilot/.next/server/chunks/ssr/0sj1_@opentelemetry_api_build_esm_1_uv6rc._.js:2:4233)\n    at a.trace (/Users/ofir/kenyonexpress-autopilot/.next/server/chunks/ssr/[root-of-the-server]__1_aa14n._.js:11:66371)\n    at fetch (/Users/ofir/kenyonexpress-autopilot/","digest":"HANGING_PROMISE_REJECTION"}}
{"ts":"2026-10-07T18:55:08.762Z","level":"error","event":"db.query_failed","request_id":null,"method":"GET","target":"products","duration_ms":1843,"err":{"name":"Error","message":"During prerendering, fetch() rejects when the prerender is complete. Typically these errors are handled by React but if you move fetch() to a different context by using `setTimeout`, `after`, or similar functions you may observe this error and you should handle it in that context. This occurred at route \"/coupon/[slug]\".","stack":"Error: During prerendering, fetch() rejects when the prerender is complete. Typically these errors are handled by React but if you move fetch() to a different context by using `setTimeout`, `after`, or similar functions you may observe this error and you should handle it in that context. This occurred at route \"/coupon/[slug]\".\n    at /Users/ofir/kenyonexpress-autopilot/.next/server/chunks/ssr/[root-of-the-server]__1_aa14n._.js:2:23832\n    at /Users/ofir/kenyonexpress-autopilot/.next/server/chunks/ssr/[root-of-the-server]__1_aa14n._.js:11:48366\n    at /Users/ofir/kenyonexpress-autopilot/.next/server/chunks/ssr/[root-of-the-server]__1_aa14n._.js:11:66894\n    at /Users/ofir/kenyonexpress-autopilot/.next/server/chunks/ssr/[root-of-the-server]__1_aa14n._.js:11:67121\n    at Object.with (/Users/ofir/kenyonexpress-autopilot/.next/server/chunks/ssr/0sj1_@opentelemetry_api_build_esm_1_uv6rc._.js:2:3907)\n    at v.with (/Users/ofir/kenyonexpress-autopilot/.next/server/chunks/ssr/0sj1_@opentelemetry_api_build_esm_1_uv6rc._.js:2:4233)\n    at P.startActiveSpan (/Users/ofir/kenyonexpress-autopilot/.next/server/chunks/ssr/0sj1_@opentelemetry_api_build_esm_1_uv6rc._.js:2:6588)\n    at R.startActiveSpan (/Users/ofir/kenyonexpress-autopilot/.next/server/chunks/ssr/0sj1_@opentelemetry_api_build_esm_1_uv6rc._.js:2:6827)\n    at a.runWithActiveSpan (/Users/ofir/kenyonexpress-autopilot/.next/server/chunks/ssr/[root-of-the-server]__1_aa14n._.js:11:67098)\n    at /Users/ofir/kenyonexpress-autopilot/.next/server/chunks/ssr/[root-of-the-server]__1_aa14n._.js:11:66397\n    at Object.with (/Users/ofir/kenyonexpress-autopilot/.next/server/chunks/ssr/0sj1_@opentelemetry_api_build_esm_1_uv6rc._.js:2:3907)\n    at v.with (/Users/ofir/kenyonexpress-autopilot/.next/server/chunks/ssr/0sj1_@opentelemetry_api_build_esm_1_uv6rc._.js:2:4233)\n    at a.trace (/Users/ofir/kenyonexpress-autopilot/.next/server/chunks/ssr/[root-of-the-server]__1_aa14n._.js:11:66371)\n    at fetch (/Users/ofir/kenyonexpress-autopilot/","digest":"HANGING_PROMISE_REJECTION"}}
{"ts":"2026-10-07T18:55:08.762Z","level":"warn","event":"db.query_slow","request_id":null,"method":"POST","target":"rpc:product_rating_summary","status":404,"duration_ms":1102,"threshold_ms":300}
{"ts":"2026-10-07T18:55:08.763Z","level":"warn","event":"db.query_slow","request_id":null,"method":"GET","target":"products","status":200,"duration_ms":906,"threshold_ms":300}
{"ts":"2026-10-07T18:55:08.765Z","level":"warn","event":"db.query_slow","request_id":null,"method":"GET","target":"product_variants","status":200,"duration_ms":1114,"threshold_ms":300}
{"ts":"2026-10-07T18:55:08.771Z","level":"error","event":"db.query_failed","request_id":null,"method":"POST","target":"rpc:available_stock","duration_ms":1436,"err":{"name":"Error","message":"During prerendering, fetch() rejects when the prerender is complete. Typically these errors are handled by React but if you move fetch() to a different context by using `setTimeout`, `after`, or similar functions you may observe this error and you should handle it in that context. This occurred at route \"/product/[slug]\".","stack":"Error: During prerendering, fetch() rejects when the prerender is complete. Typically these errors are handled by React but if you move fetch() to a different context by using `setTimeout`, `after`, or similar functions you may observe this error and you should handle it in that context. This occurred at route \"/product/[slug]\".\n    at eu (/Users/ofir/kenyonexpress-autopilot/.next/server/chunks/[root-of-the-server]__1jlk8z1._.js:2:58687)\n    at /Users/ofir/kenyonexpress-autopilot/.next/server/chunks/[root-of-the-server]__1jlk8z1._.js:2:87004\n    at /Users/ofir/kenyonexpress-autopilot/.next/server/chunks/[root-of-the-server]__1jlk8z1._.js:2:54057\n    at /Users/ofir/kenyonexpress-autopilot/.next/server/chunks/[root-of-the-server]__1jlk8z1._.js:2:54347\n    at Object.with (/Users/ofir/kenyonexpress-autopilot/.next/server/chunks/[root-of-the-server]__1jlk8z1._.js:2:4124)\n    at S.with (/Users/ofir/kenyonexpress-autopilot/.next/server/chunks/[root-of-the-server]__1jlk8z1._.js:2:4450)\n    at G.startActiveSpan (/Users/ofir/kenyonexpress-autopilot/.next/server/chunks/[root-of-the-server]__1jlk8z1._.js:2:6806)\n    at H.startActiveSpan (/Users/ofir/kenyonexpress-autopilot/.next/server/chunks/[root-of-the-server]__1jlk8z1._.js:2:7045)\n    at e.runWithActiveSpan (/Users/ofir/kenyonexpress-autopilot/.next/server/chunks/[root-of-the-server]__1jlk8z1._.js:2:54324)\n    at /Users/ofir/kenyonexpress-autopilot/.next/server/chunks/[root-of-the-server]__1jlk8z1._.js:2:53577\n    at Object.with (/Users/ofir/kenyonexpress-autopilot/.next/server/chunks/[root-of-the-server]__1jlk8z1._.js:2:4124)\n    at S.with (/Users/ofir/kenyonexpress-autopilot/.next/server/chunks/[root-of-the-server]__1jlk8z1._.js:2:4450)\n    at e.trace (/Users/ofir/kenyonexpress-autopilot/.next/server/chunks/[root-of-the-server]__1jlk8z1._.js:2:53551)\n    at fetch (/Users/ofir/kenyonexpress-autopilot/.next/server/chunks/[root-of-the-server]__1jlk8z1._.js:2:84044)\n    at /Users/ofir/kenyonexpress-autopilot/.next/server/chun","digest":"HANGING_PROMISE_REJECTION"}}
{"ts":"2026-10-07T18:55:08.771Z","level":"error","event":"db.query_failed","request_id":null,"method":"GET","target":"products","duration_ms":1437,"err":{"name":"Error","message":"During prerendering, fetch() rejects when the prerender is complete. Typically these errors are handled by React but if you move fetch() to a different context by using `setTimeout`, `after`, or similar functions you may observe this error and you should handle it in that context. This occurred at route \"/product/[slug]\".","stack":"Error: During prerendering, fetch() rejects when the prerender is complete. Typically these errors are handled by React but if you move fetch() to a different context by using `setTimeout`, `after`, or similar functions you may observe this error and you should handle it in that context. This occurred at route \"/product/[slug]\".\n    at eu (/Users/ofir/kenyonexpress-autopilot/.next/server/chunks/[root-of-the-server]__1jlk8z1._.js:2:58687)\n    at /Users/ofir/kenyonexpress-autopilot/.next/server/chunks/[root-of-the-server]__1jlk8z1._.js:2:87004\n    at /Users/ofir/kenyonexpress-autopilot/.next/server/chunks/[root-of-the-server]__1jlk8z1._.js:2:54057\n    at /Users/ofir/kenyonexpress-autopilot/.next/server/chunks/[root-of-the-server]__1jlk8z1._.js:2:54347\n    at Object.with (/Users/ofir/kenyonexpress-autopilot/.next/server/chunks/[root-of-the-server]__1jlk8z1._.js:2:4124)\n    at S.with (/Users/ofir/kenyonexpress-autopilot/.next/server/chunks/[root-of-the-server]__1jlk8z1._.js:2:4450)\n    at G.startActiveSpan (/Users/ofir/kenyonexpress-autopilot/.next/server/chunks/[root-of-the-server]__1jlk8z1._.js:2:6806)\n    at H.startActiveSpan (/Users/ofir/kenyonexpress-autopilot/.next/server/chunks/[root-of-the-server]__1jlk8z1._.js:2:7045)\n    at e.runWithActiveSpan (/Users/ofir/kenyonexpress-autopilot/.next/server/chunks/[root-of-the-server]__1jlk8z1._.js:2:54324)\n    at /Users/ofir/kenyonexpress-autopilot/.next/server/chunks/[root-of-the-server]__1jlk8z1._.js:2:53577\n    at Object.with (/Users/ofir/kenyonexpress-autopilot/.next/server/chunks/[root-of-the-server]__1jlk8z1._.js:2:4124)\n    at S.with (/Users/ofir/kenyonexpress-autopilot/.next/server/chunks/[root-of-the-server]__1jlk8z1._.js:2:4450)\n    at e.trace (/Users/ofir/kenyonexpress-autopilot/.next/server/chunks/[root-of-the-server]__1jlk8z1._.js:2:53551)\n    at fetch (/Users/ofir/kenyonexpress-autopilot/.next/server/chunks/[root-of-the-server]__1jlk8z1._.js:2:84044)\n    at /Users/ofir/kenyonexpress-autopilot/.next/server/chun","digest":"HANGING_PROMISE_REJECTION"}}
{"ts":"2026-10-07T18:55:08.771Z","level":"warn","event":"db.query_slow","request_id":null,"method":"GET","target":"categories","status":200,"duration_ms":3066,"threshold_ms":300}
{"ts":"2026-10-07T18:55:08.775Z","level":"warn","event":"db.query_slow","request_id":null,"method":"GET","target":"products","status":200,"duration_ms":1127,"threshold_ms":300}
{"ts":"2026-10-07T18:55:08.777Z","level":"warn","event":"db.query_slow","request_id":null,"method":"GET","target":"products","status":200,"duration_ms":1119,"threshold_ms":300}
{"ts":"2026-10-07T18:55:08.777Z","level":"warn","event":"db.query_slow","request_id":null,"method":"GET","target":"media_assets","status":200,"duration_ms":1129,"threshold_ms":300}
{"ts":"2026-10-07T18:55:08.781Z","level":"warn","event":"db.query_slow","request_id":null,"method":"GET","target":"product_variants","status":200,"duration_ms":1121,"threshold_ms":300}
{"ts":"2026-10-07T18:55:08.782Z","level":"warn","event":"db.query_slow","request_id":null,"method":"GET","target":"media_assets","status":200,"duration_ms":1125,"threshold_ms":300}
{"ts":"2026-10-07T18:55:08.783Z","level":"warn","event":"db.query_slow","request_id":null,"method":"GET","target":"products","status":200,"duration_ms":1522,"threshold_ms":300}
{"ts":"2026-10-07T18:55:08.791Z","level":"error","event":"db.query_failed","request_id":null,"method":"POST","target":"rpc:available_stock","duration_ms":2,"err":{"name":"Error","message":"During prerendering, fetch() rejects when the prerender is complete. Typically these errors are handled by React but if you move fetch() to a different context by using `setTimeout`, `after`, or similar functions you may observe this error and you should handle it in that context. This occurred at route \"/coupon/[slug]\".","stack":"Error: During prerendering, fetch() rejects when the prerender is complete. Typically these errors are handled by React but if you move fetch() to a different context by using `setTimeout`, `after`, or similar functions you may observe this error and you should handle it in that context. This occurred at route \"/coupon/[slug]\".\n    at /Users/ofir/kenyonexpress-autopilot/.next/server/chunks/ssr/[root-of-the-server]__1_aa14n._.js:2:23832\n    at /Users/ofir/kenyonexpress-autopilot/.next/server/chunks/ssr/[root-of-the-server]__1_aa14n._.js:11:48366\n    at /Users/ofir/kenyonexpress-autopilot/.next/server/chunks/ssr/[root-of-the-server]__1_aa14n._.js:11:66894\n    at /Users/ofir/kenyonexpress-autopilot/.next/server/chunks/ssr/[root-of-the-server]__1_aa14n._.js:11:67121\n    at Object.with (/Users/ofir/kenyonexpress-autopilot/.next/server/chunks/ssr/0sj1_@opentelemetry_api_build_esm_1_uv6rc._.js:2:3907)\n    at v.with (/Users/ofir/kenyonexpress-autopilot/.next/server/chunks/ssr/0sj1_@opentelemetry_api_build_esm_1_uv6rc._.js:2:4233)\n    at P.startActiveSpan (/Users/ofir/kenyonexpress-autopilot/.next/server/chunks/ssr/0sj1_@opentelemetry_api_build_esm_1_uv6rc._.js:2:6588)\n    at R.startActiveSpan (/Users/ofir/kenyonexpress-autopilot/.next/server/chunks/ssr/0sj1_@opentelemetry_api_build_esm_1_uv6rc._.js:2:6827)\n    at a.runWithActiveSpan (/Users/ofir/kenyonexpress-autopilot/.next/server/chunks/ssr/[root-of-the-server]__1_aa14n._.js:11:67098)\n    at /Users/ofir/kenyonexpress-autopilot/.next/server/chunks/ssr/[root-of-the-server]__1_aa14n._.js:11:66397\n    at Object.with (/Users/ofir/kenyonexpress-autopilot/.next/server/chunks/ssr/0sj1_@opentelemetry_api_build_esm_1_uv6rc._.js:2:3907)\n    at v.with (/Users/ofir/kenyonexpress-autopilot/.next/server/chunks/ssr/0sj1_@opentelemetry_api_build_esm_1_uv6rc._.js:2:4233)\n    at a.trace (/Users/ofir/kenyonexpress-autopilot/.next/server/chunks/ssr/[root-of-the-server]__1_aa14n._.js:11:66371)\n    at fetch (/Users/ofir/kenyonexpress-autopilot/","digest":"HANGING_PROMISE_REJECTION"}}
{"ts":"2026-10-07T18:55:08.791Z","level":"error","event":"db.query_failed","request_id":null,"method":"GET","target":"products","duration_ms":2,"err":{"name":"Error","message":"During prerendering, fetch() rejects when the prerender is complete. Typically these errors are handled by React but if you move fetch() to a different context by using `setTimeout`, `after`, or similar functions you may observe this error and you should handle it in that context. This occurred at route \"/coupon/[slug]\".","stack":"Error: During prerendering, fetch() rejects when the prerender is complete. Typically these errors are handled by React but if you move fetch() to a different context by using `setTimeout`, `after`, or similar functions you may observe this error and you should handle it in that context. This occurred at route \"/coupon/[slug]\".\n    at /Users/ofir/kenyonexpress-autopilot/.next/server/chunks/ssr/[root-of-the-server]__1_aa14n._.js:2:23832\n    at /Users/ofir/kenyonexpress-autopilot/.next/server/chunks/ssr/[root-of-the-server]__1_aa14n._.js:11:48366\n    at /Users/ofir/kenyonexpress-autopilot/.next/server/chunks/ssr/[root-of-the-server]__1_aa14n._.js:11:66894\n    at /Users/ofir/kenyonexpress-autopilot/.next/server/chunks/ssr/[root-of-the-server]__1_aa14n._.js:11:67121\n    at Object.with (/Users/ofir/kenyonexpress-autopilot/.next/server/chunks/ssr/0sj1_@opentelemetry_api_build_esm_1_uv6rc._.js:2:3907)\n    at v.with (/Users/ofir/kenyonexpress-autopilot/.next/server/chunks/ssr/0sj1_@opentelemetry_api_build_esm_1_uv6rc._.js:2:4233)\n    at P.startActiveSpan (/Users/ofir/kenyonexpress-autopilot/.next/server/chunks/ssr/0sj1_@opentelemetry_api_build_esm_1_uv6rc._.js:2:6588)\n    at R.startActiveSpan (/Users/ofir/kenyonexpress-autopilot/.next/server/chunks/ssr/0sj1_@opentelemetry_api_build_esm_1_uv6rc._.js:2:6827)\n    at a.runWithActiveSpan (/Users/ofir/kenyonexpress-autopilot/.next/server/chunks/ssr/[root-of-the-server]__1_aa14n._.js:11:67098)\n    at /Users/ofir/kenyonexpress-autopilot/.next/server/chunks/ssr/[root-of-the-server]__1_aa14n._.js:11:66397\n    at Object.with (/Users/ofir/kenyonexpress-autopilot/.next/server/chunks/ssr/0sj1_@opentelemetry_api_build_esm_1_uv6rc._.js:2:3907)\n    at v.with (/Users/ofir/kenyonexpress-autopilot/.next/server/chunks/ssr/0sj1_@opentelemetry_api_build_esm_1_uv6rc._.js:2:4233)\n    at a.trace (/Users/ofir/kenyonexpress-autopilot/.next/server/chunks/ssr/[root-of-the-server]__1_aa14n._.js:11:66371)\n    at fetch (/Users/ofir/kenyonexpress-autopilot/","digest":"HANGING_PROMISE_REJECTION"}}
{"ts":"2026-10-07T18:55:08.793Z","level":"error","event":"db.query_failed","request_id":null,"method":"POST","target":"rpc:available_stock","duration_ms":1,"err":{"name":"Error","message":"During prerendering, fetch() rejects when the prerender is complete. Typically these errors are handled by React but if you move fetch() to a different context by using `setTimeout`, `after`, or similar functions you may observe this error and you should handle it in that context. This occurred at route \"/product/[slug]\".","stack":"Error: During prerendering, fetch() rejects when the prerender is complete. Typically these errors are handled by React but if you move fetch() to a different context by using `setTimeout`, `after`, or similar functions you may observe this error and you should handle it in that context. This occurred at route \"/product/[slug]\".\n    at eu (/Users/ofir/kenyonexpress-autopilot/.next/server/chunks/[root-of-the-server]__1jlk8z1._.js:2:58687)\n    at /Users/ofir/kenyonexpress-autopilot/.next/server/chunks/[root-of-the-server]__1jlk8z1._.js:2:87004\n    at /Users/ofir/kenyonexpress-autopilot/.next/server/chunks/[root-of-the-server]__1jlk8z1._.js:2:54057\n    at /Users/ofir/kenyonexpress-autopilot/.next/server/chunks/[root-of-the-server]__1jlk8z1._.js:2:54347\n    at Object.with (/Users/ofir/kenyonexpress-autopilot/.next/server/chunks/[root-of-the-server]__1jlk8z1._.js:2:4124)\n    at S.with (/Users/ofir/kenyonexpress-autopilot/.next/server/chunks/[root-of-the-server]__1jlk8z1._.js:2:4450)\n    at G.startActiveSpan (/Users/ofir/kenyonexpress-autopilot/.next/server/chunks/[root-of-the-server]__1jlk8z1._.js:2:6806)\n    at H.startActiveSpan (/Users/ofir/kenyonexpress-autopilot/.next/server/chunks/[root-of-the-server]__1jlk8z1._.js:2:7045)\n    at e.runWithActiveSpan (/Users/ofir/kenyonexpress-autopilot/.next/server/chunks/[root-of-the-server]__1jlk8z1._.js:2:54324)\n    at /Users/ofir/kenyonexpress-autopilot/.next/server/chunks/[root-of-the-server]__1jlk8z1._.js:2:53577\n    at Object.with (/Users/ofir/kenyonexpress-autopilot/.next/server/chunks/[root-of-the-server]__1jlk8z1._.js:2:4124)\n    at S.with (/Users/ofir/kenyonexpress-autopilot/.next/server/chunks/[root-of-the-server]__1jlk8z1._.js:2:4450)\n    at e.trace (/Users/ofir/kenyonexpress-autopilot/.next/server/chunks/[root-of-the-server]__1jlk8z1._.js:2:53551)\n    at fetch (/Users/ofir/kenyonexpress-autopilot/.next/server/chunks/[root-of-the-server]__1jlk8z1._.js:2:84044)\n    at /Users/ofir/kenyonexpress-autopilot/.next/server/chun","digest":"HANGING_PROMISE_REJECTION"}}
{"ts":"2026-10-07T18:55:08.793Z","level":"error","event":"db.query_failed","request_id":null,"method":"GET","target":"products","duration_ms":1,"err":{"name":"Error","message":"During prerendering, fetch() rejects when the prerender is complete. Typically these errors are handled by React but if you move fetch() to a different context by using `setTimeout`, `after`, or similar functions you may observe this error and you should handle it in that context. This occurred at route \"/product/[slug]\".","stack":"Error: During prerendering, fetch() rejects when the prerender is complete. Typically these errors are handled by React but if you move fetch() to a different context by using `setTimeout`, `after`, or similar functions you may observe this error and you should handle it in that context. This occurred at route \"/product/[slug]\".\n    at eu (/Users/ofir/kenyonexpress-autopilot/.next/server/chunks/[root-of-the-server]__1jlk8z1._.js:2:58687)\n    at /Users/ofir/kenyonexpress-autopilot/.next/server/chunks/[root-of-the-server]__1jlk8z1._.js:2:87004\n    at /Users/ofir/kenyonexpress-autopilot/.next/server/chunks/[root-of-the-server]__1jlk8z1._.js:2:54057\n    at /Users/ofir/kenyonexpress-autopilot/.next/server/chunks/[root-of-the-server]__1jlk8z1._.js:2:54347\n    at Object.with (/Users/ofir/kenyonexpress-autopilot/.next/server/chunks/[root-of-the-server]__1jlk8z1._.js:2:4124)\n    at S.with (/Users/ofir/kenyonexpress-autopilot/.next/server/chunks/[root-of-the-server]__1jlk8z1._.js:2:4450)\n    at G.startActiveSpan (/Users/ofir/kenyonexpress-autopilot/.next/server/chunks/[root-of-the-server]__1jlk8z1._.js:2:6806)\n    at H.startActiveSpan (/Users/ofir/kenyonexpress-autopilot/.next/server/chunks/[root-of-the-server]__1jlk8z1._.js:2:7045)\n    at e.runWithActiveSpan (/Users/ofir/kenyonexpress-autopilot/.next/server/chunks/[root-of-the-server]__1jlk8z1._.js:2:54324)\n    at /Users/ofir/kenyonexpress-autopilot/.next/server/chunks/[root-of-the-server]__1jlk8z1._.js:2:53577\n    at Object.with (/Users/ofir/kenyonexpress-autopilot/.next/server/chunks/[root-of-the-server]__1jlk8z1._.js:2:4124)\n    at S.with (/Users/ofir/kenyonexpress-autopilot/.next/server/chunks/[root-of-the-server]__1jlk8z1._.js:2:4450)\n    at e.trace (/Users/ofir/kenyonexpress-autopilot/.next/server/chunks/[root-of-the-server]__1jlk8z1._.js:2:53551)\n    at fetch (/Users/ofir/kenyonexpress-autopilot/.next/server/chunks/[root-of-the-server]__1jlk8z1._.js:2:84044)\n    at /Users/ofir/kenyonexpress-autopilot/.next/server/chun","digest":"HANGING_PROMISE_REJECTION"}}
{"ts":"2026-10-07T18:55:08.802Z","level":"error","event":"db.query_failed","request_id":null,"method":"POST","target":"rpc:available_stock","duration_ms":12,"err":{"name":"Error","message":"During prerendering, fetch() rejects when the prerender is complete. Typically these errors are handled by React but if you move fetch() to a different context by using `setTimeout`, `after`, or similar functions you may observe this error and you should handle it in that context. This occurred at route \"/product/[slug]\".","stack":"Error: During prerendering, fetch() rejects when the prerender is complete. Typically these errors are handled by React but if you move fetch() to a different context by using `setTimeout`, `after`, or similar functions you may observe this error and you should handle it in that context. This occurred at route \"/product/[slug]\".\n    at eu (/Users/ofir/kenyonexpress-autopilot/.next/server/chunks/[root-of-the-server]__1jlk8z1._.js:2:58687)\n    at /Users/ofir/kenyonexpress-autopilot/.next/server/chunks/[root-of-the-server]__1jlk8z1._.js:2:87004\n    at /Users/ofir/kenyonexpress-autopilot/.next/server/chunks/[root-of-the-server]__1jlk8z1._.js:2:54057\n    at /Users/ofir/kenyonexpress-autopilot/.next/server/chunks/[root-of-the-server]__1jlk8z1._.js:2:54347\n    at Object.with (/Users/ofir/kenyonexpress-autopilot/.next/server/chunks/[root-of-the-server]__1jlk8z1._.js:2:4124)\n    at S.with (/Users/ofir/kenyonexpress-autopilot/.next/server/chunks/[root-of-the-server]__1jlk8z1._.js:2:4450)\n    at G.startActiveSpan (/Users/ofir/kenyonexpress-autopilot/.next/server/chunks/[root-of-the-server]__1jlk8z1._.js:2:6806)\n    at H.startActiveSpan (/Users/ofir/kenyonexpress-autopilot/.next/server/chunks/[root-of-the-server]__1jlk8z1._.js:2:7045)\n    at e.runWithActiveSpan (/Users/ofir/kenyonexpress-autopilot/.next/server/chunks/[root-of-the-server]__1jlk8z1._.js:2:54324)\n    at /Users/ofir/kenyonexpress-autopilot/.next/server/chunks/[root-of-the-server]__1jlk8z1._.js:2:53577\n    at Object.with (/Users/ofir/kenyonexpress-autopilot/.next/server/chunks/[root-of-the-server]__1jlk8z1._.js:2:4124)\n    at S.with (/Users/ofir/kenyonexpress-autopilot/.next/server/chunks/[root-of-the-server]__1jlk8z1._.js:2:4450)\n    at e.trace (/Users/ofir/kenyonexpress-autopilot/.next/server/chunks/[root-of-the-server]__1jlk8z1._.js:2:53551)\n    at fetch (/Users/ofir/kenyonexpress-autopilot/.next/server/chunks/[root-of-the-server]__1jlk8z1._.js:2:84044)\n    at /Users/ofir/kenyonexpress-autopilot/.next/server/chun","digest":"HANGING_PROMISE_REJECTION"}}
{"ts":"2026-10-07T18:55:08.802Z","level":"error","event":"db.query_failed","request_id":null,"method":"GET","target":"products","duration_ms":12,"err":{"name":"Error","message":"During prerendering, fetch() rejects when the prerender is complete. Typically these errors are handled by React but if you move fetch() to a different context by using `setTimeout`, `after`, or similar functions you may observe this error and you should handle it in that context. This occurred at route \"/product/[slug]\".","stack":"Error: During prerendering, fetch() rejects when the prerender is complete. Typically these errors are handled by React but if you move fetch() to a different context by using `setTimeout`, `after`, or similar functions you may observe this error and you should handle it in that context. This occurred at route \"/product/[slug]\".\n    at eu (/Users/ofir/kenyonexpress-autopilot/.next/server/chunks/[root-of-the-server]__1jlk8z1._.js:2:58687)\n    at /Users/ofir/kenyonexpress-autopilot/.next/server/chunks/[root-of-the-server]__1jlk8z1._.js:2:87004\n    at /Users/ofir/kenyonexpress-autopilot/.next/server/chunks/[root-of-the-server]__1jlk8z1._.js:2:54057\n    at /Users/ofir/kenyonexpress-autopilot/.next/server/chunks/[root-of-the-server]__1jlk8z1._.js:2:54347\n    at Object.with (/Users/ofir/kenyonexpress-autopilot/.next/server/chunks/[root-of-the-server]__1jlk8z1._.js:2:4124)\n    at S.with (/Users/ofir/kenyonexpress-autopilot/.next/server/chunks/[root-of-the-server]__1jlk8z1._.js:2:4450)\n    at G.startActiveSpan (/Users/ofir/kenyonexpress-autopilot/.next/server/chunks/[root-of-the-server]__1jlk8z1._.js:2:6806)\n    at H.startActiveSpan (/Users/ofir/kenyonexpress-autopilot/.next/server/chunks/[root-of-the-server]__1jlk8z1._.js:2:7045)\n    at e.runWithActiveSpan (/Users/ofir/kenyonexpress-autopilot/.next/server/chunks/[root-of-the-server]__1jlk8z1._.js:2:54324)\n    at /Users/ofir/kenyonexpress-autopilot/.next/server/chunks/[root-of-the-server]__1jlk8z1._.js:2:53577\n    at Object.with (/Users/ofir/kenyonexpress-autopilot/.next/server/chunks/[root-of-the-server]__1jlk8z1._.js:2:4124)\n    at S.with (/Users/ofir/kenyonexpress-autopilot/.next/server/chunks/[root-of-the-server]__1jlk8z1._.js:2:4450)\n    at e.trace (/Users/ofir/kenyonexpress-autopilot/.next/server/chunks/[root-of-the-server]__1jlk8z1._.js:2:53551)\n    at fetch (/Users/ofir/kenyonexpress-autopilot/.next/server/chunks/[root-of-the-server]__1jlk8z1._.js:2:84044)\n    at /Users/ofir/kenyonexpress-autopilot/.next/server/chun","digest":"HANGING_PROMISE_REJECTION"}}
{"ts":"2026-10-07T18:55:08.821Z","level":"error","event":"db.query_failed","request_id":null,"method":"POST","target":"rpc:available_stock","duration_ms":1,"err":{"name":"Error","message":"During prerendering, fetch() rejects when the prerender is complete. Typically these errors are handled by React but if you move fetch() to a different context by using `setTimeout`, `after`, or similar functions you may observe this error and you should handle it in that context. This occurred at route \"/product/[slug]\".","stack":"Error: During prerendering, fetch() rejects when the prerender is complete. Typically these errors are handled by React but if you move fetch() to a different context by using `setTimeout`, `after`, or similar functions you may observe this error and you should handle it in that context. This occurred at route \"/product/[slug]\".\n    at eu (/Users/ofir/kenyonexpress-autopilot/.next/server/chunks/[root-of-the-server]__1jlk8z1._.js:2:58687)\n    at /Users/ofir/kenyonexpress-autopilot/.next/server/chunks/[root-of-the-server]__1jlk8z1._.js:2:87004\n    at /Users/ofir/kenyonexpress-autopilot/.next/server/chunks/[root-of-the-server]__1jlk8z1._.js:2:54057\n    at /Users/ofir/kenyonexpress-autopilot/.next/server/chunks/[root-of-the-server]__1jlk8z1._.js:2:54347\n    at Object.with (/Users/ofir/kenyonexpress-autopilot/.next/server/chunks/[root-of-the-server]__1jlk8z1._.js:2:4124)\n    at S.with (/Users/ofir/kenyonexpress-autopilot/.next/server/chunks/[root-of-the-server]__1jlk8z1._.js:2:4450)\n    at G.startActiveSpan (/Users/ofir/kenyonexpress-autopilot/.next/server/chunks/[root-of-the-server]__1jlk8z1._.js:2:6806)\n    at H.startActiveSpan (/Users/ofir/kenyonexpress-autopilot/.next/server/chunks/[root-of-the-server]__1jlk8z1._.js:2:7045)\n    at e.runWithActiveSpan (/Users/ofir/kenyonexpress-autopilot/.next/server/chunks/[root-of-the-server]__1jlk8z1._.js:2:54324)\n    at /Users/ofir/kenyonexpress-autopilot/.next/server/chunks/[root-of-the-server]__1jlk8z1._.js:2:53577\n    at Object.with (/Users/ofir/kenyonexpress-autopilot/.next/server/chunks/[root-of-the-server]__1jlk8z1._.js:2:4124)\n    at S.with (/Users/ofir/kenyonexpress-autopilot/.next/server/chunks/[root-of-the-server]__1jlk8z1._.js:2:4450)\n    at e.trace (/Users/ofir/kenyonexpress-autopilot/.next/server/chunks/[root-of-the-server]__1jlk8z1._.js:2:53551)\n    at fetch (/Users/ofir/kenyonexpress-autopilot/.next/server/chunks/[root-of-the-server]__1jlk8z1._.js:2:84044)\n    at /Users/ofir/kenyonexpress-autopilot/.next/server/chun","digest":"HANGING_PROMISE_REJECTION"}}
{"ts":"2026-10-07T18:55:08.822Z","level":"error","event":"db.query_failed","request_id":null,"method":"GET","target":"products","duration_ms":1,"err":{"name":"Error","message":"During prerendering, fetch() rejects when the prerender is complete. Typically these errors are handled by React but if you move fetch() to a different context by using `setTimeout`, `after`, or similar functions you may observe this error and you should handle it in that context. This occurred at route \"/product/[slug]\".","stack":"Error: During prerendering, fetch() rejects when the prerender is complete. Typically these errors are handled by React but if you move fetch() to a different context by using `setTimeout`, `after`, or similar functions you may observe this error and you should handle it in that context. This occurred at route \"/product/[slug]\".\n    at eu (/Users/ofir/kenyonexpress-autopilot/.next/server/chunks/[root-of-the-server]__1jlk8z1._.js:2:58687)\n    at /Users/ofir/kenyonexpress-autopilot/.next/server/chunks/[root-of-the-server]__1jlk8z1._.js:2:87004\n    at /Users/ofir/kenyonexpress-autopilot/.next/server/chunks/[root-of-the-server]__1jlk8z1._.js:2:54057\n    at /Users/ofir/kenyonexpress-autopilot/.next/server/chunks/[root-of-the-server]__1jlk8z1._.js:2:54347\n    at Object.with (/Users/ofir/kenyonexpress-autopilot/.next/server/chunks/[root-of-the-server]__1jlk8z1._.js:2:4124)\n    at S.with (/Users/ofir/kenyonexpress-autopilot/.next/server/chunks/[root-of-the-server]__1jlk8z1._.js:2:4450)\n    at G.startActiveSpan (/Users/ofir/kenyonexpress-autopilot/.next/server/chunks/[root-of-the-server]__1jlk8z1._.js:2:6806)\n    at H.startActiveSpan (/Users/ofir/kenyonexpress-autopilot/.next/server/chunks/[root-of-the-server]__1jlk8z1._.js:2:7045)\n    at e.runWithActiveSpan (/Users/ofir/kenyonexpress-autopilot/.next/server/chunks/[root-of-the-server]__1jlk8z1._.js:2:54324)\n    at /Users/ofir/kenyonexpress-autopilot/.next/server/chunks/[root-of-the-server]__1jlk8z1._.js:2:53577\n    at Object.with (/Users/ofir/kenyonexpress-autopilot/.next/server/chunks/[root-of-the-server]__1jlk8z1._.js:2:4124)\n    at S.with (/Users/ofir/kenyonexpress-autopilot/.next/server/chunks/[root-of-the-server]__1jlk8z1._.js:2:4450)\n    at e.trace (/Users/ofir/kenyonexpress-autopilot/.next/server/chunks/[root-of-the-server]__1jlk8z1._.js:2:53551)\n    at fetch (/Users/ofir/kenyonexpress-autopilot/.next/server/chunks/[root-of-the-server]__1jlk8z1._.js:2:84044)\n    at /Users/ofir/kenyonexpress-autopilot/.next/server/chun","digest":"HANGING_PROMISE_REJECTION"}}
{"ts":"2026-10-07T18:55:09.119Z","level":"warn","event":"db.query_slow","request_id":null,"method":"GET","target":"products","status":200,"duration_ms":792,"threshold_ms":300}
{"ts":"2026-10-07T18:55:09.120Z","level":"warn","event":"db.query_slow","request_id":null,"method":"GET","target":"products","status":200,"duration_ms":796,"threshold_ms":300}
{"ts":"2026-10-07T18:55:09.122Z","level":"warn","event":"db.query_slow","request_id":null,"method":"GET","target":"media_assets","status":200,"duration_ms":328,"threshold_ms":300}
{"ts":"2026-10-07T18:55:09.122Z","level":"warn","event":"db.query_slow","request_id":null,"method":"GET","target":"products","status":200,"duration_ms":798,"threshold_ms":300}
{"ts":"2026-10-07T18:55:09.132Z","level":"error","event":"db.query_failed","request_id":null,"method":"GET","target":"products","duration_ms":0,"err":{"name":"Error","message":"During prerendering, fetch() rejects when the prerender is complete. Typically these errors are handled by React but if you move fetch() to a different context by using `setTimeout`, `after`, or similar functions you may observe this error and you should handle it in that context. This occurred at route \"/coupon/[slug]\".","stack":"Error: During prerendering, fetch() rejects when the prerender is complete. Typically these errors are handled by React but if you move fetch() to a different context by using `setTimeout`, `after`, or similar functions you may observe this error and you should handle it in that context. This occurred at route \"/coupon/[slug]\".\n    at /Users/ofir/kenyonexpress-autopilot/.next/server/chunks/ssr/[root-of-the-server]__1_aa14n._.js:2:23832\n    at /Users/ofir/kenyonexpress-autopilot/.next/server/chunks/ssr/[root-of-the-server]__1_aa14n._.js:11:48366\n    at /Users/ofir/kenyonexpress-autopilot/.next/server/chunks/ssr/[root-of-the-server]__1_aa14n._.js:11:66894\n    at /Users/ofir/kenyonexpress-autopilot/.next/server/chunks/ssr/[root-of-the-server]__1_aa14n._.js:11:67121\n    at Object.with (/Users/ofir/kenyonexpress-autopilot/.next/server/chunks/ssr/0sj1_@opentelemetry_api_build_esm_1_uv6rc._.js:2:3907)\n    at v.with (/Users/ofir/kenyonexpress-autopilot/.next/server/chunks/ssr/0sj1_@opentelemetry_api_build_esm_1_uv6rc._.js:2:4233)\n    at P.startActiveSpan (/Users/ofir/kenyonexpress-autopilot/.next/server/chunks/ssr/0sj1_@opentelemetry_api_build_esm_1_uv6rc._.js:2:6588)\n    at R.startActiveSpan (/Users/ofir/kenyonexpress-autopilot/.next/server/chunks/ssr/0sj1_@opentelemetry_api_build_esm_1_uv6rc._.js:2:6827)\n    at a.runWithActiveSpan (/Users/ofir/kenyonexpress-autopilot/.next/server/chunks/ssr/[root-of-the-server]__1_aa14n._.js:11:67098)\n    at /Users/ofir/kenyonexpress-autopilot/.next/server/chunks/ssr/[root-of-the-server]__1_aa14n._.js:11:66397\n    at Object.with (/Users/ofir/kenyonexpress-autopilot/.next/server/chunks/ssr/0sj1_@opentelemetry_api_build_esm_1_uv6rc._.js:2:3907)\n    at v.with (/Users/ofir/kenyonexpress-autopilot/.next/server/chunks/ssr/0sj1_@opentelemetry_api_build_esm_1_uv6rc._.js:2:4233)\n    at a.trace (/Users/ofir/kenyonexpress-autopilot/.next/server/chunks/ssr/[root-of-the-server]__1_aa14n._.js:11:66371)\n    at fetch (/Users/ofir/kenyonexpress-autopilot/","digest":"HANGING_PROMISE_REJECTION"}}
{"ts":"2026-10-07T18:55:09.133Z","level":"warn","event":"db.query_slow","request_id":null,"method":"GET","target":"products","status":200,"duration_ms":341,"threshold_ms":300}
{"ts":"2026-10-07T18:55:09.145Z","level":"warn","event":"db.query_slow","request_id":null,"method":"GET","target":"products","status":200,"duration_ms":3784,"threshold_ms":300}
{"ts":"2026-10-07T18:55:09.147Z","level":"error","event":"db.query_failed","request_id":null,"method":"POST","target":"rpc:available_stock","duration_ms":355,"err":{"name":"Error","message":"During prerendering, fetch() rejects when the prerender is complete. Typically these errors are handled by React but if you move fetch() to a different context by using `setTimeout`, `after`, or similar functions you may observe this error and you should handle it in that context. This occurred at route \"/product/[slug]\".","stack":"Error: During prerendering, fetch() rejects when the prerender is complete. Typically these errors are handled by React but if you move fetch() to a different context by using `setTimeout`, `after`, or similar functions you may observe this error and you should handle it in that context. This occurred at route \"/product/[slug]\".\n    at eu (/Users/ofir/kenyonexpress-autopilot/.next/server/chunks/[root-of-the-server]__1jlk8z1._.js:2:58687)\n    at /Users/ofir/kenyonexpress-autopilot/.next/server/chunks/[root-of-the-server]__1jlk8z1._.js:2:87004\n    at /Users/ofir/kenyonexpress-autopilot/.next/server/chunks/[root-of-the-server]__1jlk8z1._.js:2:54057\n    at /Users/ofir/kenyonexpress-autopilot/.next/server/chunks/[root-of-the-server]__1jlk8z1._.js:2:54347\n    at Object.with (/Users/ofir/kenyonexpress-autopilot/.next/server/chunks/[root-of-the-server]__1jlk8z1._.js:2:4124)\n    at S.with (/Users/ofir/kenyonexpress-autopilot/.next/server/chunks/[root-of-the-server]__1jlk8z1._.js:2:4450)\n    at G.startActiveSpan (/Users/ofir/kenyonexpress-autopilot/.next/server/chunks/[root-of-the-server]__1jlk8z1._.js:2:6806)\n    at H.startActiveSpan (/Users/ofir/kenyonexpress-autopilot/.next/server/chunks/[root-of-the-server]__1jlk8z1._.js:2:7045)\n    at e.runWithActiveSpan (/Users/ofir/kenyonexpress-autopilot/.next/server/chunks/[root-of-the-server]__1jlk8z1._.js:2:54324)\n    at /Users/ofir/kenyonexpress-autopilot/.next/server/chunks/[root-of-the-server]__1jlk8z1._.js:2:53577\n    at Object.with (/Users/ofir/kenyonexpress-autopilot/.next/server/chunks/[root-of-the-server]__1jlk8z1._.js:2:4124)\n    at S.with (/Users/ofir/kenyonexpress-autopilot/.next/server/chunks/[root-of-the-server]__1jlk8z1._.js:2:4450)\n    at e.trace (/Users/ofir/kenyonexpress-autopilot/.next/server/chunks/[root-of-the-server]__1jlk8z1._.js:2:53551)\n    at fetch (/Users/ofir/kenyonexpress-autopilot/.next/server/chunks/[root-of-the-server]__1jlk8z1._.js:2:84044)\n    at /Users/ofir/kenyonexpress-autopilot/.next/server/chun","digest":"HANGING_PROMISE_REJECTION"}}
{"ts":"2026-10-07T18:55:09.147Z","level":"error","event":"db.query_failed","request_id":null,"method":"GET","target":"products","duration_ms":355,"err":{"name":"Error","message":"During prerendering, fetch() rejects when the prerender is complete. Typically these errors are handled by React but if you move fetch() to a different context by using `setTimeout`, `after`, or similar functions you may observe this error and you should handle it in that context. This occurred at route \"/product/[slug]\".","stack":"Error: During prerendering, fetch() rejects when the prerender is complete. Typically these errors are handled by React but if you move fetch() to a different context by using `setTimeout`, `after`, or similar functions you may observe this error and you should handle it in that context. This occurred at route \"/product/[slug]\".\n    at eu (/Users/ofir/kenyonexpress-autopilot/.next/server/chunks/[root-of-the-server]__1jlk8z1._.js:2:58687)\n    at /Users/ofir/kenyonexpress-autopilot/.next/server/chunks/[root-of-the-server]__1jlk8z1._.js:2:87004\n    at /Users/ofir/kenyonexpress-autopilot/.next/server/chunks/[root-of-the-server]__1jlk8z1._.js:2:54057\n    at /Users/ofir/kenyonexpress-autopilot/.next/server/chunks/[root-of-the-server]__1jlk8z1._.js:2:54347\n    at Object.with (/Users/ofir/kenyonexpress-autopilot/.next/server/chunks/[root-of-the-server]__1jlk8z1._.js:2:4124)\n    at S.with (/Users/ofir/kenyonexpress-autopilot/.next/server/chunks/[root-of-the-server]__1jlk8z1._.js:2:4450)\n    at G.startActiveSpan (/Users/ofir/kenyonexpress-autopilot/.next/server/chunks/[root-of-the-server]__1jlk8z1._.js:2:6806)\n    at H.startActiveSpan (/Users/ofir/kenyonexpress-autopilot/.next/server/chunks/[root-of-the-server]__1jlk8z1._.js:2:7045)\n    at e.runWithActiveSpan (/Users/ofir/kenyonexpress-autopilot/.next/server/chunks/[root-of-the-server]__1jlk8z1._.js:2:54324)\n    at /Users/ofir/kenyonexpress-autopilot/.next/server/chunks/[root-of-the-server]__1jlk8z1._.js:2:53577\n    at Object.with (/Users/ofir/kenyonexpress-autopilot/.next/server/chunks/[root-of-the-server]__1jlk8z1._.js:2:4124)\n    at S.with (/Users/ofir/kenyonexpress-autopilot/.next/server/chunks/[root-of-the-server]__1jlk8z1._.js:2:4450)\n    at e.trace (/Users/ofir/kenyonexpress-autopilot/.next/server/chunks/[root-of-the-server]__1jlk8z1._.js:2:53551)\n    at fetch (/Users/ofir/kenyonexpress-autopilot/.next/server/chunks/[root-of-the-server]__1jlk8z1._.js:2:84044)\n    at /Users/ofir/kenyonexpress-autopilot/.next/server/chun","digest":"HANGING_PROMISE_REJECTION"}}
{"ts":"2026-10-07T18:55:09.148Z","level":"warn","event":"db.query_slow","request_id":null,"method":"GET","target":"products","status":200,"duration_ms":374,"threshold_ms":300}
{"ts":"2026-10-07T18:55:09.161Z","level":"warn","event":"db.query_slow","request_id":null,"method":"POST","target":"rpc:product_rating_summary","status":404,"duration_ms":367,"threshold_ms":300}
{"ts":"2026-10-07T18:55:09.171Z","level":"error","event":"db.query_failed","request_id":null,"method":"POST","target":"rpc:available_stock","duration_ms":1,"err":{"name":"Error","message":"During prerendering, fetch() rejects when the prerender is complete. Typically these errors are handled by React but if you move fetch() to a different context by using `setTimeout`, `after`, or similar functions you may observe this error and you should handle it in that context. This occurred at route \"/product/[slug]\".","stack":"Error: During prerendering, fetch() rejects when the prerender is complete. Typically these errors are handled by React but if you move fetch() to a different context by using `setTimeout`, `after`, or similar functions you may observe this error and you should handle it in that context. This occurred at route \"/product/[slug]\".\n    at eu (/Users/ofir/kenyonexpress-autopilot/.next/server/chunks/[root-of-the-server]__1jlk8z1._.js:2:58687)\n    at /Users/ofir/kenyonexpress-autopilot/.next/server/chunks/[root-of-the-server]__1jlk8z1._.js:2:87004\n    at /Users/ofir/kenyonexpress-autopilot/.next/server/chunks/[root-of-the-server]__1jlk8z1._.js:2:54057\n    at /Users/ofir/kenyonexpress-autopilot/.next/server/chunks/[root-of-the-server]__1jlk8z1._.js:2:54347\n    at Object.with (/Users/ofir/kenyonexpress-autopilot/.next/server/chunks/[root-of-the-server]__1jlk8z1._.js:2:4124)\n    at S.with (/Users/ofir/kenyonexpress-autopilot/.next/server/chunks/[root-of-the-server]__1jlk8z1._.js:2:4450)\n    at G.startActiveSpan (/Users/ofir/kenyonexpress-autopilot/.next/server/chunks/[root-of-the-server]__1jlk8z1._.js:2:6806)\n    at H.startActiveSpan (/Users/ofir/kenyonexpress-autopilot/.next/server/chunks/[root-of-the-server]__1jlk8z1._.js:2:7045)\n    at e.runWithActiveSpan (/Users/ofir/kenyonexpress-autopilot/.next/server/chunks/[root-of-the-server]__1jlk8z1._.js:2:54324)\n    at /Users/ofir/kenyonexpress-autopilot/.next/server/chunks/[root-of-the-server]__1jlk8z1._.js:2:53577\n    at Object.with (/Users/ofir/kenyonexpress-autopilot/.next/server/chunks/[root-of-the-server]__1jlk8z1._.js:2:4124)\n    at S.with (/Users/ofir/kenyonexpress-autopilot/.next/server/chunks/[root-of-the-server]__1jlk8z1._.js:2:4450)\n    at e.trace (/Users/ofir/kenyonexpress-autopilot/.next/server/chunks/[root-of-the-server]__1jlk8z1._.js:2:53551)\n    at fetch (/Users/ofir/kenyonexpress-autopilot/.next/server/chunks/[root-of-the-server]__1jlk8z1._.js:2:84044)\n    at /Users/ofir/kenyonexpress-autopilot/.next/server/chun","digest":"HANGING_PROMISE_REJECTION"}}
{"ts":"2026-10-07T18:55:09.171Z","level":"error","event":"db.query_failed","request_id":null,"method":"GET","target":"products","duration_ms":1,"err":{"name":"Error","message":"During prerendering, fetch() rejects when the prerender is complete. Typically these errors are handled by React but if you move fetch() to a different context by using `setTimeout`, `after`, or similar functions you may observe this error and you should handle it in that context. This occurred at route \"/product/[slug]\".","stack":"Error: During prerendering, fetch() rejects when the prerender is complete. Typically these errors are handled by React but if you move fetch() to a different context by using `setTimeout`, `after`, or similar functions you may observe this error and you should handle it in that context. This occurred at route \"/product/[slug]\".\n    at eu (/Users/ofir/kenyonexpress-autopilot/.next/server/chunks/[root-of-the-server]__1jlk8z1._.js:2:58687)\n    at /Users/ofir/kenyonexpress-autopilot/.next/server/chunks/[root-of-the-server]__1jlk8z1._.js:2:87004\n    at /Users/ofir/kenyonexpress-autopilot/.next/server/chunks/[root-of-the-server]__1jlk8z1._.js:2:54057\n    at /Users/ofir/kenyonexpress-autopilot/.next/server/chunks/[root-of-the-server]__1jlk8z1._.js:2:54347\n    at Object.with (/Users/ofir/kenyonexpress-autopilot/.next/server/chunks/[root-of-the-server]__1jlk8z1._.js:2:4124)\n    at S.with (/Users/ofir/kenyonexpress-autopilot/.next/server/chunks/[root-of-the-server]__1jlk8z1._.js:2:4450)\n    at G.startActiveSpan (/Users/ofir/kenyonexpress-autopilot/.next/server/chunks/[root-of-the-server]__1jlk8z1._.js:2:6806)\n    at H.startActiveSpan (/Users/ofir/kenyonexpress-autopilot/.next/server/chunks/[root-of-the-server]__1jlk8z1._.js:2:7045)\n    at e.runWithActiveSpan (/Users/ofir/kenyonexpress-autopilot/.next/server/chunks/[root-of-the-server]__1jlk8z1._.js:2:54324)\n    at /Users/ofir/kenyonexpress-autopilot/.next/server/chunks/[root-of-the-server]__1jlk8z1._.js:2:53577\n    at Object.with (/Users/ofir/kenyonexpress-autopilot/.next/server/chunks/[root-of-the-server]__1jlk8z1._.js:2:4124)\n    at S.with (/Users/ofir/kenyonexpress-autopilot/.next/server/chunks/[root-of-the-server]__1jlk8z1._.js:2:4450)\n    at e.trace (/Users/ofir/kenyonexpress-autopilot/.next/server/chunks/[root-of-the-server]__1jlk8z1._.js:2:53551)\n    at fetch (/Users/ofir/kenyonexpress-autopilot/.next/server/chunks/[root-of-the-server]__1jlk8z1._.js:2:84044)\n    at /Users/ofir/kenyonexpress-autopilot/.next/server/chun","digest":"HANGING_PROMISE_REJECTION"}}
{"ts":"2026-10-07T18:55:09.172Z","level":"warn","event":"db.query_slow","request_id":null,"method":"GET","target":"products","status":200,"duration_ms":378,"threshold_ms":300}
{"ts":"2026-10-07T18:55:09.173Z","level":"warn","event":"db.query_slow","request_id":null,"method":"GET","target":"products","status":200,"duration_ms":386,"threshold_ms":300}
{"ts":"2026-10-07T18:55:09.174Z","level":"error","event":"db.query_failed","request_id":null,"method":"POST","target":"rpc:available_stock","duration_ms":400,"err":{"name":"Error","message":"During prerendering, fetch() rejects when the prerender is complete. Typically these errors are handled by React but if you move fetch() to a different context by using `setTimeout`, `after`, or similar functions you may observe this error and you should handle it in that context. This occurred at route \"/product/[slug]\".","stack":"Error: During prerendering, fetch() rejects when the prerender is complete. Typically these errors are handled by React but if you move fetch() to a different context by using `setTimeout`, `after`, or similar functions you may observe this error and you should handle it in that context. This occurred at route \"/product/[slug]\".\n    at eu (/Users/ofir/kenyonexpress-autopilot/.next/server/chunks/[root-of-the-server]__1jlk8z1._.js:2:58687)\n    at /Users/ofir/kenyonexpress-autopilot/.next/server/chunks/[root-of-the-server]__1jlk8z1._.js:2:87004\n    at /Users/ofir/kenyonexpress-autopilot/.next/server/chunks/[root-of-the-server]__1jlk8z1._.js:2:54057\n    at /Users/ofir/kenyonexpress-autopilot/.next/server/chunks/[root-of-the-server]__1jlk8z1._.js:2:54347\n    at Object.with (/Users/ofir/kenyonexpress-autopilot/.next/server/chunks/[root-of-the-server]__1jlk8z1._.js:2:4124)\n    at S.with (/Users/ofir/kenyonexpress-autopilot/.next/server/chunks/[root-of-the-server]__1jlk8z1._.js:2:4450)\n    at G.startActiveSpan (/Users/ofir/kenyonexpress-autopilot/.next/server/chunks/[root-of-the-server]__1jlk8z1._.js:2:6806)\n    at H.startActiveSpan (/Users/ofir/kenyonexpress-autopilot/.next/server/chunks/[root-of-the-server]__1jlk8z1._.js:2:7045)\n    at e.runWithActiveSpan (/Users/ofir/kenyonexpress-autopilot/.next/server/chunks/[root-of-the-server]__1jlk8z1._.js:2:54324)\n    at /Users/ofir/kenyonexpress-autopilot/.next/server/chunks/[root-of-the-server]__1jlk8z1._.js:2:53577\n    at Object.with (/Users/ofir/kenyonexpress-autopilot/.next/server/chunks/[root-of-the-server]__1jlk8z1._.js:2:4124)\n    at S.with (/Users/ofir/kenyonexpress-autopilot/.next/server/chunks/[root-of-the-server]__1jlk8z1._.js:2:4450)\n    at e.trace (/Users/ofir/kenyonexpress-autopilot/.next/server/chunks/[root-of-the-server]__1jlk8z1._.js:2:53551)\n    at fetch (/Users/ofir/kenyonexpress-autopilot/.next/server/chunks/[root-of-the-server]__1jlk8z1._.js:2:84044)\n    at /Users/ofir/kenyonexpress-autopilot/.next/server/chun","digest":"HANGING_PROMISE_REJECTION"}}
{"ts":"2026-10-07T18:55:09.174Z","level":"error","event":"db.query_failed","request_id":null,"method":"GET","target":"products","duration_ms":400,"err":{"name":"Error","message":"During prerendering, fetch() rejects when the prerender is complete. Typically these errors are handled by React but if you move fetch() to a different context by using `setTimeout`, `after`, or similar functions you may observe this error and you should handle it in that context. This occurred at route \"/product/[slug]\".","stack":"Error: During prerendering, fetch() rejects when the prerender is complete. Typically these errors are handled by React but if you move fetch() to a different context by using `setTimeout`, `after`, or similar functions you may observe this error and you should handle it in that context. This occurred at route \"/product/[slug]\".\n    at eu (/Users/ofir/kenyonexpress-autopilot/.next/server/chunks/[root-of-the-server]__1jlk8z1._.js:2:58687)\n    at /Users/ofir/kenyonexpress-autopilot/.next/server/chunks/[root-of-the-server]__1jlk8z1._.js:2:87004\n    at /Users/ofir/kenyonexpress-autopilot/.next/server/chunks/[root-of-the-server]__1jlk8z1._.js:2:54057\n    at /Users/ofir/kenyonexpress-autopilot/.next/server/chunks/[root-of-the-server]__1jlk8z1._.js:2:54347\n    at Object.with (/Users/ofir/kenyonexpress-autopilot/.next/server/chunks/[root-of-the-server]__1jlk8z1._.js:2:4124)\n    at S.with (/Users/ofir/kenyonexpress-autopilot/.next/server/chunks/[root-of-the-server]__1jlk8z1._.js:2:4450)\n    at G.startActiveSpan (/Users/ofir/kenyonexpress-autopilot/.next/server/chunks/[root-of-the-server]__1jlk8z1._.js:2:6806)\n    at H.startActiveSpan (/Users/ofir/kenyonexpress-autopilot/.next/server/chunks/[root-of-the-server]__1jlk8z1._.js:2:7045)\n    at e.runWithActiveSpan (/Users/ofir/kenyonexpress-autopilot/.next/server/chunks/[root-of-the-server]__1jlk8z1._.js:2:54324)\n    at /Users/ofir/kenyonexpress-autopilot/.next/server/chunks/[root-of-the-server]__1jlk8z1._.js:2:53577\n    at Object.with (/Users/ofir/kenyonexpress-autopilot/.next/server/chunks/[root-of-the-server]__1jlk8z1._.js:2:4124)\n    at S.with (/Users/ofir/kenyonexpress-autopilot/.next/server/chunks/[root-of-the-server]__1jlk8z1._.js:2:4450)\n    at e.trace (/Users/ofir/kenyonexpress-autopilot/.next/server/chunks/[root-of-the-server]__1jlk8z1._.js:2:53551)\n    at fetch (/Users/ofir/kenyonexpress-autopilot/.next/server/chunks/[root-of-the-server]__1jlk8z1._.js:2:84044)\n    at /Users/ofir/kenyonexpress-autopilot/.next/server/chun","digest":"HANGING_PROMISE_REJECTION"}}
{"ts":"2026-10-07T18:55:09.179Z","level":"error","event":"db.query_failed","request_id":null,"method":"GET","target":"products","duration_ms":0,"err":{"name":"Error","message":"During prerendering, fetch() rejects when the prerender is complete. Typically these errors are handled by React but if you move fetch() to a different context by using `setTimeout`, `after`, or similar functions you may observe this error and you should handle it in that context. This occurred at route \"/coupon/[slug]\".","stack":"Error: During prerendering, fetch() rejects when the prerender is complete. Typically these errors are handled by React but if you move fetch() to a different context by using `setTimeout`, `after`, or similar functions you may observe this error and you should handle it in that context. This occurred at route \"/coupon/[slug]\".\n    at /Users/ofir/kenyonexpress-autopilot/.next/server/chunks/ssr/[root-of-the-server]__1_aa14n._.js:2:23832\n    at /Users/ofir/kenyonexpress-autopilot/.next/server/chunks/ssr/[root-of-the-server]__1_aa14n._.js:11:48366\n    at /Users/ofir/kenyonexpress-autopilot/.next/server/chunks/ssr/[root-of-the-server]__1_aa14n._.js:11:66894\n    at /Users/ofir/kenyonexpress-autopilot/.next/server/chunks/ssr/[root-of-the-server]__1_aa14n._.js:11:67121\n    at Object.with (/Users/ofir/kenyonexpress-autopilot/.next/server/chunks/ssr/0sj1_@opentelemetry_api_build_esm_1_uv6rc._.js:2:3907)\n    at v.with (/Users/ofir/kenyonexpress-autopilot/.next/server/chunks/ssr/0sj1_@opentelemetry_api_build_esm_1_uv6rc._.js:2:4233)\n    at P.startActiveSpan (/Users/ofir/kenyonexpress-autopilot/.next/server/chunks/ssr/0sj1_@opentelemetry_api_build_esm_1_uv6rc._.js:2:6588)\n    at R.startActiveSpan (/Users/ofir/kenyonexpress-autopilot/.next/server/chunks/ssr/0sj1_@opentelemetry_api_build_esm_1_uv6rc._.js:2:6827)\n    at a.runWithActiveSpan (/Users/ofir/kenyonexpress-autopilot/.next/server/chunks/ssr/[root-of-the-server]__1_aa14n._.js:11:67098)\n    at /Users/ofir/kenyonexpress-autopilot/.next/server/chunks/ssr/[root-of-the-server]__1_aa14n._.js:11:66397\n    at Object.with (/Users/ofir/kenyonexpress-autopilot/.next/server/chunks/ssr/0sj1_@opentelemetry_api_build_esm_1_uv6rc._.js:2:3907)\n    at v.with (/Users/ofir/kenyonexpress-autopilot/.next/server/chunks/ssr/0sj1_@opentelemetry_api_build_esm_1_uv6rc._.js:2:4233)\n    at a.trace (/Users/ofir/kenyonexpress-autopilot/.next/server/chunks/ssr/[root-of-the-server]__1_aa14n._.js:11:66371)\n    at fetch (/Users/ofir/kenyonexpress-autopilot/","digest":"HANGING_PROMISE_REJECTION"}}
{"ts":"2026-10-07T18:55:09.185Z","level":"warn","event":"db.query_slow","request_id":null,"method":"GET","target":"products","status":200,"duration_ms":425,"threshold_ms":300}
{"ts":"2026-10-07T18:55:09.185Z","level":"warn","event":"db.query_slow","request_id":null,"method":"GET","target":"product_variants","status":200,"duration_ms":391,"threshold_ms":300}
{"ts":"2026-10-07T18:55:09.190Z","level":"error","event":"db.query_failed","request_id":null,"method":"POST","target":"rpc:available_stock","duration_ms":403,"err":{"name":"Error","message":"During prerendering, fetch() rejects when the prerender is complete. Typically these errors are handled by React but if you move fetch() to a different context by using `setTimeout`, `after`, or similar functions you may observe this error and you should handle it in that context. This occurred at route \"/product/[slug]\".","stack":"Error: During prerendering, fetch() rejects when the prerender is complete. Typically these errors are handled by React but if you move fetch() to a different context by using `setTimeout`, `after`, or similar functions you may observe this error and you should handle it in that context. This occurred at route \"/product/[slug]\".\n    at eu (/Users/ofir/kenyonexpress-autopilot/.next/server/chunks/[root-of-the-server]__1jlk8z1._.js:2:58687)\n    at /Users/ofir/kenyonexpress-autopilot/.next/server/chunks/[root-of-the-server]__1jlk8z1._.js:2:87004\n    at /Users/ofir/kenyonexpress-autopilot/.next/server/chunks/[root-of-the-server]__1jlk8z1._.js:2:54057\n    at /Users/ofir/kenyonexpress-autopilot/.next/server/chunks/[root-of-the-server]__1jlk8z1._.js:2:54347\n    at Object.with (/Users/ofir/kenyonexpress-autopilot/.next/server/chunks/[root-of-the-server]__1jlk8z1._.js:2:4124)\n    at S.with (/Users/ofir/kenyonexpress-autopilot/.next/server/chunks/[root-of-the-server]__1jlk8z1._.js:2:4450)\n    at G.startActiveSpan (/Users/ofir/kenyonexpress-autopilot/.next/server/chunks/[root-of-the-server]__1jlk8z1._.js:2:6806)\n    at H.startActiveSpan (/Users/ofir/kenyonexpress-autopilot/.next/server/chunks/[root-of-the-server]__1jlk8z1._.js:2:7045)\n    at e.runWithActiveSpan (/Users/ofir/kenyonexpress-autopilot/.next/server/chunks/[root-of-the-server]__1jlk8z1._.js:2:54324)\n    at /Users/ofir/kenyonexpress-autopilot/.next/server/chunks/[root-of-the-server]__1jlk8z1._.js:2:53577\n    at Object.with (/Users/ofir/kenyonexpress-autopilot/.next/server/chunks/[root-of-the-server]__1jlk8z1._.js:2:4124)\n    at S.with (/Users/ofir/kenyonexpress-autopilot/.next/server/chunks/[root-of-the-server]__1jlk8z1._.js:2:4450)\n    at e.trace (/Users/ofir/kenyonexpress-autopilot/.next/server/chunks/[root-of-the-server]__1jlk8z1._.js:2:53551)\n    at fetch (/Users/ofir/kenyonexpress-autopilot/.next/server/chunks/[root-of-the-server]__1jlk8z1._.js:2:84044)\n    at /Users/ofir/kenyonexpress-autopilot/.next/server/chun","digest":"HANGING_PROMISE_REJECTION"}}
{"ts":"2026-10-07T18:55:09.190Z","level":"error","event":"db.query_failed","request_id":null,"method":"GET","target":"products","duration_ms":403,"err":{"name":"Error","message":"During prerendering, fetch() rejects when the prerender is complete. Typically these errors are handled by React but if you move fetch() to a different context by using `setTimeout`, `after`, or similar functions you may observe this error and you should handle it in that context. This occurred at route \"/product/[slug]\".","stack":"Error: During prerendering, fetch() rejects when the prerender is complete. Typically these errors are handled by React but if you move fetch() to a different context by using `setTimeout`, `after`, or similar functions you may observe this error and you should handle it in that context. This occurred at route \"/product/[slug]\".\n    at eu (/Users/ofir/kenyonexpress-autopilot/.next/server/chunks/[root-of-the-server]__1jlk8z1._.js:2:58687)\n    at /Users/ofir/kenyonexpress-autopilot/.next/server/chunks/[root-of-the-server]__1jlk8z1._.js:2:87004\n    at /Users/ofir/kenyonexpress-autopilot/.next/server/chunks/[root-of-the-server]__1jlk8z1._.js:2:54057\n    at /Users/ofir/kenyonexpress-autopilot/.next/server/chunks/[root-of-the-server]__1jlk8z1._.js:2:54347\n    at Object.with (/Users/ofir/kenyonexpress-autopilot/.next/server/chunks/[root-of-the-server]__1jlk8z1._.js:2:4124)\n    at S.with (/Users/ofir/kenyonexpress-autopilot/.next/server/chunks/[root-of-the-server]__1jlk8z1._.js:2:4450)\n    at G.startActiveSpan (/Users/ofir/kenyonexpress-autopilot/.next/server/chunks/[root-of-the-server]__1jlk8z1._.js:2:6806)\n    at H.startActiveSpan (/Users/ofir/kenyonexpress-autopilot/.next/server/chunks/[root-of-the-server]__1jlk8z1._.js:2:7045)\n    at e.runWithActiveSpan (/Users/ofir/kenyonexpress-autopilot/.next/server/chunks/[root-of-the-server]__1jlk8z1._.js:2:54324)\n    at /Users/ofir/kenyonexpress-autopilot/.next/server/chunks/[root-of-the-server]__1jlk8z1._.js:2:53577\n    at Object.with (/Users/ofir/kenyonexpress-autopilot/.next/server/chunks/[root-of-the-server]__1jlk8z1._.js:2:4124)\n    at S.with (/Users/ofir/kenyonexpress-autopilot/.next/server/chunks/[root-of-the-server]__1jlk8z1._.js:2:4450)\n    at e.trace (/Users/ofir/kenyonexpress-autopilot/.next/server/chunks/[root-of-the-server]__1jlk8z1._.js:2:53551)\n    at fetch (/Users/ofir/kenyonexpress-autopilot/.next/server/chunks/[root-of-the-server]__1jlk8z1._.js:2:84044)\n    at /Users/ofir/kenyonexpress-autopilot/.next/server/chun","digest":"HANGING_PROMISE_REJECTION"}}
{"ts":"2026-10-07T18:55:09.194Z","level":"error","event":"db.query_failed","request_id":null,"method":"POST","target":"rpc:available_stock","duration_ms":1,"err":{"name":"Error","message":"During prerendering, fetch() rejects when the prerender is complete. Typically these errors are handled by React but if you move fetch() to a different context by using `setTimeout`, `after`, or similar functions you may observe this error and you should handle it in that context. This occurred at route \"/product/[slug]\".","stack":"Error: During prerendering, fetch() rejects when the prerender is complete. Typically these errors are handled by React but if you move fetch() to a different context by using `setTimeout`, `after`, or similar functions you may observe this error and you should handle it in that context. This occurred at route \"/product/[slug]\".\n    at eu (/Users/ofir/kenyonexpress-autopilot/.next/server/chunks/[root-of-the-server]__1jlk8z1._.js:2:58687)\n    at /Users/ofir/kenyonexpress-autopilot/.next/server/chunks/[root-of-the-server]__1jlk8z1._.js:2:87004\n    at /Users/ofir/kenyonexpress-autopilot/.next/server/chunks/[root-of-the-server]__1jlk8z1._.js:2:54057\n    at /Users/ofir/kenyonexpress-autopilot/.next/server/chunks/[root-of-the-server]__1jlk8z1._.js:2:54347\n    at Object.with (/Users/ofir/kenyonexpress-autopilot/.next/server/chunks/[root-of-the-server]__1jlk8z1._.js:2:4124)\n    at S.with (/Users/ofir/kenyonexpress-autopilot/.next/server/chunks/[root-of-the-server]__1jlk8z1._.js:2:4450)\n    at G.startActiveSpan (/Users/ofir/kenyonexpress-autopilot/.next/server/chunks/[root-of-the-server]__1jlk8z1._.js:2:6806)\n    at H.startActiveSpan (/Users/ofir/kenyonexpress-autopilot/.next/server/chunks/[root-of-the-server]__1jlk8z1._.js:2:7045)\n    at e.runWithActiveSpan (/Users/ofir/kenyonexpress-autopilot/.next/server/chunks/[root-of-the-server]__1jlk8z1._.js:2:54324)\n    at /Users/ofir/kenyonexpress-autopilot/.next/server/chunks/[root-of-the-server]__1jlk8z1._.js:2:53577\n    at Object.with (/Users/ofir/kenyonexpress-autopilot/.next/server/chunks/[root-of-the-server]__1jlk8z1._.js:2:4124)\n    at S.with (/Users/ofir/kenyonexpress-autopilot/.next/server/chunks/[root-of-the-server]__1jlk8z1._.js:2:4450)\n    at e.trace (/Users/ofir/kenyonexpress-autopilot/.next/server/chunks/[root-of-the-server]__1jlk8z1._.js:2:53551)\n    at fetch (/Users/ofir/kenyonexpress-autopilot/.next/server/chunks/[root-of-the-server]__1jlk8z1._.js:2:84044)\n    at /Users/ofir/kenyonexpress-autopilot/.next/server/chun","digest":"HANGING_PROMISE_REJECTION"}}
{"ts":"2026-10-07T18:55:09.194Z","level":"error","event":"db.query_failed","request_id":null,"method":"GET","target":"products","duration_ms":1,"err":{"name":"Error","message":"During prerendering, fetch() rejects when the prerender is complete. Typically these errors are handled by React but if you move fetch() to a different context by using `setTimeout`, `after`, or similar functions you may observe this error and you should handle it in that context. This occurred at route \"/product/[slug]\".","stack":"Error: During prerendering, fetch() rejects when the prerender is complete. Typically these errors are handled by React but if you move fetch() to a different context by using `setTimeout`, `after`, or similar functions you may observe this error and you should handle it in that context. This occurred at route \"/product/[slug]\".\n    at eu (/Users/ofir/kenyonexpress-autopilot/.next/server/chunks/[root-of-the-server]__1jlk8z1._.js:2:58687)\n    at /Users/ofir/kenyonexpress-autopilot/.next/server/chunks/[root-of-the-server]__1jlk8z1._.js:2:87004\n    at /Users/ofir/kenyonexpress-autopilot/.next/server/chunks/[root-of-the-server]__1jlk8z1._.js:2:54057\n    at /Users/ofir/kenyonexpress-autopilot/.next/server/chunks/[root-of-the-server]__1jlk8z1._.js:2:54347\n    at Object.with (/Users/ofir/kenyonexpress-autopilot/.next/server/chunks/[root-of-the-server]__1jlk8z1._.js:2:4124)\n    at S.with (/Users/ofir/kenyonexpress-autopilot/.next/server/chunks/[root-of-the-server]__1jlk8z1._.js:2:4450)\n    at G.startActiveSpan (/Users/ofir/kenyonexpress-autopilot/.next/server/chunks/[root-of-the-server]__1jlk8z1._.js:2:6806)\n    at H.startActiveSpan (/Users/ofir/kenyonexpress-autopilot/.next/server/chunks/[root-of-the-server]__1jlk8z1._.js:2:7045)\n    at e.runWithActiveSpan (/Users/ofir/kenyonexpress-autopilot/.next/server/chunks/[root-of-the-server]__1jlk8z1._.js:2:54324)\n    at /Users/ofir/kenyonexpress-autopilot/.next/server/chunks/[root-of-the-server]__1jlk8z1._.js:2:53577\n    at Object.with (/Users/ofir/kenyonexpress-autopilot/.next/server/chunks/[root-of-the-server]__1jlk8z1._.js:2:4124)\n    at S.with (/Users/ofir/kenyonexpress-autopilot/.next/server/chunks/[root-of-the-server]__1jlk8z1._.js:2:4450)\n    at e.trace (/Users/ofir/kenyonexpress-autopilot/.next/server/chunks/[root-of-the-server]__1jlk8z1._.js:2:53551)\n    at fetch (/Users/ofir/kenyonexpress-autopilot/.next/server/chunks/[root-of-the-server]__1jlk8z1._.js:2:84044)\n    at /Users/ofir/kenyonexpress-autopilot/.next/server/chun","digest":"HANGING_PROMISE_REJECTION"}}
{"ts":"2026-10-07T18:55:09.198Z","level":"warn","event":"db.query_slow","request_id":null,"method":"GET","target":"categories","status":200,"duration_ms":331,"threshold_ms":300}
{"ts":"2026-10-07T18:55:09.200Z","level":"warn","event":"db.query_slow","request_id":null,"method":"GET","target":"categories","status":200,"duration_ms":340,"threshold_ms":300}
{"ts":"2026-10-07T18:55:09.201Z","level":"warn","event":"db.query_slow","request_id":null,"method":"GET","target":"categories","status":200,"duration_ms":336,"threshold_ms":300}
{"ts":"2026-10-07T18:55:09.208Z","level":"warn","event":"db.query_slow","request_id":null,"method":"GET","target":"categories","status":200,"duration_ms":355,"threshold_ms":300}
{"ts":"2026-10-07T18:55:09.210Z","level":"error","event":"db.query_failed","request_id":null,"method":"POST","target":"rpc:available_stock","duration_ms":452,"err":{"name":"Error","message":"During prerendering, fetch() rejects when the prerender is complete. Typically these errors are handled by React but if you move fetch() to a different context by using `setTimeout`, `after`, or similar functions you may observe this error and you should handle it in that context. This occurred at route \"/product/[slug]\".","stack":"Error: During prerendering, fetch() rejects when the prerender is complete. Typically these errors are handled by React but if you move fetch() to a different context by using `setTimeout`, `after`, or similar functions you may observe this error and you should handle it in that context. This occurred at route \"/product/[slug]\".\n    at eu (/Users/ofir/kenyonexpress-autopilot/.next/server/chunks/[root-of-the-server]__1jlk8z1._.js:2:58687)\n    at /Users/ofir/kenyonexpress-autopilot/.next/server/chunks/[root-of-the-server]__1jlk8z1._.js:2:87004\n    at /Users/ofir/kenyonexpress-autopilot/.next/server/chunks/[root-of-the-server]__1jlk8z1._.js:2:54057\n    at /Users/ofir/kenyonexpress-autopilot/.next/server/chunks/[root-of-the-server]__1jlk8z1._.js:2:54347\n    at Object.with (/Users/ofir/kenyonexpress-autopilot/.next/server/chunks/[root-of-the-server]__1jlk8z1._.js:2:4124)\n    at S.with (/Users/ofir/kenyonexpress-autopilot/.next/server/chunks/[root-of-the-server]__1jlk8z1._.js:2:4450)\n    at G.startActiveSpan (/Users/ofir/kenyonexpress-autopilot/.next/server/chunks/[root-of-the-server]__1jlk8z1._.js:2:6806)\n    at H.startActiveSpan (/Users/ofir/kenyonexpress-autopilot/.next/server/chunks/[root-of-the-server]__1jlk8z1._.js:2:7045)\n    at e.runWithActiveSpan (/Users/ofir/kenyonexpress-autopilot/.next/server/chunks/[root-of-the-server]__1jlk8z1._.js:2:54324)\n    at /Users/ofir/kenyonexpress-autopilot/.next/server/chunks/[root-of-the-server]__1jlk8z1._.js:2:53577\n    at Object.with (/Users/ofir/kenyonexpress-autopilot/.next/server/chunks/[root-of-the-server]__1jlk8z1._.js:2:4124)\n    at S.with (/Users/ofir/kenyonexpress-autopilot/.next/server/chunks/[root-of-the-server]__1jlk8z1._.js:2:4450)\n    at e.trace (/Users/ofir/kenyonexpress-autopilot/.next/server/chunks/[root-of-the-server]__1jlk8z1._.js:2:53551)\n    at fetch (/Users/ofir/kenyonexpress-autopilot/.next/server/chunks/[root-of-the-server]__1jlk8z1._.js:2:84044)\n    at /Users/ofir/kenyonexpress-autopilot/.next/server/chun","digest":"HANGING_PROMISE_REJECTION"}}
{"ts":"2026-10-07T18:55:09.211Z","level":"error","event":"db.query_failed","request_id":null,"method":"GET","target":"products","duration_ms":450,"err":{"name":"Error","message":"During prerendering, fetch() rejects when the prerender is complete. Typically these errors are handled by React but if you move fetch() to a different context by using `setTimeout`, `after`, or similar functions you may observe this error and you should handle it in that context. This occurred at route \"/product/[slug]\".","stack":"Error: During prerendering, fetch() rejects when the prerender is complete. Typically these errors are handled by React but if you move fetch() to a different context by using `setTimeout`, `after`, or similar functions you may observe this error and you should handle it in that context. This occurred at route \"/product/[slug]\".\n    at eu (/Users/ofir/kenyonexpress-autopilot/.next/server/chunks/[root-of-the-server]__1jlk8z1._.js:2:58687)\n    at /Users/ofir/kenyonexpress-autopilot/.next/server/chunks/[root-of-the-server]__1jlk8z1._.js:2:87004\n    at /Users/ofir/kenyonexpress-autopilot/.next/server/chunks/[root-of-the-server]__1jlk8z1._.js:2:54057\n    at /Users/ofir/kenyonexpress-autopilot/.next/server/chunks/[root-of-the-server]__1jlk8z1._.js:2:54347\n    at Object.with (/Users/ofir/kenyonexpress-autopilot/.next/server/chunks/[root-of-the-server]__1jlk8z1._.js:2:4124)\n    at S.with (/Users/ofir/kenyonexpress-autopilot/.next/server/chunks/[root-of-the-server]__1jlk8z1._.js:2:4450)\n    at G.startActiveSpan (/Users/ofir/kenyonexpress-autopilot/.next/server/chunks/[root-of-the-server]__1jlk8z1._.js:2:6806)\n    at H.startActiveSpan (/Users/ofir/kenyonexpress-autopilot/.next/server/chunks/[root-of-the-server]__1jlk8z1._.js:2:7045)\n    at e.runWithActiveSpan (/Users/ofir/kenyonexpress-autopilot/.next/server/chunks/[root-of-the-server]__1jlk8z1._.js:2:54324)\n    at /Users/ofir/kenyonexpress-autopilot/.next/server/chunks/[root-of-the-server]__1jlk8z1._.js:2:53577\n    at Object.with (/Users/ofir/kenyonexpress-autopilot/.next/server/chunks/[root-of-the-server]__1jlk8z1._.js:2:4124)\n    at S.with (/Users/ofir/kenyonexpress-autopilot/.next/server/chunks/[root-of-the-server]__1jlk8z1._.js:2:4450)\n    at e.trace (/Users/ofir/kenyonexpress-autopilot/.next/server/chunks/[root-of-the-server]__1jlk8z1._.js:2:53551)\n    at fetch (/Users/ofir/kenyonexpress-autopilot/.next/server/chunks/[root-of-the-server]__1jlk8z1._.js:2:84044)\n    at /Users/ofir/kenyonexpress-autopilot/.next/server/chun","digest":"HANGING_PROMISE_REJECTION"}}
{"ts":"2026-10-07T18:55:09.218Z","level":"warn","event":"db.query_slow","request_id":null,"method":"GET","target":"categories","status":200,"duration_ms":348,"threshold_ms":300}
{"ts":"2026-10-07T18:55:09.220Z","level":"warn","event":"db.query_slow","request_id":null,"method":"GET","target":"categories","status":200,"duration_ms":344,"threshold_ms":300}
{"ts":"2026-10-07T18:55:09.220Z","level":"error","event":"db.query_failed","request_id":null,"method":"POST","target":"rpc:available_stock","duration_ms":1,"err":{"name":"Error","message":"During prerendering, fetch() rejects when the prerender is complete. Typically these errors are handled by React but if you move fetch() to a different context by using `setTimeout`, `after`, or similar functions you may observe this error and you should handle it in that context. This occurred at route \"/product/[slug]\".","stack":"Error: During prerendering, fetch() rejects when the prerender is complete. Typically these errors are handled by React but if you move fetch() to a different context by using `setTimeout`, `after`, or similar functions you may observe this error and you should handle it in that context. This occurred at route \"/product/[slug]\".\n    at eu (/Users/ofir/kenyonexpress-autopilot/.next/server/chunks/[root-of-the-server]__1jlk8z1._.js:2:58687)\n    at /Users/ofir/kenyonexpress-autopilot/.next/server/chunks/[root-of-the-server]__1jlk8z1._.js:2:87004\n    at /Users/ofir/kenyonexpress-autopilot/.next/server/chunks/[root-of-the-server]__1jlk8z1._.js:2:54057\n    at /Users/ofir/kenyonexpress-autopilot/.next/server/chunks/[root-of-the-server]__1jlk8z1._.js:2:54347\n    at Object.with (/Users/ofir/kenyonexpress-autopilot/.next/server/chunks/[root-of-the-server]__1jlk8z1._.js:2:4124)\n    at S.with (/Users/ofir/kenyonexpress-autopilot/.next/server/chunks/[root-of-the-server]__1jlk8z1._.js:2:4450)\n    at G.startActiveSpan (/Users/ofir/kenyonexpress-autopilot/.next/server/chunks/[root-of-the-server]__1jlk8z1._.js:2:6806)\n    at H.startActiveSpan (/Users/ofir/kenyonexpress-autopilot/.next/server/chunks/[root-of-the-server]__1jlk8z1._.js:2:7045)\n    at e.runWithActiveSpan (/Users/ofir/kenyonexpress-autopilot/.next/server/chunks/[root-of-the-server]__1jlk8z1._.js:2:54324)\n    at /Users/ofir/kenyonexpress-autopilot/.next/server/chunks/[root-of-the-server]__1jlk8z1._.js:2:53577\n    at Object.with (/Users/ofir/kenyonexpress-autopilot/.next/server/chunks/[root-of-the-server]__1jlk8z1._.js:2:4124)\n    at S.with (/Users/ofir/kenyonexpress-autopilot/.next/server/chunks/[root-of-the-server]__1jlk8z1._.js:2:4450)\n    at e.trace (/Users/ofir/kenyonexpress-autopilot/.next/server/chunks/[root-of-the-server]__1jlk8z1._.js:2:53551)\n    at fetch (/Users/ofir/kenyonexpress-autopilot/.next/server/chunks/[root-of-the-server]__1jlk8z1._.js:2:84044)\n    at /Users/ofir/kenyonexpress-autopilot/.next/server/chun","digest":"HANGING_PROMISE_REJECTION"}}
{"ts":"2026-10-07T18:55:09.220Z","level":"error","event":"db.query_failed","request_id":null,"method":"GET","target":"products","duration_ms":1,"err":{"name":"Error","message":"During prerendering, fetch() rejects when the prerender is complete. Typically these errors are handled by React but if you move fetch() to a different context by using `setTimeout`, `after`, or similar functions you may observe this error and you should handle it in that context. This occurred at route \"/product/[slug]\".","stack":"Error: During prerendering, fetch() rejects when the prerender is complete. Typically these errors are handled by React but if you move fetch() to a different context by using `setTimeout`, `after`, or similar functions you may observe this error and you should handle it in that context. This occurred at route \"/product/[slug]\".\n    at eu (/Users/ofir/kenyonexpress-autopilot/.next/server/chunks/[root-of-the-server]__1jlk8z1._.js:2:58687)\n    at /Users/ofir/kenyonexpress-autopilot/.next/server/chunks/[root-of-the-server]__1jlk8z1._.js:2:87004\n    at /Users/ofir/kenyonexpress-autopilot/.next/server/chunks/[root-of-the-server]__1jlk8z1._.js:2:54057\n    at /Users/ofir/kenyonexpress-autopilot/.next/server/chunks/[root-of-the-server]__1jlk8z1._.js:2:54347\n    at Object.with (/Users/ofir/kenyonexpress-autopilot/.next/server/chunks/[root-of-the-server]__1jlk8z1._.js:2:4124)\n    at S.with (/Users/ofir/kenyonexpress-autopilot/.next/server/chunks/[root-of-the-server]__1jlk8z1._.js:2:4450)\n    at G.startActiveSpan (/Users/ofir/kenyonexpress-autopilot/.next/server/chunks/[root-of-the-server]__1jlk8z1._.js:2:6806)\n    at H.startActiveSpan (/Users/ofir/kenyonexpress-autopilot/.next/server/chunks/[root-of-the-server]__1jlk8z1._.js:2:7045)\n    at e.runWithActiveSpan (/Users/ofir/kenyonexpress-autopilot/.next/server/chunks/[root-of-the-server]__1jlk8z1._.js:2:54324)\n    at /Users/ofir/kenyonexpress-autopilot/.next/server/chunks/[root-of-the-server]__1jlk8z1._.js:2:53577\n    at Object.with (/Users/ofir/kenyonexpress-autopilot/.next/server/chunks/[root-of-the-server]__1jlk8z1._.js:2:4124)\n    at S.with (/Users/ofir/kenyonexpress-autopilot/.next/server/chunks/[root-of-the-server]__1jlk8z1._.js:2:4450)\n    at e.trace (/Users/ofir/kenyonexpress-autopilot/.next/server/chunks/[root-of-the-server]__1jlk8z1._.js:2:53551)\n    at fetch (/Users/ofir/kenyonexpress-autopilot/.next/server/chunks/[root-of-the-server]__1jlk8z1._.js:2:84044)\n    at /Users/ofir/kenyonexpress-autopilot/.next/server/chun","digest":"HANGING_PROMISE_REJECTION"}}
{"ts":"2026-10-07T18:55:09.223Z","level":"warn","event":"db.query_slow","request_id":null,"method":"GET","target":"categories","status":200,"duration_ms":349,"threshold_ms":300}
{"ts":"2026-10-07T18:55:09.227Z","level":"error","event":"db.query_failed","request_id":null,"method":"POST","target":"rpc:available_stock","duration_ms":1,"err":{"name":"Error","message":"During prerendering, fetch() rejects when the prerender is complete. Typically these errors are handled by React but if you move fetch() to a different context by using `setTimeout`, `after`, or similar functions you may observe this error and you should handle it in that context. This occurred at route \"/product/[slug]\".","stack":"Error: During prerendering, fetch() rejects when the prerender is complete. Typically these errors are handled by React but if you move fetch() to a different context by using `setTimeout`, `after`, or similar functions you may observe this error and you should handle it in that context. This occurred at route \"/product/[slug]\".\n    at eu (/Users/ofir/kenyonexpress-autopilot/.next/server/chunks/[root-of-the-server]__1jlk8z1._.js:2:58687)\n    at /Users/ofir/kenyonexpress-autopilot/.next/server/chunks/[root-of-the-server]__1jlk8z1._.js:2:87004\n    at /Users/ofir/kenyonexpress-autopilot/.next/server/chunks/[root-of-the-server]__1jlk8z1._.js:2:54057\n    at /Users/ofir/kenyonexpress-autopilot/.next/server/chunks/[root-of-the-server]__1jlk8z1._.js:2:54347\n    at Object.with (/Users/ofir/kenyonexpress-autopilot/.next/server/chunks/[root-of-the-server]__1jlk8z1._.js:2:4124)\n    at S.with (/Users/ofir/kenyonexpress-autopilot/.next/server/chunks/[root-of-the-server]__1jlk8z1._.js:2:4450)\n    at G.startActiveSpan (/Users/ofir/kenyonexpress-autopilot/.next/server/chunks/[root-of-the-server]__1jlk8z1._.js:2:6806)\n    at H.startActiveSpan (/Users/ofir/kenyonexpress-autopilot/.next/server/chunks/[root-of-the-server]__1jlk8z1._.js:2:7045)\n    at e.runWithActiveSpan (/Users/ofir/kenyonexpress-autopilot/.next/server/chunks/[root-of-the-server]__1jlk8z1._.js:2:54324)\n    at /Users/ofir/kenyonexpress-autopilot/.next/server/chunks/[root-of-the-server]__1jlk8z1._.js:2:53577\n    at Object.with (/Users/ofir/kenyonexpress-autopilot/.next/server/chunks/[root-of-the-server]__1jlk8z1._.js:2:4124)\n    at S.with (/Users/ofir/kenyonexpress-autopilot/.next/server/chunks/[root-of-the-server]__1jlk8z1._.js:2:4450)\n    at e.trace (/Users/ofir/kenyonexpress-autopilot/.next/server/chunks/[root-of-the-server]__1jlk8z1._.js:2:53551)\n    at fetch (/Users/ofir/kenyonexpress-autopilot/.next/server/chunks/[root-of-the-server]__1jlk8z1._.js:2:84044)\n    at /Users/ofir/kenyonexpress-autopilot/.next/server/chun","digest":"HANGING_PROMISE_REJECTION"}}
{"ts":"2026-10-07T18:55:09.227Z","level":"error","event":"db.query_failed","request_id":null,"method":"GET","target":"products","duration_ms":1,"err":{"name":"Error","message":"During prerendering, fetch() rejects when the prerender is complete. Typically these errors are handled by React but if you move fetch() to a different context by using `setTimeout`, `after`, or similar functions you may observe this error and you should handle it in that context. This occurred at route \"/product/[slug]\".","stack":"Error: During prerendering, fetch() rejects when the prerender is complete. Typically these errors are handled by React but if you move fetch() to a different context by using `setTimeout`, `after`, or similar functions you may observe this error and you should handle it in that context. This occurred at route \"/product/[slug]\".\n    at eu (/Users/ofir/kenyonexpress-autopilot/.next/server/chunks/[root-of-the-server]__1jlk8z1._.js:2:58687)\n    at /Users/ofir/kenyonexpress-autopilot/.next/server/chunks/[root-of-the-server]__1jlk8z1._.js:2:87004\n    at /Users/ofir/kenyonexpress-autopilot/.next/server/chunks/[root-of-the-server]__1jlk8z1._.js:2:54057\n    at /Users/ofir/kenyonexpress-autopilot/.next/server/chunks/[root-of-the-server]__1jlk8z1._.js:2:54347\n    at Object.with (/Users/ofir/kenyonexpress-autopilot/.next/server/chunks/[root-of-the-server]__1jlk8z1._.js:2:4124)\n    at S.with (/Users/ofir/kenyonexpress-autopilot/.next/server/chunks/[root-of-the-server]__1jlk8z1._.js:2:4450)\n    at G.startActiveSpan (/Users/ofir/kenyonexpress-autopilot/.next/server/chunks/[root-of-the-server]__1jlk8z1._.js:2:6806)\n    at H.startActiveSpan (/Users/ofir/kenyonexpress-autopilot/.next/server/chunks/[root-of-the-server]__1jlk8z1._.js:2:7045)\n    at e.runWithActiveSpan (/Users/ofir/kenyonexpress-autopilot/.next/server/chunks/[root-of-the-server]__1jlk8z1._.js:2:54324)\n    at /Users/ofir/kenyonexpress-autopilot/.next/server/chunks/[root-of-the-server]__1jlk8z1._.js:2:53577\n    at Object.with (/Users/ofir/kenyonexpress-autopilot/.next/server/chunks/[root-of-the-server]__1jlk8z1._.js:2:4124)\n    at S.with (/Users/ofir/kenyonexpress-autopilot/.next/server/chunks/[root-of-the-server]__1jlk8z1._.js:2:4450)\n    at e.trace (/Users/ofir/kenyonexpress-autopilot/.next/server/chunks/[root-of-the-server]__1jlk8z1._.js:2:53551)\n    at fetch (/Users/ofir/kenyonexpress-autopilot/.next/server/chunks/[root-of-the-server]__1jlk8z1._.js:2:84044)\n    at /Users/ofir/kenyonexpress-autopilot/.next/server/chun","digest":"HANGING_PROMISE_REJECTION"}}
{"ts":"2026-10-07T18:55:09.232Z","level":"error","event":"db.query_failed","request_id":null,"method":"POST","target":"rpc:available_stock","duration_ms":908,"err":{"name":"Error","message":"During prerendering, fetch() rejects when the prerender is complete. Typically these errors are handled by React but if you move fetch() to a different context by using `setTimeout`, `after`, or similar functions you may observe this error and you should handle it in that context. This occurred at route \"/product/[slug]\".","stack":"Error: During prerendering, fetch() rejects when the prerender is complete. Typically these errors are handled by React but if you move fetch() to a different context by using `setTimeout`, `after`, or similar functions you may observe this error and you should handle it in that context. This occurred at route \"/product/[slug]\".\n    at eu (/Users/ofir/kenyonexpress-autopilot/.next/server/chunks/[root-of-the-server]__1jlk8z1._.js:2:58687)\n    at /Users/ofir/kenyonexpress-autopilot/.next/server/chunks/[root-of-the-server]__1jlk8z1._.js:2:87004\n    at /Users/ofir/kenyonexpress-autopilot/.next/server/chunks/[root-of-the-server]__1jlk8z1._.js:2:54057\n    at /Users/ofir/kenyonexpress-autopilot/.next/server/chunks/[root-of-the-server]__1jlk8z1._.js:2:54347\n    at Object.with (/Users/ofir/kenyonexpress-autopilot/.next/server/chunks/[root-of-the-server]__1jlk8z1._.js:2:4124)\n    at S.with (/Users/ofir/kenyonexpress-autopilot/.next/server/chunks/[root-of-the-server]__1jlk8z1._.js:2:4450)\n    at G.startActiveSpan (/Users/ofir/kenyonexpress-autopilot/.next/server/chunks/[root-of-the-server]__1jlk8z1._.js:2:6806)\n    at H.startActiveSpan (/Users/ofir/kenyonexpress-autopilot/.next/server/chunks/[root-of-the-server]__1jlk8z1._.js:2:7045)\n    at e.runWithActiveSpan (/Users/ofir/kenyonexpress-autopilot/.next/server/chunks/[root-of-the-server]__1jlk8z1._.js:2:54324)\n    at /Users/ofir/kenyonexpress-autopilot/.next/server/chunks/[root-of-the-server]__1jlk8z1._.js:2:53577\n    at Object.with (/Users/ofir/kenyonexpress-autopilot/.next/server/chunks/[root-of-the-server]__1jlk8z1._.js:2:4124)\n    at S.with (/Users/ofir/kenyonexpress-autopilot/.next/server/chunks/[root-of-the-server]__1jlk8z1._.js:2:4450)\n    at e.trace (/Users/ofir/kenyonexpress-autopilot/.next/server/chunks/[root-of-the-server]__1jlk8z1._.js:2:53551)\n    at fetch (/Users/ofir/kenyonexpress-autopilot/.next/server/chunks/[root-of-the-server]__1jlk8z1._.js:2:84044)\n    at /Users/ofir/kenyonexpress-autopilot/.next/server/chun","digest":"HANGING_PROMISE_REJECTION"}}
{"ts":"2026-10-07T18:55:09.232Z","level":"error","event":"db.query_failed","request_id":null,"method":"GET","target":"products","duration_ms":907,"err":{"name":"Error","message":"During prerendering, fetch() rejects when the prerender is complete. Typically these errors are handled by React but if you move fetch() to a different context by using `setTimeout`, `after`, or similar functions you may observe this error and you should handle it in that context. This occurred at route \"/product/[slug]\".","stack":"Error: During prerendering, fetch() rejects when the prerender is complete. Typically these errors are handled by React but if you move fetch() to a different context by using `setTimeout`, `after`, or similar functions you may observe this error and you should handle it in that context. This occurred at route \"/product/[slug]\".\n    at eu (/Users/ofir/kenyonexpress-autopilot/.next/server/chunks/[root-of-the-server]__1jlk8z1._.js:2:58687)\n    at /Users/ofir/kenyonexpress-autopilot/.next/server/chunks/[root-of-the-server]__1jlk8z1._.js:2:87004\n    at /Users/ofir/kenyonexpress-autopilot/.next/server/chunks/[root-of-the-server]__1jlk8z1._.js:2:54057\n    at /Users/ofir/kenyonexpress-autopilot/.next/server/chunks/[root-of-the-server]__1jlk8z1._.js:2:54347\n    at Object.with (/Users/ofir/kenyonexpress-autopilot/.next/server/chunks/[root-of-the-server]__1jlk8z1._.js:2:4124)\n    at S.with (/Users/ofir/kenyonexpress-autopilot/.next/server/chunks/[root-of-the-server]__1jlk8z1._.js:2:4450)\n    at G.startActiveSpan (/Users/ofir/kenyonexpress-autopilot/.next/server/chunks/[root-of-the-server]__1jlk8z1._.js:2:6806)\n    at H.startActiveSpan (/Users/ofir/kenyonexpress-autopilot/.next/server/chunks/[root-of-the-server]__1jlk8z1._.js:2:7045)\n    at e.runWithActiveSpan (/Users/ofir/kenyonexpress-autopilot/.next/server/chunks/[root-of-the-server]__1jlk8z1._.js:2:54324)\n    at /Users/ofir/kenyonexpress-autopilot/.next/server/chunks/[root-of-the-server]__1jlk8z1._.js:2:53577\n    at Object.with (/Users/ofir/kenyonexpress-autopilot/.next/server/chunks/[root-of-the-server]__1jlk8z1._.js:2:4124)\n    at S.with (/Users/ofir/kenyonexpress-autopilot/.next/server/chunks/[root-of-the-server]__1jlk8z1._.js:2:4450)\n    at e.trace (/Users/ofir/kenyonexpress-autopilot/.next/server/chunks/[root-of-the-server]__1jlk8z1._.js:2:53551)\n    at fetch (/Users/ofir/kenyonexpress-autopilot/.next/server/chunks/[root-of-the-server]__1jlk8z1._.js:2:84044)\n    at /Users/ofir/kenyonexpress-autopilot/.next/server/chun","digest":"HANGING_PROMISE_REJECTION"}}
{"ts":"2026-10-07T18:55:09.250Z","level":"error","event":"db.query_failed","request_id":null,"method":"POST","target":"rpc:available_stock","duration_ms":1,"err":{"name":"Error","message":"During prerendering, fetch() rejects when the prerender is complete. Typically these errors are handled by React but if you move fetch() to a different context by using `setTimeout`, `after`, or similar functions you may observe this error and you should handle it in that context. This occurred at route \"/product/[slug]\".","stack":"Error: During prerendering, fetch() rejects when the prerender is complete. Typically these errors are handled by React but if you move fetch() to a different context by using `setTimeout`, `after`, or similar functions you may observe this error and you should handle it in that context. This occurred at route \"/product/[slug]\".\n    at eu (/Users/ofir/kenyonexpress-autopilot/.next/server/chunks/[root-of-the-server]__1jlk8z1._.js:2:58687)\n    at /Users/ofir/kenyonexpress-autopilot/.next/server/chunks/[root-of-the-server]__1jlk8z1._.js:2:87004\n    at /Users/ofir/kenyonexpress-autopilot/.next/server/chunks/[root-of-the-server]__1jlk8z1._.js:2:54057\n    at /Users/ofir/kenyonexpress-autopilot/.next/server/chunks/[root-of-the-server]__1jlk8z1._.js:2:54347\n    at Object.with (/Users/ofir/kenyonexpress-autopilot/.next/server/chunks/[root-of-the-server]__1jlk8z1._.js:2:4124)\n    at S.with (/Users/ofir/kenyonexpress-autopilot/.next/server/chunks/[root-of-the-server]__1jlk8z1._.js:2:4450)\n    at G.startActiveSpan (/Users/ofir/kenyonexpress-autopilot/.next/server/chunks/[root-of-the-server]__1jlk8z1._.js:2:6806)\n    at H.startActiveSpan (/Users/ofir/kenyonexpress-autopilot/.next/server/chunks/[root-of-the-server]__1jlk8z1._.js:2:7045)\n    at e.runWithActiveSpan (/Users/ofir/kenyonexpress-autopilot/.next/server/chunks/[root-of-the-server]__1jlk8z1._.js:2:54324)\n    at /Users/ofir/kenyonexpress-autopilot/.next/server/chunks/[root-of-the-server]__1jlk8z1._.js:2:53577\n    at Object.with (/Users/ofir/kenyonexpress-autopilot/.next/server/chunks/[root-of-the-server]__1jlk8z1._.js:2:4124)\n    at S.with (/Users/ofir/kenyonexpress-autopilot/.next/server/chunks/[root-of-the-server]__1jlk8z1._.js:2:4450)\n    at e.trace (/Users/ofir/kenyonexpress-autopilot/.next/server/chunks/[root-of-the-server]__1jlk8z1._.js:2:53551)\n    at fetch (/Users/ofir/kenyonexpress-autopilot/.next/server/chunks/[root-of-the-server]__1jlk8z1._.js:2:84044)\n    at /Users/ofir/kenyonexpress-autopilot/.next/server/chun","digest":"HANGING_PROMISE_REJECTION"}}
{"ts":"2026-10-07T18:55:09.250Z","level":"error","event":"db.query_failed","request_id":null,"method":"GET","target":"products","duration_ms":1,"err":{"name":"Error","message":"During prerendering, fetch() rejects when the prerender is complete. Typically these errors are handled by React but if you move fetch() to a different context by using `setTimeout`, `after`, or similar functions you may observe this error and you should handle it in that context. This occurred at route \"/product/[slug]\".","stack":"Error: During prerendering, fetch() rejects when the prerender is complete. Typically these errors are handled by React but if you move fetch() to a different context by using `setTimeout`, `after`, or similar functions you may observe this error and you should handle it in that context. This occurred at route \"/product/[slug]\".\n    at eu (/Users/ofir/kenyonexpress-autopilot/.next/server/chunks/[root-of-the-server]__1jlk8z1._.js:2:58687)\n    at /Users/ofir/kenyonexpress-autopilot/.next/server/chunks/[root-of-the-server]__1jlk8z1._.js:2:87004\n    at /Users/ofir/kenyonexpress-autopilot/.next/server/chunks/[root-of-the-server]__1jlk8z1._.js:2:54057\n    at /Users/ofir/kenyonexpress-autopilot/.next/server/chunks/[root-of-the-server]__1jlk8z1._.js:2:54347\n    at Object.with (/Users/ofir/kenyonexpress-autopilot/.next/server/chunks/[root-of-the-server]__1jlk8z1._.js:2:4124)\n    at S.with (/Users/ofir/kenyonexpress-autopilot/.next/server/chunks/[root-of-the-server]__1jlk8z1._.js:2:4450)\n    at G.startActiveSpan (/Users/ofir/kenyonexpress-autopilot/.next/server/chunks/[root-of-the-server]__1jlk8z1._.js:2:6806)\n    at H.startActiveSpan (/Users/ofir/kenyonexpress-autopilot/.next/server/chunks/[root-of-the-server]__1jlk8z1._.js:2:7045)\n    at e.runWithActiveSpan (/Users/ofir/kenyonexpress-autopilot/.next/server/chunks/[root-of-the-server]__1jlk8z1._.js:2:54324)\n    at /Users/ofir/kenyonexpress-autopilot/.next/server/chunks/[root-of-the-server]__1jlk8z1._.js:2:53577\n    at Object.with (/Users/ofir/kenyonexpress-autopilot/.next/server/chunks/[root-of-the-server]__1jlk8z1._.js:2:4124)\n    at S.with (/Users/ofir/kenyonexpress-autopilot/.next/server/chunks/[root-of-the-server]__1jlk8z1._.js:2:4450)\n    at e.trace (/Users/ofir/kenyonexpress-autopilot/.next/server/chunks/[root-of-the-server]__1jlk8z1._.js:2:53551)\n    at fetch (/Users/ofir/kenyonexpress-autopilot/.next/server/chunks/[root-of-the-server]__1jlk8z1._.js:2:84044)\n    at /Users/ofir/kenyonexpress-autopilot/.next/server/chun","digest":"HANGING_PROMISE_REJECTION"}}
{"ts":"2026-10-07T18:55:09.289Z","level":"error","event":"db.query_failed","request_id":null,"method":"GET","target":"v_banners_live","duration_ms":1,"err":{"name":"Error","message":"During prerendering, fetch() rejects when the prerender is complete. Typically these errors are handled by React but if you move fetch() to a different context by using `setTimeout`, `after`, or similar functions you may observe this error and you should handle it in that context. This occurred at route \"/\".","stack":"Error: During prerendering, fetch() rejects when the prerender is complete. Typically these errors are handled by React but if you move fetch() to a different context by using `setTimeout`, `after`, or similar functions you may observe this error and you should handle it in that context. This occurred at route \"/\".\n    at eu (/Users/ofir/kenyonexpress-autopilot/.next/server/chunks/[root-of-the-server]__1jlk8z1._.js:2:58687)\n    at /Users/ofir/kenyonexpress-autopilot/.next/server/chunks/[root-of-the-server]__1jlk8z1._.js:2:87004\n    at /Users/ofir/kenyonexpress-autopilot/.next/server/chunks/[root-of-the-server]__1jlk8z1._.js:2:54057\n    at /Users/ofir/kenyonexpress-autopilot/.next/server/chunks/[root-of-the-server]__1jlk8z1._.js:2:54347\n    at Object.with (/Users/ofir/kenyonexpress-autopilot/.next/server/chunks/[root-of-the-server]__1jlk8z1._.js:2:4124)\n    at S.with (/Users/ofir/kenyonexpress-autopilot/.next/server/chunks/[root-of-the-server]__1jlk8z1._.js:2:4450)\n    at G.startActiveSpan (/Users/ofir/kenyonexpress-autopilot/.next/server/chunks/[root-of-the-server]__1jlk8z1._.js:2:6806)\n    at H.startActiveSpan (/Users/ofir/kenyonexpress-autopilot/.next/server/chunks/[root-of-the-server]__1jlk8z1._.js:2:7045)\n    at e.runWithActiveSpan (/Users/ofir/kenyonexpress-autopilot/.next/server/chunks/[root-of-the-server]__1jlk8z1._.js:2:54324)\n    at /Users/ofir/kenyonexpress-autopilot/.next/server/chunks/[root-of-the-server]__1jlk8z1._.js:2:53577\n    at Object.with (/Users/ofir/kenyonexpress-autopilot/.next/server/chunks/[root-of-the-server]__1jlk8z1._.js:2:4124)\n    at S.with (/Users/ofir/kenyonexpress-autopilot/.next/server/chunks/[root-of-the-server]__1jlk8z1._.js:2:4450)\n    at e.trace (/Users/ofir/kenyonexpress-autopilot/.next/server/chunks/[root-of-the-server]__1jlk8z1._.js:2:53551)\n    at fetch (/Users/ofir/kenyonexpress-autopilot/.next/server/chunks/[root-of-the-server]__1jlk8z1._.js:2:84044)\n    at /Users/ofir/kenyonexpress-autopilot/.next/server/chunks/ssr/src_lib","digest":"HANGING_PROMISE_REJECTION"}}
{"ts":"2026-10-07T18:55:09.290Z","level":"error","event":"db.query_failed","request_id":null,"method":"GET","target":"v_homepage_sections_live","duration_ms":0,"err":{"name":"Error","message":"During prerendering, fetch() rejects when the prerender is complete. Typically these errors are handled by React but if you move fetch() to a different context by using `setTimeout`, `after`, or similar functions you may observe this error and you should handle it in that context. This occurred at route \"/\".","stack":"Error: During prerendering, fetch() rejects when the prerender is complete. Typically these errors are handled by React but if you move fetch() to a different context by using `setTimeout`, `after`, or similar functions you may observe this error and you should handle it in that context. This occurred at route \"/\".\n    at eu (/Users/ofir/kenyonexpress-autopilot/.next/server/chunks/[root-of-the-server]__1jlk8z1._.js:2:58687)\n    at /Users/ofir/kenyonexpress-autopilot/.next/server/chunks/[root-of-the-server]__1jlk8z1._.js:2:87004\n    at /Users/ofir/kenyonexpress-autopilot/.next/server/chunks/[root-of-the-server]__1jlk8z1._.js:2:54057\n    at /Users/ofir/kenyonexpress-autopilot/.next/server/chunks/[root-of-the-server]__1jlk8z1._.js:2:54347\n    at Object.with (/Users/ofir/kenyonexpress-autopilot/.next/server/chunks/[root-of-the-server]__1jlk8z1._.js:2:4124)\n    at S.with (/Users/ofir/kenyonexpress-autopilot/.next/server/chunks/[root-of-the-server]__1jlk8z1._.js:2:4450)\n    at G.startActiveSpan (/Users/ofir/kenyonexpress-autopilot/.next/server/chunks/[root-of-the-server]__1jlk8z1._.js:2:6806)\n    at H.startActiveSpan (/Users/ofir/kenyonexpress-autopilot/.next/server/chunks/[root-of-the-server]__1jlk8z1._.js:2:7045)\n    at e.runWithActiveSpan (/Users/ofir/kenyonexpress-autopilot/.next/server/chunks/[root-of-the-server]__1jlk8z1._.js:2:54324)\n    at /Users/ofir/kenyonexpress-autopilot/.next/server/chunks/[root-of-the-server]__1jlk8z1._.js:2:53577\n    at Object.with (/Users/ofir/kenyonexpress-autopilot/.next/server/chunks/[root-of-the-server]__1jlk8z1._.js:2:4124)\n    at S.with (/Users/ofir/kenyonexpress-autopilot/.next/server/chunks/[root-of-the-server]__1jlk8z1._.js:2:4450)\n    at e.trace (/Users/ofir/kenyonexpress-autopilot/.next/server/chunks/[root-of-the-server]__1jlk8z1._.js:2:53551)\n    at fetch (/Users/ofir/kenyonexpress-autopilot/.next/server/chunks/[root-of-the-server]__1jlk8z1._.js:2:84044)\n    at /Users/ofir/kenyonexpress-autopilot/.next/server/chunks/ssr/src_lib","digest":"HANGING_PROMISE_REJECTION"}}
{"ts":"2026-10-07T18:55:09.342Z","level":"error","event":"db.query_failed","request_id":null,"method":"GET","target":"v_banners_live","duration_ms":0,"err":{"name":"Error","message":"During prerendering, fetch() rejects when the prerender is complete. Typically these errors are handled by React but if you move fetch() to a different context by using `setTimeout`, `after`, or similar functions you may observe this error and you should handle it in that context. This occurred at route \"/\".","stack":"Error: During prerendering, fetch() rejects when the prerender is complete. Typically these errors are handled by React but if you move fetch() to a different context by using `setTimeout`, `after`, or similar functions you may observe this error and you should handle it in that context. This occurred at route \"/\".\n    at eu (/Users/ofir/kenyonexpress-autopilot/.next/server/chunks/[root-of-the-server]__1jlk8z1._.js:2:58687)\n    at /Users/ofir/kenyonexpress-autopilot/.next/server/chunks/[root-of-the-server]__1jlk8z1._.js:2:87004\n    at /Users/ofir/kenyonexpress-autopilot/.next/server/chunks/[root-of-the-server]__1jlk8z1._.js:2:54057\n    at /Users/ofir/kenyonexpress-autopilot/.next/server/chunks/[root-of-the-server]__1jlk8z1._.js:2:54347\n    at Object.with (/Users/ofir/kenyonexpress-autopilot/.next/server/chunks/[root-of-the-server]__1jlk8z1._.js:2:4124)\n    at S.with (/Users/ofir/kenyonexpress-autopilot/.next/server/chunks/[root-of-the-server]__1jlk8z1._.js:2:4450)\n    at G.startActiveSpan (/Users/ofir/kenyonexpress-autopilot/.next/server/chunks/[root-of-the-server]__1jlk8z1._.js:2:6806)\n    at H.startActiveSpan (/Users/ofir/kenyonexpress-autopilot/.next/server/chunks/[root-of-the-server]__1jlk8z1._.js:2:7045)\n    at e.runWithActiveSpan (/Users/ofir/kenyonexpress-autopilot/.next/server/chunks/[root-of-the-server]__1jlk8z1._.js:2:54324)\n    at /Users/ofir/kenyonexpress-autopilot/.next/server/chunks/[root-of-the-server]__1jlk8z1._.js:2:53577\n    at Object.with (/Users/ofir/kenyonexpress-autopilot/.next/server/chunks/[root-of-the-server]__1jlk8z1._.js:2:4124)\n    at S.with (/Users/ofir/kenyonexpress-autopilot/.next/server/chunks/[root-of-the-server]__1jlk8z1._.js:2:4450)\n    at e.trace (/Users/ofir/kenyonexpress-autopilot/.next/server/chunks/[root-of-the-server]__1jlk8z1._.js:2:53551)\n    at fetch (/Users/ofir/kenyonexpress-autopilot/.next/server/chunks/[root-of-the-server]__1jlk8z1._.js:2:84044)\n    at /Users/ofir/kenyonexpress-autopilot/.next/server/chunks/ssr/src_lib","digest":"HANGING_PROMISE_REJECTION"}}
{"ts":"2026-10-07T18:55:09.343Z","level":"error","event":"db.query_failed","request_id":null,"method":"GET","target":"v_homepage_sections_live","duration_ms":0,"err":{"name":"Error","message":"During prerendering, fetch() rejects when the prerender is complete. Typically these errors are handled by React but if you move fetch() to a different context by using `setTimeout`, `after`, or similar functions you may observe this error and you should handle it in that context. This occurred at route \"/\".","stack":"Error: During prerendering, fetch() rejects when the prerender is complete. Typically these errors are handled by React but if you move fetch() to a different context by using `setTimeout`, `after`, or similar functions you may observe this error and you should handle it in that context. This occurred at route \"/\".\n    at eu (/Users/ofir/kenyonexpress-autopilot/.next/server/chunks/[root-of-the-server]__1jlk8z1._.js:2:58687)\n    at /Users/ofir/kenyonexpress-autopilot/.next/server/chunks/[root-of-the-server]__1jlk8z1._.js:2:87004\n    at /Users/ofir/kenyonexpress-autopilot/.next/server/chunks/[root-of-the-server]__1jlk8z1._.js:2:54057\n    at /Users/ofir/kenyonexpress-autopilot/.next/server/chunks/[root-of-the-server]__1jlk8z1._.js:2:54347\n    at Object.with (/Users/ofir/kenyonexpress-autopilot/.next/server/chunks/[root-of-the-server]__1jlk8z1._.js:2:4124)\n    at S.with (/Users/ofir/kenyonexpress-autopilot/.next/server/chunks/[root-of-the-server]__1jlk8z1._.js:2:4450)\n    at G.startActiveSpan (/Users/ofir/kenyonexpress-autopilot/.next/server/chunks/[root-of-the-server]__1jlk8z1._.js:2:6806)\n    at H.startActiveSpan (/Users/ofir/kenyonexpress-autopilot/.next/server/chunks/[root-of-the-server]__1jlk8z1._.js:2:7045)\n    at e.runWithActiveSpan (/Users/ofir/kenyonexpress-autopilot/.next/server/chunks/[root-of-the-server]__1jlk8z1._.js:2:54324)\n    at /Users/ofir/kenyonexpress-autopilot/.next/server/chunks/[root-of-the-server]__1jlk8z1._.js:2:53577\n    at Object.with (/Users/ofir/kenyonexpress-autopilot/.next/server/chunks/[root-of-the-server]__1jlk8z1._.js:2:4124)\n    at S.with (/Users/ofir/kenyonexpress-autopilot/.next/server/chunks/[root-of-the-server]__1jlk8z1._.js:2:4450)\n    at e.trace (/Users/ofir/kenyonexpress-autopilot/.next/server/chunks/[root-of-the-server]__1jlk8z1._.js:2:53551)\n    at fetch (/Users/ofir/kenyonexpress-autopilot/.next/server/chunks/[root-of-the-server]__1jlk8z1._.js:2:84044)\n    at /Users/ofir/kenyonexpress-autopilot/.next/server/chunks/ssr/src_lib","digest":"HANGING_PROMISE_REJECTION"}}
{"ts":"2026-10-07T18:55:09.392Z","level":"error","event":"db.query_failed","request_id":null,"method":"POST","target":"rpc:available_stock","duration_ms":1066,"err":{"name":"Error","message":"During prerendering, fetch() rejects when the prerender is complete. Typically these errors are handled by React but if you move fetch() to a different context by using `setTimeout`, `after`, or similar functions you may observe this error and you should handle it in that context. This occurred at route \"/product/[slug]\".","stack":"Error: During prerendering, fetch() rejects when the prerender is complete. Typically these errors are handled by React but if you move fetch() to a different context by using `setTimeout`, `after`, or similar functions you may observe this error and you should handle it in that context. This occurred at route \"/product/[slug]\".\n    at eu (/Users/ofir/kenyonexpress-autopilot/.next/server/chunks/[root-of-the-server]__1jlk8z1._.js:2:58687)\n    at /Users/ofir/kenyonexpress-autopilot/.next/server/chunks/[root-of-the-server]__1jlk8z1._.js:2:87004\n    at /Users/ofir/kenyonexpress-autopilot/.next/server/chunks/[root-of-the-server]__1jlk8z1._.js:2:54057\n    at /Users/ofir/kenyonexpress-autopilot/.next/server/chunks/[root-of-the-server]__1jlk8z1._.js:2:54347\n    at Object.with (/Users/ofir/kenyonexpress-autopilot/.next/server/chunks/[root-of-the-server]__1jlk8z1._.js:2:4124)\n    at S.with (/Users/ofir/kenyonexpress-autopilot/.next/server/chunks/[root-of-the-server]__1jlk8z1._.js:2:4450)\n    at G.startActiveSpan (/Users/ofir/kenyonexpress-autopilot/.next/server/chunks/[root-of-the-server]__1jlk8z1._.js:2:6806)\n    at H.startActiveSpan (/Users/ofir/kenyonexpress-autopilot/.next/server/chunks/[root-of-the-server]__1jlk8z1._.js:2:7045)\n    at e.runWithActiveSpan (/Users/ofir/kenyonexpress-autopilot/.next/server/chunks/[root-of-the-server]__1jlk8z1._.js:2:54324)\n    at /Users/ofir/kenyonexpress-autopilot/.next/server/chunks/[root-of-the-server]__1jlk8z1._.js:2:53577\n    at Object.with (/Users/ofir/kenyonexpress-autopilot/.next/server/chunks/[root-of-the-server]__1jlk8z1._.js:2:4124)\n    at S.with (/Users/ofir/kenyonexpress-autopilot/.next/server/chunks/[root-of-the-server]__1jlk8z1._.js:2:4450)\n    at e.trace (/Users/ofir/kenyonexpress-autopilot/.next/server/chunks/[root-of-the-server]__1jlk8z1._.js:2:53551)\n    at fetch (/Users/ofir/kenyonexpress-autopilot/.next/server/chunks/[root-of-the-server]__1jlk8z1._.js:2:84044)\n    at /Users/ofir/kenyonexpress-autopilot/.next/server/chun","digest":"HANGING_PROMISE_REJECTION"}}
{"ts":"2026-10-07T18:55:09.392Z","level":"error","event":"db.query_failed","request_id":null,"method":"GET","target":"products","duration_ms":1066,"err":{"name":"Error","message":"During prerendering, fetch() rejects when the prerender is complete. Typically these errors are handled by React but if you move fetch() to a different context by using `setTimeout`, `after`, or similar functions you may observe this error and you should handle it in that context. This occurred at route \"/product/[slug]\".","stack":"Error: During prerendering, fetch() rejects when the prerender is complete. Typically these errors are handled by React but if you move fetch() to a different context by using `setTimeout`, `after`, or similar functions you may observe this error and you should handle it in that context. This occurred at route \"/product/[slug]\".\n    at eu (/Users/ofir/kenyonexpress-autopilot/.next/server/chunks/[root-of-the-server]__1jlk8z1._.js:2:58687)\n    at /Users/ofir/kenyonexpress-autopilot/.next/server/chunks/[root-of-the-server]__1jlk8z1._.js:2:87004\n    at /Users/ofir/kenyonexpress-autopilot/.next/server/chunks/[root-of-the-server]__1jlk8z1._.js:2:54057\n    at /Users/ofir/kenyonexpress-autopilot/.next/server/chunks/[root-of-the-server]__1jlk8z1._.js:2:54347\n    at Object.with (/Users/ofir/kenyonexpress-autopilot/.next/server/chunks/[root-of-the-server]__1jlk8z1._.js:2:4124)\n    at S.with (/Users/ofir/kenyonexpress-autopilot/.next/server/chunks/[root-of-the-server]__1jlk8z1._.js:2:4450)\n    at G.startActiveSpan (/Users/ofir/kenyonexpress-autopilot/.next/server/chunks/[root-of-the-server]__1jlk8z1._.js:2:6806)\n    at H.startActiveSpan (/Users/ofir/kenyonexpress-autopilot/.next/server/chunks/[root-of-the-server]__1jlk8z1._.js:2:7045)\n    at e.runWithActiveSpan (/Users/ofir/kenyonexpress-autopilot/.next/server/chunks/[root-of-the-server]__1jlk8z1._.js:2:54324)\n    at /Users/ofir/kenyonexpress-autopilot/.next/server/chunks/[root-of-the-server]__1jlk8z1._.js:2:53577\n    at Object.with (/Users/ofir/kenyonexpress-autopilot/.next/server/chunks/[root-of-the-server]__1jlk8z1._.js:2:4124)\n    at S.with (/Users/ofir/kenyonexpress-autopilot/.next/server/chunks/[root-of-the-server]__1jlk8z1._.js:2:4450)\n    at e.trace (/Users/ofir/kenyonexpress-autopilot/.next/server/chunks/[root-of-the-server]__1jlk8z1._.js:2:53551)\n    at fetch (/Users/ofir/kenyonexpress-autopilot/.next/server/chunks/[root-of-the-server]__1jlk8z1._.js:2:84044)\n    at /Users/ofir/kenyonexpress-autopilot/.next/server/chun","digest":"HANGING_PROMISE_REJECTION"}}
{"ts":"2026-10-07T18:55:09.410Z","level":"error","event":"db.query_failed","request_id":null,"method":"POST","target":"rpc:available_stock","duration_ms":1,"err":{"name":"Error","message":"During prerendering, fetch() rejects when the prerender is complete. Typically these errors are handled by React but if you move fetch() to a different context by using `setTimeout`, `after`, or similar functions you may observe this error and you should handle it in that context. This occurred at route \"/product/[slug]\".","stack":"Error: During prerendering, fetch() rejects when the prerender is complete. Typically these errors are handled by React but if you move fetch() to a different context by using `setTimeout`, `after`, or similar functions you may observe this error and you should handle it in that context. This occurred at route \"/product/[slug]\".\n    at eu (/Users/ofir/kenyonexpress-autopilot/.next/server/chunks/[root-of-the-server]__1jlk8z1._.js:2:58687)\n    at /Users/ofir/kenyonexpress-autopilot/.next/server/chunks/[root-of-the-server]__1jlk8z1._.js:2:87004\n    at /Users/ofir/kenyonexpress-autopilot/.next/server/chunks/[root-of-the-server]__1jlk8z1._.js:2:54057\n    at /Users/ofir/kenyonexpress-autopilot/.next/server/chunks/[root-of-the-server]__1jlk8z1._.js:2:54347\n    at Object.with (/Users/ofir/kenyonexpress-autopilot/.next/server/chunks/[root-of-the-server]__1jlk8z1._.js:2:4124)\n    at S.with (/Users/ofir/kenyonexpress-autopilot/.next/server/chunks/[root-of-the-server]__1jlk8z1._.js:2:4450)\n    at G.startActiveSpan (/Users/ofir/kenyonexpress-autopilot/.next/server/chunks/[root-of-the-server]__1jlk8z1._.js:2:6806)\n    at H.startActiveSpan (/Users/ofir/kenyonexpress-autopilot/.next/server/chunks/[root-of-the-server]__1jlk8z1._.js:2:7045)\n    at e.runWithActiveSpan (/Users/ofir/kenyonexpress-autopilot/.next/server/chunks/[root-of-the-server]__1jlk8z1._.js:2:54324)\n    at /Users/ofir/kenyonexpress-autopilot/.next/server/chunks/[root-of-the-server]__1jlk8z1._.js:2:53577\n    at Object.with (/Users/ofir/kenyonexpress-autopilot/.next/server/chunks/[root-of-the-server]__1jlk8z1._.js:2:4124)\n    at S.with (/Users/ofir/kenyonexpress-autopilot/.next/server/chunks/[root-of-the-server]__1jlk8z1._.js:2:4450)\n    at e.trace (/Users/ofir/kenyonexpress-autopilot/.next/server/chunks/[root-of-the-server]__1jlk8z1._.js:2:53551)\n    at fetch (/Users/ofir/kenyonexpress-autopilot/.next/server/chunks/[root-of-the-server]__1jlk8z1._.js:2:84044)\n    at /Users/ofir/kenyonexpress-autopilot/.next/server/chun","digest":"HANGING_PROMISE_REJECTION"}}
{"ts":"2026-10-07T18:55:09.410Z","level":"error","event":"db.query_failed","request_id":null,"method":"GET","target":"products","duration_ms":1,"err":{"name":"Error","message":"During prerendering, fetch() rejects when the prerender is complete. Typically these errors are handled by React but if you move fetch() to a different context by using `setTimeout`, `after`, or similar functions you may observe this error and you should handle it in that context. This occurred at route \"/product/[slug]\".","stack":"Error: During prerendering, fetch() rejects when the prerender is complete. Typically these errors are handled by React but if you move fetch() to a different context by using `setTimeout`, `after`, or similar functions you may observe this error and you should handle it in that context. This occurred at route \"/product/[slug]\".\n    at eu (/Users/ofir/kenyonexpress-autopilot/.next/server/chunks/[root-of-the-server]__1jlk8z1._.js:2:58687)\n    at /Users/ofir/kenyonexpress-autopilot/.next/server/chunks/[root-of-the-server]__1jlk8z1._.js:2:87004\n    at /Users/ofir/kenyonexpress-autopilot/.next/server/chunks/[root-of-the-server]__1jlk8z1._.js:2:54057\n    at /Users/ofir/kenyonexpress-autopilot/.next/server/chunks/[root-of-the-server]__1jlk8z1._.js:2:54347\n    at Object.with (/Users/ofir/kenyonexpress-autopilot/.next/server/chunks/[root-of-the-server]__1jlk8z1._.js:2:4124)\n    at S.with (/Users/ofir/kenyonexpress-autopilot/.next/server/chunks/[root-of-the-server]__1jlk8z1._.js:2:4450)\n    at G.startActiveSpan (/Users/ofir/kenyonexpress-autopilot/.next/server/chunks/[root-of-the-server]__1jlk8z1._.js:2:6806)\n    at H.startActiveSpan (/Users/ofir/kenyonexpress-autopilot/.next/server/chunks/[root-of-the-server]__1jlk8z1._.js:2:7045)\n    at e.runWithActiveSpan (/Users/ofir/kenyonexpress-autopilot/.next/server/chunks/[root-of-the-server]__1jlk8z1._.js:2:54324)\n    at /Users/ofir/kenyonexpress-autopilot/.next/server/chunks/[root-of-the-server]__1jlk8z1._.js:2:53577\n    at Object.with (/Users/ofir/kenyonexpress-autopilot/.next/server/chunks/[root-of-the-server]__1jlk8z1._.js:2:4124)\n    at S.with (/Users/ofir/kenyonexpress-autopilot/.next/server/chunks/[root-of-the-server]__1jlk8z1._.js:2:4450)\n    at e.trace (/Users/ofir/kenyonexpress-autopilot/.next/server/chunks/[root-of-the-server]__1jlk8z1._.js:2:53551)\n    at fetch (/Users/ofir/kenyonexpress-autopilot/.next/server/chunks/[root-of-the-server]__1jlk8z1._.js:2:84044)\n    at /Users/ofir/kenyonexpress-autopilot/.next/server/chun","digest":"HANGING_PROMISE_REJECTION"}}
{"ts":"2026-10-07T18:55:09.412Z","level":"error","event":"db.query_failed","request_id":null,"method":"POST","target":"rpc:available_stock","duration_ms":1758,"err":{"name":"Error","message":"During prerendering, fetch() rejects when the prerender is complete. Typically these errors are handled by React but if you move fetch() to a different context by using `setTimeout`, `after`, or similar functions you may observe this error and you should handle it in that context. This occurred at route \"/coupon/[slug]\".","stack":"Error: During prerendering, fetch() rejects when the prerender is complete. Typically these errors are handled by React but if you move fetch() to a different context by using `setTimeout`, `after`, or similar functions you may observe this error and you should handle it in that context. This occurred at route \"/coupon/[slug]\".\n    at /Users/ofir/kenyonexpress-autopilot/.next/server/chunks/ssr/[root-of-the-server]__1_aa14n._.js:2:23832\n    at /Users/ofir/kenyonexpress-autopilot/.next/server/chunks/ssr/[root-of-the-server]__1_aa14n._.js:11:48366\n    at /Users/ofir/kenyonexpress-autopilot/.next/server/chunks/ssr/[root-of-the-server]__1_aa14n._.js:11:66894\n    at /Users/ofir/kenyonexpress-autopilot/.next/server/chunks/ssr/[root-of-the-server]__1_aa14n._.js:11:67121\n    at Object.with (/Users/ofir/kenyonexpress-autopilot/.next/server/chunks/ssr/0sj1_@opentelemetry_api_build_esm_1_uv6rc._.js:2:3907)\n    at v.with (/Users/ofir/kenyonexpress-autopilot/.next/server/chunks/ssr/0sj1_@opentelemetry_api_build_esm_1_uv6rc._.js:2:4233)\n    at P.startActiveSpan (/Users/ofir/kenyonexpress-autopilot/.next/server/chunks/ssr/0sj1_@opentelemetry_api_build_esm_1_uv6rc._.js:2:6588)\n    at R.startActiveSpan (/Users/ofir/kenyonexpress-autopilot/.next/server/chunks/ssr/0sj1_@opentelemetry_api_build_esm_1_uv6rc._.js:2:6827)\n    at a.runWithActiveSpan (/Users/ofir/kenyonexpress-autopilot/.next/server/chunks/ssr/[root-of-the-server]__1_aa14n._.js:11:67098)\n    at /Users/ofir/kenyonexpress-autopilot/.next/server/chunks/ssr/[root-of-the-server]__1_aa14n._.js:11:66397\n    at Object.with (/Users/ofir/kenyonexpress-autopilot/.next/server/chunks/ssr/0sj1_@opentelemetry_api_build_esm_1_uv6rc._.js:2:3907)\n    at v.with (/Users/ofir/kenyonexpress-autopilot/.next/server/chunks/ssr/0sj1_@opentelemetry_api_build_esm_1_uv6rc._.js:2:4233)\n    at a.trace (/Users/ofir/kenyonexpress-autopilot/.next/server/chunks/ssr/[root-of-the-server]__1_aa14n._.js:11:66371)\n    at fetch (/Users/ofir/kenyonexpress-autopilot/","digest":"HANGING_PROMISE_REJECTION"}}
{"ts":"2026-10-07T18:55:09.413Z","level":"error","event":"db.query_failed","request_id":null,"method":"GET","target":"products","duration_ms":1758,"err":{"name":"Error","message":"During prerendering, fetch() rejects when the prerender is complete. Typically these errors are handled by React but if you move fetch() to a different context by using `setTimeout`, `after`, or similar functions you may observe this error and you should handle it in that context. This occurred at route \"/coupon/[slug]\".","stack":"Error: During prerendering, fetch() rejects when the prerender is complete. Typically these errors are handled by React but if you move fetch() to a different context by using `setTimeout`, `after`, or similar functions you may observe this error and you should handle it in that context. This occurred at route \"/coupon/[slug]\".\n    at /Users/ofir/kenyonexpress-autopilot/.next/server/chunks/ssr/[root-of-the-server]__1_aa14n._.js:2:23832\n    at /Users/ofir/kenyonexpress-autopilot/.next/server/chunks/ssr/[root-of-the-server]__1_aa14n._.js:11:48366\n    at /Users/ofir/kenyonexpress-autopilot/.next/server/chunks/ssr/[root-of-the-server]__1_aa14n._.js:11:66894\n    at /Users/ofir/kenyonexpress-autopilot/.next/server/chunks/ssr/[root-of-the-server]__1_aa14n._.js:11:67121\n    at Object.with (/Users/ofir/kenyonexpress-autopilot/.next/server/chunks/ssr/0sj1_@opentelemetry_api_build_esm_1_uv6rc._.js:2:3907)\n    at v.with (/Users/ofir/kenyonexpress-autopilot/.next/server/chunks/ssr/0sj1_@opentelemetry_api_build_esm_1_uv6rc._.js:2:4233)\n    at P.startActiveSpan (/Users/ofir/kenyonexpress-autopilot/.next/server/chunks/ssr/0sj1_@opentelemetry_api_build_esm_1_uv6rc._.js:2:6588)\n    at R.startActiveSpan (/Users/ofir/kenyonexpress-autopilot/.next/server/chunks/ssr/0sj1_@opentelemetry_api_build_esm_1_uv6rc._.js:2:6827)\n    at a.runWithActiveSpan (/Users/ofir/kenyonexpress-autopilot/.next/server/chunks/ssr/[root-of-the-server]__1_aa14n._.js:11:67098)\n    at /Users/ofir/kenyonexpress-autopilot/.next/server/chunks/ssr/[root-of-the-server]__1_aa14n._.js:11:66397\n    at Object.with (/Users/ofir/kenyonexpress-autopilot/.next/server/chunks/ssr/0sj1_@opentelemetry_api_build_esm_1_uv6rc._.js:2:3907)\n    at v.with (/Users/ofir/kenyonexpress-autopilot/.next/server/chunks/ssr/0sj1_@opentelemetry_api_build_esm_1_uv6rc._.js:2:4233)\n    at a.trace (/Users/ofir/kenyonexpress-autopilot/.next/server/chunks/ssr/[root-of-the-server]__1_aa14n._.js:11:66371)\n    at fetch (/Users/ofir/kenyonexpress-autopilot/","digest":"HANGING_PROMISE_REJECTION"}}
{"ts":"2026-10-07T18:55:09.449Z","level":"error","event":"db.query_failed","request_id":null,"method":"POST","target":"rpc:available_stock","duration_ms":2,"err":{"name":"Error","message":"During prerendering, fetch() rejects when the prerender is complete. Typically these errors are handled by React but if you move fetch() to a different context by using `setTimeout`, `after`, or similar functions you may observe this error and you should handle it in that context. This occurred at route \"/coupon/[slug]\".","stack":"Error: During prerendering, fetch() rejects when the prerender is complete. Typically these errors are handled by React but if you move fetch() to a different context by using `setTimeout`, `after`, or similar functions you may observe this error and you should handle it in that context. This occurred at route \"/coupon/[slug]\".\n    at /Users/ofir/kenyonexpress-autopilot/.next/server/chunks/ssr/[root-of-the-server]__1_aa14n._.js:2:23832\n    at /Users/ofir/kenyonexpress-autopilot/.next/server/chunks/ssr/[root-of-the-server]__1_aa14n._.js:11:48366\n    at /Users/ofir/kenyonexpress-autopilot/.next/server/chunks/ssr/[root-of-the-server]__1_aa14n._.js:11:66894\n    at /Users/ofir/kenyonexpress-autopilot/.next/server/chunks/ssr/[root-of-the-server]__1_aa14n._.js:11:67121\n    at Object.with (/Users/ofir/kenyonexpress-autopilot/.next/server/chunks/ssr/0sj1_@opentelemetry_api_build_esm_1_uv6rc._.js:2:3907)\n    at v.with (/Users/ofir/kenyonexpress-autopilot/.next/server/chunks/ssr/0sj1_@opentelemetry_api_build_esm_1_uv6rc._.js:2:4233)\n    at P.startActiveSpan (/Users/ofir/kenyonexpress-autopilot/.next/server/chunks/ssr/0sj1_@opentelemetry_api_build_esm_1_uv6rc._.js:2:6588)\n    at R.startActiveSpan (/Users/ofir/kenyonexpress-autopilot/.next/server/chunks/ssr/0sj1_@opentelemetry_api_build_esm_1_uv6rc._.js:2:6827)\n    at a.runWithActiveSpan (/Users/ofir/kenyonexpress-autopilot/.next/server/chunks/ssr/[root-of-the-server]__1_aa14n._.js:11:67098)\n    at /Users/ofir/kenyonexpress-autopilot/.next/server/chunks/ssr/[root-of-the-server]__1_aa14n._.js:11:66397\n    at Object.with (/Users/ofir/kenyonexpress-autopilot/.next/server/chunks/ssr/0sj1_@opentelemetry_api_build_esm_1_uv6rc._.js:2:3907)\n    at v.with (/Users/ofir/kenyonexpress-autopilot/.next/server/chunks/ssr/0sj1_@opentelemetry_api_build_esm_1_uv6rc._.js:2:4233)\n    at a.trace (/Users/ofir/kenyonexpress-autopilot/.next/server/chunks/ssr/[root-of-the-server]__1_aa14n._.js:11:66371)\n    at fetch (/Users/ofir/kenyonexpress-autopilot/","digest":"HANGING_PROMISE_REJECTION"}}
{"ts":"2026-10-07T18:55:09.449Z","level":"error","event":"db.query_failed","request_id":null,"method":"GET","target":"products","duration_ms":2,"err":{"name":"Error","message":"During prerendering, fetch() rejects when the prerender is complete. Typically these errors are handled by React but if you move fetch() to a different context by using `setTimeout`, `after`, or similar functions you may observe this error and you should handle it in that context. This occurred at route \"/coupon/[slug]\".","stack":"Error: During prerendering, fetch() rejects when the prerender is complete. Typically these errors are handled by React but if you move fetch() to a different context by using `setTimeout`, `after`, or similar functions you may observe this error and you should handle it in that context. This occurred at route \"/coupon/[slug]\".\n    at /Users/ofir/kenyonexpress-autopilot/.next/server/chunks/ssr/[root-of-the-server]__1_aa14n._.js:2:23832\n    at /Users/ofir/kenyonexpress-autopilot/.next/server/chunks/ssr/[root-of-the-server]__1_aa14n._.js:11:48366\n    at /Users/ofir/kenyonexpress-autopilot/.next/server/chunks/ssr/[root-of-the-server]__1_aa14n._.js:11:66894\n    at /Users/ofir/kenyonexpress-autopilot/.next/server/chunks/ssr/[root-of-the-server]__1_aa14n._.js:11:67121\n    at Object.with (/Users/ofir/kenyonexpress-autopilot/.next/server/chunks/ssr/0sj1_@opentelemetry_api_build_esm_1_uv6rc._.js:2:3907)\n    at v.with (/Users/ofir/kenyonexpress-autopilot/.next/server/chunks/ssr/0sj1_@opentelemetry_api_build_esm_1_uv6rc._.js:2:4233)\n    at P.startActiveSpan (/Users/ofir/kenyonexpress-autopilot/.next/server/chunks/ssr/0sj1_@opentelemetry_api_build_esm_1_uv6rc._.js:2:6588)\n    at R.startActiveSpan (/Users/ofir/kenyonexpress-autopilot/.next/server/chunks/ssr/0sj1_@opentelemetry_api_build_esm_1_uv6rc._.js:2:6827)\n    at a.runWithActiveSpan (/Users/ofir/kenyonexpress-autopilot/.next/server/chunks/ssr/[root-of-the-server]__1_aa14n._.js:11:67098)\n    at /Users/ofir/kenyonexpress-autopilot/.next/server/chunks/ssr/[root-of-the-server]__1_aa14n._.js:11:66397\n    at Object.with (/Users/ofir/kenyonexpress-autopilot/.next/server/chunks/ssr/0sj1_@opentelemetry_api_build_esm_1_uv6rc._.js:2:3907)\n    at v.with (/Users/ofir/kenyonexpress-autopilot/.next/server/chunks/ssr/0sj1_@opentelemetry_api_build_esm_1_uv6rc._.js:2:4233)\n    at a.trace (/Users/ofir/kenyonexpress-autopilot/.next/server/chunks/ssr/[root-of-the-server]__1_aa14n._.js:11:66371)\n    at fetch (/Users/ofir/kenyonexpress-autopilot/","digest":"HANGING_PROMISE_REJECTION"}}
{"ts":"2026-10-07T18:55:09.550Z","level":"warn","event":"db.query_slow","request_id":null,"method":"GET","target":"products","status":200,"duration_ms":363,"threshold_ms":300}
{"ts":"2026-10-07T18:55:09.553Z","level":"warn","event":"db.query_slow","request_id":null,"method":"GET","target":"categories","status":200,"duration_ms":681,"threshold_ms":300}
{"ts":"2026-10-07T18:55:09.554Z","level":"error","event":"db.query_failed","request_id":null,"method":"POST","target":"rpc:available_stock","duration_ms":367,"err":{"name":"Error","message":"During prerendering, fetch() rejects when the prerender is complete. Typically these errors are handled by React but if you move fetch() to a different context by using `setTimeout`, `after`, or similar functions you may observe this error and you should handle it in that context. This occurred at route \"/product/[slug]\".","stack":"Error: During prerendering, fetch() rejects when the prerender is complete. Typically these errors are handled by React but if you move fetch() to a different context by using `setTimeout`, `after`, or similar functions you may observe this error and you should handle it in that context. This occurred at route \"/product/[slug]\".\n    at eu (/Users/ofir/kenyonexpress-autopilot/.next/server/chunks/[root-of-the-server]__1jlk8z1._.js:2:58687)\n    at /Users/ofir/kenyonexpress-autopilot/.next/server/chunks/[root-of-the-server]__1jlk8z1._.js:2:87004\n    at /Users/ofir/kenyonexpress-autopilot/.next/server/chunks/[root-of-the-server]__1jlk8z1._.js:2:54057\n    at /Users/ofir/kenyonexpress-autopilot/.next/server/chunks/[root-of-the-server]__1jlk8z1._.js:2:54347\n    at Object.with (/Users/ofir/kenyonexpress-autopilot/.next/server/chunks/[root-of-the-server]__1jlk8z1._.js:2:4124)\n    at S.with (/Users/ofir/kenyonexpress-autopilot/.next/server/chunks/[root-of-the-server]__1jlk8z1._.js:2:4450)\n    at G.startActiveSpan (/Users/ofir/kenyonexpress-autopilot/.next/server/chunks/[root-of-the-server]__1jlk8z1._.js:2:6806)\n    at H.startActiveSpan (/Users/ofir/kenyonexpress-autopilot/.next/server/chunks/[root-of-the-server]__1jlk8z1._.js:2:7045)\n    at e.runWithActiveSpan (/Users/ofir/kenyonexpress-autopilot/.next/server/chunks/[root-of-the-server]__1jlk8z1._.js:2:54324)\n    at /Users/ofir/kenyonexpress-autopilot/.next/server/chunks/[root-of-the-server]__1jlk8z1._.js:2:53577\n    at Object.with (/Users/ofir/kenyonexpress-autopilot/.next/server/chunks/[root-of-the-server]__1jlk8z1._.js:2:4124)\n    at S.with (/Users/ofir/kenyonexpress-autopilot/.next/server/chunks/[root-of-the-server]__1jlk8z1._.js:2:4450)\n    at e.trace (/Users/ofir/kenyonexpress-autopilot/.next/server/chunks/[root-of-the-server]__1jlk8z1._.js:2:53551)\n    at fetch (/Users/ofir/kenyonexpress-autopilot/.next/server/chunks/[root-of-the-server]__1jlk8z1._.js:2:84044)\n    at /Users/ofir/kenyonexpress-autopilot/.next/server/chun","digest":"HANGING_PROMISE_REJECTION"}}
{"ts":"2026-10-07T18:55:09.554Z","level":"error","event":"db.query_failed","request_id":null,"method":"GET","target":"products","duration_ms":367,"err":{"name":"Error","message":"During prerendering, fetch() rejects when the prerender is complete. Typically these errors are handled by React but if you move fetch() to a different context by using `setTimeout`, `after`, or similar functions you may observe this error and you should handle it in that context. This occurred at route \"/product/[slug]\".","stack":"Error: During prerendering, fetch() rejects when the prerender is complete. Typically these errors are handled by React but if you move fetch() to a different context by using `setTimeout`, `after`, or similar functions you may observe this error and you should handle it in that context. This occurred at route \"/product/[slug]\".\n    at eu (/Users/ofir/kenyonexpress-autopilot/.next/server/chunks/[root-of-the-server]__1jlk8z1._.js:2:58687)\n    at /Users/ofir/kenyonexpress-autopilot/.next/server/chunks/[root-of-the-server]__1jlk8z1._.js:2:87004\n    at /Users/ofir/kenyonexpress-autopilot/.next/server/chunks/[root-of-the-server]__1jlk8z1._.js:2:54057\n    at /Users/ofir/kenyonexpress-autopilot/.next/server/chunks/[root-of-the-server]__1jlk8z1._.js:2:54347\n    at Object.with (/Users/ofir/kenyonexpress-autopilot/.next/server/chunks/[root-of-the-server]__1jlk8z1._.js:2:4124)\n    at S.with (/Users/ofir/kenyonexpress-autopilot/.next/server/chunks/[root-of-the-server]__1jlk8z1._.js:2:4450)\n    at G.startActiveSpan (/Users/ofir/kenyonexpress-autopilot/.next/server/chunks/[root-of-the-server]__1jlk8z1._.js:2:6806)\n    at H.startActiveSpan (/Users/ofir/kenyonexpress-autopilot/.next/server/chunks/[root-of-the-server]__1jlk8z1._.js:2:7045)\n    at e.runWithActiveSpan (/Users/ofir/kenyonexpress-autopilot/.next/server/chunks/[root-of-the-server]__1jlk8z1._.js:2:54324)\n    at /Users/ofir/kenyonexpress-autopilot/.next/server/chunks/[root-of-the-server]__1jlk8z1._.js:2:53577\n    at Object.with (/Users/ofir/kenyonexpress-autopilot/.next/server/chunks/[root-of-the-server]__1jlk8z1._.js:2:4124)\n    at S.with (/Users/ofir/kenyonexpress-autopilot/.next/server/chunks/[root-of-the-server]__1jlk8z1._.js:2:4450)\n    at e.trace (/Users/ofir/kenyonexpress-autopilot/.next/server/chunks/[root-of-the-server]__1jlk8z1._.js:2:53551)\n    at fetch (/Users/ofir/kenyonexpress-autopilot/.next/server/chunks/[root-of-the-server]__1jlk8z1._.js:2:84044)\n    at /Users/ofir/kenyonexpress-autopilot/.next/server/chun","digest":"HANGING_PROMISE_REJECTION"}}
{"ts":"2026-10-07T18:55:09.566Z","level":"error","event":"db.query_failed","request_id":null,"method":"POST","target":"rpc:available_stock","duration_ms":1,"err":{"name":"Error","message":"During prerendering, fetch() rejects when the prerender is complete. Typically these errors are handled by React but if you move fetch() to a different context by using `setTimeout`, `after`, or similar functions you may observe this error and you should handle it in that context. This occurred at route \"/product/[slug]\".","stack":"Error: During prerendering, fetch() rejects when the prerender is complete. Typically these errors are handled by React but if you move fetch() to a different context by using `setTimeout`, `after`, or similar functions you may observe this error and you should handle it in that context. This occurred at route \"/product/[slug]\".\n    at eu (/Users/ofir/kenyonexpress-autopilot/.next/server/chunks/[root-of-the-server]__1jlk8z1._.js:2:58687)\n    at /Users/ofir/kenyonexpress-autopilot/.next/server/chunks/[root-of-the-server]__1jlk8z1._.js:2:87004\n    at /Users/ofir/kenyonexpress-autopilot/.next/server/chunks/[root-of-the-server]__1jlk8z1._.js:2:54057\n    at /Users/ofir/kenyonexpress-autopilot/.next/server/chunks/[root-of-the-server]__1jlk8z1._.js:2:54347\n    at Object.with (/Users/ofir/kenyonexpress-autopilot/.next/server/chunks/[root-of-the-server]__1jlk8z1._.js:2:4124)\n    at S.with (/Users/ofir/kenyonexpress-autopilot/.next/server/chunks/[root-of-the-server]__1jlk8z1._.js:2:4450)\n    at G.startActiveSpan (/Users/ofir/kenyonexpress-autopilot/.next/server/chunks/[root-of-the-server]__1jlk8z1._.js:2:6806)\n    at H.startActiveSpan (/Users/ofir/kenyonexpress-autopilot/.next/server/chunks/[root-of-the-server]__1jlk8z1._.js:2:7045)\n    at e.runWithActiveSpan (/Users/ofir/kenyonexpress-autopilot/.next/server/chunks/[root-of-the-server]__1jlk8z1._.js:2:54324)\n    at /Users/ofir/kenyonexpress-autopilot/.next/server/chunks/[root-of-the-server]__1jlk8z1._.js:2:53577\n    at Object.with (/Users/ofir/kenyonexpress-autopilot/.next/server/chunks/[root-of-the-server]__1jlk8z1._.js:2:4124)\n    at S.with (/Users/ofir/kenyonexpress-autopilot/.next/server/chunks/[root-of-the-server]__1jlk8z1._.js:2:4450)\n    at e.trace (/Users/ofir/kenyonexpress-autopilot/.next/server/chunks/[root-of-the-server]__1jlk8z1._.js:2:53551)\n    at fetch (/Users/ofir/kenyonexpress-autopilot/.next/server/chunks/[root-of-the-server]__1jlk8z1._.js:2:84044)\n    at /Users/ofir/kenyonexpress-autopilot/.next/server/chun","digest":"HANGING_PROMISE_REJECTION"}}
{"ts":"2026-10-07T18:55:09.566Z","level":"error","event":"db.query_failed","request_id":null,"method":"GET","target":"products","duration_ms":1,"err":{"name":"Error","message":"During prerendering, fetch() rejects when the prerender is complete. Typically these errors are handled by React but if you move fetch() to a different context by using `setTimeout`, `after`, or similar functions you may observe this error and you should handle it in that context. This occurred at route \"/product/[slug]\".","stack":"Error: During prerendering, fetch() rejects when the prerender is complete. Typically these errors are handled by React but if you move fetch() to a different context by using `setTimeout`, `after`, or similar functions you may observe this error and you should handle it in that context. This occurred at route \"/product/[slug]\".\n    at eu (/Users/ofir/kenyonexpress-autopilot/.next/server/chunks/[root-of-the-server]__1jlk8z1._.js:2:58687)\n    at /Users/ofir/kenyonexpress-autopilot/.next/server/chunks/[root-of-the-server]__1jlk8z1._.js:2:87004\n    at /Users/ofir/kenyonexpress-autopilot/.next/server/chunks/[root-of-the-server]__1jlk8z1._.js:2:54057\n    at /Users/ofir/kenyonexpress-autopilot/.next/server/chunks/[root-of-the-server]__1jlk8z1._.js:2:54347\n    at Object.with (/Users/ofir/kenyonexpress-autopilot/.next/server/chunks/[root-of-the-server]__1jlk8z1._.js:2:4124)\n    at S.with (/Users/ofir/kenyonexpress-autopilot/.next/server/chunks/[root-of-the-server]__1jlk8z1._.js:2:4450)\n    at G.startActiveSpan (/Users/ofir/kenyonexpress-autopilot/.next/server/chunks/[root-of-the-server]__1jlk8z1._.js:2:6806)\n    at H.startActiveSpan (/Users/ofir/kenyonexpress-autopilot/.next/server/chunks/[root-of-the-server]__1jlk8z1._.js:2:7045)\n    at e.runWithActiveSpan (/Users/ofir/kenyonexpress-autopilot/.next/server/chunks/[root-of-the-server]__1jlk8z1._.js:2:54324)\n    at /Users/ofir/kenyonexpress-autopilot/.next/server/chunks/[root-of-the-server]__1jlk8z1._.js:2:53577\n    at Object.with (/Users/ofir/kenyonexpress-autopilot/.next/server/chunks/[root-of-the-server]__1jlk8z1._.js:2:4124)\n    at S.with (/Users/ofir/kenyonexpress-autopilot/.next/server/chunks/[root-of-the-server]__1jlk8z1._.js:2:4450)\n    at e.trace (/Users/ofir/kenyonexpress-autopilot/.next/server/chunks/[root-of-the-server]__1jlk8z1._.js:2:53551)\n    at fetch (/Users/ofir/kenyonexpress-autopilot/.next/server/chunks/[root-of-the-server]__1jlk8z1._.js:2:84044)\n    at /Users/ofir/kenyonexpress-autopilot/.next/server/chun","digest":"HANGING_PROMISE_REJECTION"}}
{"ts":"2026-10-07T18:55:09.656Z","level":"error","event":"db.query_failed","request_id":null,"method":"GET","target":"products","duration_ms":0,"err":{"name":"Error","message":"During prerendering, fetch() rejects when the prerender is complete. Typically these errors are handled by React but if you move fetch() to a different context by using `setTimeout`, `after`, or similar functions you may observe this error and you should handle it in that context. This occurred at route \"/product/[slug]\".","stack":"Error: During prerendering, fetch() rejects when the prerender is complete. Typically these errors are handled by React but if you move fetch() to a different context by using `setTimeout`, `after`, or similar functions you may observe this error and you should handle it in that context. This occurred at route \"/product/[slug]\".\n    at eu (/Users/ofir/kenyonexpress-autopilot/.next/server/chunks/[root-of-the-server]__1jlk8z1._.js:2:58687)\n    at /Users/ofir/kenyonexpress-autopilot/.next/server/chunks/[root-of-the-server]__1jlk8z1._.js:2:87004\n    at /Users/ofir/kenyonexpress-autopilot/.next/server/chunks/[root-of-the-server]__1jlk8z1._.js:2:54057\n    at /Users/ofir/kenyonexpress-autopilot/.next/server/chunks/[root-of-the-server]__1jlk8z1._.js:2:54347\n    at Object.with (/Users/ofir/kenyonexpress-autopilot/.next/server/chunks/[root-of-the-server]__1jlk8z1._.js:2:4124)\n    at S.with (/Users/ofir/kenyonexpress-autopilot/.next/server/chunks/[root-of-the-server]__1jlk8z1._.js:2:4450)\n    at G.startActiveSpan (/Users/ofir/kenyonexpress-autopilot/.next/server/chunks/[root-of-the-server]__1jlk8z1._.js:2:6806)\n    at H.startActiveSpan (/Users/ofir/kenyonexpress-autopilot/.next/server/chunks/[root-of-the-server]__1jlk8z1._.js:2:7045)\n    at e.runWithActiveSpan (/Users/ofir/kenyonexpress-autopilot/.next/server/chunks/[root-of-the-server]__1jlk8z1._.js:2:54324)\n    at /Users/ofir/kenyonexpress-autopilot/.next/server/chunks/[root-of-the-server]__1jlk8z1._.js:2:53577\n    at Object.with (/Users/ofir/kenyonexpress-autopilot/.next/server/chunks/[root-of-the-server]__1jlk8z1._.js:2:4124)\n    at S.with (/Users/ofir/kenyonexpress-autopilot/.next/server/chunks/[root-of-the-server]__1jlk8z1._.js:2:4450)\n    at e.trace (/Users/ofir/kenyonexpress-autopilot/.next/server/chunks/[root-of-the-server]__1jlk8z1._.js:2:53551)\n    at fetch (/Users/ofir/kenyonexpress-autopilot/.next/server/chunks/[root-of-the-server]__1jlk8z1._.js:2:84044)\n    at /Users/ofir/kenyonexpress-autopilot/.next/server/chun","digest":"HANGING_PROMISE_REJECTION"}}
{"ts":"2026-10-07T18:55:09.748Z","level":"error","event":"db.query_failed","request_id":null,"method":"GET","target":"products","duration_ms":0,"err":{"name":"Error","message":"During prerendering, fetch() rejects when the prerender is complete. Typically these errors are handled by React but if you move fetch() to a different context by using `setTimeout`, `after`, or similar functions you may observe this error and you should handle it in that context. This occurred at route \"/product/[slug]\".","stack":"Error: During prerendering, fetch() rejects when the prerender is complete. Typically these errors are handled by React but if you move fetch() to a different context by using `setTimeout`, `after`, or similar functions you may observe this error and you should handle it in that context. This occurred at route \"/product/[slug]\".\n    at eu (/Users/ofir/kenyonexpress-autopilot/.next/server/chunks/[root-of-the-server]__1jlk8z1._.js:2:58687)\n    at /Users/ofir/kenyonexpress-autopilot/.next/server/chunks/[root-of-the-server]__1jlk8z1._.js:2:87004\n    at /Users/ofir/kenyonexpress-autopilot/.next/server/chunks/[root-of-the-server]__1jlk8z1._.js:2:54057\n    at /Users/ofir/kenyonexpress-autopilot/.next/server/chunks/[root-of-the-server]__1jlk8z1._.js:2:54347\n    at Object.with (/Users/ofir/kenyonexpress-autopilot/.next/server/chunks/[root-of-the-server]__1jlk8z1._.js:2:4124)\n    at S.with (/Users/ofir/kenyonexpress-autopilot/.next/server/chunks/[root-of-the-server]__1jlk8z1._.js:2:4450)\n    at G.startActiveSpan (/Users/ofir/kenyonexpress-autopilot/.next/server/chunks/[root-of-the-server]__1jlk8z1._.js:2:6806)\n    at H.startActiveSpan (/Users/ofir/kenyonexpress-autopilot/.next/server/chunks/[root-of-the-server]__1jlk8z1._.js:2:7045)\n    at e.runWithActiveSpan (/Users/ofir/kenyonexpress-autopilot/.next/server/chunks/[root-of-the-server]__1jlk8z1._.js:2:54324)\n    at /Users/ofir/kenyonexpress-autopilot/.next/server/chunks/[root-of-the-server]__1jlk8z1._.js:2:53577\n    at Object.with (/Users/ofir/kenyonexpress-autopilot/.next/server/chunks/[root-of-the-server]__1jlk8z1._.js:2:4124)\n    at S.with (/Users/ofir/kenyonexpress-autopilot/.next/server/chunks/[root-of-the-server]__1jlk8z1._.js:2:4450)\n    at e.trace (/Users/ofir/kenyonexpress-autopilot/.next/server/chunks/[root-of-the-server]__1jlk8z1._.js:2:53551)\n    at fetch (/Users/ofir/kenyonexpress-autopilot/.next/server/chunks/[root-of-the-server]__1jlk8z1._.js:2:84044)\n    at /Users/ofir/kenyonexpress-autopilot/.next/server/chun","digest":"HANGING_PROMISE_REJECTION"}}
{"ts":"2026-10-07T18:55:09.751Z","level":"error","event":"db.query_failed","request_id":null,"method":"GET","target":"products","duration_ms":0,"err":{"name":"Error","message":"During prerendering, fetch() rejects when the prerender is complete. Typically these errors are handled by React but if you move fetch() to a different context by using `setTimeout`, `after`, or similar functions you may observe this error and you should handle it in that context. This occurred at route \"/product/[slug]\".","stack":"Error: During prerendering, fetch() rejects when the prerender is complete. Typically these errors are handled by React but if you move fetch() to a different context by using `setTimeout`, `after`, or similar functions you may observe this error and you should handle it in that context. This occurred at route \"/product/[slug]\".\n    at eu (/Users/ofir/kenyonexpress-autopilot/.next/server/chunks/[root-of-the-server]__1jlk8z1._.js:2:58687)\n    at /Users/ofir/kenyonexpress-autopilot/.next/server/chunks/[root-of-the-server]__1jlk8z1._.js:2:87004\n    at /Users/ofir/kenyonexpress-autopilot/.next/server/chunks/[root-of-the-server]__1jlk8z1._.js:2:54057\n    at /Users/ofir/kenyonexpress-autopilot/.next/server/chunks/[root-of-the-server]__1jlk8z1._.js:2:54347\n    at Object.with (/Users/ofir/kenyonexpress-autopilot/.next/server/chunks/[root-of-the-server]__1jlk8z1._.js:2:4124)\n    at S.with (/Users/ofir/kenyonexpress-autopilot/.next/server/chunks/[root-of-the-server]__1jlk8z1._.js:2:4450)\n    at G.startActiveSpan (/Users/ofir/kenyonexpress-autopilot/.next/server/chunks/[root-of-the-server]__1jlk8z1._.js:2:6806)\n    at H.startActiveSpan (/Users/ofir/kenyonexpress-autopilot/.next/server/chunks/[root-of-the-server]__1jlk8z1._.js:2:7045)\n    at e.runWithActiveSpan (/Users/ofir/kenyonexpress-autopilot/.next/server/chunks/[root-of-the-server]__1jlk8z1._.js:2:54324)\n    at /Users/ofir/kenyonexpress-autopilot/.next/server/chunks/[root-of-the-server]__1jlk8z1._.js:2:53577\n    at Object.with (/Users/ofir/kenyonexpress-autopilot/.next/server/chunks/[root-of-the-server]__1jlk8z1._.js:2:4124)\n    at S.with (/Users/ofir/kenyonexpress-autopilot/.next/server/chunks/[root-of-the-server]__1jlk8z1._.js:2:4450)\n    at e.trace (/Users/ofir/kenyonexpress-autopilot/.next/server/chunks/[root-of-the-server]__1jlk8z1._.js:2:53551)\n    at fetch (/Users/ofir/kenyonexpress-autopilot/.next/server/chunks/[root-of-the-server]__1jlk8z1._.js:2:84044)\n    at /Users/ofir/kenyonexpress-autopilot/.next/server/chun","digest":"HANGING_PROMISE_REJECTION"}}
{"ts":"2026-10-07T18:55:09.756Z","level":"error","event":"db.query_failed","request_id":null,"method":"GET","target":"products","duration_ms":0,"err":{"name":"Error","message":"During prerendering, fetch() rejects when the prerender is complete. Typically these errors are handled by React but if you move fetch() to a different context by using `setTimeout`, `after`, or similar functions you may observe this error and you should handle it in that context. This occurred at route \"/product/[slug]\".","stack":"Error: During prerendering, fetch() rejects when the prerender is complete. Typically these errors are handled by React but if you move fetch() to a different context by using `setTimeout`, `after`, or similar functions you may observe this error and you should handle it in that context. This occurred at route \"/product/[slug]\".\n    at eu (/Users/ofir/kenyonexpress-autopilot/.next/server/chunks/[root-of-the-server]__1jlk8z1._.js:2:58687)\n    at /Users/ofir/kenyonexpress-autopilot/.next/server/chunks/[root-of-the-server]__1jlk8z1._.js:2:87004\n    at /Users/ofir/kenyonexpress-autopilot/.next/server/chunks/[root-of-the-server]__1jlk8z1._.js:2:54057\n    at /Users/ofir/kenyonexpress-autopilot/.next/server/chunks/[root-of-the-server]__1jlk8z1._.js:2:54347\n    at Object.with (/Users/ofir/kenyonexpress-autopilot/.next/server/chunks/[root-of-the-server]__1jlk8z1._.js:2:4124)\n    at S.with (/Users/ofir/kenyonexpress-autopilot/.next/server/chunks/[root-of-the-server]__1jlk8z1._.js:2:4450)\n    at G.startActiveSpan (/Users/ofir/kenyonexpress-autopilot/.next/server/chunks/[root-of-the-server]__1jlk8z1._.js:2:6806)\n    at H.startActiveSpan (/Users/ofir/kenyonexpress-autopilot/.next/server/chunks/[root-of-the-server]__1jlk8z1._.js:2:7045)\n    at e.runWithActiveSpan (/Users/ofir/kenyonexpress-autopilot/.next/server/chunks/[root-of-the-server]__1jlk8z1._.js:2:54324)\n    at /Users/ofir/kenyonexpress-autopilot/.next/server/chunks/[root-of-the-server]__1jlk8z1._.js:2:53577\n    at Object.with (/Users/ofir/kenyonexpress-autopilot/.next/server/chunks/[root-of-the-server]__1jlk8z1._.js:2:4124)\n    at S.with (/Users/ofir/kenyonexpress-autopilot/.next/server/chunks/[root-of-the-server]__1jlk8z1._.js:2:4450)\n    at e.trace (/Users/ofir/kenyonexpress-autopilot/.next/server/chunks/[root-of-the-server]__1jlk8z1._.js:2:53551)\n    at fetch (/Users/ofir/kenyonexpress-autopilot/.next/server/chunks/[root-of-the-server]__1jlk8z1._.js:2:84044)\n    at /Users/ofir/kenyonexpress-autopilot/.next/server/chun","digest":"HANGING_PROMISE_REJECTION"}}
{"ts":"2026-10-07T18:55:09.765Z","level":"error","event":"db.query_failed","request_id":null,"method":"GET","target":"products","duration_ms":1,"err":{"name":"Error","message":"During prerendering, fetch() rejects when the prerender is complete. Typically these errors are handled by React but if you move fetch() to a different context by using `setTimeout`, `after`, or similar functions you may observe this error and you should handle it in that context. This occurred at route \"/coupon/[slug]\".","stack":"Error: During prerendering, fetch() rejects when the prerender is complete. Typically these errors are handled by React but if you move fetch() to a different context by using `setTimeout`, `after`, or similar functions you may observe this error and you should handle it in that context. This occurred at route \"/coupon/[slug]\".\n    at /Users/ofir/kenyonexpress-autopilot/.next/server/chunks/ssr/[root-of-the-server]__1_aa14n._.js:2:23832\n    at /Users/ofir/kenyonexpress-autopilot/.next/server/chunks/ssr/[root-of-the-server]__1_aa14n._.js:11:48366\n    at /Users/ofir/kenyonexpress-autopilot/.next/server/chunks/ssr/[root-of-the-server]__1_aa14n._.js:11:66894\n    at /Users/ofir/kenyonexpress-autopilot/.next/server/chunks/ssr/[root-of-the-server]__1_aa14n._.js:11:67121\n    at Object.with (/Users/ofir/kenyonexpress-autopilot/.next/server/chunks/ssr/0sj1_@opentelemetry_api_build_esm_1_uv6rc._.js:2:3907)\n    at v.with (/Users/ofir/kenyonexpress-autopilot/.next/server/chunks/ssr/0sj1_@opentelemetry_api_build_esm_1_uv6rc._.js:2:4233)\n    at P.startActiveSpan (/Users/ofir/kenyonexpress-autopilot/.next/server/chunks/ssr/0sj1_@opentelemetry_api_build_esm_1_uv6rc._.js:2:6588)\n    at R.startActiveSpan (/Users/ofir/kenyonexpress-autopilot/.next/server/chunks/ssr/0sj1_@opentelemetry_api_build_esm_1_uv6rc._.js:2:6827)\n    at a.runWithActiveSpan (/Users/ofir/kenyonexpress-autopilot/.next/server/chunks/ssr/[root-of-the-server]__1_aa14n._.js:11:67098)\n    at /Users/ofir/kenyonexpress-autopilot/.next/server/chunks/ssr/[root-of-the-server]__1_aa14n._.js:11:66397\n    at Object.with (/Users/ofir/kenyonexpress-autopilot/.next/server/chunks/ssr/0sj1_@opentelemetry_api_build_esm_1_uv6rc._.js:2:3907)\n    at v.with (/Users/ofir/kenyonexpress-autopilot/.next/server/chunks/ssr/0sj1_@opentelemetry_api_build_esm_1_uv6rc._.js:2:4233)\n    at a.trace (/Users/ofir/kenyonexpress-autopilot/.next/server/chunks/ssr/[root-of-the-server]__1_aa14n._.js:11:66371)\n    at fetch (/Users/ofir/kenyonexpress-autopilot/","digest":"HANGING_PROMISE_REJECTION"}}
{"ts":"2026-10-07T18:55:09.773Z","level":"error","event":"db.query_failed","request_id":null,"method":"GET","target":"products","duration_ms":0,"err":{"name":"Error","message":"During prerendering, fetch() rejects when the prerender is complete. Typically these errors are handled by React but if you move fetch() to a different context by using `setTimeout`, `after`, or similar functions you may observe this error and you should handle it in that context. This occurred at route \"/product/[slug]\".","stack":"Error: During prerendering, fetch() rejects when the prerender is complete. Typically these errors are handled by React but if you move fetch() to a different context by using `setTimeout`, `after`, or similar functions you may observe this error and you should handle it in that context. This occurred at route \"/product/[slug]\".\n    at eu (/Users/ofir/kenyonexpress-autopilot/.next/server/chunks/[root-of-the-server]__1jlk8z1._.js:2:58687)\n    at /Users/ofir/kenyonexpress-autopilot/.next/server/chunks/[root-of-the-server]__1jlk8z1._.js:2:87004\n    at /Users/ofir/kenyonexpress-autopilot/.next/server/chunks/[root-of-the-server]__1jlk8z1._.js:2:54057\n    at /Users/ofir/kenyonexpress-autopilot/.next/server/chunks/[root-of-the-server]__1jlk8z1._.js:2:54347\n    at Object.with (/Users/ofir/kenyonexpress-autopilot/.next/server/chunks/[root-of-the-server]__1jlk8z1._.js:2:4124)\n    at S.with (/Users/ofir/kenyonexpress-autopilot/.next/server/chunks/[root-of-the-server]__1jlk8z1._.js:2:4450)\n    at G.startActiveSpan (/Users/ofir/kenyonexpress-autopilot/.next/server/chunks/[root-of-the-server]__1jlk8z1._.js:2:6806)\n    at H.startActiveSpan (/Users/ofir/kenyonexpress-autopilot/.next/server/chunks/[root-of-the-server]__1jlk8z1._.js:2:7045)\n    at e.runWithActiveSpan (/Users/ofir/kenyonexpress-autopilot/.next/server/chunks/[root-of-the-server]__1jlk8z1._.js:2:54324)\n    at /Users/ofir/kenyonexpress-autopilot/.next/server/chunks/[root-of-the-server]__1jlk8z1._.js:2:53577\n    at Object.with (/Users/ofir/kenyonexpress-autopilot/.next/server/chunks/[root-of-the-server]__1jlk8z1._.js:2:4124)\n    at S.with (/Users/ofir/kenyonexpress-autopilot/.next/server/chunks/[root-of-the-server]__1jlk8z1._.js:2:4450)\n    at e.trace (/Users/ofir/kenyonexpress-autopilot/.next/server/chunks/[root-of-the-server]__1jlk8z1._.js:2:53551)\n    at fetch (/Users/ofir/kenyonexpress-autopilot/.next/server/chunks/[root-of-the-server]__1jlk8z1._.js:2:84044)\n    at /Users/ofir/kenyonexpress-autopilot/.next/server/chun","digest":"HANGING_PROMISE_REJECTION"}}
{"ts":"2026-10-07T18:55:09.793Z","level":"error","event":"db.query_failed","request_id":null,"method":"GET","target":"products","duration_ms":0,"err":{"name":"Error","message":"During prerendering, fetch() rejects when the prerender is complete. Typically these errors are handled by React but if you move fetch() to a different context by using `setTimeout`, `after`, or similar functions you may observe this error and you should handle it in that context. This occurred at route \"/product/[slug]\".","stack":"Error: During prerendering, fetch() rejects when the prerender is complete. Typically these errors are handled by React but if you move fetch() to a different context by using `setTimeout`, `after`, or similar functions you may observe this error and you should handle it in that context. This occurred at route \"/product/[slug]\".\n    at eu (/Users/ofir/kenyonexpress-autopilot/.next/server/chunks/[root-of-the-server]__1jlk8z1._.js:2:58687)\n    at /Users/ofir/kenyonexpress-autopilot/.next/server/chunks/[root-of-the-server]__1jlk8z1._.js:2:87004\n    at /Users/ofir/kenyonexpress-autopilot/.next/server/chunks/[root-of-the-server]__1jlk8z1._.js:2:54057\n    at /Users/ofir/kenyonexpress-autopilot/.next/server/chunks/[root-of-the-server]__1jlk8z1._.js:2:54347\n    at Object.with (/Users/ofir/kenyonexpress-autopilot/.next/server/chunks/[root-of-the-server]__1jlk8z1._.js:2:4124)\n    at S.with (/Users/ofir/kenyonexpress-autopilot/.next/server/chunks/[root-of-the-server]__1jlk8z1._.js:2:4450)\n    at G.startActiveSpan (/Users/ofir/kenyonexpress-autopilot/.next/server/chunks/[root-of-the-server]__1jlk8z1._.js:2:6806)\n    at H.startActiveSpan (/Users/ofir/kenyonexpress-autopilot/.next/server/chunks/[root-of-the-server]__1jlk8z1._.js:2:7045)\n    at e.runWithActiveSpan (/Users/ofir/kenyonexpress-autopilot/.next/server/chunks/[root-of-the-server]__1jlk8z1._.js:2:54324)\n    at /Users/ofir/kenyonexpress-autopilot/.next/server/chunks/[root-of-the-server]__1jlk8z1._.js:2:53577\n    at Object.with (/Users/ofir/kenyonexpress-autopilot/.next/server/chunks/[root-of-the-server]__1jlk8z1._.js:2:4124)\n    at S.with (/Users/ofir/kenyonexpress-autopilot/.next/server/chunks/[root-of-the-server]__1jlk8z1._.js:2:4450)\n    at e.trace (/Users/ofir/kenyonexpress-autopilot/.next/server/chunks/[root-of-the-server]__1jlk8z1._.js:2:53551)\n    at fetch (/Users/ofir/kenyonexpress-autopilot/.next/server/chunks/[root-of-the-server]__1jlk8z1._.js:2:84044)\n    at /Users/ofir/kenyonexpress-autopilot/.next/server/chun","digest":"HANGING_PROMISE_REJECTION"}}
{"ts":"2026-10-07T18:55:09.793Z","level":"error","event":"db.query_failed","request_id":null,"method":"GET","target":"products","duration_ms":0,"err":{"name":"Error","message":"During prerendering, fetch() rejects when the prerender is complete. Typically these errors are handled by React but if you move fetch() to a different context by using `setTimeout`, `after`, or similar functions you may observe this error and you should handle it in that context. This occurred at route \"/coupon/[slug]\".","stack":"Error: During prerendering, fetch() rejects when the prerender is complete. Typically these errors are handled by React but if you move fetch() to a different context by using `setTimeout`, `after`, or similar functions you may observe this error and you should handle it in that context. This occurred at route \"/coupon/[slug]\".\n    at /Users/ofir/kenyonexpress-autopilot/.next/server/chunks/ssr/[root-of-the-server]__1_aa14n._.js:2:23832\n    at /Users/ofir/kenyonexpress-autopilot/.next/server/chunks/ssr/[root-of-the-server]__1_aa14n._.js:11:48366\n    at /Users/ofir/kenyonexpress-autopilot/.next/server/chunks/ssr/[root-of-the-server]__1_aa14n._.js:11:66894\n    at /Users/ofir/kenyonexpress-autopilot/.next/server/chunks/ssr/[root-of-the-server]__1_aa14n._.js:11:67121\n    at Object.with (/Users/ofir/kenyonexpress-autopilot/.next/server/chunks/ssr/0sj1_@opentelemetry_api_build_esm_1_uv6rc._.js:2:3907)\n    at v.with (/Users/ofir/kenyonexpress-autopilot/.next/server/chunks/ssr/0sj1_@opentelemetry_api_build_esm_1_uv6rc._.js:2:4233)\n    at P.startActiveSpan (/Users/ofir/kenyonexpress-autopilot/.next/server/chunks/ssr/0sj1_@opentelemetry_api_build_esm_1_uv6rc._.js:2:6588)\n    at R.startActiveSpan (/Users/ofir/kenyonexpress-autopilot/.next/server/chunks/ssr/0sj1_@opentelemetry_api_build_esm_1_uv6rc._.js:2:6827)\n    at a.runWithActiveSpan (/Users/ofir/kenyonexpress-autopilot/.next/server/chunks/ssr/[root-of-the-server]__1_aa14n._.js:11:67098)\n    at /Users/ofir/kenyonexpress-autopilot/.next/server/chunks/ssr/[root-of-the-server]__1_aa14n._.js:11:66397\n    at Object.with (/Users/ofir/kenyonexpress-autopilot/.next/server/chunks/ssr/0sj1_@opentelemetry_api_build_esm_1_uv6rc._.js:2:3907)\n    at v.with (/Users/ofir/kenyonexpress-autopilot/.next/server/chunks/ssr/0sj1_@opentelemetry_api_build_esm_1_uv6rc._.js:2:4233)\n    at a.trace (/Users/ofir/kenyonexpress-autopilot/.next/server/chunks/ssr/[root-of-the-server]__1_aa14n._.js:11:66371)\n    at fetch (/Users/ofir/kenyonexpress-autopilot/","digest":"HANGING_PROMISE_REJECTION"}}
{"ts":"2026-10-07T18:55:09.794Z","level":"warn","event":"db.query_slow","request_id":null,"method":"GET","target":"products","status":200,"duration_ms":326,"threshold_ms":300}
{"ts":"2026-10-07T18:55:09.796Z","level":"warn","event":"db.query_slow","request_id":null,"method":"GET","target":"products","status":200,"duration_ms":317,"threshold_ms":300}
{"ts":"2026-10-07T18:55:09.798Z","level":"warn","event":"db.query_slow","request_id":null,"method":"GET","target":"products","status":200,"duration_ms":319,"threshold_ms":300}
{"ts":"2026-10-07T18:55:09.799Z","level":"warn","event":"db.query_slow","request_id":null,"method":"GET","target":"products","status":200,"duration_ms":317,"threshold_ms":300}
{"ts":"2026-10-07T18:55:09.802Z","level":"error","event":"db.query_failed","request_id":null,"method":"GET","target":"products","duration_ms":0,"err":{"name":"Error","message":"During prerendering, fetch() rejects when the prerender is complete. Typically these errors are handled by React but if you move fetch() to a different context by using `setTimeout`, `after`, or similar functions you may observe this error and you should handle it in that context. This occurred at route \"/product/[slug]\".","stack":"Error: During prerendering, fetch() rejects when the prerender is complete. Typically these errors are handled by React but if you move fetch() to a different context by using `setTimeout`, `after`, or similar functions you may observe this error and you should handle it in that context. This occurred at route \"/product/[slug]\".\n    at eu (/Users/ofir/kenyonexpress-autopilot/.next/server/chunks/[root-of-the-server]__1jlk8z1._.js:2:58687)\n    at /Users/ofir/kenyonexpress-autopilot/.next/server/chunks/[root-of-the-server]__1jlk8z1._.js:2:87004\n    at /Users/ofir/kenyonexpress-autopilot/.next/server/chunks/[root-of-the-server]__1jlk8z1._.js:2:54057\n    at /Users/ofir/kenyonexpress-autopilot/.next/server/chunks/[root-of-the-server]__1jlk8z1._.js:2:54347\n    at Object.with (/Users/ofir/kenyonexpress-autopilot/.next/server/chunks/[root-of-the-server]__1jlk8z1._.js:2:4124)\n    at S.with (/Users/ofir/kenyonexpress-autopilot/.next/server/chunks/[root-of-the-server]__1jlk8z1._.js:2:4450)\n    at G.startActiveSpan (/Users/ofir/kenyonexpress-autopilot/.next/server/chunks/[root-of-the-server]__1jlk8z1._.js:2:6806)\n    at H.startActiveSpan (/Users/ofir/kenyonexpress-autopilot/.next/server/chunks/[root-of-the-server]__1jlk8z1._.js:2:7045)\n    at e.runWithActiveSpan (/Users/ofir/kenyonexpress-autopilot/.next/server/chunks/[root-of-the-server]__1jlk8z1._.js:2:54324)\n    at /Users/ofir/kenyonexpress-autopilot/.next/server/chunks/[root-of-the-server]__1jlk8z1._.js:2:53577\n    at Object.with (/Users/ofir/kenyonexpress-autopilot/.next/server/chunks/[root-of-the-server]__1jlk8z1._.js:2:4124)\n    at S.with (/Users/ofir/kenyonexpress-autopilot/.next/server/chunks/[root-of-the-server]__1jlk8z1._.js:2:4450)\n    at e.trace (/Users/ofir/kenyonexpress-autopilot/.next/server/chunks/[root-of-the-server]__1jlk8z1._.js:2:53551)\n    at fetch (/Users/ofir/kenyonexpress-autopilot/.next/server/chunks/[root-of-the-server]__1jlk8z1._.js:2:84044)\n    at /Users/ofir/kenyonexpress-autopilot/.next/server/chun","digest":"HANGING_PROMISE_REJECTION"}}
{"ts":"2026-10-07T18:55:09.804Z","level":"warn","event":"db.query_slow","request_id":null,"method":"GET","target":"products","status":200,"duration_ms":333,"threshold_ms":300}
{"ts":"2026-10-07T18:55:09.812Z","level":"warn","event":"db.query_slow","request_id":null,"method":"GET","target":"products","status":200,"duration_ms":321,"threshold_ms":300}
{"ts":"2026-10-07T18:55:09.820Z","level":"warn","event":"db.query_slow","request_id":null,"method":"GET","target":"products","status":200,"duration_ms":326,"threshold_ms":300}
{"ts":"2026-10-07T18:55:09.823Z","level":"warn","event":"db.query_slow","request_id":null,"method":"GET","target":"products","status":200,"duration_ms":326,"threshold_ms":300}
{"ts":"2026-10-07T18:55:09.828Z","level":"warn","event":"db.query_slow","request_id":null,"method":"GET","target":"products","status":200,"duration_ms":333,"threshold_ms":300}
{"ts":"2026-10-07T18:55:09.830Z","level":"warn","event":"db.query_slow","request_id":null,"method":"GET","target":"products","status":200,"duration_ms":333,"threshold_ms":300}
{"ts":"2026-10-07T18:55:09.831Z","level":"warn","event":"db.query_slow","request_id":null,"method":"GET","target":"products","status":200,"duration_ms":342,"threshold_ms":300}
{"ts":"2026-10-07T18:55:09.838Z","level":"warn","event":"db.query_slow","request_id":null,"method":"GET","target":"products","status":200,"duration_ms":362,"threshold_ms":300}
{"ts":"2026-10-07T18:55:09.847Z","level":"error","event":"db.query_failed","request_id":null,"method":"GET","target":"products","duration_ms":0,"err":{"name":"Error","message":"During prerendering, fetch() rejects when the prerender is complete. Typically these errors are handled by React but if you move fetch() to a different context by using `setTimeout`, `after`, or similar functions you may observe this error and you should handle it in that context. This occurred at route \"/product/[slug]\".","stack":"Error: During prerendering, fetch() rejects when the prerender is complete. Typically these errors are handled by React but if you move fetch() to a different context by using `setTimeout`, `after`, or similar functions you may observe this error and you should handle it in that context. This occurred at route \"/product/[slug]\".\n    at eu (/Users/ofir/kenyonexpress-autopilot/.next/server/chunks/[root-of-the-server]__1jlk8z1._.js:2:58687)\n    at /Users/ofir/kenyonexpress-autopilot/.next/server/chunks/[root-of-the-server]__1jlk8z1._.js:2:87004\n    at /Users/ofir/kenyonexpress-autopilot/.next/server/chunks/[root-of-the-server]__1jlk8z1._.js:2:54057\n    at /Users/ofir/kenyonexpress-autopilot/.next/server/chunks/[root-of-the-server]__1jlk8z1._.js:2:54347\n    at Object.with (/Users/ofir/kenyonexpress-autopilot/.next/server/chunks/[root-of-the-server]__1jlk8z1._.js:2:4124)\n    at S.with (/Users/ofir/kenyonexpress-autopilot/.next/server/chunks/[root-of-the-server]__1jlk8z1._.js:2:4450)\n    at G.startActiveSpan (/Users/ofir/kenyonexpress-autopilot/.next/server/chunks/[root-of-the-server]__1jlk8z1._.js:2:6806)\n    at H.startActiveSpan (/Users/ofir/kenyonexpress-autopilot/.next/server/chunks/[root-of-the-server]__1jlk8z1._.js:2:7045)\n    at e.runWithActiveSpan (/Users/ofir/kenyonexpress-autopilot/.next/server/chunks/[root-of-the-server]__1jlk8z1._.js:2:54324)\n    at /Users/ofir/kenyonexpress-autopilot/.next/server/chunks/[root-of-the-server]__1jlk8z1._.js:2:53577\n    at Object.with (/Users/ofir/kenyonexpress-autopilot/.next/server/chunks/[root-of-the-server]__1jlk8z1._.js:2:4124)\n    at S.with (/Users/ofir/kenyonexpress-autopilot/.next/server/chunks/[root-of-the-server]__1jlk8z1._.js:2:4450)\n    at e.trace (/Users/ofir/kenyonexpress-autopilot/.next/server/chunks/[root-of-the-server]__1jlk8z1._.js:2:53551)\n    at fetch (/Users/ofir/kenyonexpress-autopilot/.next/server/chunks/[root-of-the-server]__1jlk8z1._.js:2:84044)\n    at /Users/ofir/kenyonexpress-autopilot/.next/server/chun","digest":"HANGING_PROMISE_REJECTION"}}
  Generating static pages using 7 workers (221/295) 
{"ts":"2026-10-07T18:55:09.952Z","level":"error","event":"db.query_failed","request_id":null,"method":"POST","target":"rpc:available_stock","duration_ms":797,"err":{"name":"Error","message":"During prerendering, fetch() rejects when the prerender is complete. Typically these errors are handled by React but if you move fetch() to a different context by using `setTimeout`, `after`, or similar functions you may observe this error and you should handle it in that context. This occurred at route \"/coupon/[slug]\".","stack":"Error: During prerendering, fetch() rejects when the prerender is complete. Typically these errors are handled by React but if you move fetch() to a different context by using `setTimeout`, `after`, or similar functions you may observe this error and you should handle it in that context. This occurred at route \"/coupon/[slug]\".\n    at /Users/ofir/kenyonexpress-autopilot/.next/server/chunks/ssr/[root-of-the-server]__1_aa14n._.js:2:23832\n    at /Users/ofir/kenyonexpress-autopilot/.next/server/chunks/ssr/[root-of-the-server]__1_aa14n._.js:11:48366\n    at /Users/ofir/kenyonexpress-autopilot/.next/server/chunks/ssr/[root-of-the-server]__1_aa14n._.js:11:66894\n    at /Users/ofir/kenyonexpress-autopilot/.next/server/chunks/ssr/[root-of-the-server]__1_aa14n._.js:11:67121\n    at Object.with (/Users/ofir/kenyonexpress-autopilot/.next/server/chunks/ssr/0sj1_@opentelemetry_api_build_esm_1_uv6rc._.js:2:3907)\n    at v.with (/Users/ofir/kenyonexpress-autopilot/.next/server/chunks/ssr/0sj1_@opentelemetry_api_build_esm_1_uv6rc._.js:2:4233)\n    at P.startActiveSpan (/Users/ofir/kenyonexpress-autopilot/.next/server/chunks/ssr/0sj1_@opentelemetry_api_build_esm_1_uv6rc._.js:2:6588)\n    at R.startActiveSpan (/Users/ofir/kenyonexpress-autopilot/.next/server/chunks/ssr/0sj1_@opentelemetry_api_build_esm_1_uv6rc._.js:2:6827)\n    at a.runWithActiveSpan (/Users/ofir/kenyonexpress-autopilot/.next/server/chunks/ssr/[root-of-the-server]__1_aa14n._.js:11:67098)\n    at /Users/ofir/kenyonexpress-autopilot/.next/server/chunks/ssr/[root-of-the-server]__1_aa14n._.js:11:66397\n    at Object.with (/Users/ofir/kenyonexpress-autopilot/.next/server/chunks/ssr/0sj1_@opentelemetry_api_build_esm_1_uv6rc._.js:2:3907)\n    at v.with (/Users/ofir/kenyonexpress-autopilot/.next/server/chunks/ssr/0sj1_@opentelemetry_api_build_esm_1_uv6rc._.js:2:4233)\n    at a.trace (/Users/ofir/kenyonexpress-autopilot/.next/server/chunks/ssr/[root-of-the-server]__1_aa14n._.js:11:66371)\n    at fetch (/Users/ofir/kenyonexpress-autopilot/","digest":"HANGING_PROMISE_REJECTION"}}
{"ts":"2026-10-07T18:55:09.952Z","level":"error","event":"db.query_failed","request_id":null,"method":"GET","target":"products","duration_ms":794,"err":{"name":"Error","message":"During prerendering, fetch() rejects when the prerender is complete. Typically these errors are handled by React but if you move fetch() to a different context by using `setTimeout`, `after`, or similar functions you may observe this error and you should handle it in that context. This occurred at route \"/coupon/[slug]\".","stack":"Error: During prerendering, fetch() rejects when the prerender is complete. Typically these errors are handled by React but if you move fetch() to a different context by using `setTimeout`, `after`, or similar functions you may observe this error and you should handle it in that context. This occurred at route \"/coupon/[slug]\".\n    at /Users/ofir/kenyonexpress-autopilot/.next/server/chunks/ssr/[root-of-the-server]__1_aa14n._.js:2:23832\n    at /Users/ofir/kenyonexpress-autopilot/.next/server/chunks/ssr/[root-of-the-server]__1_aa14n._.js:11:48366\n    at /Users/ofir/kenyonexpress-autopilot/.next/server/chunks/ssr/[root-of-the-server]__1_aa14n._.js:11:66894\n    at /Users/ofir/kenyonexpress-autopilot/.next/server/chunks/ssr/[root-of-the-server]__1_aa14n._.js:11:67121\n    at Object.with (/Users/ofir/kenyonexpress-autopilot/.next/server/chunks/ssr/0sj1_@opentelemetry_api_build_esm_1_uv6rc._.js:2:3907)\n    at v.with (/Users/ofir/kenyonexpress-autopilot/.next/server/chunks/ssr/0sj1_@opentelemetry_api_build_esm_1_uv6rc._.js:2:4233)\n    at P.startActiveSpan (/Users/ofir/kenyonexpress-autopilot/.next/server/chunks/ssr/0sj1_@opentelemetry_api_build_esm_1_uv6rc._.js:2:6588)\n    at R.startActiveSpan (/Users/ofir/kenyonexpress-autopilot/.next/server/chunks/ssr/0sj1_@opentelemetry_api_build_esm_1_uv6rc._.js:2:6827)\n    at a.runWithActiveSpan (/Users/ofir/kenyonexpress-autopilot/.next/server/chunks/ssr/[root-of-the-server]__1_aa14n._.js:11:67098)\n    at /Users/ofir/kenyonexpress-autopilot/.next/server/chunks/ssr/[root-of-the-server]__1_aa14n._.js:11:66397\n    at Object.with (/Users/ofir/kenyonexpress-autopilot/.next/server/chunks/ssr/0sj1_@opentelemetry_api_build_esm_1_uv6rc._.js:2:3907)\n    at v.with (/Users/ofir/kenyonexpress-autopilot/.next/server/chunks/ssr/0sj1_@opentelemetry_api_build_esm_1_uv6rc._.js:2:4233)\n    at a.trace (/Users/ofir/kenyonexpress-autopilot/.next/server/chunks/ssr/[root-of-the-server]__1_aa14n._.js:11:66371)\n    at fetch (/Users/ofir/kenyonexpress-autopilot/","digest":"HANGING_PROMISE_REJECTION"}}
{"ts":"2026-10-07T18:55:09.966Z","level":"error","event":"db.query_failed","request_id":null,"method":"POST","target":"rpc:available_stock","duration_ms":1,"err":{"name":"Error","message":"During prerendering, fetch() rejects when the prerender is complete. Typically these errors are handled by React but if you move fetch() to a different context by using `setTimeout`, `after`, or similar functions you may observe this error and you should handle it in that context. This occurred at route \"/coupon/[slug]\".","stack":"Error: During prerendering, fetch() rejects when the prerender is complete. Typically these errors are handled by React but if you move fetch() to a different context by using `setTimeout`, `after`, or similar functions you may observe this error and you should handle it in that context. This occurred at route \"/coupon/[slug]\".\n    at /Users/ofir/kenyonexpress-autopilot/.next/server/chunks/ssr/[root-of-the-server]__1_aa14n._.js:2:23832\n    at /Users/ofir/kenyonexpress-autopilot/.next/server/chunks/ssr/[root-of-the-server]__1_aa14n._.js:11:48366\n    at /Users/ofir/kenyonexpress-autopilot/.next/server/chunks/ssr/[root-of-the-server]__1_aa14n._.js:11:66894\n    at /Users/ofir/kenyonexpress-autopilot/.next/server/chunks/ssr/[root-of-the-server]__1_aa14n._.js:11:67121\n    at Object.with (/Users/ofir/kenyonexpress-autopilot/.next/server/chunks/ssr/0sj1_@opentelemetry_api_build_esm_1_uv6rc._.js:2:3907)\n    at v.with (/Users/ofir/kenyonexpress-autopilot/.next/server/chunks/ssr/0sj1_@opentelemetry_api_build_esm_1_uv6rc._.js:2:4233)\n    at P.startActiveSpan (/Users/ofir/kenyonexpress-autopilot/.next/server/chunks/ssr/0sj1_@opentelemetry_api_build_esm_1_uv6rc._.js:2:6588)\n    at R.startActiveSpan (/Users/ofir/kenyonexpress-autopilot/.next/server/chunks/ssr/0sj1_@opentelemetry_api_build_esm_1_uv6rc._.js:2:6827)\n    at a.runWithActiveSpan (/Users/ofir/kenyonexpress-autopilot/.next/server/chunks/ssr/[root-of-the-server]__1_aa14n._.js:11:67098)\n    at /Users/ofir/kenyonexpress-autopilot/.next/server/chunks/ssr/[root-of-the-server]__1_aa14n._.js:11:66397\n    at Object.with (/Users/ofir/kenyonexpress-autopilot/.next/server/chunks/ssr/0sj1_@opentelemetry_api_build_esm_1_uv6rc._.js:2:3907)\n    at v.with (/Users/ofir/kenyonexpress-autopilot/.next/server/chunks/ssr/0sj1_@opentelemetry_api_build_esm_1_uv6rc._.js:2:4233)\n    at a.trace (/Users/ofir/kenyonexpress-autopilot/.next/server/chunks/ssr/[root-of-the-server]__1_aa14n._.js:11:66371)\n    at fetch (/Users/ofir/kenyonexpress-autopilot/","digest":"HANGING_PROMISE_REJECTION"}}
{"ts":"2026-10-07T18:55:09.966Z","level":"error","event":"db.query_failed","request_id":null,"method":"GET","target":"products","duration_ms":1,"err":{"name":"Error","message":"During prerendering, fetch() rejects when the prerender is complete. Typically these errors are handled by React but if you move fetch() to a different context by using `setTimeout`, `after`, or similar functions you may observe this error and you should handle it in that context. This occurred at route \"/coupon/[slug]\".","stack":"Error: During prerendering, fetch() rejects when the prerender is complete. Typically these errors are handled by React but if you move fetch() to a different context by using `setTimeout`, `after`, or similar functions you may observe this error and you should handle it in that context. This occurred at route \"/coupon/[slug]\".\n    at /Users/ofir/kenyonexpress-autopilot/.next/server/chunks/ssr/[root-of-the-server]__1_aa14n._.js:2:23832\n    at /Users/ofir/kenyonexpress-autopilot/.next/server/chunks/ssr/[root-of-the-server]__1_aa14n._.js:11:48366\n    at /Users/ofir/kenyonexpress-autopilot/.next/server/chunks/ssr/[root-of-the-server]__1_aa14n._.js:11:66894\n    at /Users/ofir/kenyonexpress-autopilot/.next/server/chunks/ssr/[root-of-the-server]__1_aa14n._.js:11:67121\n    at Object.with (/Users/ofir/kenyonexpress-autopilot/.next/server/chunks/ssr/0sj1_@opentelemetry_api_build_esm_1_uv6rc._.js:2:3907)\n    at v.with (/Users/ofir/kenyonexpress-autopilot/.next/server/chunks/ssr/0sj1_@opentelemetry_api_build_esm_1_uv6rc._.js:2:4233)\n    at P.startActiveSpan (/Users/ofir/kenyonexpress-autopilot/.next/server/chunks/ssr/0sj1_@opentelemetry_api_build_esm_1_uv6rc._.js:2:6588)\n    at R.startActiveSpan (/Users/ofir/kenyonexpress-autopilot/.next/server/chunks/ssr/0sj1_@opentelemetry_api_build_esm_1_uv6rc._.js:2:6827)\n    at a.runWithActiveSpan (/Users/ofir/kenyonexpress-autopilot/.next/server/chunks/ssr/[root-of-the-server]__1_aa14n._.js:11:67098)\n    at /Users/ofir/kenyonexpress-autopilot/.next/server/chunks/ssr/[root-of-the-server]__1_aa14n._.js:11:66397\n    at Object.with (/Users/ofir/kenyonexpress-autopilot/.next/server/chunks/ssr/0sj1_@opentelemetry_api_build_esm_1_uv6rc._.js:2:3907)\n    at v.with (/Users/ofir/kenyonexpress-autopilot/.next/server/chunks/ssr/0sj1_@opentelemetry_api_build_esm_1_uv6rc._.js:2:4233)\n    at a.trace (/Users/ofir/kenyonexpress-autopilot/.next/server/chunks/ssr/[root-of-the-server]__1_aa14n._.js:11:66371)\n    at fetch (/Users/ofir/kenyonexpress-autopilot/","digest":"HANGING_PROMISE_REJECTION"}}
{"ts":"2026-10-07T18:55:10.090Z","level":"error","event":"db.query_failed","request_id":null,"method":"GET","target":"products","duration_ms":0,"err":{"name":"Error","message":"During prerendering, fetch() rejects when the prerender is complete. Typically these errors are handled by React but if you move fetch() to a different context by using `setTimeout`, `after`, or similar functions you may observe this error and you should handle it in that context. This occurred at route \"/product/[slug]\".","stack":"Error: During prerendering, fetch() rejects when the prerender is complete. Typically these errors are handled by React but if you move fetch() to a different context by using `setTimeout`, `after`, or similar functions you may observe this error and you should handle it in that context. This occurred at route \"/product/[slug]\".\n    at eu (/Users/ofir/kenyonexpress-autopilot/.next/server/chunks/[root-of-the-server]__1jlk8z1._.js:2:58687)\n    at /Users/ofir/kenyonexpress-autopilot/.next/server/chunks/[root-of-the-server]__1jlk8z1._.js:2:87004\n    at /Users/ofir/kenyonexpress-autopilot/.next/server/chunks/[root-of-the-server]__1jlk8z1._.js:2:54057\n    at /Users/ofir/kenyonexpress-autopilot/.next/server/chunks/[root-of-the-server]__1jlk8z1._.js:2:54347\n    at Object.with (/Users/ofir/kenyonexpress-autopilot/.next/server/chunks/[root-of-the-server]__1jlk8z1._.js:2:4124)\n    at S.with (/Users/ofir/kenyonexpress-autopilot/.next/server/chunks/[root-of-the-server]__1jlk8z1._.js:2:4450)\n    at G.startActiveSpan (/Users/ofir/kenyonexpress-autopilot/.next/server/chunks/[root-of-the-server]__1jlk8z1._.js:2:6806)\n    at H.startActiveSpan (/Users/ofir/kenyonexpress-autopilot/.next/server/chunks/[root-of-the-server]__1jlk8z1._.js:2:7045)\n    at e.runWithActiveSpan (/Users/ofir/kenyonexpress-autopilot/.next/server/chunks/[root-of-the-server]__1jlk8z1._.js:2:54324)\n    at /Users/ofir/kenyonexpress-autopilot/.next/server/chunks/[root-of-the-server]__1jlk8z1._.js:2:53577\n    at Object.with (/Users/ofir/kenyonexpress-autopilot/.next/server/chunks/[root-of-the-server]__1jlk8z1._.js:2:4124)\n    at S.with (/Users/ofir/kenyonexpress-autopilot/.next/server/chunks/[root-of-the-server]__1jlk8z1._.js:2:4450)\n    at e.trace (/Users/ofir/kenyonexpress-autopilot/.next/server/chunks/[root-of-the-server]__1jlk8z1._.js:2:53551)\n    at fetch (/Users/ofir/kenyonexpress-autopilot/.next/server/chunks/[root-of-the-server]__1jlk8z1._.js:2:84044)\n    at /Users/ofir/kenyonexpress-autopilot/.next/server/chun","digest":"HANGING_PROMISE_REJECTION"}}
{"ts":"2026-10-07T18:55:10.090Z","level":"error","event":"db.query_failed","request_id":null,"method":"GET","target":"products","duration_ms":0,"err":{"name":"Error","message":"During prerendering, fetch() rejects when the prerender is complete. Typically these errors are handled by React but if you move fetch() to a different context by using `setTimeout`, `after`, or similar functions you may observe this error and you should handle it in that context. This occurred at route \"/product/[slug]\".","stack":"Error: During prerendering, fetch() rejects when the prerender is complete. Typically these errors are handled by React but if you move fetch() to a different context by using `setTimeout`, `after`, or similar functions you may observe this error and you should handle it in that context. This occurred at route \"/product/[slug]\".\n    at eu (/Users/ofir/kenyonexpress-autopilot/.next/server/chunks/[root-of-the-server]__1jlk8z1._.js:2:58687)\n    at /Users/ofir/kenyonexpress-autopilot/.next/server/chunks/[root-of-the-server]__1jlk8z1._.js:2:87004\n    at /Users/ofir/kenyonexpress-autopilot/.next/server/chunks/[root-of-the-server]__1jlk8z1._.js:2:54057\n    at /Users/ofir/kenyonexpress-autopilot/.next/server/chunks/[root-of-the-server]__1jlk8z1._.js:2:54347\n    at Object.with (/Users/ofir/kenyonexpress-autopilot/.next/server/chunks/[root-of-the-server]__1jlk8z1._.js:2:4124)\n    at S.with (/Users/ofir/kenyonexpress-autopilot/.next/server/chunks/[root-of-the-server]__1jlk8z1._.js:2:4450)\n    at G.startActiveSpan (/Users/ofir/kenyonexpress-autopilot/.next/server/chunks/[root-of-the-server]__1jlk8z1._.js:2:6806)\n    at H.startActiveSpan (/Users/ofir/kenyonexpress-autopilot/.next/server/chunks/[root-of-the-server]__1jlk8z1._.js:2:7045)\n    at e.runWithActiveSpan (/Users/ofir/kenyonexpress-autopilot/.next/server/chunks/[root-of-the-server]__1jlk8z1._.js:2:54324)\n    at /Users/ofir/kenyonexpress-autopilot/.next/server/chunks/[root-of-the-server]__1jlk8z1._.js:2:53577\n    at Object.with (/Users/ofir/kenyonexpress-autopilot/.next/server/chunks/[root-of-the-server]__1jlk8z1._.js:2:4124)\n    at S.with (/Users/ofir/kenyonexpress-autopilot/.next/server/chunks/[root-of-the-server]__1jlk8z1._.js:2:4450)\n    at e.trace (/Users/ofir/kenyonexpress-autopilot/.next/server/chunks/[root-of-the-server]__1jlk8z1._.js:2:53551)\n    at fetch (/Users/ofir/kenyonexpress-autopilot/.next/server/chunks/[root-of-the-server]__1jlk8z1._.js:2:84044)\n    at /Users/ofir/kenyonexpress-autopilot/.next/server/chun","digest":"HANGING_PROMISE_REJECTION"}}
{"ts":"2026-10-07T18:55:10.090Z","level":"error","event":"db.query_failed","request_id":null,"method":"GET","target":"products","duration_ms":0,"err":{"name":"Error","message":"During prerendering, fetch() rejects when the prerender is complete. Typically these errors are handled by React but if you move fetch() to a different context by using `setTimeout`, `after`, or similar functions you may observe this error and you should handle it in that context. This occurred at route \"/product/[slug]\".","stack":"Error: During prerendering, fetch() rejects when the prerender is complete. Typically these errors are handled by React but if you move fetch() to a different context by using `setTimeout`, `after`, or similar functions you may observe this error and you should handle it in that context. This occurred at route \"/product/[slug]\".\n    at eu (/Users/ofir/kenyonexpress-autopilot/.next/server/chunks/[root-of-the-server]__1jlk8z1._.js:2:58687)\n    at /Users/ofir/kenyonexpress-autopilot/.next/server/chunks/[root-of-the-server]__1jlk8z1._.js:2:87004\n    at /Users/ofir/kenyonexpress-autopilot/.next/server/chunks/[root-of-the-server]__1jlk8z1._.js:2:54057\n    at /Users/ofir/kenyonexpress-autopilot/.next/server/chunks/[root-of-the-server]__1jlk8z1._.js:2:54347\n    at Object.with (/Users/ofir/kenyonexpress-autopilot/.next/server/chunks/[root-of-the-server]__1jlk8z1._.js:2:4124)\n    at S.with (/Users/ofir/kenyonexpress-autopilot/.next/server/chunks/[root-of-the-server]__1jlk8z1._.js:2:4450)\n    at G.startActiveSpan (/Users/ofir/kenyonexpress-autopilot/.next/server/chunks/[root-of-the-server]__1jlk8z1._.js:2:6806)\n    at H.startActiveSpan (/Users/ofir/kenyonexpress-autopilot/.next/server/chunks/[root-of-the-server]__1jlk8z1._.js:2:7045)\n    at e.runWithActiveSpan (/Users/ofir/kenyonexpress-autopilot/.next/server/chunks/[root-of-the-server]__1jlk8z1._.js:2:54324)\n    at /Users/ofir/kenyonexpress-autopilot/.next/server/chunks/[root-of-the-server]__1jlk8z1._.js:2:53577\n    at Object.with (/Users/ofir/kenyonexpress-autopilot/.next/server/chunks/[root-of-the-server]__1jlk8z1._.js:2:4124)\n    at S.with (/Users/ofir/kenyonexpress-autopilot/.next/server/chunks/[root-of-the-server]__1jlk8z1._.js:2:4450)\n    at e.trace (/Users/ofir/kenyonexpress-autopilot/.next/server/chunks/[root-of-the-server]__1jlk8z1._.js:2:53551)\n    at fetch (/Users/ofir/kenyonexpress-autopilot/.next/server/chunks/[root-of-the-server]__1jlk8z1._.js:2:84044)\n    at /Users/ofir/kenyonexpress-autopilot/.next/server/chun","digest":"HANGING_PROMISE_REJECTION"}}
{"ts":"2026-10-07T18:55:10.090Z","level":"error","event":"db.query_failed","request_id":null,"method":"GET","target":"products","duration_ms":0,"err":{"name":"Error","message":"During prerendering, fetch() rejects when the prerender is complete. Typically these errors are handled by React but if you move fetch() to a different context by using `setTimeout`, `after`, or similar functions you may observe this error and you should handle it in that context. This occurred at route \"/product/[slug]\".","stack":"Error: During prerendering, fetch() rejects when the prerender is complete. Typically these errors are handled by React but if you move fetch() to a different context by using `setTimeout`, `after`, or similar functions you may observe this error and you should handle it in that context. This occurred at route \"/product/[slug]\".\n    at eu (/Users/ofir/kenyonexpress-autopilot/.next/server/chunks/[root-of-the-server]__1jlk8z1._.js:2:58687)\n    at /Users/ofir/kenyonexpress-autopilot/.next/server/chunks/[root-of-the-server]__1jlk8z1._.js:2:87004\n    at /Users/ofir/kenyonexpress-autopilot/.next/server/chunks/[root-of-the-server]__1jlk8z1._.js:2:54057\n    at /Users/ofir/kenyonexpress-autopilot/.next/server/chunks/[root-of-the-server]__1jlk8z1._.js:2:54347\n    at Object.with (/Users/ofir/kenyonexpress-autopilot/.next/server/chunks/[root-of-the-server]__1jlk8z1._.js:2:4124)\n    at S.with (/Users/ofir/kenyonexpress-autopilot/.next/server/chunks/[root-of-the-server]__1jlk8z1._.js:2:4450)\n    at G.startActiveSpan (/Users/ofir/kenyonexpress-autopilot/.next/server/chunks/[root-of-the-server]__1jlk8z1._.js:2:6806)\n    at H.startActiveSpan (/Users/ofir/kenyonexpress-autopilot/.next/server/chunks/[root-of-the-server]__1jlk8z1._.js:2:7045)\n    at e.runWithActiveSpan (/Users/ofir/kenyonexpress-autopilot/.next/server/chunks/[root-of-the-server]__1jlk8z1._.js:2:54324)\n    at /Users/ofir/kenyonexpress-autopilot/.next/server/chunks/[root-of-the-server]__1jlk8z1._.js:2:53577\n    at Object.with (/Users/ofir/kenyonexpress-autopilot/.next/server/chunks/[root-of-the-server]__1jlk8z1._.js:2:4124)\n    at S.with (/Users/ofir/kenyonexpress-autopilot/.next/server/chunks/[root-of-the-server]__1jlk8z1._.js:2:4450)\n    at e.trace (/Users/ofir/kenyonexpress-autopilot/.next/server/chunks/[root-of-the-server]__1jlk8z1._.js:2:53551)\n    at fetch (/Users/ofir/kenyonexpress-autopilot/.next/server/chunks/[root-of-the-server]__1jlk8z1._.js:2:84044)\n    at /Users/ofir/kenyonexpress-autopilot/.next/server/chun","digest":"HANGING_PROMISE_REJECTION"}}
{"ts":"2026-10-07T18:55:10.091Z","level":"error","event":"db.query_failed","request_id":null,"method":"GET","target":"products","duration_ms":0,"err":{"name":"Error","message":"During prerendering, fetch() rejects when the prerender is complete. Typically these errors are handled by React but if you move fetch() to a different context by using `setTimeout`, `after`, or similar functions you may observe this error and you should handle it in that context. This occurred at route \"/product/[slug]\".","stack":"Error: During prerendering, fetch() rejects when the prerender is complete. Typically these errors are handled by React but if you move fetch() to a different context by using `setTimeout`, `after`, or similar functions you may observe this error and you should handle it in that context. This occurred at route \"/product/[slug]\".\n    at eu (/Users/ofir/kenyonexpress-autopilot/.next/server/chunks/[root-of-the-server]__1jlk8z1._.js:2:58687)\n    at /Users/ofir/kenyonexpress-autopilot/.next/server/chunks/[root-of-the-server]__1jlk8z1._.js:2:87004\n    at /Users/ofir/kenyonexpress-autopilot/.next/server/chunks/[root-of-the-server]__1jlk8z1._.js:2:54057\n    at /Users/ofir/kenyonexpress-autopilot/.next/server/chunks/[root-of-the-server]__1jlk8z1._.js:2:54347\n    at Object.with (/Users/ofir/kenyonexpress-autopilot/.next/server/chunks/[root-of-the-server]__1jlk8z1._.js:2:4124)\n    at S.with (/Users/ofir/kenyonexpress-autopilot/.next/server/chunks/[root-of-the-server]__1jlk8z1._.js:2:4450)\n    at G.startActiveSpan (/Users/ofir/kenyonexpress-autopilot/.next/server/chunks/[root-of-the-server]__1jlk8z1._.js:2:6806)\n    at H.startActiveSpan (/Users/ofir/kenyonexpress-autopilot/.next/server/chunks/[root-of-the-server]__1jlk8z1._.js:2:7045)\n    at e.runWithActiveSpan (/Users/ofir/kenyonexpress-autopilot/.next/server/chunks/[root-of-the-server]__1jlk8z1._.js:2:54324)\n    at /Users/ofir/kenyonexpress-autopilot/.next/server/chunks/[root-of-the-server]__1jlk8z1._.js:2:53577\n    at Object.with (/Users/ofir/kenyonexpress-autopilot/.next/server/chunks/[root-of-the-server]__1jlk8z1._.js:2:4124)\n    at S.with (/Users/ofir/kenyonexpress-autopilot/.next/server/chunks/[root-of-the-server]__1jlk8z1._.js:2:4450)\n    at e.trace (/Users/ofir/kenyonexpress-autopilot/.next/server/chunks/[root-of-the-server]__1jlk8z1._.js:2:53551)\n    at fetch (/Users/ofir/kenyonexpress-autopilot/.next/server/chunks/[root-of-the-server]__1jlk8z1._.js:2:84044)\n    at /Users/ofir/kenyonexpress-autopilot/.next/server/chun","digest":"HANGING_PROMISE_REJECTION"}}
{"ts":"2026-10-07T18:55:10.091Z","level":"error","event":"db.query_failed","request_id":null,"method":"GET","target":"products","duration_ms":0,"err":{"name":"Error","message":"During prerendering, fetch() rejects when the prerender is complete. Typically these errors are handled by React but if you move fetch() to a different context by using `setTimeout`, `after`, or similar functions you may observe this error and you should handle it in that context. This occurred at route \"/product/[slug]\".","stack":"Error: During prerendering, fetch() rejects when the prerender is complete. Typically these errors are handled by React but if you move fetch() to a different context by using `setTimeout`, `after`, or similar functions you may observe this error and you should handle it in that context. This occurred at route \"/product/[slug]\".\n    at eu (/Users/ofir/kenyonexpress-autopilot/.next/server/chunks/[root-of-the-server]__1jlk8z1._.js:2:58687)\n    at /Users/ofir/kenyonexpress-autopilot/.next/server/chunks/[root-of-the-server]__1jlk8z1._.js:2:87004\n    at /Users/ofir/kenyonexpress-autopilot/.next/server/chunks/[root-of-the-server]__1jlk8z1._.js:2:54057\n    at /Users/ofir/kenyonexpress-autopilot/.next/server/chunks/[root-of-the-server]__1jlk8z1._.js:2:54347\n    at Object.with (/Users/ofir/kenyonexpress-autopilot/.next/server/chunks/[root-of-the-server]__1jlk8z1._.js:2:4124)\n    at S.with (/Users/ofir/kenyonexpress-autopilot/.next/server/chunks/[root-of-the-server]__1jlk8z1._.js:2:4450)\n    at G.startActiveSpan (/Users/ofir/kenyonexpress-autopilot/.next/server/chunks/[root-of-the-server]__1jlk8z1._.js:2:6806)\n    at H.startActiveSpan (/Users/ofir/kenyonexpress-autopilot/.next/server/chunks/[root-of-the-server]__1jlk8z1._.js:2:7045)\n    at e.runWithActiveSpan (/Users/ofir/kenyonexpress-autopilot/.next/server/chunks/[root-of-the-server]__1jlk8z1._.js:2:54324)\n    at /Users/ofir/kenyonexpress-autopilot/.next/server/chunks/[root-of-the-server]__1jlk8z1._.js:2:53577\n    at Object.with (/Users/ofir/kenyonexpress-autopilot/.next/server/chunks/[root-of-the-server]__1jlk8z1._.js:2:4124)\n    at S.with (/Users/ofir/kenyonexpress-autopilot/.next/server/chunks/[root-of-the-server]__1jlk8z1._.js:2:4450)\n    at e.trace (/Users/ofir/kenyonexpress-autopilot/.next/server/chunks/[root-of-the-server]__1jlk8z1._.js:2:53551)\n    at fetch (/Users/ofir/kenyonexpress-autopilot/.next/server/chunks/[root-of-the-server]__1jlk8z1._.js:2:84044)\n    at /Users/ofir/kenyonexpress-autopilot/.next/server/chun","digest":"HANGING_PROMISE_REJECTION"}}
{"ts":"2026-10-07T18:55:10.091Z","level":"error","event":"db.query_failed","request_id":null,"method":"GET","target":"products","duration_ms":0,"err":{"name":"Error","message":"During prerendering, fetch() rejects when the prerender is complete. Typically these errors are handled by React but if you move fetch() to a different context by using `setTimeout`, `after`, or similar functions you may observe this error and you should handle it in that context. This occurred at route \"/product/[slug]\".","stack":"Error: During prerendering, fetch() rejects when the prerender is complete. Typically these errors are handled by React but if you move fetch() to a different context by using `setTimeout`, `after`, or similar functions you may observe this error and you should handle it in that context. This occurred at route \"/product/[slug]\".\n    at eu (/Users/ofir/kenyonexpress-autopilot/.next/server/chunks/[root-of-the-server]__1jlk8z1._.js:2:58687)\n    at /Users/ofir/kenyonexpress-autopilot/.next/server/chunks/[root-of-the-server]__1jlk8z1._.js:2:87004\n    at /Users/ofir/kenyonexpress-autopilot/.next/server/chunks/[root-of-the-server]__1jlk8z1._.js:2:54057\n    at /Users/ofir/kenyonexpress-autopilot/.next/server/chunks/[root-of-the-server]__1jlk8z1._.js:2:54347\n    at Object.with (/Users/ofir/kenyonexpress-autopilot/.next/server/chunks/[root-of-the-server]__1jlk8z1._.js:2:4124)\n    at S.with (/Users/ofir/kenyonexpress-autopilot/.next/server/chunks/[root-of-the-server]__1jlk8z1._.js:2:4450)\n    at G.startActiveSpan (/Users/ofir/kenyonexpress-autopilot/.next/server/chunks/[root-of-the-server]__1jlk8z1._.js:2:6806)\n    at H.startActiveSpan (/Users/ofir/kenyonexpress-autopilot/.next/server/chunks/[root-of-the-server]__1jlk8z1._.js:2:7045)\n    at e.runWithActiveSpan (/Users/ofir/kenyonexpress-autopilot/.next/server/chunks/[root-of-the-server]__1jlk8z1._.js:2:54324)\n    at /Users/ofir/kenyonexpress-autopilot/.next/server/chunks/[root-of-the-server]__1jlk8z1._.js:2:53577\n    at Object.with (/Users/ofir/kenyonexpress-autopilot/.next/server/chunks/[root-of-the-server]__1jlk8z1._.js:2:4124)\n    at S.with (/Users/ofir/kenyonexpress-autopilot/.next/server/chunks/[root-of-the-server]__1jlk8z1._.js:2:4450)\n    at e.trace (/Users/ofir/kenyonexpress-autopilot/.next/server/chunks/[root-of-the-server]__1jlk8z1._.js:2:53551)\n    at fetch (/Users/ofir/kenyonexpress-autopilot/.next/server/chunks/[root-of-the-server]__1jlk8z1._.js:2:84044)\n    at /Users/ofir/kenyonexpress-autopilot/.next/server/chun","digest":"HANGING_PROMISE_REJECTION"}}
{"ts":"2026-10-07T18:55:10.091Z","level":"error","event":"db.query_failed","request_id":null,"method":"GET","target":"products","duration_ms":0,"err":{"name":"Error","message":"During prerendering, fetch() rejects when the prerender is complete. Typically these errors are handled by React but if you move fetch() to a different context by using `setTimeout`, `after`, or similar functions you may observe this error and you should handle it in that context. This occurred at route \"/product/[slug]\".","stack":"Error: During prerendering, fetch() rejects when the prerender is complete. Typically these errors are handled by React but if you move fetch() to a different context by using `setTimeout`, `after`, or similar functions you may observe this error and you should handle it in that context. This occurred at route \"/product/[slug]\".\n    at eu (/Users/ofir/kenyonexpress-autopilot/.next/server/chunks/[root-of-the-server]__1jlk8z1._.js:2:58687)\n    at /Users/ofir/kenyonexpress-autopilot/.next/server/chunks/[root-of-the-server]__1jlk8z1._.js:2:87004\n    at /Users/ofir/kenyonexpress-autopilot/.next/server/chunks/[root-of-the-server]__1jlk8z1._.js:2:54057\n    at /Users/ofir/kenyonexpress-autopilot/.next/server/chunks/[root-of-the-server]__1jlk8z1._.js:2:54347\n    at Object.with (/Users/ofir/kenyonexpress-autopilot/.next/server/chunks/[root-of-the-server]__1jlk8z1._.js:2:4124)\n    at S.with (/Users/ofir/kenyonexpress-autopilot/.next/server/chunks/[root-of-the-server]__1jlk8z1._.js:2:4450)\n    at G.startActiveSpan (/Users/ofir/kenyonexpress-autopilot/.next/server/chunks/[root-of-the-server]__1jlk8z1._.js:2:6806)\n    at H.startActiveSpan (/Users/ofir/kenyonexpress-autopilot/.next/server/chunks/[root-of-the-server]__1jlk8z1._.js:2:7045)\n    at e.runWithActiveSpan (/Users/ofir/kenyonexpress-autopilot/.next/server/chunks/[root-of-the-server]__1jlk8z1._.js:2:54324)\n    at /Users/ofir/kenyonexpress-autopilot/.next/server/chunks/[root-of-the-server]__1jlk8z1._.js:2:53577\n    at Object.with (/Users/ofir/kenyonexpress-autopilot/.next/server/chunks/[root-of-the-server]__1jlk8z1._.js:2:4124)\n    at S.with (/Users/ofir/kenyonexpress-autopilot/.next/server/chunks/[root-of-the-server]__1jlk8z1._.js:2:4450)\n    at e.trace (/Users/ofir/kenyonexpress-autopilot/.next/server/chunks/[root-of-the-server]__1jlk8z1._.js:2:53551)\n    at fetch (/Users/ofir/kenyonexpress-autopilot/.next/server/chunks/[root-of-the-server]__1jlk8z1._.js:2:84044)\n    at /Users/ofir/kenyonexpress-autopilot/.next/server/chun","digest":"HANGING_PROMISE_REJECTION"}}
{"ts":"2026-10-07T18:55:10.091Z","level":"error","event":"db.query_failed","request_id":null,"method":"GET","target":"products","duration_ms":0,"err":{"name":"Error","message":"During prerendering, fetch() rejects when the prerender is complete. Typically these errors are handled by React but if you move fetch() to a different context by using `setTimeout`, `after`, or similar functions you may observe this error and you should handle it in that context. This occurred at route \"/product/[slug]\".","stack":"Error: During prerendering, fetch() rejects when the prerender is complete. Typically these errors are handled by React but if you move fetch() to a different context by using `setTimeout`, `after`, or similar functions you may observe this error and you should handle it in that context. This occurred at route \"/product/[slug]\".\n    at eu (/Users/ofir/kenyonexpress-autopilot/.next/server/chunks/[root-of-the-server]__1jlk8z1._.js:2:58687)\n    at /Users/ofir/kenyonexpress-autopilot/.next/server/chunks/[root-of-the-server]__1jlk8z1._.js:2:87004\n    at /Users/ofir/kenyonexpress-autopilot/.next/server/chunks/[root-of-the-server]__1jlk8z1._.js:2:54057\n    at /Users/ofir/kenyonexpress-autopilot/.next/server/chunks/[root-of-the-server]__1jlk8z1._.js:2:54347\n    at Object.with (/Users/ofir/kenyonexpress-autopilot/.next/server/chunks/[root-of-the-server]__1jlk8z1._.js:2:4124)\n    at S.with (/Users/ofir/kenyonexpress-autopilot/.next/server/chunks/[root-of-the-server]__1jlk8z1._.js:2:4450)\n    at G.startActiveSpan (/Users/ofir/kenyonexpress-autopilot/.next/server/chunks/[root-of-the-server]__1jlk8z1._.js:2:6806)\n    at H.startActiveSpan (/Users/ofir/kenyonexpress-autopilot/.next/server/chunks/[root-of-the-server]__1jlk8z1._.js:2:7045)\n    at e.runWithActiveSpan (/Users/ofir/kenyonexpress-autopilot/.next/server/chunks/[root-of-the-server]__1jlk8z1._.js:2:54324)\n    at /Users/ofir/kenyonexpress-autopilot/.next/server/chunks/[root-of-the-server]__1jlk8z1._.js:2:53577\n    at Object.with (/Users/ofir/kenyonexpress-autopilot/.next/server/chunks/[root-of-the-server]__1jlk8z1._.js:2:4124)\n    at S.with (/Users/ofir/kenyonexpress-autopilot/.next/server/chunks/[root-of-the-server]__1jlk8z1._.js:2:4450)\n    at e.trace (/Users/ofir/kenyonexpress-autopilot/.next/server/chunks/[root-of-the-server]__1jlk8z1._.js:2:53551)\n    at fetch (/Users/ofir/kenyonexpress-autopilot/.next/server/chunks/[root-of-the-server]__1jlk8z1._.js:2:84044)\n    at /Users/ofir/kenyonexpress-autopilot/.next/server/chun","digest":"HANGING_PROMISE_REJECTION"}}
{"ts":"2026-10-07T18:55:10.121Z","level":"warn","event":"db.query_slow","request_id":null,"method":"GET","target":"media_assets","status":200,"duration_ms":339,"threshold_ms":300}
{"ts":"2026-10-07T18:55:10.127Z","level":"warn","event":"db.query_slow","request_id":null,"method":"POST","target":"rpc:product_rating_summary","status":404,"duration_ms":332,"threshold_ms":300}
{"ts":"2026-10-07T18:55:10.130Z","level":"warn","event":"db.query_slow","request_id":null,"method":"GET","target":"product_variants","status":200,"duration_ms":348,"threshold_ms":300}
{"ts":"2026-10-07T18:55:10.139Z","level":"warn","event":"db.query_slow","request_id":null,"method":"POST","target":"rpc:product_rating_summary","status":404,"duration_ms":357,"threshold_ms":300}
{"ts":"2026-10-07T18:55:10.140Z","level":"warn","event":"db.query_slow","request_id":null,"method":"POST","target":"rpc:product_rating_summary","status":404,"duration_ms":342,"threshold_ms":300}
{"ts":"2026-10-07T18:55:10.141Z","level":"warn","event":"db.query_slow","request_id":null,"method":"GET","target":"products","status":200,"duration_ms":359,"threshold_ms":300}
{"ts":"2026-10-07T18:55:10.146Z","level":"warn","event":"db.query_slow","request_id":null,"method":"GET","target":"products","status":200,"duration_ms":349,"threshold_ms":300}
{"ts":"2026-10-07T18:55:10.151Z","level":"warn","event":"db.query_slow","request_id":null,"method":"GET","target":"product_variants","status":200,"duration_ms":354,"threshold_ms":300}
{"ts":"2026-10-07T18:55:10.152Z","level":"warn","event":"db.query_slow","request_id":null,"method":"POST","target":"rpc:product_rating_summary","status":404,"duration_ms":346,"threshold_ms":300}
{"ts":"2026-10-07T18:55:10.154Z","level":"warn","event":"db.query_slow","request_id":null,"method":"POST","target":"rpc:product_rating_summary","status":404,"duration_ms":352,"threshold_ms":300}
{"ts":"2026-10-07T18:55:10.166Z","level":"warn","event":"db.query_slow","request_id":null,"method":"GET","target":"products","status":200,"duration_ms":371,"threshold_ms":300}
{"ts":"2026-10-07T18:55:10.167Z","level":"warn","event":"db.query_slow","request_id":null,"method":"GET","target":"product_variants","status":200,"duration_ms":365,"threshold_ms":300}
{"ts":"2026-10-07T18:55:10.169Z","level":"warn","event":"db.query_slow","request_id":null,"method":"GET","target":"product_variants","status":200,"duration_ms":374,"threshold_ms":300}
{"ts":"2026-10-07T18:55:10.182Z","level":"warn","event":"db.query_slow","request_id":null,"method":"GET","target":"products","status":200,"duration_ms":380,"threshold_ms":300}
{"ts":"2026-10-07T18:55:10.183Z","level":"warn","event":"db.query_slow","request_id":null,"method":"GET","target":"media_assets","status":200,"duration_ms":377,"threshold_ms":300}
{"ts":"2026-10-07T18:55:10.191Z","level":"warn","event":"db.query_slow","request_id":null,"method":"GET","target":"products","status":200,"duration_ms":385,"threshold_ms":300}
{"ts":"2026-10-07T18:55:10.192Z","level":"warn","event":"db.query_slow","request_id":null,"method":"GET","target":"media_assets","status":200,"duration_ms":371,"threshold_ms":300}
{"ts":"2026-10-07T18:55:10.194Z","level":"error","event":"db.query_failed","request_id":null,"method":"GET","target":"products","duration_ms":0,"err":{"name":"Error","message":"During prerendering, fetch() rejects when the prerender is complete. Typically these errors are handled by React but if you move fetch() to a different context by using `setTimeout`, `after`, or similar functions you may observe this error and you should handle it in that context. This occurred at route \"/product/[slug]\".","stack":"Error: During prerendering, fetch() rejects when the prerender is complete. Typically these errors are handled by React but if you move fetch() to a different context by using `setTimeout`, `after`, or similar functions you may observe this error and you should handle it in that context. This occurred at route \"/product/[slug]\".\n    at eu (/Users/ofir/kenyonexpress-autopilot/.next/server/chunks/[root-of-the-server]__1jlk8z1._.js:2:58687)\n    at /Users/ofir/kenyonexpress-autopilot/.next/server/chunks/[root-of-the-server]__1jlk8z1._.js:2:87004\n    at /Users/ofir/kenyonexpress-autopilot/.next/server/chunks/[root-of-the-server]__1jlk8z1._.js:2:54057\n    at /Users/ofir/kenyonexpress-autopilot/.next/server/chunks/[root-of-the-server]__1jlk8z1._.js:2:54347\n    at Object.with (/Users/ofir/kenyonexpress-autopilot/.next/server/chunks/[root-of-the-server]__1jlk8z1._.js:2:4124)\n    at S.with (/Users/ofir/kenyonexpress-autopilot/.next/server/chunks/[root-of-the-server]__1jlk8z1._.js:2:4450)\n    at G.startActiveSpan (/Users/ofir/kenyonexpress-autopilot/.next/server/chunks/[root-of-the-server]__1jlk8z1._.js:2:6806)\n    at H.startActiveSpan (/Users/ofir/kenyonexpress-autopilot/.next/server/chunks/[root-of-the-server]__1jlk8z1._.js:2:7045)\n    at e.runWithActiveSpan (/Users/ofir/kenyonexpress-autopilot/.next/server/chunks/[root-of-the-server]__1jlk8z1._.js:2:54324)\n    at /Users/ofir/kenyonexpress-autopilot/.next/server/chunks/[root-of-the-server]__1jlk8z1._.js:2:53577\n    at Object.with (/Users/ofir/kenyonexpress-autopilot/.next/server/chunks/[root-of-the-server]__1jlk8z1._.js:2:4124)\n    at S.with (/Users/ofir/kenyonexpress-autopilot/.next/server/chunks/[root-of-the-server]__1jlk8z1._.js:2:4450)\n    at e.trace (/Users/ofir/kenyonexpress-autopilot/.next/server/chunks/[root-of-the-server]__1jlk8z1._.js:2:53551)\n    at fetch (/Users/ofir/kenyonexpress-autopilot/.next/server/chunks/[root-of-the-server]__1jlk8z1._.js:2:84044)\n    at /Users/ofir/kenyonexpress-autopilot/.next/server/chun","digest":"HANGING_PROMISE_REJECTION"}}
{"ts":"2026-10-07T18:55:10.194Z","level":"error","event":"db.query_failed","request_id":null,"method":"GET","target":"products","duration_ms":0,"err":{"name":"Error","message":"During prerendering, fetch() rejects when the prerender is complete. Typically these errors are handled by React but if you move fetch() to a different context by using `setTimeout`, `after`, or similar functions you may observe this error and you should handle it in that context. This occurred at route \"/product/[slug]\".","stack":"Error: During prerendering, fetch() rejects when the prerender is complete. Typically these errors are handled by React but if you move fetch() to a different context by using `setTimeout`, `after`, or similar functions you may observe this error and you should handle it in that context. This occurred at route \"/product/[slug]\".\n    at eu (/Users/ofir/kenyonexpress-autopilot/.next/server/chunks/[root-of-the-server]__1jlk8z1._.js:2:58687)\n    at /Users/ofir/kenyonexpress-autopilot/.next/server/chunks/[root-of-the-server]__1jlk8z1._.js:2:87004\n    at /Users/ofir/kenyonexpress-autopilot/.next/server/chunks/[root-of-the-server]__1jlk8z1._.js:2:54057\n    at /Users/ofir/kenyonexpress-autopilot/.next/server/chunks/[root-of-the-server]__1jlk8z1._.js:2:54347\n    at Object.with (/Users/ofir/kenyonexpress-autopilot/.next/server/chunks/[root-of-the-server]__1jlk8z1._.js:2:4124)\n    at S.with (/Users/ofir/kenyonexpress-autopilot/.next/server/chunks/[root-of-the-server]__1jlk8z1._.js:2:4450)\n    at G.startActiveSpan (/Users/ofir/kenyonexpress-autopilot/.next/server/chunks/[root-of-the-server]__1jlk8z1._.js:2:6806)\n    at H.startActiveSpan (/Users/ofir/kenyonexpress-autopilot/.next/server/chunks/[root-of-the-server]__1jlk8z1._.js:2:7045)\n    at e.runWithActiveSpan (/Users/ofir/kenyonexpress-autopilot/.next/server/chunks/[root-of-the-server]__1jlk8z1._.js:2:54324)\n    at /Users/ofir/kenyonexpress-autopilot/.next/server/chunks/[root-of-the-server]__1jlk8z1._.js:2:53577\n    at Object.with (/Users/ofir/kenyonexpress-autopilot/.next/server/chunks/[root-of-the-server]__1jlk8z1._.js:2:4124)\n    at S.with (/Users/ofir/kenyonexpress-autopilot/.next/server/chunks/[root-of-the-server]__1jlk8z1._.js:2:4450)\n    at e.trace (/Users/ofir/kenyonexpress-autopilot/.next/server/chunks/[root-of-the-server]__1jlk8z1._.js:2:53551)\n    at fetch (/Users/ofir/kenyonexpress-autopilot/.next/server/chunks/[root-of-the-server]__1jlk8z1._.js:2:84044)\n    at /Users/ofir/kenyonexpress-autopilot/.next/server/chun","digest":"HANGING_PROMISE_REJECTION"}}
{"ts":"2026-10-07T18:55:10.194Z","level":"error","event":"db.query_failed","request_id":null,"method":"GET","target":"products","duration_ms":0,"err":{"name":"Error","message":"During prerendering, fetch() rejects when the prerender is complete. Typically these errors are handled by React but if you move fetch() to a different context by using `setTimeout`, `after`, or similar functions you may observe this error and you should handle it in that context. This occurred at route \"/product/[slug]\".","stack":"Error: During prerendering, fetch() rejects when the prerender is complete. Typically these errors are handled by React but if you move fetch() to a different context by using `setTimeout`, `after`, or similar functions you may observe this error and you should handle it in that context. This occurred at route \"/product/[slug]\".\n    at eu (/Users/ofir/kenyonexpress-autopilot/.next/server/chunks/[root-of-the-server]__1jlk8z1._.js:2:58687)\n    at /Users/ofir/kenyonexpress-autopilot/.next/server/chunks/[root-of-the-server]__1jlk8z1._.js:2:87004\n    at /Users/ofir/kenyonexpress-autopilot/.next/server/chunks/[root-of-the-server]__1jlk8z1._.js:2:54057\n    at /Users/ofir/kenyonexpress-autopilot/.next/server/chunks/[root-of-the-server]__1jlk8z1._.js:2:54347\n    at Object.with (/Users/ofir/kenyonexpress-autopilot/.next/server/chunks/[root-of-the-server]__1jlk8z1._.js:2:4124)\n    at S.with (/Users/ofir/kenyonexpress-autopilot/.next/server/chunks/[root-of-the-server]__1jlk8z1._.js:2:4450)\n    at G.startActiveSpan (/Users/ofir/kenyonexpress-autopilot/.next/server/chunks/[root-of-the-server]__1jlk8z1._.js:2:6806)\n    at H.startActiveSpan (/Users/ofir/kenyonexpress-autopilot/.next/server/chunks/[root-of-the-server]__1jlk8z1._.js:2:7045)\n    at e.runWithActiveSpan (/Users/ofir/kenyonexpress-autopilot/.next/server/chunks/[root-of-the-server]__1jlk8z1._.js:2:54324)\n    at /Users/ofir/kenyonexpress-autopilot/.next/server/chunks/[root-of-the-server]__1jlk8z1._.js:2:53577\n    at Object.with (/Users/ofir/kenyonexpress-autopilot/.next/server/chunks/[root-of-the-server]__1jlk8z1._.js:2:4124)\n    at S.with (/Users/ofir/kenyonexpress-autopilot/.next/server/chunks/[root-of-the-server]__1jlk8z1._.js:2:4450)\n    at e.trace (/Users/ofir/kenyonexpress-autopilot/.next/server/chunks/[root-of-the-server]__1jlk8z1._.js:2:53551)\n    at fetch (/Users/ofir/kenyonexpress-autopilot/.next/server/chunks/[root-of-the-server]__1jlk8z1._.js:2:84044)\n    at /Users/ofir/kenyonexpress-autopilot/.next/server/chun","digest":"HANGING_PROMISE_REJECTION"}}
{"ts":"2026-10-07T18:55:10.194Z","level":"error","event":"db.query_failed","request_id":null,"method":"GET","target":"referral_program_settings","duration_ms":89,"err":{"name":"Error","message":"During prerendering, fetch() rejects when the prerender is complete. Typically these errors are handled by React but if you move fetch() to a different context by using `setTimeout`, `after`, or similar functions you may observe this error and you should handle it in that context. This occurred at route \"/wallet\".","stack":"Error: During prerendering, fetch() rejects when the prerender is complete. Typically these errors are handled by React but if you move fetch() to a different context by using `setTimeout`, `after`, or similar functions you may observe this error and you should handle it in that context. This occurred at route \"/wallet\".\n    at eu (/Users/ofir/kenyonexpress-autopilot/.next/server/chunks/[root-of-the-server]__1jlk8z1._.js:2:58687)\n    at /Users/ofir/kenyonexpress-autopilot/.next/server/chunks/[root-of-the-server]__1jlk8z1._.js:2:87004\n    at /Users/ofir/kenyonexpress-autopilot/.next/server/chunks/[root-of-the-server]__1jlk8z1._.js:2:54057\n    at /Users/ofir/kenyonexpress-autopilot/.next/server/chunks/[root-of-the-server]__1jlk8z1._.js:2:54347\n    at Object.with (/Users/ofir/kenyonexpress-autopilot/.next/server/chunks/[root-of-the-server]__1jlk8z1._.js:2:4124)\n    at S.with (/Users/ofir/kenyonexpress-autopilot/.next/server/chunks/[root-of-the-server]__1jlk8z1._.js:2:4450)\n    at G.startActiveSpan (/Users/ofir/kenyonexpress-autopilot/.next/server/chunks/[root-of-the-server]__1jlk8z1._.js:2:6806)\n    at H.startActiveSpan (/Users/ofir/kenyonexpress-autopilot/.next/server/chunks/[root-of-the-server]__1jlk8z1._.js:2:7045)\n    at e.runWithActiveSpan (/Users/ofir/kenyonexpress-autopilot/.next/server/chunks/[root-of-the-server]__1jlk8z1._.js:2:54324)\n    at /Users/ofir/kenyonexpress-autopilot/.next/server/chunks/[root-of-the-server]__1jlk8z1._.js:2:53577\n    at Object.with (/Users/ofir/kenyonexpress-autopilot/.next/server/chunks/[root-of-the-server]__1jlk8z1._.js:2:4124)\n    at S.with (/Users/ofir/kenyonexpress-autopilot/.next/server/chunks/[root-of-the-server]__1jlk8z1._.js:2:4450)\n    at e.trace (/Users/ofir/kenyonexpress-autopilot/.next/server/chunks/[root-of-the-server]__1jlk8z1._.js:2:53551)\n    at fetch (/Users/ofir/kenyonexpress-autopilot/.next/server/chunks/[root-of-the-server]__1jlk8z1._.js:2:84044)\n    at /Users/ofir/kenyonexpress-autopilot/.next/server/chunks/ssr/s","digest":"HANGING_PROMISE_REJECTION"}}
{"ts":"2026-10-07T18:55:10.195Z","level":"error","event":"db.query_failed","request_id":null,"method":"GET","target":"products","duration_ms":0,"err":{"name":"Error","message":"During prerendering, fetch() rejects when the prerender is complete. Typically these errors are handled by React but if you move fetch() to a different context by using `setTimeout`, `after`, or similar functions you may observe this error and you should handle it in that context. This occurred at route \"/product/[slug]\".","stack":"Error: During prerendering, fetch() rejects when the prerender is complete. Typically these errors are handled by React but if you move fetch() to a different context by using `setTimeout`, `after`, or similar functions you may observe this error and you should handle it in that context. This occurred at route \"/product/[slug]\".\n    at eu (/Users/ofir/kenyonexpress-autopilot/.next/server/chunks/[root-of-the-server]__1jlk8z1._.js:2:58687)\n    at /Users/ofir/kenyonexpress-autopilot/.next/server/chunks/[root-of-the-server]__1jlk8z1._.js:2:87004\n    at /Users/ofir/kenyonexpress-autopilot/.next/server/chunks/[root-of-the-server]__1jlk8z1._.js:2:54057\n    at /Users/ofir/kenyonexpress-autopilot/.next/server/chunks/[root-of-the-server]__1jlk8z1._.js:2:54347\n    at Object.with (/Users/ofir/kenyonexpress-autopilot/.next/server/chunks/[root-of-the-server]__1jlk8z1._.js:2:4124)\n    at S.with (/Users/ofir/kenyonexpress-autopilot/.next/server/chunks/[root-of-the-server]__1jlk8z1._.js:2:4450)\n    at G.startActiveSpan (/Users/ofir/kenyonexpress-autopilot/.next/server/chunks/[root-of-the-server]__1jlk8z1._.js:2:6806)\n    at H.startActiveSpan (/Users/ofir/kenyonexpress-autopilot/.next/server/chunks/[root-of-the-server]__1jlk8z1._.js:2:7045)\n    at e.runWithActiveSpan (/Users/ofir/kenyonexpress-autopilot/.next/server/chunks/[root-of-the-server]__1jlk8z1._.js:2:54324)\n    at /Users/ofir/kenyonexpress-autopilot/.next/server/chunks/[root-of-the-server]__1jlk8z1._.js:2:53577\n    at Object.with (/Users/ofir/kenyonexpress-autopilot/.next/server/chunks/[root-of-the-server]__1jlk8z1._.js:2:4124)\n    at S.with (/Users/ofir/kenyonexpress-autopilot/.next/server/chunks/[root-of-the-server]__1jlk8z1._.js:2:4450)\n    at e.trace (/Users/ofir/kenyonexpress-autopilot/.next/server/chunks/[root-of-the-server]__1jlk8z1._.js:2:53551)\n    at fetch (/Users/ofir/kenyonexpress-autopilot/.next/server/chunks/[root-of-the-server]__1jlk8z1._.js:2:84044)\n    at /Users/ofir/kenyonexpress-autopilot/.next/server/chun","digest":"HANGING_PROMISE_REJECTION"}}
{"ts":"2026-10-07T18:55:10.195Z","level":"error","event":"db.query_failed","request_id":null,"method":"GET","target":"products","duration_ms":0,"err":{"name":"Error","message":"During prerendering, fetch() rejects when the prerender is complete. Typically these errors are handled by React but if you move fetch() to a different context by using `setTimeout`, `after`, or similar functions you may observe this error and you should handle it in that context. This occurred at route \"/product/[slug]\".","stack":"Error: During prerendering, fetch() rejects when the prerender is complete. Typically these errors are handled by React but if you move fetch() to a different context by using `setTimeout`, `after`, or similar functions you may observe this error and you should handle it in that context. This occurred at route \"/product/[slug]\".\n    at eu (/Users/ofir/kenyonexpress-autopilot/.next/server/chunks/[root-of-the-server]__1jlk8z1._.js:2:58687)\n    at /Users/ofir/kenyonexpress-autopilot/.next/server/chunks/[root-of-the-server]__1jlk8z1._.js:2:87004\n    at /Users/ofir/kenyonexpress-autopilot/.next/server/chunks/[root-of-the-server]__1jlk8z1._.js:2:54057\n    at /Users/ofir/kenyonexpress-autopilot/.next/server/chunks/[root-of-the-server]__1jlk8z1._.js:2:54347\n    at Object.with (/Users/ofir/kenyonexpress-autopilot/.next/server/chunks/[root-of-the-server]__1jlk8z1._.js:2:4124)\n    at S.with (/Users/ofir/kenyonexpress-autopilot/.next/server/chunks/[root-of-the-server]__1jlk8z1._.js:2:4450)\n    at G.startActiveSpan (/Users/ofir/kenyonexpress-autopilot/.next/server/chunks/[root-of-the-server]__1jlk8z1._.js:2:6806)\n    at H.startActiveSpan (/Users/ofir/kenyonexpress-autopilot/.next/server/chunks/[root-of-the-server]__1jlk8z1._.js:2:7045)\n    at e.runWithActiveSpan (/Users/ofir/kenyonexpress-autopilot/.next/server/chunks/[root-of-the-server]__1jlk8z1._.js:2:54324)\n    at /Users/ofir/kenyonexpress-autopilot/.next/server/chunks/[root-of-the-server]__1jlk8z1._.js:2:53577\n    at Object.with (/Users/ofir/kenyonexpress-autopilot/.next/server/chunks/[root-of-the-server]__1jlk8z1._.js:2:4124)\n    at S.with (/Users/ofir/kenyonexpress-autopilot/.next/server/chunks/[root-of-the-server]__1jlk8z1._.js:2:4450)\n    at e.trace (/Users/ofir/kenyonexpress-autopilot/.next/server/chunks/[root-of-the-server]__1jlk8z1._.js:2:53551)\n    at fetch (/Users/ofir/kenyonexpress-autopilot/.next/server/chunks/[root-of-the-server]__1jlk8z1._.js:2:84044)\n    at /Users/ofir/kenyonexpress-autopilot/.next/server/chun","digest":"HANGING_PROMISE_REJECTION"}}
{"ts":"2026-10-07T18:55:10.195Z","level":"error","event":"db.query_failed","request_id":null,"method":"GET","target":"products","duration_ms":0,"err":{"name":"Error","message":"During prerendering, fetch() rejects when the prerender is complete. Typically these errors are handled by React but if you move fetch() to a different context by using `setTimeout`, `after`, or similar functions you may observe this error and you should handle it in that context. This occurred at route \"/product/[slug]\".","stack":"Error: During prerendering, fetch() rejects when the prerender is complete. Typically these errors are handled by React but if you move fetch() to a different context by using `setTimeout`, `after`, or similar functions you may observe this error and you should handle it in that context. This occurred at route \"/product/[slug]\".\n    at eu (/Users/ofir/kenyonexpress-autopilot/.next/server/chunks/[root-of-the-server]__1jlk8z1._.js:2:58687)\n    at /Users/ofir/kenyonexpress-autopilot/.next/server/chunks/[root-of-the-server]__1jlk8z1._.js:2:87004\n    at /Users/ofir/kenyonexpress-autopilot/.next/server/chunks/[root-of-the-server]__1jlk8z1._.js:2:54057\n    at /Users/ofir/kenyonexpress-autopilot/.next/server/chunks/[root-of-the-server]__1jlk8z1._.js:2:54347\n    at Object.with (/Users/ofir/kenyonexpress-autopilot/.next/server/chunks/[root-of-the-server]__1jlk8z1._.js:2:4124)\n    at S.with (/Users/ofir/kenyonexpress-autopilot/.next/server/chunks/[root-of-the-server]__1jlk8z1._.js:2:4450)\n    at G.startActiveSpan (/Users/ofir/kenyonexpress-autopilot/.next/server/chunks/[root-of-the-server]__1jlk8z1._.js:2:6806)\n    at H.startActiveSpan (/Users/ofir/kenyonexpress-autopilot/.next/server/chunks/[root-of-the-server]__1jlk8z1._.js:2:7045)\n    at e.runWithActiveSpan (/Users/ofir/kenyonexpress-autopilot/.next/server/chunks/[root-of-the-server]__1jlk8z1._.js:2:54324)\n    at /Users/ofir/kenyonexpress-autopilot/.next/server/chunks/[root-of-the-server]__1jlk8z1._.js:2:53577\n    at Object.with (/Users/ofir/kenyonexpress-autopilot/.next/server/chunks/[root-of-the-server]__1jlk8z1._.js:2:4124)\n    at S.with (/Users/ofir/kenyonexpress-autopilot/.next/server/chunks/[root-of-the-server]__1jlk8z1._.js:2:4450)\n    at e.trace (/Users/ofir/kenyonexpress-autopilot/.next/server/chunks/[root-of-the-server]__1jlk8z1._.js:2:53551)\n    at fetch (/Users/ofir/kenyonexpress-autopilot/.next/server/chunks/[root-of-the-server]__1jlk8z1._.js:2:84044)\n    at /Users/ofir/kenyonexpress-autopilot/.next/server/chun","digest":"HANGING_PROMISE_REJECTION"}}
{"ts":"2026-10-07T18:55:10.195Z","level":"error","event":"db.query_failed","request_id":null,"method":"GET","target":"products","duration_ms":0,"err":{"name":"Error","message":"During prerendering, fetch() rejects when the prerender is complete. Typically these errors are handled by React but if you move fetch() to a different context by using `setTimeout`, `after`, or similar functions you may observe this error and you should handle it in that context. This occurred at route \"/product/[slug]\".","stack":"Error: During prerendering, fetch() rejects when the prerender is complete. Typically these errors are handled by React but if you move fetch() to a different context by using `setTimeout`, `after`, or similar functions you may observe this error and you should handle it in that context. This occurred at route \"/product/[slug]\".\n    at eu (/Users/ofir/kenyonexpress-autopilot/.next/server/chunks/[root-of-the-server]__1jlk8z1._.js:2:58687)\n    at /Users/ofir/kenyonexpress-autopilot/.next/server/chunks/[root-of-the-server]__1jlk8z1._.js:2:87004\n    at /Users/ofir/kenyonexpress-autopilot/.next/server/chunks/[root-of-the-server]__1jlk8z1._.js:2:54057\n    at /Users/ofir/kenyonexpress-autopilot/.next/server/chunks/[root-of-the-server]__1jlk8z1._.js:2:54347\n    at Object.with (/Users/ofir/kenyonexpress-autopilot/.next/server/chunks/[root-of-the-server]__1jlk8z1._.js:2:4124)\n    at S.with (/Users/ofir/kenyonexpress-autopilot/.next/server/chunks/[root-of-the-server]__1jlk8z1._.js:2:4450)\n    at G.startActiveSpan (/Users/ofir/kenyonexpress-autopilot/.next/server/chunks/[root-of-the-server]__1jlk8z1._.js:2:6806)\n    at H.startActiveSpan (/Users/ofir/kenyonexpress-autopilot/.next/server/chunks/[root-of-the-server]__1jlk8z1._.js:2:7045)\n    at e.runWithActiveSpan (/Users/ofir/kenyonexpress-autopilot/.next/server/chunks/[root-of-the-server]__1jlk8z1._.js:2:54324)\n    at /Users/ofir/kenyonexpress-autopilot/.next/server/chunks/[root-of-the-server]__1jlk8z1._.js:2:53577\n    at Object.with (/Users/ofir/kenyonexpress-autopilot/.next/server/chunks/[root-of-the-server]__1jlk8z1._.js:2:4124)\n    at S.with (/Users/ofir/kenyonexpress-autopilot/.next/server/chunks/[root-of-the-server]__1jlk8z1._.js:2:4450)\n    at e.trace (/Users/ofir/kenyonexpress-autopilot/.next/server/chunks/[root-of-the-server]__1jlk8z1._.js:2:53551)\n    at fetch (/Users/ofir/kenyonexpress-autopilot/.next/server/chunks/[root-of-the-server]__1jlk8z1._.js:2:84044)\n    at /Users/ofir/kenyonexpress-autopilot/.next/server/chun","digest":"HANGING_PROMISE_REJECTION"}}
{"ts":"2026-10-07T18:55:10.204Z","level":"warn","event":"db.query_slow","request_id":null,"method":"GET","target":"product_variants","status":200,"duration_ms":378,"threshold_ms":300}
{"ts":"2026-10-07T18:55:10.251Z","level":"error","event":"db.query_failed","request_id":null,"method":"GET","target":"products","duration_ms":0,"err":{"name":"Error","message":"During prerendering, fetch() rejects when the prerender is complete. Typically these errors are handled by React but if you move fetch() to a different context by using `setTimeout`, `after`, or similar functions you may observe this error and you should handle it in that context. This occurred at route \"/product/[slug]\".","stack":"Error: During prerendering, fetch() rejects when the prerender is complete. Typically these errors are handled by React but if you move fetch() to a different context by using `setTimeout`, `after`, or similar functions you may observe this error and you should handle it in that context. This occurred at route \"/product/[slug]\".\n    at eu (/Users/ofir/kenyonexpress-autopilot/.next/server/chunks/[root-of-the-server]__1jlk8z1._.js:2:58687)\n    at /Users/ofir/kenyonexpress-autopilot/.next/server/chunks/[root-of-the-server]__1jlk8z1._.js:2:87004\n    at /Users/ofir/kenyonexpress-autopilot/.next/server/chunks/[root-of-the-server]__1jlk8z1._.js:2:54057\n    at /Users/ofir/kenyonexpress-autopilot/.next/server/chunks/[root-of-the-server]__1jlk8z1._.js:2:54347\n    at Object.with (/Users/ofir/kenyonexpress-autopilot/.next/server/chunks/[root-of-the-server]__1jlk8z1._.js:2:4124)\n    at S.with (/Users/ofir/kenyonexpress-autopilot/.next/server/chunks/[root-of-the-server]__1jlk8z1._.js:2:4450)\n    at G.startActiveSpan (/Users/ofir/kenyonexpress-autopilot/.next/server/chunks/[root-of-the-server]__1jlk8z1._.js:2:6806)\n    at H.startActiveSpan (/Users/ofir/kenyonexpress-autopilot/.next/server/chunks/[root-of-the-server]__1jlk8z1._.js:2:7045)\n    at e.runWithActiveSpan (/Users/ofir/kenyonexpress-autopilot/.next/server/chunks/[root-of-the-server]__1jlk8z1._.js:2:54324)\n    at /Users/ofir/kenyonexpress-autopilot/.next/server/chunks/[root-of-the-server]__1jlk8z1._.js:2:53577\n    at Object.with (/Users/ofir/kenyonexpress-autopilot/.next/server/chunks/[root-of-the-server]__1jlk8z1._.js:2:4124)\n    at S.with (/Users/ofir/kenyonexpress-autopilot/.next/server/chunks/[root-of-the-server]__1jlk8z1._.js:2:4450)\n    at e.trace (/Users/ofir/kenyonexpress-autopilot/.next/server/chunks/[root-of-the-server]__1jlk8z1._.js:2:53551)\n    at fetch (/Users/ofir/kenyonexpress-autopilot/.next/server/chunks/[root-of-the-server]__1jlk8z1._.js:2:84044)\n    at /Users/ofir/kenyonexpress-autopilot/.next/server/chun","digest":"HANGING_PROMISE_REJECTION"}}
{"ts":"2026-10-07T18:55:10.251Z","level":"error","event":"db.query_failed","request_id":null,"method":"GET","target":"products","duration_ms":0,"err":{"name":"Error","message":"During prerendering, fetch() rejects when the prerender is complete. Typically these errors are handled by React but if you move fetch() to a different context by using `setTimeout`, `after`, or similar functions you may observe this error and you should handle it in that context. This occurred at route \"/product/[slug]\".","stack":"Error: During prerendering, fetch() rejects when the prerender is complete. Typically these errors are handled by React but if you move fetch() to a different context by using `setTimeout`, `after`, or similar functions you may observe this error and you should handle it in that context. This occurred at route \"/product/[slug]\".\n    at eu (/Users/ofir/kenyonexpress-autopilot/.next/server/chunks/[root-of-the-server]__1jlk8z1._.js:2:58687)\n    at /Users/ofir/kenyonexpress-autopilot/.next/server/chunks/[root-of-the-server]__1jlk8z1._.js:2:87004\n    at /Users/ofir/kenyonexpress-autopilot/.next/server/chunks/[root-of-the-server]__1jlk8z1._.js:2:54057\n    at /Users/ofir/kenyonexpress-autopilot/.next/server/chunks/[root-of-the-server]__1jlk8z1._.js:2:54347\n    at Object.with (/Users/ofir/kenyonexpress-autopilot/.next/server/chunks/[root-of-the-server]__1jlk8z1._.js:2:4124)\n    at S.with (/Users/ofir/kenyonexpress-autopilot/.next/server/chunks/[root-of-the-server]__1jlk8z1._.js:2:4450)\n    at G.startActiveSpan (/Users/ofir/kenyonexpress-autopilot/.next/server/chunks/[root-of-the-server]__1jlk8z1._.js:2:6806)\n    at H.startActiveSpan (/Users/ofir/kenyonexpress-autopilot/.next/server/chunks/[root-of-the-server]__1jlk8z1._.js:2:7045)\n    at e.runWithActiveSpan (/Users/ofir/kenyonexpress-autopilot/.next/server/chunks/[root-of-the-server]__1jlk8z1._.js:2:54324)\n    at /Users/ofir/kenyonexpress-autopilot/.next/server/chunks/[root-of-the-server]__1jlk8z1._.js:2:53577\n    at Object.with (/Users/ofir/kenyonexpress-autopilot/.next/server/chunks/[root-of-the-server]__1jlk8z1._.js:2:4124)\n    at S.with (/Users/ofir/kenyonexpress-autopilot/.next/server/chunks/[root-of-the-server]__1jlk8z1._.js:2:4450)\n    at e.trace (/Users/ofir/kenyonexpress-autopilot/.next/server/chunks/[root-of-the-server]__1jlk8z1._.js:2:53551)\n    at fetch (/Users/ofir/kenyonexpress-autopilot/.next/server/chunks/[root-of-the-server]__1jlk8z1._.js:2:84044)\n    at /Users/ofir/kenyonexpress-autopilot/.next/server/chun","digest":"HANGING_PROMISE_REJECTION"}}
{"ts":"2026-10-07T18:55:10.251Z","level":"error","event":"db.query_failed","request_id":null,"method":"GET","target":"products","duration_ms":0,"err":{"name":"Error","message":"During prerendering, fetch() rejects when the prerender is complete. Typically these errors are handled by React but if you move fetch() to a different context by using `setTimeout`, `after`, or similar functions you may observe this error and you should handle it in that context. This occurred at route \"/product/[slug]\".","stack":"Error: During prerendering, fetch() rejects when the prerender is complete. Typically these errors are handled by React but if you move fetch() to a different context by using `setTimeout`, `after`, or similar functions you may observe this error and you should handle it in that context. This occurred at route \"/product/[slug]\".\n    at eu (/Users/ofir/kenyonexpress-autopilot/.next/server/chunks/[root-of-the-server]__1jlk8z1._.js:2:58687)\n    at /Users/ofir/kenyonexpress-autopilot/.next/server/chunks/[root-of-the-server]__1jlk8z1._.js:2:87004\n    at /Users/ofir/kenyonexpress-autopilot/.next/server/chunks/[root-of-the-server]__1jlk8z1._.js:2:54057\n    at /Users/ofir/kenyonexpress-autopilot/.next/server/chunks/[root-of-the-server]__1jlk8z1._.js:2:54347\n    at Object.with (/Users/ofir/kenyonexpress-autopilot/.next/server/chunks/[root-of-the-server]__1jlk8z1._.js:2:4124)\n    at S.with (/Users/ofir/kenyonexpress-autopilot/.next/server/chunks/[root-of-the-server]__1jlk8z1._.js:2:4450)\n    at G.startActiveSpan (/Users/ofir/kenyonexpress-autopilot/.next/server/chunks/[root-of-the-server]__1jlk8z1._.js:2:6806)\n    at H.startActiveSpan (/Users/ofir/kenyonexpress-autopilot/.next/server/chunks/[root-of-the-server]__1jlk8z1._.js:2:7045)\n    at e.runWithActiveSpan (/Users/ofir/kenyonexpress-autopilot/.next/server/chunks/[root-of-the-server]__1jlk8z1._.js:2:54324)\n    at /Users/ofir/kenyonexpress-autopilot/.next/server/chunks/[root-of-the-server]__1jlk8z1._.js:2:53577\n    at Object.with (/Users/ofir/kenyonexpress-autopilot/.next/server/chunks/[root-of-the-server]__1jlk8z1._.js:2:4124)\n    at S.with (/Users/ofir/kenyonexpress-autopilot/.next/server/chunks/[root-of-the-server]__1jlk8z1._.js:2:4450)\n    at e.trace (/Users/ofir/kenyonexpress-autopilot/.next/server/chunks/[root-of-the-server]__1jlk8z1._.js:2:53551)\n    at fetch (/Users/ofir/kenyonexpress-autopilot/.next/server/chunks/[root-of-the-server]__1jlk8z1._.js:2:84044)\n    at /Users/ofir/kenyonexpress-autopilot/.next/server/chun","digest":"HANGING_PROMISE_REJECTION"}}
{"ts":"2026-10-07T18:55:10.252Z","level":"error","event":"db.query_failed","request_id":null,"method":"GET","target":"products","duration_ms":0,"err":{"name":"Error","message":"During prerendering, fetch() rejects when the prerender is complete. Typically these errors are handled by React but if you move fetch() to a different context by using `setTimeout`, `after`, or similar functions you may observe this error and you should handle it in that context. This occurred at route \"/product/[slug]\".","stack":"Error: During prerendering, fetch() rejects when the prerender is complete. Typically these errors are handled by React but if you move fetch() to a different context by using `setTimeout`, `after`, or similar functions you may observe this error and you should handle it in that context. This occurred at route \"/product/[slug]\".\n    at eu (/Users/ofir/kenyonexpress-autopilot/.next/server/chunks/[root-of-the-server]__1jlk8z1._.js:2:58687)\n    at /Users/ofir/kenyonexpress-autopilot/.next/server/chunks/[root-of-the-server]__1jlk8z1._.js:2:87004\n    at /Users/ofir/kenyonexpress-autopilot/.next/server/chunks/[root-of-the-server]__1jlk8z1._.js:2:54057\n    at /Users/ofir/kenyonexpress-autopilot/.next/server/chunks/[root-of-the-server]__1jlk8z1._.js:2:54347\n    at Object.with (/Users/ofir/kenyonexpress-autopilot/.next/server/chunks/[root-of-the-server]__1jlk8z1._.js:2:4124)\n    at S.with (/Users/ofir/kenyonexpress-autopilot/.next/server/chunks/[root-of-the-server]__1jlk8z1._.js:2:4450)\n    at G.startActiveSpan (/Users/ofir/kenyonexpress-autopilot/.next/server/chunks/[root-of-the-server]__1jlk8z1._.js:2:6806)\n    at H.startActiveSpan (/Users/ofir/kenyonexpress-autopilot/.next/server/chunks/[root-of-the-server]__1jlk8z1._.js:2:7045)\n    at e.runWithActiveSpan (/Users/ofir/kenyonexpress-autopilot/.next/server/chunks/[root-of-the-server]__1jlk8z1._.js:2:54324)\n    at /Users/ofir/kenyonexpress-autopilot/.next/server/chunks/[root-of-the-server]__1jlk8z1._.js:2:53577\n    at Object.with (/Users/ofir/kenyonexpress-autopilot/.next/server/chunks/[root-of-the-server]__1jlk8z1._.js:2:4124)\n    at S.with (/Users/ofir/kenyonexpress-autopilot/.next/server/chunks/[root-of-the-server]__1jlk8z1._.js:2:4450)\n    at e.trace (/Users/ofir/kenyonexpress-autopilot/.next/server/chunks/[root-of-the-server]__1jlk8z1._.js:2:53551)\n    at fetch (/Users/ofir/kenyonexpress-autopilot/.next/server/chunks/[root-of-the-server]__1jlk8z1._.js:2:84044)\n    at /Users/ofir/kenyonexpress-autopilot/.next/server/chun","digest":"HANGING_PROMISE_REJECTION"}}
{"ts":"2026-10-07T18:55:10.252Z","level":"error","event":"db.query_failed","request_id":null,"method":"GET","target":"products","duration_ms":0,"err":{"name":"Error","message":"During prerendering, fetch() rejects when the prerender is complete. Typically these errors are handled by React but if you move fetch() to a different context by using `setTimeout`, `after`, or similar functions you may observe this error and you should handle it in that context. This occurred at route \"/product/[slug]\".","stack":"Error: During prerendering, fetch() rejects when the prerender is complete. Typically these errors are handled by React but if you move fetch() to a different context by using `setTimeout`, `after`, or similar functions you may observe this error and you should handle it in that context. This occurred at route \"/product/[slug]\".\n    at eu (/Users/ofir/kenyonexpress-autopilot/.next/server/chunks/[root-of-the-server]__1jlk8z1._.js:2:58687)\n    at /Users/ofir/kenyonexpress-autopilot/.next/server/chunks/[root-of-the-server]__1jlk8z1._.js:2:87004\n    at /Users/ofir/kenyonexpress-autopilot/.next/server/chunks/[root-of-the-server]__1jlk8z1._.js:2:54057\n    at /Users/ofir/kenyonexpress-autopilot/.next/server/chunks/[root-of-the-server]__1jlk8z1._.js:2:54347\n    at Object.with (/Users/ofir/kenyonexpress-autopilot/.next/server/chunks/[root-of-the-server]__1jlk8z1._.js:2:4124)\n    at S.with (/Users/ofir/kenyonexpress-autopilot/.next/server/chunks/[root-of-the-server]__1jlk8z1._.js:2:4450)\n    at G.startActiveSpan (/Users/ofir/kenyonexpress-autopilot/.next/server/chunks/[root-of-the-server]__1jlk8z1._.js:2:6806)\n    at H.startActiveSpan (/Users/ofir/kenyonexpress-autopilot/.next/server/chunks/[root-of-the-server]__1jlk8z1._.js:2:7045)\n    at e.runWithActiveSpan (/Users/ofir/kenyonexpress-autopilot/.next/server/chunks/[root-of-the-server]__1jlk8z1._.js:2:54324)\n    at /Users/ofir/kenyonexpress-autopilot/.next/server/chunks/[root-of-the-server]__1jlk8z1._.js:2:53577\n    at Object.with (/Users/ofir/kenyonexpress-autopilot/.next/server/chunks/[root-of-the-server]__1jlk8z1._.js:2:4124)\n    at S.with (/Users/ofir/kenyonexpress-autopilot/.next/server/chunks/[root-of-the-server]__1jlk8z1._.js:2:4450)\n    at e.trace (/Users/ofir/kenyonexpress-autopilot/.next/server/chunks/[root-of-the-server]__1jlk8z1._.js:2:53551)\n    at fetch (/Users/ofir/kenyonexpress-autopilot/.next/server/chunks/[root-of-the-server]__1jlk8z1._.js:2:84044)\n    at /Users/ofir/kenyonexpress-autopilot/.next/server/chun","digest":"HANGING_PROMISE_REJECTION"}}
{"ts":"2026-10-07T18:55:10.252Z","level":"error","event":"db.query_failed","request_id":null,"method":"GET","target":"products","duration_ms":0,"err":{"name":"Error","message":"During prerendering, fetch() rejects when the prerender is complete. Typically these errors are handled by React but if you move fetch() to a different context by using `setTimeout`, `after`, or similar functions you may observe this error and you should handle it in that context. This occurred at route \"/product/[slug]\".","stack":"Error: During prerendering, fetch() rejects when the prerender is complete. Typically these errors are handled by React but if you move fetch() to a different context by using `setTimeout`, `after`, or similar functions you may observe this error and you should handle it in that context. This occurred at route \"/product/[slug]\".\n    at eu (/Users/ofir/kenyonexpress-autopilot/.next/server/chunks/[root-of-the-server]__1jlk8z1._.js:2:58687)\n    at /Users/ofir/kenyonexpress-autopilot/.next/server/chunks/[root-of-the-server]__1jlk8z1._.js:2:87004\n    at /Users/ofir/kenyonexpress-autopilot/.next/server/chunks/[root-of-the-server]__1jlk8z1._.js:2:54057\n    at /Users/ofir/kenyonexpress-autopilot/.next/server/chunks/[root-of-the-server]__1jlk8z1._.js:2:54347\n    at Object.with (/Users/ofir/kenyonexpress-autopilot/.next/server/chunks/[root-of-the-server]__1jlk8z1._.js:2:4124)\n    at S.with (/Users/ofir/kenyonexpress-autopilot/.next/server/chunks/[root-of-the-server]__1jlk8z1._.js:2:4450)\n    at G.startActiveSpan (/Users/ofir/kenyonexpress-autopilot/.next/server/chunks/[root-of-the-server]__1jlk8z1._.js:2:6806)\n    at H.startActiveSpan (/Users/ofir/kenyonexpress-autopilot/.next/server/chunks/[root-of-the-server]__1jlk8z1._.js:2:7045)\n    at e.runWithActiveSpan (/Users/ofir/kenyonexpress-autopilot/.next/server/chunks/[root-of-the-server]__1jlk8z1._.js:2:54324)\n    at /Users/ofir/kenyonexpress-autopilot/.next/server/chunks/[root-of-the-server]__1jlk8z1._.js:2:53577\n    at Object.with (/Users/ofir/kenyonexpress-autopilot/.next/server/chunks/[root-of-the-server]__1jlk8z1._.js:2:4124)\n    at S.with (/Users/ofir/kenyonexpress-autopilot/.next/server/chunks/[root-of-the-server]__1jlk8z1._.js:2:4450)\n    at e.trace (/Users/ofir/kenyonexpress-autopilot/.next/server/chunks/[root-of-the-server]__1jlk8z1._.js:2:53551)\n    at fetch (/Users/ofir/kenyonexpress-autopilot/.next/server/chunks/[root-of-the-server]__1jlk8z1._.js:2:84044)\n    at /Users/ofir/kenyonexpress-autopilot/.next/server/chun","digest":"HANGING_PROMISE_REJECTION"}}
{"ts":"2026-10-07T18:55:10.271Z","level":"error","event":"db.query_failed","request_id":null,"method":"GET","target":"referral_program_settings","duration_ms":1,"err":{"name":"Error","message":"During prerendering, fetch() rejects when the prerender is complete. Typically these errors are handled by React but if you move fetch() to a different context by using `setTimeout`, `after`, or similar functions you may observe this error and you should handle it in that context. This occurred at route \"/wallet\".","stack":"Error: During prerendering, fetch() rejects when the prerender is complete. Typically these errors are handled by React but if you move fetch() to a different context by using `setTimeout`, `after`, or similar functions you may observe this error and you should handle it in that context. This occurred at route \"/wallet\".\n    at eu (/Users/ofir/kenyonexpress-autopilot/.next/server/chunks/[root-of-the-server]__1jlk8z1._.js:2:58687)\n    at /Users/ofir/kenyonexpress-autopilot/.next/server/chunks/[root-of-the-server]__1jlk8z1._.js:2:87004\n    at /Users/ofir/kenyonexpress-autopilot/.next/server/chunks/[root-of-the-server]__1jlk8z1._.js:2:54057\n    at /Users/ofir/kenyonexpress-autopilot/.next/server/chunks/[root-of-the-server]__1jlk8z1._.js:2:54347\n    at Object.with (/Users/ofir/kenyonexpress-autopilot/.next/server/chunks/[root-of-the-server]__1jlk8z1._.js:2:4124)\n    at S.with (/Users/ofir/kenyonexpress-autopilot/.next/server/chunks/[root-of-the-server]__1jlk8z1._.js:2:4450)\n    at G.startActiveSpan (/Users/ofir/kenyonexpress-autopilot/.next/server/chunks/[root-of-the-server]__1jlk8z1._.js:2:6806)\n    at H.startActiveSpan (/Users/ofir/kenyonexpress-autopilot/.next/server/chunks/[root-of-the-server]__1jlk8z1._.js:2:7045)\n    at e.runWithActiveSpan (/Users/ofir/kenyonexpress-autopilot/.next/server/chunks/[root-of-the-server]__1jlk8z1._.js:2:54324)\n    at /Users/ofir/kenyonexpress-autopilot/.next/server/chunks/[root-of-the-server]__1jlk8z1._.js:2:53577\n    at Object.with (/Users/ofir/kenyonexpress-autopilot/.next/server/chunks/[root-of-the-server]__1jlk8z1._.js:2:4124)\n    at S.with (/Users/ofir/kenyonexpress-autopilot/.next/server/chunks/[root-of-the-server]__1jlk8z1._.js:2:4450)\n    at e.trace (/Users/ofir/kenyonexpress-autopilot/.next/server/chunks/[root-of-the-server]__1jlk8z1._.js:2:53551)\n    at fetch (/Users/ofir/kenyonexpress-autopilot/.next/server/chunks/[root-of-the-server]__1jlk8z1._.js:2:84044)\n    at /Users/ofir/kenyonexpress-autopilot/.next/server/chunks/ssr/s","digest":"HANGING_PROMISE_REJECTION"}}
{"ts":"2026-10-07T18:55:10.394Z","level":"error","event":"db.query_failed","request_id":null,"method":"GET","target":"products","duration_ms":0,"err":{"name":"Error","message":"During prerendering, fetch() rejects when the prerender is complete. Typically these errors are handled by React but if you move fetch() to a different context by using `setTimeout`, `after`, or similar functions you may observe this error and you should handle it in that context. This occurred at route \"/product/[slug]\".","stack":"Error: During prerendering, fetch() rejects when the prerender is complete. Typically these errors are handled by React but if you move fetch() to a different context by using `setTimeout`, `after`, or similar functions you may observe this error and you should handle it in that context. This occurred at route \"/product/[slug]\".\n    at eu (/Users/ofir/kenyonexpress-autopilot/.next/server/chunks/[root-of-the-server]__1jlk8z1._.js:2:58687)\n    at /Users/ofir/kenyonexpress-autopilot/.next/server/chunks/[root-of-the-server]__1jlk8z1._.js:2:87004\n    at /Users/ofir/kenyonexpress-autopilot/.next/server/chunks/[root-of-the-server]__1jlk8z1._.js:2:54057\n    at /Users/ofir/kenyonexpress-autopilot/.next/server/chunks/[root-of-the-server]__1jlk8z1._.js:2:54347\n    at Object.with (/Users/ofir/kenyonexpress-autopilot/.next/server/chunks/[root-of-the-server]__1jlk8z1._.js:2:4124)\n    at S.with (/Users/ofir/kenyonexpress-autopilot/.next/server/chunks/[root-of-the-server]__1jlk8z1._.js:2:4450)\n    at G.startActiveSpan (/Users/ofir/kenyonexpress-autopilot/.next/server/chunks/[root-of-the-server]__1jlk8z1._.js:2:6806)\n    at H.startActiveSpan (/Users/ofir/kenyonexpress-autopilot/.next/server/chunks/[root-of-the-server]__1jlk8z1._.js:2:7045)\n    at e.runWithActiveSpan (/Users/ofir/kenyonexpress-autopilot/.next/server/chunks/[root-of-the-server]__1jlk8z1._.js:2:54324)\n    at /Users/ofir/kenyonexpress-autopilot/.next/server/chunks/[root-of-the-server]__1jlk8z1._.js:2:53577\n    at Object.with (/Users/ofir/kenyonexpress-autopilot/.next/server/chunks/[root-of-the-server]__1jlk8z1._.js:2:4124)\n    at S.with (/Users/ofir/kenyonexpress-autopilot/.next/server/chunks/[root-of-the-server]__1jlk8z1._.js:2:4450)\n    at e.trace (/Users/ofir/kenyonexpress-autopilot/.next/server/chunks/[root-of-the-server]__1jlk8z1._.js:2:53551)\n    at fetch (/Users/ofir/kenyonexpress-autopilot/.next/server/chunks/[root-of-the-server]__1jlk8z1._.js:2:84044)\n    at /Users/ofir/kenyonexpress-autopilot/.next/server/chun","digest":"HANGING_PROMISE_REJECTION"}}
{"ts":"2026-10-07T18:55:10.411Z","level":"error","event":"db.query_failed","request_id":null,"method":"GET","target":"products","duration_ms":0,"err":{"name":"Error","message":"During prerendering, fetch() rejects when the prerender is complete. Typically these errors are handled by React but if you move fetch() to a different context by using `setTimeout`, `after`, or similar functions you may observe this error and you should handle it in that context. This occurred at route \"/product/[slug]\".","stack":"Error: During prerendering, fetch() rejects when the prerender is complete. Typically these errors are handled by React but if you move fetch() to a different context by using `setTimeout`, `after`, or similar functions you may observe this error and you should handle it in that context. This occurred at route \"/product/[slug]\".\n    at eu (/Users/ofir/kenyonexpress-autopilot/.next/server/chunks/[root-of-the-server]__1jlk8z1._.js:2:58687)\n    at /Users/ofir/kenyonexpress-autopilot/.next/server/chunks/[root-of-the-server]__1jlk8z1._.js:2:87004\n    at /Users/ofir/kenyonexpress-autopilot/.next/server/chunks/[root-of-the-server]__1jlk8z1._.js:2:54057\n    at /Users/ofir/kenyonexpress-autopilot/.next/server/chunks/[root-of-the-server]__1jlk8z1._.js:2:54347\n    at Object.with (/Users/ofir/kenyonexpress-autopilot/.next/server/chunks/[root-of-the-server]__1jlk8z1._.js:2:4124)\n    at S.with (/Users/ofir/kenyonexpress-autopilot/.next/server/chunks/[root-of-the-server]__1jlk8z1._.js:2:4450)\n    at G.startActiveSpan (/Users/ofir/kenyonexpress-autopilot/.next/server/chunks/[root-of-the-server]__1jlk8z1._.js:2:6806)\n    at H.startActiveSpan (/Users/ofir/kenyonexpress-autopilot/.next/server/chunks/[root-of-the-server]__1jlk8z1._.js:2:7045)\n    at e.runWithActiveSpan (/Users/ofir/kenyonexpress-autopilot/.next/server/chunks/[root-of-the-server]__1jlk8z1._.js:2:54324)\n    at /Users/ofir/kenyonexpress-autopilot/.next/server/chunks/[root-of-the-server]__1jlk8z1._.js:2:53577\n    at Object.with (/Users/ofir/kenyonexpress-autopilot/.next/server/chunks/[root-of-the-server]__1jlk8z1._.js:2:4124)\n    at S.with (/Users/ofir/kenyonexpress-autopilot/.next/server/chunks/[root-of-the-server]__1jlk8z1._.js:2:4450)\n    at e.trace (/Users/ofir/kenyonexpress-autopilot/.next/server/chunks/[root-of-the-server]__1jlk8z1._.js:2:53551)\n    at fetch (/Users/ofir/kenyonexpress-autopilot/.next/server/chunks/[root-of-the-server]__1jlk8z1._.js:2:84044)\n    at /Users/ofir/kenyonexpress-autopilot/.next/server/chun","digest":"HANGING_PROMISE_REJECTION"}}
{"ts":"2026-10-07T18:55:10.440Z","level":"warn","event":"db.query_slow","request_id":null,"method":"POST","target":"rpc:product_rating_summary","status":404,"duration_ms":603,"threshold_ms":300}
{"ts":"2026-10-07T18:55:10.441Z","level":"warn","event":"db.query_slow","request_id":null,"method":"GET","target":"products","status":200,"duration_ms":620,"threshold_ms":300}
{"ts":"2026-10-07T18:55:10.444Z","level":"warn","event":"db.query_slow","request_id":null,"method":"GET","target":"media_assets","status":200,"duration_ms":618,"threshold_ms":300}
{"ts":"2026-10-07T18:55:10.446Z","level":"warn","event":"db.query_slow","request_id":null,"method":"GET","target":"media_assets","status":200,"duration_ms":644,"threshold_ms":300}
{"ts":"2026-10-07T18:55:10.450Z","level":"warn","event":"db.query_slow","request_id":null,"method":"GET","target":"products","status":200,"duration_ms":625,"threshold_ms":300}
{"ts":"2026-10-07T18:55:10.452Z","level":"warn","event":"db.query_slow","request_id":null,"method":"GET","target":"product_variants","status":200,"duration_ms":630,"threshold_ms":300}
{"ts":"2026-10-07T18:55:10.453Z","level":"warn","event":"db.query_slow","request_id":null,"method":"GET","target":"product_variants","status":200,"duration_ms":647,"threshold_ms":300}
{"ts":"2026-10-07T18:55:10.479Z","level":"error","event":"db.query_failed","request_id":null,"method":"GET","target":"products","duration_ms":0,"err":{"name":"Error","message":"During prerendering, fetch() rejects when the prerender is complete. Typically these errors are handled by React but if you move fetch() to a different context by using `setTimeout`, `after`, or similar functions you may observe this error and you should handle it in that context. This occurred at route \"/coupon/[slug]\".","stack":"Error: During prerendering, fetch() rejects when the prerender is complete. Typically these errors are handled by React but if you move fetch() to a different context by using `setTimeout`, `after`, or similar functions you may observe this error and you should handle it in that context. This occurred at route \"/coupon/[slug]\".\n    at /Users/ofir/kenyonexpress-autopilot/.next/server/chunks/ssr/[root-of-the-server]__1_aa14n._.js:2:23832\n    at /Users/ofir/kenyonexpress-autopilot/.next/server/chunks/ssr/[root-of-the-server]__1_aa14n._.js:11:48366\n    at /Users/ofir/kenyonexpress-autopilot/.next/server/chunks/ssr/[root-of-the-server]__1_aa14n._.js:11:66894\n    at /Users/ofir/kenyonexpress-autopilot/.next/server/chunks/ssr/[root-of-the-server]__1_aa14n._.js:11:67121\n    at Object.with (/Users/ofir/kenyonexpress-autopilot/.next/server/chunks/ssr/0sj1_@opentelemetry_api_build_esm_1_uv6rc._.js:2:3907)\n    at v.with (/Users/ofir/kenyonexpress-autopilot/.next/server/chunks/ssr/0sj1_@opentelemetry_api_build_esm_1_uv6rc._.js:2:4233)\n    at P.startActiveSpan (/Users/ofir/kenyonexpress-autopilot/.next/server/chunks/ssr/0sj1_@opentelemetry_api_build_esm_1_uv6rc._.js:2:6588)\n    at R.startActiveSpan (/Users/ofir/kenyonexpress-autopilot/.next/server/chunks/ssr/0sj1_@opentelemetry_api_build_esm_1_uv6rc._.js:2:6827)\n    at a.runWithActiveSpan (/Users/ofir/kenyonexpress-autopilot/.next/server/chunks/ssr/[root-of-the-server]__1_aa14n._.js:11:67098)\n    at /Users/ofir/kenyonexpress-autopilot/.next/server/chunks/ssr/[root-of-the-server]__1_aa14n._.js:11:66397\n    at Object.with (/Users/ofir/kenyonexpress-autopilot/.next/server/chunks/ssr/0sj1_@opentelemetry_api_build_esm_1_uv6rc._.js:2:3907)\n    at v.with (/Users/ofir/kenyonexpress-autopilot/.next/server/chunks/ssr/0sj1_@opentelemetry_api_build_esm_1_uv6rc._.js:2:4233)\n    at a.trace (/Users/ofir/kenyonexpress-autopilot/.next/server/chunks/ssr/[root-of-the-server]__1_aa14n._.js:11:66371)\n    at fetch (/Users/ofir/kenyonexpress-autopilot/","digest":"HANGING_PROMISE_REJECTION"}}
{"ts":"2026-10-07T18:55:10.480Z","level":"error","event":"db.query_failed","request_id":null,"method":"GET","target":"products","duration_ms":0,"err":{"name":"Error","message":"During prerendering, fetch() rejects when the prerender is complete. Typically these errors are handled by React but if you move fetch() to a different context by using `setTimeout`, `after`, or similar functions you may observe this error and you should handle it in that context. This occurred at route \"/coupon/[slug]\".","stack":"Error: During prerendering, fetch() rejects when the prerender is complete. Typically these errors are handled by React but if you move fetch() to a different context by using `setTimeout`, `after`, or similar functions you may observe this error and you should handle it in that context. This occurred at route \"/coupon/[slug]\".\n    at /Users/ofir/kenyonexpress-autopilot/.next/server/chunks/ssr/[root-of-the-server]__1_aa14n._.js:2:23832\n    at /Users/ofir/kenyonexpress-autopilot/.next/server/chunks/ssr/[root-of-the-server]__1_aa14n._.js:11:48366\n    at /Users/ofir/kenyonexpress-autopilot/.next/server/chunks/ssr/[root-of-the-server]__1_aa14n._.js:11:66894\n    at /Users/ofir/kenyonexpress-autopilot/.next/server/chunks/ssr/[root-of-the-server]__1_aa14n._.js:11:67121\n    at Object.with (/Users/ofir/kenyonexpress-autopilot/.next/server/chunks/ssr/0sj1_@opentelemetry_api_build_esm_1_uv6rc._.js:2:3907)\n    at v.with (/Users/ofir/kenyonexpress-autopilot/.next/server/chunks/ssr/0sj1_@opentelemetry_api_build_esm_1_uv6rc._.js:2:4233)\n    at P.startActiveSpan (/Users/ofir/kenyonexpress-autopilot/.next/server/chunks/ssr/0sj1_@opentelemetry_api_build_esm_1_uv6rc._.js:2:6588)\n    at R.startActiveSpan (/Users/ofir/kenyonexpress-autopilot/.next/server/chunks/ssr/0sj1_@opentelemetry_api_build_esm_1_uv6rc._.js:2:6827)\n    at a.runWithActiveSpan (/Users/ofir/kenyonexpress-autopilot/.next/server/chunks/ssr/[root-of-the-server]__1_aa14n._.js:11:67098)\n    at /Users/ofir/kenyonexpress-autopilot/.next/server/chunks/ssr/[root-of-the-server]__1_aa14n._.js:11:66397\n    at Object.with (/Users/ofir/kenyonexpress-autopilot/.next/server/chunks/ssr/0sj1_@opentelemetry_api_build_esm_1_uv6rc._.js:2:3907)\n    at v.with (/Users/ofir/kenyonexpress-autopilot/.next/server/chunks/ssr/0sj1_@opentelemetry_api_build_esm_1_uv6rc._.js:2:4233)\n    at a.trace (/Users/ofir/kenyonexpress-autopilot/.next/server/chunks/ssr/[root-of-the-server]__1_aa14n._.js:11:66371)\n    at fetch (/Users/ofir/kenyonexpress-autopilot/","digest":"HANGING_PROMISE_REJECTION"}}
{"ts":"2026-10-07T18:55:10.496Z","level":"warn","event":"db.query_slow","request_id":null,"method":"POST","target":"rpc:product_rating_summary","status":404,"duration_ms":671,"threshold_ms":300}
{"ts":"2026-10-07T18:55:10.497Z","level":"warn","event":"db.query_slow","request_id":null,"method":"GET","target":"products","status":200,"duration_ms":660,"threshold_ms":300}
{"ts":"2026-10-07T18:55:10.499Z","level":"warn","event":"db.query_slow","request_id":null,"method":"GET","target":"product_variants","status":200,"duration_ms":662,"threshold_ms":300}
{"ts":"2026-10-07T18:55:10.501Z","level":"warn","event":"db.query_slow","request_id":null,"method":"GET","target":"products","status":200,"duration_ms":341,"threshold_ms":300}
{"ts":"2026-10-07T18:55:10.501Z","level":"warn","event":"db.query_slow","request_id":null,"method":"GET","target":"products","status":200,"duration_ms":330,"threshold_ms":300}
{"ts":"2026-10-07T18:55:10.501Z","level":"warn","event":"db.query_slow","request_id":null,"method":"GET","target":"products","status":200,"duration_ms":337,"threshold_ms":300}
{"ts":"2026-10-07T18:55:10.564Z","level":"warn","event":"db.query_slow","request_id":null,"method":"POST","target":"rpc:product_rating_summary","status":404,"duration_ms":742,"threshold_ms":300}
{"ts":"2026-10-07T18:55:10.626Z","level":"error","event":"db.query_failed","request_id":null,"method":"GET","target":"products","duration_ms":0,"err":{"name":"Error","message":"During prerendering, fetch() rejects when the prerender is complete. Typically these errors are handled by React but if you move fetch() to a different context by using `setTimeout`, `after`, or similar functions you may observe this error and you should handle it in that context. This occurred at route \"/product/[slug]\".","stack":"Error: During prerendering, fetch() rejects when the prerender is complete. Typically these errors are handled by React but if you move fetch() to a different context by using `setTimeout`, `after`, or similar functions you may observe this error and you should handle it in that context. This occurred at route \"/product/[slug]\".\n    at eu (/Users/ofir/kenyonexpress-autopilot/.next/server/chunks/[root-of-the-server]__1jlk8z1._.js:2:58687)\n    at /Users/ofir/kenyonexpress-autopilot/.next/server/chunks/[root-of-the-server]__1jlk8z1._.js:2:87004\n    at /Users/ofir/kenyonexpress-autopilot/.next/server/chunks/[root-of-the-server]__1jlk8z1._.js:2:54057\n    at /Users/ofir/kenyonexpress-autopilot/.next/server/chunks/[root-of-the-server]__1jlk8z1._.js:2:54347\n    at Object.with (/Users/ofir/kenyonexpress-autopilot/.next/server/chunks/[root-of-the-server]__1jlk8z1._.js:2:4124)\n    at S.with (/Users/ofir/kenyonexpress-autopilot/.next/server/chunks/[root-of-the-server]__1jlk8z1._.js:2:4450)\n    at G.startActiveSpan (/Users/ofir/kenyonexpress-autopilot/.next/server/chunks/[root-of-the-server]__1jlk8z1._.js:2:6806)\n    at H.startActiveSpan (/Users/ofir/kenyonexpress-autopilot/.next/server/chunks/[root-of-the-server]__1jlk8z1._.js:2:7045)\n    at e.runWithActiveSpan (/Users/ofir/kenyonexpress-autopilot/.next/server/chunks/[root-of-the-server]__1jlk8z1._.js:2:54324)\n    at /Users/ofir/kenyonexpress-autopilot/.next/server/chunks/[root-of-the-server]__1jlk8z1._.js:2:53577\n    at Object.with (/Users/ofir/kenyonexpress-autopilot/.next/server/chunks/[root-of-the-server]__1jlk8z1._.js:2:4124)\n    at S.with (/Users/ofir/kenyonexpress-autopilot/.next/server/chunks/[root-of-the-server]__1jlk8z1._.js:2:4450)\n    at e.trace (/Users/ofir/kenyonexpress-autopilot/.next/server/chunks/[root-of-the-server]__1jlk8z1._.js:2:53551)\n    at fetch (/Users/ofir/kenyonexpress-autopilot/.next/server/chunks/[root-of-the-server]__1jlk8z1._.js:2:84044)\n    at /Users/ofir/kenyonexpress-autopilot/.next/server/chun","digest":"HANGING_PROMISE_REJECTION"}}
{"ts":"2026-10-07T18:55:10.626Z","level":"error","event":"db.query_failed","request_id":null,"method":"GET","target":"products","duration_ms":0,"err":{"name":"Error","message":"During prerendering, fetch() rejects when the prerender is complete. Typically these errors are handled by React but if you move fetch() to a different context by using `setTimeout`, `after`, or similar functions you may observe this error and you should handle it in that context. This occurred at route \"/product/[slug]\".","stack":"Error: During prerendering, fetch() rejects when the prerender is complete. Typically these errors are handled by React but if you move fetch() to a different context by using `setTimeout`, `after`, or similar functions you may observe this error and you should handle it in that context. This occurred at route \"/product/[slug]\".\n    at eu (/Users/ofir/kenyonexpress-autopilot/.next/server/chunks/[root-of-the-server]__1jlk8z1._.js:2:58687)\n    at /Users/ofir/kenyonexpress-autopilot/.next/server/chunks/[root-of-the-server]__1jlk8z1._.js:2:87004\n    at /Users/ofir/kenyonexpress-autopilot/.next/server/chunks/[root-of-the-server]__1jlk8z1._.js:2:54057\n    at /Users/ofir/kenyonexpress-autopilot/.next/server/chunks/[root-of-the-server]__1jlk8z1._.js:2:54347\n    at Object.with (/Users/ofir/kenyonexpress-autopilot/.next/server/chunks/[root-of-the-server]__1jlk8z1._.js:2:4124)\n    at S.with (/Users/ofir/kenyonexpress-autopilot/.next/server/chunks/[root-of-the-server]__1jlk8z1._.js:2:4450)\n    at G.startActiveSpan (/Users/ofir/kenyonexpress-autopilot/.next/server/chunks/[root-of-the-server]__1jlk8z1._.js:2:6806)\n    at H.startActiveSpan (/Users/ofir/kenyonexpress-autopilot/.next/server/chunks/[root-of-the-server]__1jlk8z1._.js:2:7045)\n    at e.runWithActiveSpan (/Users/ofir/kenyonexpress-autopilot/.next/server/chunks/[root-of-the-server]__1jlk8z1._.js:2:54324)\n    at /Users/ofir/kenyonexpress-autopilot/.next/server/chunks/[root-of-the-server]__1jlk8z1._.js:2:53577\n    at Object.with (/Users/ofir/kenyonexpress-autopilot/.next/server/chunks/[root-of-the-server]__1jlk8z1._.js:2:4124)\n    at S.with (/Users/ofir/kenyonexpress-autopilot/.next/server/chunks/[root-of-the-server]__1jlk8z1._.js:2:4450)\n    at e.trace (/Users/ofir/kenyonexpress-autopilot/.next/server/chunks/[root-of-the-server]__1jlk8z1._.js:2:53551)\n    at fetch (/Users/ofir/kenyonexpress-autopilot/.next/server/chunks/[root-of-the-server]__1jlk8z1._.js:2:84044)\n    at /Users/ofir/kenyonexpress-autopilot/.next/server/chun","digest":"HANGING_PROMISE_REJECTION"}}
{"ts":"2026-10-07T18:55:10.781Z","level":"warn","event":"db.query_slow","request_id":null,"method":"GET","target":"products","status":200,"duration_ms":327,"threshold_ms":300}
{"ts":"2026-10-07T18:55:10.796Z","level":"warn","event":"db.query_slow","request_id":null,"method":"GET","target":"products","status":200,"duration_ms":347,"threshold_ms":300}
{"ts":"2026-10-07T18:55:10.799Z","level":"warn","event":"db.query_slow","request_id":null,"method":"GET","target":"products","status":200,"duration_ms":301,"threshold_ms":300}
{"ts":"2026-10-07T18:55:10.955Z","level":"error","event":"db.query_failed","request_id":null,"method":"GET","target":"products","duration_ms":0,"err":{"name":"Error","message":"During prerendering, fetch() rejects when the prerender is complete. Typically these errors are handled by React but if you move fetch() to a different context by using `setTimeout`, `after`, or similar functions you may observe this error and you should handle it in that context. This occurred at route \"/coupon/[slug]\".","stack":"Error: During prerendering, fetch() rejects when the prerender is complete. Typically these errors are handled by React but if you move fetch() to a different context by using `setTimeout`, `after`, or similar functions you may observe this error and you should handle it in that context. This occurred at route \"/coupon/[slug]\".\n    at /Users/ofir/kenyonexpress-autopilot/.next/server/chunks/ssr/[root-of-the-server]__1_aa14n._.js:2:23832\n    at /Users/ofir/kenyonexpress-autopilot/.next/server/chunks/ssr/[root-of-the-server]__1_aa14n._.js:11:48366\n    at /Users/ofir/kenyonexpress-autopilot/.next/server/chunks/ssr/[root-of-the-server]__1_aa14n._.js:11:66894\n    at /Users/ofir/kenyonexpress-autopilot/.next/server/chunks/ssr/[root-of-the-server]__1_aa14n._.js:11:67121\n    at Object.with (/Users/ofir/kenyonexpress-autopilot/.next/server/chunks/ssr/0sj1_@opentelemetry_api_build_esm_1_uv6rc._.js:2:3907)\n    at v.with (/Users/ofir/kenyonexpress-autopilot/.next/server/chunks/ssr/0sj1_@opentelemetry_api_build_esm_1_uv6rc._.js:2:4233)\n    at P.startActiveSpan (/Users/ofir/kenyonexpress-autopilot/.next/server/chunks/ssr/0sj1_@opentelemetry_api_build_esm_1_uv6rc._.js:2:6588)\n    at R.startActiveSpan (/Users/ofir/kenyonexpress-autopilot/.next/server/chunks/ssr/0sj1_@opentelemetry_api_build_esm_1_uv6rc._.js:2:6827)\n    at a.runWithActiveSpan (/Users/ofir/kenyonexpress-autopilot/.next/server/chunks/ssr/[root-of-the-server]__1_aa14n._.js:11:67098)\n    at /Users/ofir/kenyonexpress-autopilot/.next/server/chunks/ssr/[root-of-the-server]__1_aa14n._.js:11:66397\n    at Object.with (/Users/ofir/kenyonexpress-autopilot/.next/server/chunks/ssr/0sj1_@opentelemetry_api_build_esm_1_uv6rc._.js:2:3907)\n    at v.with (/Users/ofir/kenyonexpress-autopilot/.next/server/chunks/ssr/0sj1_@opentelemetry_api_build_esm_1_uv6rc._.js:2:4233)\n    at a.trace (/Users/ofir/kenyonexpress-autopilot/.next/server/chunks/ssr/[root-of-the-server]__1_aa14n._.js:11:66371)\n    at fetch (/Users/ofir/kenyonexpress-autopilot/","digest":"HANGING_PROMISE_REJECTION"}}
{"ts":"2026-10-07T18:55:10.968Z","level":"error","event":"db.query_failed","request_id":null,"method":"GET","target":"products","duration_ms":0,"err":{"name":"Error","message":"During prerendering, fetch() rejects when the prerender is complete. Typically these errors are handled by React but if you move fetch() to a different context by using `setTimeout`, `after`, or similar functions you may observe this error and you should handle it in that context. This occurred at route \"/coupon/[slug]\".","stack":"Error: During prerendering, fetch() rejects when the prerender is complete. Typically these errors are handled by React but if you move fetch() to a different context by using `setTimeout`, `after`, or similar functions you may observe this error and you should handle it in that context. This occurred at route \"/coupon/[slug]\".\n    at /Users/ofir/kenyonexpress-autopilot/.next/server/chunks/ssr/[root-of-the-server]__1_aa14n._.js:2:23832\n    at /Users/ofir/kenyonexpress-autopilot/.next/server/chunks/ssr/[root-of-the-server]__1_aa14n._.js:11:48366\n    at /Users/ofir/kenyonexpress-autopilot/.next/server/chunks/ssr/[root-of-the-server]__1_aa14n._.js:11:66894\n    at /Users/ofir/kenyonexpress-autopilot/.next/server/chunks/ssr/[root-of-the-server]__1_aa14n._.js:11:67121\n    at Object.with (/Users/ofir/kenyonexpress-autopilot/.next/server/chunks/ssr/0sj1_@opentelemetry_api_build_esm_1_uv6rc._.js:2:3907)\n    at v.with (/Users/ofir/kenyonexpress-autopilot/.next/server/chunks/ssr/0sj1_@opentelemetry_api_build_esm_1_uv6rc._.js:2:4233)\n    at P.startActiveSpan (/Users/ofir/kenyonexpress-autopilot/.next/server/chunks/ssr/0sj1_@opentelemetry_api_build_esm_1_uv6rc._.js:2:6588)\n    at R.startActiveSpan (/Users/ofir/kenyonexpress-autopilot/.next/server/chunks/ssr/0sj1_@opentelemetry_api_build_esm_1_uv6rc._.js:2:6827)\n    at a.runWithActiveSpan (/Users/ofir/kenyonexpress-autopilot/.next/server/chunks/ssr/[root-of-the-server]__1_aa14n._.js:11:67098)\n    at /Users/ofir/kenyonexpress-autopilot/.next/server/chunks/ssr/[root-of-the-server]__1_aa14n._.js:11:66397\n    at Object.with (/Users/ofir/kenyonexpress-autopilot/.next/server/chunks/ssr/0sj1_@opentelemetry_api_build_esm_1_uv6rc._.js:2:3907)\n    at v.with (/Users/ofir/kenyonexpress-autopilot/.next/server/chunks/ssr/0sj1_@opentelemetry_api_build_esm_1_uv6rc._.js:2:4233)\n    at a.trace (/Users/ofir/kenyonexpress-autopilot/.next/server/chunks/ssr/[root-of-the-server]__1_aa14n._.js:11:66371)\n    at fetch (/Users/ofir/kenyonexpress-autopilot/","digest":"HANGING_PROMISE_REJECTION"}}
{"ts":"2026-10-07T18:55:11.079Z","level":"warn","event":"db.query_slow","request_id":null,"method":"GET","target":"suppliers","status":200,"duration_ms":600,"threshold_ms":300}
{"ts":"2026-10-07T18:55:11.080Z","level":"warn","event":"db.query_slow","request_id":null,"method":"GET","target":"categories","status":200,"duration_ms":601,"threshold_ms":300}
{"ts":"2026-10-07T18:55:11.081Z","level":"warn","event":"db.query_slow","request_id":null,"method":"GET","target":"products","status":200,"duration_ms":602,"threshold_ms":300}
{"ts":"2026-10-07T18:55:11.135Z","level":"error","event":"db.query_failed","request_id":null,"method":"GET","target":"products","duration_ms":0,"err":{"name":"Error","message":"During prerendering, fetch() rejects when the prerender is complete. Typically these errors are handled by React but if you move fetch() to a different context by using `setTimeout`, `after`, or similar functions you may observe this error and you should handle it in that context. This occurred at route \"/coupon/[slug]\".","stack":"Error: During prerendering, fetch() rejects when the prerender is complete. Typically these errors are handled by React but if you move fetch() to a different context by using `setTimeout`, `after`, or similar functions you may observe this error and you should handle it in that context. This occurred at route \"/coupon/[slug]\".\n    at /Users/ofir/kenyonexpress-autopilot/.next/server/chunks/ssr/[root-of-the-server]__1_aa14n._.js:2:23832\n    at /Users/ofir/kenyonexpress-autopilot/.next/server/chunks/ssr/[root-of-the-server]__1_aa14n._.js:11:48366\n    at /Users/ofir/kenyonexpress-autopilot/.next/server/chunks/ssr/[root-of-the-server]__1_aa14n._.js:11:66894\n    at /Users/ofir/kenyonexpress-autopilot/.next/server/chunks/ssr/[root-of-the-server]__1_aa14n._.js:11:67121\n    at Object.with (/Users/ofir/kenyonexpress-autopilot/.next/server/chunks/ssr/0sj1_@opentelemetry_api_build_esm_1_uv6rc._.js:2:3907)\n    at v.with (/Users/ofir/kenyonexpress-autopilot/.next/server/chunks/ssr/0sj1_@opentelemetry_api_build_esm_1_uv6rc._.js:2:4233)\n    at P.startActiveSpan (/Users/ofir/kenyonexpress-autopilot/.next/server/chunks/ssr/0sj1_@opentelemetry_api_build_esm_1_uv6rc._.js:2:6588)\n    at R.startActiveSpan (/Users/ofir/kenyonexpress-autopilot/.next/server/chunks/ssr/0sj1_@opentelemetry_api_build_esm_1_uv6rc._.js:2:6827)\n    at a.runWithActiveSpan (/Users/ofir/kenyonexpress-autopilot/.next/server/chunks/ssr/[root-of-the-server]__1_aa14n._.js:11:67098)\n    at /Users/ofir/kenyonexpress-autopilot/.next/server/chunks/ssr/[root-of-the-server]__1_aa14n._.js:11:66397\n    at Object.with (/Users/ofir/kenyonexpress-autopilot/.next/server/chunks/ssr/0sj1_@opentelemetry_api_build_esm_1_uv6rc._.js:2:3907)\n    at v.with (/Users/ofir/kenyonexpress-autopilot/.next/server/chunks/ssr/0sj1_@opentelemetry_api_build_esm_1_uv6rc._.js:2:4233)\n    at a.trace (/Users/ofir/kenyonexpress-autopilot/.next/server/chunks/ssr/[root-of-the-server]__1_aa14n._.js:11:66371)\n    at fetch (/Users/ofir/kenyonexpress-autopilot/","digest":"HANGING_PROMISE_REJECTION"}}
{"ts":"2026-10-07T18:55:11.180Z","level":"error","event":"db.query_failed","request_id":null,"method":"GET","target":"products","duration_ms":0,"err":{"name":"Error","message":"During prerendering, fetch() rejects when the prerender is complete. Typically these errors are handled by React but if you move fetch() to a different context by using `setTimeout`, `after`, or similar functions you may observe this error and you should handle it in that context. This occurred at route \"/coupon/[slug]\".","stack":"Error: During prerendering, fetch() rejects when the prerender is complete. Typically these errors are handled by React but if you move fetch() to a different context by using `setTimeout`, `after`, or similar functions you may observe this error and you should handle it in that context. This occurred at route \"/coupon/[slug]\".\n    at /Users/ofir/kenyonexpress-autopilot/.next/server/chunks/ssr/[root-of-the-server]__1_aa14n._.js:2:23832\n    at /Users/ofir/kenyonexpress-autopilot/.next/server/chunks/ssr/[root-of-the-server]__1_aa14n._.js:11:48366\n    at /Users/ofir/kenyonexpress-autopilot/.next/server/chunks/ssr/[root-of-the-server]__1_aa14n._.js:11:66894\n    at /Users/ofir/kenyonexpress-autopilot/.next/server/chunks/ssr/[root-of-the-server]__1_aa14n._.js:11:67121\n    at Object.with (/Users/ofir/kenyonexpress-autopilot/.next/server/chunks/ssr/0sj1_@opentelemetry_api_build_esm_1_uv6rc._.js:2:3907)\n    at v.with (/Users/ofir/kenyonexpress-autopilot/.next/server/chunks/ssr/0sj1_@opentelemetry_api_build_esm_1_uv6rc._.js:2:4233)\n    at P.startActiveSpan (/Users/ofir/kenyonexpress-autopilot/.next/server/chunks/ssr/0sj1_@opentelemetry_api_build_esm_1_uv6rc._.js:2:6588)\n    at R.startActiveSpan (/Users/ofir/kenyonexpress-autopilot/.next/server/chunks/ssr/0sj1_@opentelemetry_api_build_esm_1_uv6rc._.js:2:6827)\n    at a.runWithActiveSpan (/Users/ofir/kenyonexpress-autopilot/.next/server/chunks/ssr/[root-of-the-server]__1_aa14n._.js:11:67098)\n    at /Users/ofir/kenyonexpress-autopilot/.next/server/chunks/ssr/[root-of-the-server]__1_aa14n._.js:11:66397\n    at Object.with (/Users/ofir/kenyonexpress-autopilot/.next/server/chunks/ssr/0sj1_@opentelemetry_api_build_esm_1_uv6rc._.js:2:3907)\n    at v.with (/Users/ofir/kenyonexpress-autopilot/.next/server/chunks/ssr/0sj1_@opentelemetry_api_build_esm_1_uv6rc._.js:2:4233)\n    at a.trace (/Users/ofir/kenyonexpress-autopilot/.next/server/chunks/ssr/[root-of-the-server]__1_aa14n._.js:11:66371)\n    at fetch (/Users/ofir/kenyonexpress-autopilot/","digest":"HANGING_PROMISE_REJECTION"}}
{"ts":"2026-10-07T18:55:11.182Z","level":"warn","event":"db.query_slow","request_id":null,"method":"GET","target":"products","status":200,"duration_ms":382,"threshold_ms":300}
{"ts":"2026-10-07T18:55:11.196Z","level":"error","event":"db.query_failed","request_id":null,"method":"GET","target":"referral_program_settings","duration_ms":0,"err":{"name":"Error","message":"During prerendering, fetch() rejects when the prerender is complete. Typically these errors are handled by React but if you move fetch() to a different context by using `setTimeout`, `after`, or similar functions you may observe this error and you should handle it in that context. This occurred at route \"/wallet\".","stack":"Error: During prerendering, fetch() rejects when the prerender is complete. Typically these errors are handled by React but if you move fetch() to a different context by using `setTimeout`, `after`, or similar functions you may observe this error and you should handle it in that context. This occurred at route \"/wallet\".\n    at eu (/Users/ofir/kenyonexpress-autopilot/.next/server/chunks/[root-of-the-server]__1jlk8z1._.js:2:58687)\n    at /Users/ofir/kenyonexpress-autopilot/.next/server/chunks/[root-of-the-server]__1jlk8z1._.js:2:87004\n    at /Users/ofir/kenyonexpress-autopilot/.next/server/chunks/[root-of-the-server]__1jlk8z1._.js:2:54057\n    at /Users/ofir/kenyonexpress-autopilot/.next/server/chunks/[root-of-the-server]__1jlk8z1._.js:2:54347\n    at Object.with (/Users/ofir/kenyonexpress-autopilot/.next/server/chunks/[root-of-the-server]__1jlk8z1._.js:2:4124)\n    at S.with (/Users/ofir/kenyonexpress-autopilot/.next/server/chunks/[root-of-the-server]__1jlk8z1._.js:2:4450)\n    at G.startActiveSpan (/Users/ofir/kenyonexpress-autopilot/.next/server/chunks/[root-of-the-server]__1jlk8z1._.js:2:6806)\n    at H.startActiveSpan (/Users/ofir/kenyonexpress-autopilot/.next/server/chunks/[root-of-the-server]__1jlk8z1._.js:2:7045)\n    at e.runWithActiveSpan (/Users/ofir/kenyonexpress-autopilot/.next/server/chunks/[root-of-the-server]__1jlk8z1._.js:2:54324)\n    at /Users/ofir/kenyonexpress-autopilot/.next/server/chunks/[root-of-the-server]__1jlk8z1._.js:2:53577\n    at Object.with (/Users/ofir/kenyonexpress-autopilot/.next/server/chunks/[root-of-the-server]__1jlk8z1._.js:2:4124)\n    at S.with (/Users/ofir/kenyonexpress-autopilot/.next/server/chunks/[root-of-the-server]__1jlk8z1._.js:2:4450)\n    at e.trace (/Users/ofir/kenyonexpress-autopilot/.next/server/chunks/[root-of-the-server]__1jlk8z1._.js:2:53551)\n    at fetch (/Users/ofir/kenyonexpress-autopilot/.next/server/chunks/[root-of-the-server]__1jlk8z1._.js:2:84044)\n    at /Users/ofir/kenyonexpress-autopilot/.next/server/chunks/ssr/s","digest":"HANGING_PROMISE_REJECTION"}}
{"ts":"2026-10-07T18:55:11.274Z","level":"error","event":"db.query_failed","request_id":null,"method":"GET","target":"referral_program_settings","duration_ms":0,"err":{"name":"Error","message":"During prerendering, fetch() rejects when the prerender is complete. Typically these errors are handled by React but if you move fetch() to a different context by using `setTimeout`, `after`, or similar functions you may observe this error and you should handle it in that context. This occurred at route \"/wallet\".","stack":"Error: During prerendering, fetch() rejects when the prerender is complete. Typically these errors are handled by React but if you move fetch() to a different context by using `setTimeout`, `after`, or similar functions you may observe this error and you should handle it in that context. This occurred at route \"/wallet\".\n    at eu (/Users/ofir/kenyonexpress-autopilot/.next/server/chunks/[root-of-the-server]__1jlk8z1._.js:2:58687)\n    at /Users/ofir/kenyonexpress-autopilot/.next/server/chunks/[root-of-the-server]__1jlk8z1._.js:2:87004\n    at /Users/ofir/kenyonexpress-autopilot/.next/server/chunks/[root-of-the-server]__1jlk8z1._.js:2:54057\n    at /Users/ofir/kenyonexpress-autopilot/.next/server/chunks/[root-of-the-server]__1jlk8z1._.js:2:54347\n    at Object.with (/Users/ofir/kenyonexpress-autopilot/.next/server/chunks/[root-of-the-server]__1jlk8z1._.js:2:4124)\n    at S.with (/Users/ofir/kenyonexpress-autopilot/.next/server/chunks/[root-of-the-server]__1jlk8z1._.js:2:4450)\n    at G.startActiveSpan (/Users/ofir/kenyonexpress-autopilot/.next/server/chunks/[root-of-the-server]__1jlk8z1._.js:2:6806)\n    at H.startActiveSpan (/Users/ofir/kenyonexpress-autopilot/.next/server/chunks/[root-of-the-server]__1jlk8z1._.js:2:7045)\n    at e.runWithActiveSpan (/Users/ofir/kenyonexpress-autopilot/.next/server/chunks/[root-of-the-server]__1jlk8z1._.js:2:54324)\n    at /Users/ofir/kenyonexpress-autopilot/.next/server/chunks/[root-of-the-server]__1jlk8z1._.js:2:53577\n    at Object.with (/Users/ofir/kenyonexpress-autopilot/.next/server/chunks/[root-of-the-server]__1jlk8z1._.js:2:4124)\n    at S.with (/Users/ofir/kenyonexpress-autopilot/.next/server/chunks/[root-of-the-server]__1jlk8z1._.js:2:4450)\n    at e.trace (/Users/ofir/kenyonexpress-autopilot/.next/server/chunks/[root-of-the-server]__1jlk8z1._.js:2:53551)\n    at fetch (/Users/ofir/kenyonexpress-autopilot/.next/server/chunks/[root-of-the-server]__1jlk8z1._.js:2:84044)\n    at /Users/ofir/kenyonexpress-autopilot/.next/server/chunks/ssr/s","digest":"HANGING_PROMISE_REJECTION"}}
{"ts":"2026-10-07T18:55:11.542Z","level":"warn","event":"db.query_slow","request_id":null,"method":"GET","target":"products","status":200,"duration_ms":301,"threshold_ms":300}
{"ts":"2026-10-07T18:55:11.549Z","level":"warn","event":"db.query_slow","request_id":null,"method":"GET","target":"products","status":200,"duration_ms":304,"threshold_ms":300}
{"ts":"2026-10-07T18:55:11.552Z","level":"warn","event":"db.query_slow","request_id":null,"method":"GET","target":"products","status":200,"duration_ms":309,"threshold_ms":300}
{"ts":"2026-10-07T18:55:11.566Z","level":"warn","event":"db.query_slow","request_id":null,"method":"GET","target":"products","status":200,"duration_ms":327,"threshold_ms":300}
{"ts":"2026-10-07T18:55:11.572Z","level":"warn","event":"db.query_slow","request_id":null,"method":"GET","target":"products","status":200,"duration_ms":323,"threshold_ms":300}
{"ts":"2026-10-07T18:55:11.574Z","level":"warn","event":"db.query_slow","request_id":null,"method":"GET","target":"products","status":200,"duration_ms":334,"threshold_ms":300}
{"ts":"2026-10-07T18:55:11.577Z","level":"warn","event":"db.query_slow","request_id":null,"method":"GET","target":"products","status":200,"duration_ms":326,"threshold_ms":300}
{"ts":"2026-10-07T18:55:11.597Z","level":"warn","event":"db.query_slow","request_id":null,"method":"GET","target":"products","status":200,"duration_ms":351,"threshold_ms":300}
{"ts":"2026-10-07T18:55:11.598Z","level":"warn","event":"db.query_slow","request_id":null,"method":"GET","target":"products","status":200,"duration_ms":349,"threshold_ms":300}
{"ts":"2026-10-07T18:55:11.603Z","level":"warn","event":"db.query_slow","request_id":null,"method":"GET","target":"products","status":200,"duration_ms":356,"threshold_ms":300}
{"ts":"2026-10-07T18:55:11.605Z","level":"warn","event":"db.query_slow","request_id":null,"method":"GET","target":"products","status":200,"duration_ms":341,"threshold_ms":300}
{"ts":"2026-10-07T18:55:11.770Z","level":"error","event":"db.query_failed","request_id":null,"method":"GET","target":"products","duration_ms":1,"err":{"name":"Error","message":"During prerendering, fetch() rejects when the prerender is complete. Typically these errors are handled by React but if you move fetch() to a different context by using `setTimeout`, `after`, or similar functions you may observe this error and you should handle it in that context. This occurred at route \"/coupon/[slug]\".","stack":"Error: During prerendering, fetch() rejects when the prerender is complete. Typically these errors are handled by React but if you move fetch() to a different context by using `setTimeout`, `after`, or similar functions you may observe this error and you should handle it in that context. This occurred at route \"/coupon/[slug]\".\n    at /Users/ofir/kenyonexpress-autopilot/.next/server/chunks/ssr/[root-of-the-server]__1_aa14n._.js:2:23832\n    at /Users/ofir/kenyonexpress-autopilot/.next/server/chunks/ssr/[root-of-the-server]__1_aa14n._.js:11:48366\n    at /Users/ofir/kenyonexpress-autopilot/.next/server/chunks/ssr/[root-of-the-server]__1_aa14n._.js:11:66894\n    at /Users/ofir/kenyonexpress-autopilot/.next/server/chunks/ssr/[root-of-the-server]__1_aa14n._.js:11:67121\n    at Object.with (/Users/ofir/kenyonexpress-autopilot/.next/server/chunks/ssr/0sj1_@opentelemetry_api_build_esm_1_uv6rc._.js:2:3907)\n    at v.with (/Users/ofir/kenyonexpress-autopilot/.next/server/chunks/ssr/0sj1_@opentelemetry_api_build_esm_1_uv6rc._.js:2:4233)\n    at P.startActiveSpan (/Users/ofir/kenyonexpress-autopilot/.next/server/chunks/ssr/0sj1_@opentelemetry_api_build_esm_1_uv6rc._.js:2:6588)\n    at R.startActiveSpan (/Users/ofir/kenyonexpress-autopilot/.next/server/chunks/ssr/0sj1_@opentelemetry_api_build_esm_1_uv6rc._.js:2:6827)\n    at a.runWithActiveSpan (/Users/ofir/kenyonexpress-autopilot/.next/server/chunks/ssr/[root-of-the-server]__1_aa14n._.js:11:67098)\n    at /Users/ofir/kenyonexpress-autopilot/.next/server/chunks/ssr/[root-of-the-server]__1_aa14n._.js:11:66397\n    at Object.with (/Users/ofir/kenyonexpress-autopilot/.next/server/chunks/ssr/0sj1_@opentelemetry_api_build_esm_1_uv6rc._.js:2:3907)\n    at v.with (/Users/ofir/kenyonexpress-autopilot/.next/server/chunks/ssr/0sj1_@opentelemetry_api_build_esm_1_uv6rc._.js:2:4233)\n    at a.trace (/Users/ofir/kenyonexpress-autopilot/.next/server/chunks/ssr/[root-of-the-server]__1_aa14n._.js:11:66371)\n    at fetch (/Users/ofir/kenyonexpress-autopilot/","digest":"HANGING_PROMISE_REJECTION"}}
{"ts":"2026-10-07T18:55:11.774Z","level":"error","event":"db.query_failed","request_id":null,"method":"GET","target":"products","duration_ms":0,"err":{"name":"Error","message":"During prerendering, fetch() rejects when the prerender is complete. Typically these errors are handled by React but if you move fetch() to a different context by using `setTimeout`, `after`, or similar functions you may observe this error and you should handle it in that context. This occurred at route \"/product/[slug]\".","stack":"Error: During prerendering, fetch() rejects when the prerender is complete. Typically these errors are handled by React but if you move fetch() to a different context by using `setTimeout`, `after`, or similar functions you may observe this error and you should handle it in that context. This occurred at route \"/product/[slug]\".\n    at eu (/Users/ofir/kenyonexpress-autopilot/.next/server/chunks/[root-of-the-server]__1jlk8z1._.js:2:58687)\n    at /Users/ofir/kenyonexpress-autopilot/.next/server/chunks/[root-of-the-server]__1jlk8z1._.js:2:87004\n    at /Users/ofir/kenyonexpress-autopilot/.next/server/chunks/[root-of-the-server]__1jlk8z1._.js:2:54057\n    at /Users/ofir/kenyonexpress-autopilot/.next/server/chunks/[root-of-the-server]__1jlk8z1._.js:2:54347\n    at Object.with (/Users/ofir/kenyonexpress-autopilot/.next/server/chunks/[root-of-the-server]__1jlk8z1._.js:2:4124)\n    at S.with (/Users/ofir/kenyonexpress-autopilot/.next/server/chunks/[root-of-the-server]__1jlk8z1._.js:2:4450)\n    at G.startActiveSpan (/Users/ofir/kenyonexpress-autopilot/.next/server/chunks/[root-of-the-server]__1jlk8z1._.js:2:6806)\n    at H.startActiveSpan (/Users/ofir/kenyonexpress-autopilot/.next/server/chunks/[root-of-the-server]__1jlk8z1._.js:2:7045)\n    at e.runWithActiveSpan (/Users/ofir/kenyonexpress-autopilot/.next/server/chunks/[root-of-the-server]__1jlk8z1._.js:2:54324)\n    at /Users/ofir/kenyonexpress-autopilot/.next/server/chunks/[root-of-the-server]__1jlk8z1._.js:2:53577\n    at Object.with (/Users/ofir/kenyonexpress-autopilot/.next/server/chunks/[root-of-the-server]__1jlk8z1._.js:2:4124)\n    at S.with (/Users/ofir/kenyonexpress-autopilot/.next/server/chunks/[root-of-the-server]__1jlk8z1._.js:2:4450)\n    at e.trace (/Users/ofir/kenyonexpress-autopilot/.next/server/chunks/[root-of-the-server]__1jlk8z1._.js:2:53551)\n    at fetch (/Users/ofir/kenyonexpress-autopilot/.next/server/chunks/[root-of-the-server]__1jlk8z1._.js:2:84044)\n    at /Users/ofir/kenyonexpress-autopilot/.next/server/chun","digest":"HANGING_PROMISE_REJECTION"}}
{"ts":"2026-10-07T18:55:11.795Z","level":"error","event":"db.query_failed","request_id":null,"method":"GET","target":"products","duration_ms":0,"err":{"name":"Error","message":"During prerendering, fetch() rejects when the prerender is complete. Typically these errors are handled by React but if you move fetch() to a different context by using `setTimeout`, `after`, or similar functions you may observe this error and you should handle it in that context. This occurred at route \"/product/[slug]\".","stack":"Error: During prerendering, fetch() rejects when the prerender is complete. Typically these errors are handled by React but if you move fetch() to a different context by using `setTimeout`, `after`, or similar functions you may observe this error and you should handle it in that context. This occurred at route \"/product/[slug]\".\n    at eu (/Users/ofir/kenyonexpress-autopilot/.next/server/chunks/[root-of-the-server]__1jlk8z1._.js:2:58687)\n    at /Users/ofir/kenyonexpress-autopilot/.next/server/chunks/[root-of-the-server]__1jlk8z1._.js:2:87004\n    at /Users/ofir/kenyonexpress-autopilot/.next/server/chunks/[root-of-the-server]__1jlk8z1._.js:2:54057\n    at /Users/ofir/kenyonexpress-autopilot/.next/server/chunks/[root-of-the-server]__1jlk8z1._.js:2:54347\n    at Object.with (/Users/ofir/kenyonexpress-autopilot/.next/server/chunks/[root-of-the-server]__1jlk8z1._.js:2:4124)\n    at S.with (/Users/ofir/kenyonexpress-autopilot/.next/server/chunks/[root-of-the-server]__1jlk8z1._.js:2:4450)\n    at G.startActiveSpan (/Users/ofir/kenyonexpress-autopilot/.next/server/chunks/[root-of-the-server]__1jlk8z1._.js:2:6806)\n    at H.startActiveSpan (/Users/ofir/kenyonexpress-autopilot/.next/server/chunks/[root-of-the-server]__1jlk8z1._.js:2:7045)\n    at e.runWithActiveSpan (/Users/ofir/kenyonexpress-autopilot/.next/server/chunks/[root-of-the-server]__1jlk8z1._.js:2:54324)\n    at /Users/ofir/kenyonexpress-autopilot/.next/server/chunks/[root-of-the-server]__1jlk8z1._.js:2:53577\n    at Object.with (/Users/ofir/kenyonexpress-autopilot/.next/server/chunks/[root-of-the-server]__1jlk8z1._.js:2:4124)\n    at S.with (/Users/ofir/kenyonexpress-autopilot/.next/server/chunks/[root-of-the-server]__1jlk8z1._.js:2:4450)\n    at e.trace (/Users/ofir/kenyonexpress-autopilot/.next/server/chunks/[root-of-the-server]__1jlk8z1._.js:2:53551)\n    at fetch (/Users/ofir/kenyonexpress-autopilot/.next/server/chunks/[root-of-the-server]__1jlk8z1._.js:2:84044)\n    at /Users/ofir/kenyonexpress-autopilot/.next/server/chun","digest":"HANGING_PROMISE_REJECTION"}}
{"ts":"2026-10-07T18:55:11.796Z","level":"error","event":"db.query_failed","request_id":null,"method":"GET","target":"products","duration_ms":0,"err":{"name":"Error","message":"During prerendering, fetch() rejects when the prerender is complete. Typically these errors are handled by React but if you move fetch() to a different context by using `setTimeout`, `after`, or similar functions you may observe this error and you should handle it in that context. This occurred at route \"/coupon/[slug]\".","stack":"Error: During prerendering, fetch() rejects when the prerender is complete. Typically these errors are handled by React but if you move fetch() to a different context by using `setTimeout`, `after`, or similar functions you may observe this error and you should handle it in that context. This occurred at route \"/coupon/[slug]\".\n    at /Users/ofir/kenyonexpress-autopilot/.next/server/chunks/ssr/[root-of-the-server]__1_aa14n._.js:2:23832\n    at /Users/ofir/kenyonexpress-autopilot/.next/server/chunks/ssr/[root-of-the-server]__1_aa14n._.js:11:48366\n    at /Users/ofir/kenyonexpress-autopilot/.next/server/chunks/ssr/[root-of-the-server]__1_aa14n._.js:11:66894\n    at /Users/ofir/kenyonexpress-autopilot/.next/server/chunks/ssr/[root-of-the-server]__1_aa14n._.js:11:67121\n    at Object.with (/Users/ofir/kenyonexpress-autopilot/.next/server/chunks/ssr/0sj1_@opentelemetry_api_build_esm_1_uv6rc._.js:2:3907)\n    at v.with (/Users/ofir/kenyonexpress-autopilot/.next/server/chunks/ssr/0sj1_@opentelemetry_api_build_esm_1_uv6rc._.js:2:4233)\n    at P.startActiveSpan (/Users/ofir/kenyonexpress-autopilot/.next/server/chunks/ssr/0sj1_@opentelemetry_api_build_esm_1_uv6rc._.js:2:6588)\n    at R.startActiveSpan (/Users/ofir/kenyonexpress-autopilot/.next/server/chunks/ssr/0sj1_@opentelemetry_api_build_esm_1_uv6rc._.js:2:6827)\n    at a.runWithActiveSpan (/Users/ofir/kenyonexpress-autopilot/.next/server/chunks/ssr/[root-of-the-server]__1_aa14n._.js:11:67098)\n    at /Users/ofir/kenyonexpress-autopilot/.next/server/chunks/ssr/[root-of-the-server]__1_aa14n._.js:11:66397\n    at Object.with (/Users/ofir/kenyonexpress-autopilot/.next/server/chunks/ssr/0sj1_@opentelemetry_api_build_esm_1_uv6rc._.js:2:3907)\n    at v.with (/Users/ofir/kenyonexpress-autopilot/.next/server/chunks/ssr/0sj1_@opentelemetry_api_build_esm_1_uv6rc._.js:2:4233)\n    at a.trace (/Users/ofir/kenyonexpress-autopilot/.next/server/chunks/ssr/[root-of-the-server]__1_aa14n._.js:11:66371)\n    at fetch (/Users/ofir/kenyonexpress-autopilot/","digest":"HANGING_PROMISE_REJECTION"}}
{"ts":"2026-10-07T18:55:11.808Z","level":"error","event":"db.query_failed","request_id":null,"method":"GET","target":"products","duration_ms":1,"err":{"name":"Error","message":"During prerendering, fetch() rejects when the prerender is complete. Typically these errors are handled by React but if you move fetch() to a different context by using `setTimeout`, `after`, or similar functions you may observe this error and you should handle it in that context. This occurred at route \"/product/[slug]\".","stack":"Error: During prerendering, fetch() rejects when the prerender is complete. Typically these errors are handled by React but if you move fetch() to a different context by using `setTimeout`, `after`, or similar functions you may observe this error and you should handle it in that context. This occurred at route \"/product/[slug]\".\n    at eu (/Users/ofir/kenyonexpress-autopilot/.next/server/chunks/[root-of-the-server]__1jlk8z1._.js:2:58687)\n    at /Users/ofir/kenyonexpress-autopilot/.next/server/chunks/[root-of-the-server]__1jlk8z1._.js:2:87004\n    at /Users/ofir/kenyonexpress-autopilot/.next/server/chunks/[root-of-the-server]__1jlk8z1._.js:2:54057\n    at /Users/ofir/kenyonexpress-autopilot/.next/server/chunks/[root-of-the-server]__1jlk8z1._.js:2:54347\n    at Object.with (/Users/ofir/kenyonexpress-autopilot/.next/server/chunks/[root-of-the-server]__1jlk8z1._.js:2:4124)\n    at S.with (/Users/ofir/kenyonexpress-autopilot/.next/server/chunks/[root-of-the-server]__1jlk8z1._.js:2:4450)\n    at G.startActiveSpan (/Users/ofir/kenyonexpress-autopilot/.next/server/chunks/[root-of-the-server]__1jlk8z1._.js:2:6806)\n    at H.startActiveSpan (/Users/ofir/kenyonexpress-autopilot/.next/server/chunks/[root-of-the-server]__1jlk8z1._.js:2:7045)\n    at e.runWithActiveSpan (/Users/ofir/kenyonexpress-autopilot/.next/server/chunks/[root-of-the-server]__1jlk8z1._.js:2:54324)\n    at /Users/ofir/kenyonexpress-autopilot/.next/server/chunks/[root-of-the-server]__1jlk8z1._.js:2:53577\n    at Object.with (/Users/ofir/kenyonexpress-autopilot/.next/server/chunks/[root-of-the-server]__1jlk8z1._.js:2:4124)\n    at S.with (/Users/ofir/kenyonexpress-autopilot/.next/server/chunks/[root-of-the-server]__1jlk8z1._.js:2:4450)\n    at e.trace (/Users/ofir/kenyonexpress-autopilot/.next/server/chunks/[root-of-the-server]__1jlk8z1._.js:2:53551)\n    at fetch (/Users/ofir/kenyonexpress-autopilot/.next/server/chunks/[root-of-the-server]__1jlk8z1._.js:2:84044)\n    at /Users/ofir/kenyonexpress-autopilot/.next/server/chun","digest":"HANGING_PROMISE_REJECTION"}}
{"ts":"2026-10-07T18:55:11.849Z","level":"error","event":"db.query_failed","request_id":null,"method":"GET","target":"products","duration_ms":0,"err":{"name":"Error","message":"During prerendering, fetch() rejects when the prerender is complete. Typically these errors are handled by React but if you move fetch() to a different context by using `setTimeout`, `after`, or similar functions you may observe this error and you should handle it in that context. This occurred at route \"/product/[slug]\".","stack":"Error: During prerendering, fetch() rejects when the prerender is complete. Typically these errors are handled by React but if you move fetch() to a different context by using `setTimeout`, `after`, or similar functions you may observe this error and you should handle it in that context. This occurred at route \"/product/[slug]\".\n    at eu (/Users/ofir/kenyonexpress-autopilot/.next/server/chunks/[root-of-the-server]__1jlk8z1._.js:2:58687)\n    at /Users/ofir/kenyonexpress-autopilot/.next/server/chunks/[root-of-the-server]__1jlk8z1._.js:2:87004\n    at /Users/ofir/kenyonexpress-autopilot/.next/server/chunks/[root-of-the-server]__1jlk8z1._.js:2:54057\n    at /Users/ofir/kenyonexpress-autopilot/.next/server/chunks/[root-of-the-server]__1jlk8z1._.js:2:54347\n    at Object.with (/Users/ofir/kenyonexpress-autopilot/.next/server/chunks/[root-of-the-server]__1jlk8z1._.js:2:4124)\n    at S.with (/Users/ofir/kenyonexpress-autopilot/.next/server/chunks/[root-of-the-server]__1jlk8z1._.js:2:4450)\n    at G.startActiveSpan (/Users/ofir/kenyonexpress-autopilot/.next/server/chunks/[root-of-the-server]__1jlk8z1._.js:2:6806)\n    at H.startActiveSpan (/Users/ofir/kenyonexpress-autopilot/.next/server/chunks/[root-of-the-server]__1jlk8z1._.js:2:7045)\n    at e.runWithActiveSpan (/Users/ofir/kenyonexpress-autopilot/.next/server/chunks/[root-of-the-server]__1jlk8z1._.js:2:54324)\n    at /Users/ofir/kenyonexpress-autopilot/.next/server/chunks/[root-of-the-server]__1jlk8z1._.js:2:53577\n    at Object.with (/Users/ofir/kenyonexpress-autopilot/.next/server/chunks/[root-of-the-server]__1jlk8z1._.js:2:4124)\n    at S.with (/Users/ofir/kenyonexpress-autopilot/.next/server/chunks/[root-of-the-server]__1jlk8z1._.js:2:4450)\n    at e.trace (/Users/ofir/kenyonexpress-autopilot/.next/server/chunks/[root-of-the-server]__1jlk8z1._.js:2:53551)\n    at fetch (/Users/ofir/kenyonexpress-autopilot/.next/server/chunks/[root-of-the-server]__1jlk8z1._.js:2:84044)\n    at /Users/ofir/kenyonexpress-autopilot/.next/server/chun","digest":"HANGING_PROMISE_REJECTION"}}
{"ts":"2026-10-07T18:55:11.877Z","level":"warn","event":"db.query_slow","request_id":null,"method":"GET","target":"product_variants","status":200,"duration_ms":304,"threshold_ms":300}
{"ts":"2026-10-07T18:55:11.878Z","level":"warn","event":"db.query_slow","request_id":null,"method":"POST","target":"rpc:product_rating_summary","status":404,"duration_ms":302,"threshold_ms":300}
{"ts":"2026-10-07T18:55:11.883Z","level":"warn","event":"db.query_slow","request_id":null,"method":"POST","target":"rpc:product_rating_summary","status":404,"duration_ms":309,"threshold_ms":300}
{"ts":"2026-10-07T18:55:11.885Z","level":"warn","event":"db.query_slow","request_id":null,"method":"GET","target":"products","status":200,"duration_ms":619,"threshold_ms":300}
{"ts":"2026-10-07T18:55:11.885Z","level":"warn","event":"db.query_slow","request_id":null,"method":"POST","target":"rpc:product_rating_summary","status":404,"duration_ms":307,"threshold_ms":300}
{"ts":"2026-10-07T18:55:11.887Z","level":"warn","event":"db.query_slow","request_id":null,"method":"GET","target":"product_variants","status":200,"duration_ms":321,"threshold_ms":300}
{"ts":"2026-10-07T18:55:11.888Z","level":"warn","event":"db.query_slow","request_id":null,"method":"POST","target":"rpc:product_rating_summary","status":404,"duration_ms":321,"threshold_ms":300}
{"ts":"2026-10-07T18:55:11.898Z","level":"warn","event":"db.query_slow","request_id":null,"method":"GET","target":"product_variants","status":200,"duration_ms":320,"threshold_ms":300}
{"ts":"2026-10-07T18:55:11.899Z","level":"warn","event":"db.query_slow","request_id":null,"method":"GET","target":"product_variants","status":200,"duration_ms":324,"threshold_ms":300}
{"ts":"2026-10-07T18:55:11.900Z","level":"warn","event":"db.query_slow","request_id":null,"method":"GET","target":"products","status":200,"duration_ms":326,"threshold_ms":300}
{"ts":"2026-10-07T18:55:11.900Z","level":"warn","event":"db.query_slow","request_id":null,"method":"GET","target":"media_assets","status":200,"duration_ms":327,"threshold_ms":300}
{"ts":"2026-10-07T18:55:11.901Z","level":"warn","event":"db.query_slow","request_id":null,"method":"GET","target":"products","status":200,"duration_ms":325,"threshold_ms":300}
{"ts":"2026-10-07T18:55:11.902Z","level":"warn","event":"db.query_slow","request_id":null,"method":"GET","target":"media_assets","status":200,"duration_ms":335,"threshold_ms":300}
{"ts":"2026-10-07T18:55:11.905Z","level":"warn","event":"db.query_slow","request_id":null,"method":"GET","target":"media_assets","status":200,"duration_ms":329,"threshold_ms":300}
{"ts":"2026-10-07T18:55:11.929Z","level":"warn","event":"db.query_slow","request_id":null,"method":"GET","target":"products","status":200,"duration_ms":351,"threshold_ms":300}
{"ts":"2026-10-07T18:55:11.946Z","level":"warn","event":"db.query_slow","request_id":null,"method":"GET","target":"products","status":200,"duration_ms":694,"threshold_ms":300}
{"ts":"2026-10-07T18:55:12.140Z","level":"error","event":"db.query_failed","request_id":null,"method":"GET","target":"referral_program_settings","duration_ms":1,"err":{"name":"Error","message":"During prerendering, fetch() rejects when the prerender is complete. Typically these errors are handled by React but if you move fetch() to a different context by using `setTimeout`, `after`, or similar functions you may observe this error and you should handle it in that context. This occurred at route \"/account/referrals\".","stack":"Error: During prerendering, fetch() rejects when the prerender is complete. Typically these errors are handled by React but if you move fetch() to a different context by using `setTimeout`, `after`, or similar functions you may observe this error and you should handle it in that context. This occurred at route \"/account/referrals\".\n    at /Users/ofir/kenyonexpress-autopilot/.next/server/chunks/ssr/[root-of-the-server]__1_aa14n._.js:2:23832\n    at /Users/ofir/kenyonexpress-autopilot/.next/server/chunks/ssr/[root-of-the-server]__1_aa14n._.js:11:48366\n    at /Users/ofir/kenyonexpress-autopilot/.next/server/chunks/ssr/[root-of-the-server]__1_aa14n._.js:11:66894\n    at /Users/ofir/kenyonexpress-autopilot/.next/server/chunks/ssr/[root-of-the-server]__1_aa14n._.js:11:67121\n    at Object.with (/Users/ofir/kenyonexpress-autopilot/.next/server/chunks/ssr/0sj1_@opentelemetry_api_build_esm_1_uv6rc._.js:2:3907)\n    at v.with (/Users/ofir/kenyonexpress-autopilot/.next/server/chunks/ssr/0sj1_@opentelemetry_api_build_esm_1_uv6rc._.js:2:4233)\n    at P.startActiveSpan (/Users/ofir/kenyonexpress-autopilot/.next/server/chunks/ssr/0sj1_@opentelemetry_api_build_esm_1_uv6rc._.js:2:6588)\n    at R.startActiveSpan (/Users/ofir/kenyonexpress-autopilot/.next/server/chunks/ssr/0sj1_@opentelemetry_api_build_esm_1_uv6rc._.js:2:6827)\n    at a.runWithActiveSpan (/Users/ofir/kenyonexpress-autopilot/.next/server/chunks/ssr/[root-of-the-server]__1_aa14n._.js:11:67098)\n    at /Users/ofir/kenyonexpress-autopilot/.next/server/chunks/ssr/[root-of-the-server]__1_aa14n._.js:11:66397\n    at Object.with (/Users/ofir/kenyonexpress-autopilot/.next/server/chunks/ssr/0sj1_@opentelemetry_api_build_esm_1_uv6rc._.js:2:3907)\n    at v.with (/Users/ofir/kenyonexpress-autopilot/.next/server/chunks/ssr/0sj1_@opentelemetry_api_build_esm_1_uv6rc._.js:2:4233)\n    at a.trace (/Users/ofir/kenyonexpress-autopilot/.next/server/chunks/ssr/[root-of-the-server]__1_aa14n._.js:11:66371)\n    at fetch (/Users/ofir/kenyonexpress-autopi","digest":"HANGING_PROMISE_REJECTION"}}
{"ts":"2026-10-07T18:55:12.142Z","level":"warn","event":"referrals.settings_read_failed","request_id":null,"reason":"Error: During prerendering, fetch() rejects when the prerender is complete. Typically these errors are handled by React but if you move fetch() to a different context by using `setTimeout`, `after`, or similar functions you may observe this error and you should handle it in that context. This occurred at route \"/account/referrals\"."}
{"ts":"2026-10-07T18:55:12.195Z","level":"error","event":"db.query_failed","request_id":null,"method":"GET","target":"referral_program_settings","duration_ms":0,"err":{"name":"Error","message":"During prerendering, fetch() rejects when the prerender is complete. Typically these errors are handled by React but if you move fetch() to a different context by using `setTimeout`, `after`, or similar functions you may observe this error and you should handle it in that context. This occurred at route \"/account/referrals\".","stack":"Error: During prerendering, fetch() rejects when the prerender is complete. Typically these errors are handled by React but if you move fetch() to a different context by using `setTimeout`, `after`, or similar functions you may observe this error and you should handle it in that context. This occurred at route \"/account/referrals\".\n    at /Users/ofir/kenyonexpress-autopilot/.next/server/chunks/ssr/[root-of-the-server]__1_aa14n._.js:2:23832\n    at /Users/ofir/kenyonexpress-autopilot/.next/server/chunks/ssr/[root-of-the-server]__1_aa14n._.js:11:48366\n    at /Users/ofir/kenyonexpress-autopilot/.next/server/chunks/ssr/[root-of-the-server]__1_aa14n._.js:11:66894\n    at /Users/ofir/kenyonexpress-autopilot/.next/server/chunks/ssr/[root-of-the-server]__1_aa14n._.js:11:67121\n    at Object.with (/Users/ofir/kenyonexpress-autopilot/.next/server/chunks/ssr/0sj1_@opentelemetry_api_build_esm_1_uv6rc._.js:2:3907)\n    at v.with (/Users/ofir/kenyonexpress-autopilot/.next/server/chunks/ssr/0sj1_@opentelemetry_api_build_esm_1_uv6rc._.js:2:4233)\n    at P.startActiveSpan (/Users/ofir/kenyonexpress-autopilot/.next/server/chunks/ssr/0sj1_@opentelemetry_api_build_esm_1_uv6rc._.js:2:6588)\n    at R.startActiveSpan (/Users/ofir/kenyonexpress-autopilot/.next/server/chunks/ssr/0sj1_@opentelemetry_api_build_esm_1_uv6rc._.js:2:6827)\n    at a.runWithActiveSpan (/Users/ofir/kenyonexpress-autopilot/.next/server/chunks/ssr/[root-of-the-server]__1_aa14n._.js:11:67098)\n    at /Users/ofir/kenyonexpress-autopilot/.next/server/chunks/ssr/[root-of-the-server]__1_aa14n._.js:11:66397\n    at Object.with (/Users/ofir/kenyonexpress-autopilot/.next/server/chunks/ssr/0sj1_@opentelemetry_api_build_esm_1_uv6rc._.js:2:3907)\n    at v.with (/Users/ofir/kenyonexpress-autopilot/.next/server/chunks/ssr/0sj1_@opentelemetry_api_build_esm_1_uv6rc._.js:2:4233)\n    at a.trace (/Users/ofir/kenyonexpress-autopilot/.next/server/chunks/ssr/[root-of-the-server]__1_aa14n._.js:11:66371)\n    at fetch (/Users/ofir/kenyonexpress-autopi","digest":"HANGING_PROMISE_REJECTION"}}
{"ts":"2026-10-07T18:55:12.196Z","level":"warn","event":"referrals.settings_read_failed","request_id":null,"reason":"Error: During prerendering, fetch() rejects when the prerender is complete. Typically these errors are handled by React but if you move fetch() to a different context by using `setTimeout`, `after`, or similar functions you may observe this error and you should handle it in that context. This occurred at route \"/account/referrals\"."}
{"ts":"2026-10-07T18:55:12.199Z","level":"error","event":"db.query_failed","request_id":null,"method":"GET","target":"products","duration_ms":1,"err":{"name":"Error","message":"During prerendering, fetch() rejects when the prerender is complete. Typically these errors are handled by React but if you move fetch() to a different context by using `setTimeout`, `after`, or similar functions you may observe this error and you should handle it in that context. This occurred at route \"/product/[slug]\".","stack":"Error: During prerendering, fetch() rejects when the prerender is complete. Typically these errors are handled by React but if you move fetch() to a different context by using `setTimeout`, `after`, or similar functions you may observe this error and you should handle it in that context. This occurred at route \"/product/[slug]\".\n    at eu (/Users/ofir/kenyonexpress-autopilot/.next/server/chunks/[root-of-the-server]__1jlk8z1._.js:2:58687)\n    at /Users/ofir/kenyonexpress-autopilot/.next/server/chunks/[root-of-the-server]__1jlk8z1._.js:2:87004\n    at /Users/ofir/kenyonexpress-autopilot/.next/server/chunks/[root-of-the-server]__1jlk8z1._.js:2:54057\n    at /Users/ofir/kenyonexpress-autopilot/.next/server/chunks/[root-of-the-server]__1jlk8z1._.js:2:54347\n    at Object.with (/Users/ofir/kenyonexpress-autopilot/.next/server/chunks/[root-of-the-server]__1jlk8z1._.js:2:4124)\n    at S.with (/Users/ofir/kenyonexpress-autopilot/.next/server/chunks/[root-of-the-server]__1jlk8z1._.js:2:4450)\n    at G.startActiveSpan (/Users/ofir/kenyonexpress-autopilot/.next/server/chunks/[root-of-the-server]__1jlk8z1._.js:2:6806)\n    at H.startActiveSpan (/Users/ofir/kenyonexpress-autopilot/.next/server/chunks/[root-of-the-server]__1jlk8z1._.js:2:7045)\n    at e.runWithActiveSpan (/Users/ofir/kenyonexpress-autopilot/.next/server/chunks/[root-of-the-server]__1jlk8z1._.js:2:54324)\n    at /Users/ofir/kenyonexpress-autopilot/.next/server/chunks/[root-of-the-server]__1jlk8z1._.js:2:53577\n    at Object.with (/Users/ofir/kenyonexpress-autopilot/.next/server/chunks/[root-of-the-server]__1jlk8z1._.js:2:4124)\n    at S.with (/Users/ofir/kenyonexpress-autopilot/.next/server/chunks/[root-of-the-server]__1jlk8z1._.js:2:4450)\n    at e.trace (/Users/ofir/kenyonexpress-autopilot/.next/server/chunks/[root-of-the-server]__1jlk8z1._.js:2:53551)\n    at fetch (/Users/ofir/kenyonexpress-autopilot/.next/server/chunks/[root-of-the-server]__1jlk8z1._.js:2:84044)\n    at /Users/ofir/kenyonexpress-autopilot/.next/server/chun","digest":"HANGING_PROMISE_REJECTION"}}
{"ts":"2026-10-07T18:55:12.200Z","level":"error","event":"db.query_failed","request_id":null,"method":"GET","target":"products","duration_ms":0,"err":{"name":"Error","message":"During prerendering, fetch() rejects when the prerender is complete. Typically these errors are handled by React but if you move fetch() to a different context by using `setTimeout`, `after`, or similar functions you may observe this error and you should handle it in that context. This occurred at route \"/product/[slug]\".","stack":"Error: During prerendering, fetch() rejects when the prerender is complete. Typically these errors are handled by React but if you move fetch() to a different context by using `setTimeout`, `after`, or similar functions you may observe this error and you should handle it in that context. This occurred at route \"/product/[slug]\".\n    at eu (/Users/ofir/kenyonexpress-autopilot/.next/server/chunks/[root-of-the-server]__1jlk8z1._.js:2:58687)\n    at /Users/ofir/kenyonexpress-autopilot/.next/server/chunks/[root-of-the-server]__1jlk8z1._.js:2:87004\n    at /Users/ofir/kenyonexpress-autopilot/.next/server/chunks/[root-of-the-server]__1jlk8z1._.js:2:54057\n    at /Users/ofir/kenyonexpress-autopilot/.next/server/chunks/[root-of-the-server]__1jlk8z1._.js:2:54347\n    at Object.with (/Users/ofir/kenyonexpress-autopilot/.next/server/chunks/[root-of-the-server]__1jlk8z1._.js:2:4124)\n    at S.with (/Users/ofir/kenyonexpress-autopilot/.next/server/chunks/[root-of-the-server]__1jlk8z1._.js:2:4450)\n    at G.startActiveSpan (/Users/ofir/kenyonexpress-autopilot/.next/server/chunks/[root-of-the-server]__1jlk8z1._.js:2:6806)\n    at H.startActiveSpan (/Users/ofir/kenyonexpress-autopilot/.next/server/chunks/[root-of-the-server]__1jlk8z1._.js:2:7045)\n    at e.runWithActiveSpan (/Users/ofir/kenyonexpress-autopilot/.next/server/chunks/[root-of-the-server]__1jlk8z1._.js:2:54324)\n    at /Users/ofir/kenyonexpress-autopilot/.next/server/chunks/[root-of-the-server]__1jlk8z1._.js:2:53577\n    at Object.with (/Users/ofir/kenyonexpress-autopilot/.next/server/chunks/[root-of-the-server]__1jlk8z1._.js:2:4124)\n    at S.with (/Users/ofir/kenyonexpress-autopilot/.next/server/chunks/[root-of-the-server]__1jlk8z1._.js:2:4450)\n    at e.trace (/Users/ofir/kenyonexpress-autopilot/.next/server/chunks/[root-of-the-server]__1jlk8z1._.js:2:53551)\n    at fetch (/Users/ofir/kenyonexpress-autopilot/.next/server/chunks/[root-of-the-server]__1jlk8z1._.js:2:84044)\n    at /Users/ofir/kenyonexpress-autopilot/.next/server/chun","digest":"HANGING_PROMISE_REJECTION"}}
{"ts":"2026-10-07T18:55:12.200Z","level":"error","event":"db.query_failed","request_id":null,"method":"GET","target":"products","duration_ms":0,"err":{"name":"Error","message":"During prerendering, fetch() rejects when the prerender is complete. Typically these errors are handled by React but if you move fetch() to a different context by using `setTimeout`, `after`, or similar functions you may observe this error and you should handle it in that context. This occurred at route \"/product/[slug]\".","stack":"Error: During prerendering, fetch() rejects when the prerender is complete. Typically these errors are handled by React but if you move fetch() to a different context by using `setTimeout`, `after`, or similar functions you may observe this error and you should handle it in that context. This occurred at route \"/product/[slug]\".\n    at eu (/Users/ofir/kenyonexpress-autopilot/.next/server/chunks/[root-of-the-server]__1jlk8z1._.js:2:58687)\n    at /Users/ofir/kenyonexpress-autopilot/.next/server/chunks/[root-of-the-server]__1jlk8z1._.js:2:87004\n    at /Users/ofir/kenyonexpress-autopilot/.next/server/chunks/[root-of-the-server]__1jlk8z1._.js:2:54057\n    at /Users/ofir/kenyonexpress-autopilot/.next/server/chunks/[root-of-the-server]__1jlk8z1._.js:2:54347\n    at Object.with (/Users/ofir/kenyonexpress-autopilot/.next/server/chunks/[root-of-the-server]__1jlk8z1._.js:2:4124)\n    at S.with (/Users/ofir/kenyonexpress-autopilot/.next/server/chunks/[root-of-the-server]__1jlk8z1._.js:2:4450)\n    at G.startActiveSpan (/Users/ofir/kenyonexpress-autopilot/.next/server/chunks/[root-of-the-server]__1jlk8z1._.js:2:6806)\n    at H.startActiveSpan (/Users/ofir/kenyonexpress-autopilot/.next/server/chunks/[root-of-the-server]__1jlk8z1._.js:2:7045)\n    at e.runWithActiveSpan (/Users/ofir/kenyonexpress-autopilot/.next/server/chunks/[root-of-the-server]__1jlk8z1._.js:2:54324)\n    at /Users/ofir/kenyonexpress-autopilot/.next/server/chunks/[root-of-the-server]__1jlk8z1._.js:2:53577\n    at Object.with (/Users/ofir/kenyonexpress-autopilot/.next/server/chunks/[root-of-the-server]__1jlk8z1._.js:2:4124)\n    at S.with (/Users/ofir/kenyonexpress-autopilot/.next/server/chunks/[root-of-the-server]__1jlk8z1._.js:2:4450)\n    at e.trace (/Users/ofir/kenyonexpress-autopilot/.next/server/chunks/[root-of-the-server]__1jlk8z1._.js:2:53551)\n    at fetch (/Users/ofir/kenyonexpress-autopilot/.next/server/chunks/[root-of-the-server]__1jlk8z1._.js:2:84044)\n    at /Users/ofir/kenyonexpress-autopilot/.next/server/chun","digest":"HANGING_PROMISE_REJECTION"}}
{"ts":"2026-10-07T18:55:12.200Z","level":"error","event":"db.query_failed","request_id":null,"method":"GET","target":"products","duration_ms":0,"err":{"name":"Error","message":"During prerendering, fetch() rejects when the prerender is complete. Typically these errors are handled by React but if you move fetch() to a different context by using `setTimeout`, `after`, or similar functions you may observe this error and you should handle it in that context. This occurred at route \"/product/[slug]\".","stack":"Error: During prerendering, fetch() rejects when the prerender is complete. Typically these errors are handled by React but if you move fetch() to a different context by using `setTimeout`, `after`, or similar functions you may observe this error and you should handle it in that context. This occurred at route \"/product/[slug]\".\n    at eu (/Users/ofir/kenyonexpress-autopilot/.next/server/chunks/[root-of-the-server]__1jlk8z1._.js:2:58687)\n    at /Users/ofir/kenyonexpress-autopilot/.next/server/chunks/[root-of-the-server]__1jlk8z1._.js:2:87004\n    at /Users/ofir/kenyonexpress-autopilot/.next/server/chunks/[root-of-the-server]__1jlk8z1._.js:2:54057\n    at /Users/ofir/kenyonexpress-autopilot/.next/server/chunks/[root-of-the-server]__1jlk8z1._.js:2:54347\n    at Object.with (/Users/ofir/kenyonexpress-autopilot/.next/server/chunks/[root-of-the-server]__1jlk8z1._.js:2:4124)\n    at S.with (/Users/ofir/kenyonexpress-autopilot/.next/server/chunks/[root-of-the-server]__1jlk8z1._.js:2:4450)\n    at G.startActiveSpan (/Users/ofir/kenyonexpress-autopilot/.next/server/chunks/[root-of-the-server]__1jlk8z1._.js:2:6806)\n    at H.startActiveSpan (/Users/ofir/kenyonexpress-autopilot/.next/server/chunks/[root-of-the-server]__1jlk8z1._.js:2:7045)\n    at e.runWithActiveSpan (/Users/ofir/kenyonexpress-autopilot/.next/server/chunks/[root-of-the-server]__1jlk8z1._.js:2:54324)\n    at /Users/ofir/kenyonexpress-autopilot/.next/server/chunks/[root-of-the-server]__1jlk8z1._.js:2:53577\n    at Object.with (/Users/ofir/kenyonexpress-autopilot/.next/server/chunks/[root-of-the-server]__1jlk8z1._.js:2:4124)\n    at S.with (/Users/ofir/kenyonexpress-autopilot/.next/server/chunks/[root-of-the-server]__1jlk8z1._.js:2:4450)\n    at e.trace (/Users/ofir/kenyonexpress-autopilot/.next/server/chunks/[root-of-the-server]__1jlk8z1._.js:2:53551)\n    at fetch (/Users/ofir/kenyonexpress-autopilot/.next/server/chunks/[root-of-the-server]__1jlk8z1._.js:2:84044)\n    at /Users/ofir/kenyonexpress-autopilot/.next/server/chun","digest":"HANGING_PROMISE_REJECTION"}}
{"ts":"2026-10-07T18:55:12.254Z","level":"error","event":"db.query_failed","request_id":null,"method":"GET","target":"products","duration_ms":0,"err":{"name":"Error","message":"During prerendering, fetch() rejects when the prerender is complete. Typically these errors are handled by React but if you move fetch() to a different context by using `setTimeout`, `after`, or similar functions you may observe this error and you should handle it in that context. This occurred at route \"/product/[slug]\".","stack":"Error: During prerendering, fetch() rejects when the prerender is complete. Typically these errors are handled by React but if you move fetch() to a different context by using `setTimeout`, `after`, or similar functions you may observe this error and you should handle it in that context. This occurred at route \"/product/[slug]\".\n    at eu (/Users/ofir/kenyonexpress-autopilot/.next/server/chunks/[root-of-the-server]__1jlk8z1._.js:2:58687)\n    at /Users/ofir/kenyonexpress-autopilot/.next/server/chunks/[root-of-the-server]__1jlk8z1._.js:2:87004\n    at /Users/ofir/kenyonexpress-autopilot/.next/server/chunks/[root-of-the-server]__1jlk8z1._.js:2:54057\n    at /Users/ofir/kenyonexpress-autopilot/.next/server/chunks/[root-of-the-server]__1jlk8z1._.js:2:54347\n    at Object.with (/Users/ofir/kenyonexpress-autopilot/.next/server/chunks/[root-of-the-server]__1jlk8z1._.js:2:4124)\n    at S.with (/Users/ofir/kenyonexpress-autopilot/.next/server/chunks/[root-of-the-server]__1jlk8z1._.js:2:4450)\n    at G.startActiveSpan (/Users/ofir/kenyonexpress-autopilot/.next/server/chunks/[root-of-the-server]__1jlk8z1._.js:2:6806)\n    at H.startActiveSpan (/Users/ofir/kenyonexpress-autopilot/.next/server/chunks/[root-of-the-server]__1jlk8z1._.js:2:7045)\n    at e.runWithActiveSpan (/Users/ofir/kenyonexpress-autopilot/.next/server/chunks/[root-of-the-server]__1jlk8z1._.js:2:54324)\n    at /Users/ofir/kenyonexpress-autopilot/.next/server/chunks/[root-of-the-server]__1jlk8z1._.js:2:53577\n    at Object.with (/Users/ofir/kenyonexpress-autopilot/.next/server/chunks/[root-of-the-server]__1jlk8z1._.js:2:4124)\n    at S.with (/Users/ofir/kenyonexpress-autopilot/.next/server/chunks/[root-of-the-server]__1jlk8z1._.js:2:4450)\n    at e.trace (/Users/ofir/kenyonexpress-autopilot/.next/server/chunks/[root-of-the-server]__1jlk8z1._.js:2:53551)\n    at fetch (/Users/ofir/kenyonexpress-autopilot/.next/server/chunks/[root-of-the-server]__1jlk8z1._.js:2:84044)\n    at /Users/ofir/kenyonexpress-autopilot/.next/server/chun","digest":"HANGING_PROMISE_REJECTION"}}
{"ts":"2026-10-07T18:55:12.255Z","level":"error","event":"db.query_failed","request_id":null,"method":"GET","target":"products","duration_ms":0,"err":{"name":"Error","message":"During prerendering, fetch() rejects when the prerender is complete. Typically these errors are handled by React but if you move fetch() to a different context by using `setTimeout`, `after`, or similar functions you may observe this error and you should handle it in that context. This occurred at route \"/product/[slug]\".","stack":"Error: During prerendering, fetch() rejects when the prerender is complete. Typically these errors are handled by React but if you move fetch() to a different context by using `setTimeout`, `after`, or similar functions you may observe this error and you should handle it in that context. This occurred at route \"/product/[slug]\".\n    at eu (/Users/ofir/kenyonexpress-autopilot/.next/server/chunks/[root-of-the-server]__1jlk8z1._.js:2:58687)\n    at /Users/ofir/kenyonexpress-autopilot/.next/server/chunks/[root-of-the-server]__1jlk8z1._.js:2:87004\n    at /Users/ofir/kenyonexpress-autopilot/.next/server/chunks/[root-of-the-server]__1jlk8z1._.js:2:54057\n    at /Users/ofir/kenyonexpress-autopilot/.next/server/chunks/[root-of-the-server]__1jlk8z1._.js:2:54347\n    at Object.with (/Users/ofir/kenyonexpress-autopilot/.next/server/chunks/[root-of-the-server]__1jlk8z1._.js:2:4124)\n    at S.with (/Users/ofir/kenyonexpress-autopilot/.next/server/chunks/[root-of-the-server]__1jlk8z1._.js:2:4450)\n    at G.startActiveSpan (/Users/ofir/kenyonexpress-autopilot/.next/server/chunks/[root-of-the-server]__1jlk8z1._.js:2:6806)\n    at H.startActiveSpan (/Users/ofir/kenyonexpress-autopilot/.next/server/chunks/[root-of-the-server]__1jlk8z1._.js:2:7045)\n    at e.runWithActiveSpan (/Users/ofir/kenyonexpress-autopilot/.next/server/chunks/[root-of-the-server]__1jlk8z1._.js:2:54324)\n    at /Users/ofir/kenyonexpress-autopilot/.next/server/chunks/[root-of-the-server]__1jlk8z1._.js:2:53577\n    at Object.with (/Users/ofir/kenyonexpress-autopilot/.next/server/chunks/[root-of-the-server]__1jlk8z1._.js:2:4124)\n    at S.with (/Users/ofir/kenyonexpress-autopilot/.next/server/chunks/[root-of-the-server]__1jlk8z1._.js:2:4450)\n    at e.trace (/Users/ofir/kenyonexpress-autopilot/.next/server/chunks/[root-of-the-server]__1jlk8z1._.js:2:53551)\n    at fetch (/Users/ofir/kenyonexpress-autopilot/.next/server/chunks/[root-of-the-server]__1jlk8z1._.js:2:84044)\n    at /Users/ofir/kenyonexpress-autopilot/.next/server/chun","digest":"HANGING_PROMISE_REJECTION"}}
{"ts":"2026-10-07T18:55:12.255Z","level":"error","event":"db.query_failed","request_id":null,"method":"GET","target":"products","duration_ms":0,"err":{"name":"Error","message":"During prerendering, fetch() rejects when the prerender is complete. Typically these errors are handled by React but if you move fetch() to a different context by using `setTimeout`, `after`, or similar functions you may observe this error and you should handle it in that context. This occurred at route \"/product/[slug]\".","stack":"Error: During prerendering, fetch() rejects when the prerender is complete. Typically these errors are handled by React but if you move fetch() to a different context by using `setTimeout`, `after`, or similar functions you may observe this error and you should handle it in that context. This occurred at route \"/product/[slug]\".\n    at eu (/Users/ofir/kenyonexpress-autopilot/.next/server/chunks/[root-of-the-server]__1jlk8z1._.js:2:58687)\n    at /Users/ofir/kenyonexpress-autopilot/.next/server/chunks/[root-of-the-server]__1jlk8z1._.js:2:87004\n    at /Users/ofir/kenyonexpress-autopilot/.next/server/chunks/[root-of-the-server]__1jlk8z1._.js:2:54057\n    at /Users/ofir/kenyonexpress-autopilot/.next/server/chunks/[root-of-the-server]__1jlk8z1._.js:2:54347\n    at Object.with (/Users/ofir/kenyonexpress-autopilot/.next/server/chunks/[root-of-the-server]__1jlk8z1._.js:2:4124)\n    at S.with (/Users/ofir/kenyonexpress-autopilot/.next/server/chunks/[root-of-the-server]__1jlk8z1._.js:2:4450)\n    at G.startActiveSpan (/Users/ofir/kenyonexpress-autopilot/.next/server/chunks/[root-of-the-server]__1jlk8z1._.js:2:6806)\n    at H.startActiveSpan (/Users/ofir/kenyonexpress-autopilot/.next/server/chunks/[root-of-the-server]__1jlk8z1._.js:2:7045)\n    at e.runWithActiveSpan (/Users/ofir/kenyonexpress-autopilot/.next/server/chunks/[root-of-the-server]__1jlk8z1._.js:2:54324)\n    at /Users/ofir/kenyonexpress-autopilot/.next/server/chunks/[root-of-the-server]__1jlk8z1._.js:2:53577\n    at Object.with (/Users/ofir/kenyonexpress-autopilot/.next/server/chunks/[root-of-the-server]__1jlk8z1._.js:2:4124)\n    at S.with (/Users/ofir/kenyonexpress-autopilot/.next/server/chunks/[root-of-the-server]__1jlk8z1._.js:2:4450)\n    at e.trace (/Users/ofir/kenyonexpress-autopilot/.next/server/chunks/[root-of-the-server]__1jlk8z1._.js:2:53551)\n    at fetch (/Users/ofir/kenyonexpress-autopilot/.next/server/chunks/[root-of-the-server]__1jlk8z1._.js:2:84044)\n    at /Users/ofir/kenyonexpress-autopilot/.next/server/chun","digest":"HANGING_PROMISE_REJECTION"}}
{"ts":"2026-10-07T18:55:12.255Z","level":"error","event":"db.query_failed","request_id":null,"method":"GET","target":"products","duration_ms":0,"err":{"name":"Error","message":"During prerendering, fetch() rejects when the prerender is complete. Typically these errors are handled by React but if you move fetch() to a different context by using `setTimeout`, `after`, or similar functions you may observe this error and you should handle it in that context. This occurred at route \"/product/[slug]\".","stack":"Error: During prerendering, fetch() rejects when the prerender is complete. Typically these errors are handled by React but if you move fetch() to a different context by using `setTimeout`, `after`, or similar functions you may observe this error and you should handle it in that context. This occurred at route \"/product/[slug]\".\n    at eu (/Users/ofir/kenyonexpress-autopilot/.next/server/chunks/[root-of-the-server]__1jlk8z1._.js:2:58687)\n    at /Users/ofir/kenyonexpress-autopilot/.next/server/chunks/[root-of-the-server]__1jlk8z1._.js:2:87004\n    at /Users/ofir/kenyonexpress-autopilot/.next/server/chunks/[root-of-the-server]__1jlk8z1._.js:2:54057\n    at /Users/ofir/kenyonexpress-autopilot/.next/server/chunks/[root-of-the-server]__1jlk8z1._.js:2:54347\n    at Object.with (/Users/ofir/kenyonexpress-autopilot/.next/server/chunks/[root-of-the-server]__1jlk8z1._.js:2:4124)\n    at S.with (/Users/ofir/kenyonexpress-autopilot/.next/server/chunks/[root-of-the-server]__1jlk8z1._.js:2:4450)\n    at G.startActiveSpan (/Users/ofir/kenyonexpress-autopilot/.next/server/chunks/[root-of-the-server]__1jlk8z1._.js:2:6806)\n    at H.startActiveSpan (/Users/ofir/kenyonexpress-autopilot/.next/server/chunks/[root-of-the-server]__1jlk8z1._.js:2:7045)\n    at e.runWithActiveSpan (/Users/ofir/kenyonexpress-autopilot/.next/server/chunks/[root-of-the-server]__1jlk8z1._.js:2:54324)\n    at /Users/ofir/kenyonexpress-autopilot/.next/server/chunks/[root-of-the-server]__1jlk8z1._.js:2:53577\n    at Object.with (/Users/ofir/kenyonexpress-autopilot/.next/server/chunks/[root-of-the-server]__1jlk8z1._.js:2:4124)\n    at S.with (/Users/ofir/kenyonexpress-autopilot/.next/server/chunks/[root-of-the-server]__1jlk8z1._.js:2:4450)\n    at e.trace (/Users/ofir/kenyonexpress-autopilot/.next/server/chunks/[root-of-the-server]__1jlk8z1._.js:2:53551)\n    at fetch (/Users/ofir/kenyonexpress-autopilot/.next/server/chunks/[root-of-the-server]__1jlk8z1._.js:2:84044)\n    at /Users/ofir/kenyonexpress-autopilot/.next/server/chun","digest":"HANGING_PROMISE_REJECTION"}}
{"ts":"2026-10-07T18:55:12.255Z","level":"error","event":"db.query_failed","request_id":null,"method":"GET","target":"products","duration_ms":0,"err":{"name":"Error","message":"During prerendering, fetch() rejects when the prerender is complete. Typically these errors are handled by React but if you move fetch() to a different context by using `setTimeout`, `after`, or similar functions you may observe this error and you should handle it in that context. This occurred at route \"/product/[slug]\".","stack":"Error: During prerendering, fetch() rejects when the prerender is complete. Typically these errors are handled by React but if you move fetch() to a different context by using `setTimeout`, `after`, or similar functions you may observe this error and you should handle it in that context. This occurred at route \"/product/[slug]\".\n    at eu (/Users/ofir/kenyonexpress-autopilot/.next/server/chunks/[root-of-the-server]__1jlk8z1._.js:2:58687)\n    at /Users/ofir/kenyonexpress-autopilot/.next/server/chunks/[root-of-the-server]__1jlk8z1._.js:2:87004\n    at /Users/ofir/kenyonexpress-autopilot/.next/server/chunks/[root-of-the-server]__1jlk8z1._.js:2:54057\n    at /Users/ofir/kenyonexpress-autopilot/.next/server/chunks/[root-of-the-server]__1jlk8z1._.js:2:54347\n    at Object.with (/Users/ofir/kenyonexpress-autopilot/.next/server/chunks/[root-of-the-server]__1jlk8z1._.js:2:4124)\n    at S.with (/Users/ofir/kenyonexpress-autopilot/.next/server/chunks/[root-of-the-server]__1jlk8z1._.js:2:4450)\n    at G.startActiveSpan (/Users/ofir/kenyonexpress-autopilot/.next/server/chunks/[root-of-the-server]__1jlk8z1._.js:2:6806)\n    at H.startActiveSpan (/Users/ofir/kenyonexpress-autopilot/.next/server/chunks/[root-of-the-server]__1jlk8z1._.js:2:7045)\n    at e.runWithActiveSpan (/Users/ofir/kenyonexpress-autopilot/.next/server/chunks/[root-of-the-server]__1jlk8z1._.js:2:54324)\n    at /Users/ofir/kenyonexpress-autopilot/.next/server/chunks/[root-of-the-server]__1jlk8z1._.js:2:53577\n    at Object.with (/Users/ofir/kenyonexpress-autopilot/.next/server/chunks/[root-of-the-server]__1jlk8z1._.js:2:4124)\n    at S.with (/Users/ofir/kenyonexpress-autopilot/.next/server/chunks/[root-of-the-server]__1jlk8z1._.js:2:4450)\n    at e.trace (/Users/ofir/kenyonexpress-autopilot/.next/server/chunks/[root-of-the-server]__1jlk8z1._.js:2:53551)\n    at fetch (/Users/ofir/kenyonexpress-autopilot/.next/server/chunks/[root-of-the-server]__1jlk8z1._.js:2:84044)\n    at /Users/ofir/kenyonexpress-autopilot/.next/server/chun","digest":"HANGING_PROMISE_REJECTION"}}
{"ts":"2026-10-07T18:55:12.255Z","level":"error","event":"db.query_failed","request_id":null,"method":"GET","target":"products","duration_ms":0,"err":{"name":"Error","message":"During prerendering, fetch() rejects when the prerender is complete. Typically these errors are handled by React but if you move fetch() to a different context by using `setTimeout`, `after`, or similar functions you may observe this error and you should handle it in that context. This occurred at route \"/product/[slug]\".","stack":"Error: During prerendering, fetch() rejects when the prerender is complete. Typically these errors are handled by React but if you move fetch() to a different context by using `setTimeout`, `after`, or similar functions you may observe this error and you should handle it in that context. This occurred at route \"/product/[slug]\".\n    at eu (/Users/ofir/kenyonexpress-autopilot/.next/server/chunks/[root-of-the-server]__1jlk8z1._.js:2:58687)\n    at /Users/ofir/kenyonexpress-autopilot/.next/server/chunks/[root-of-the-server]__1jlk8z1._.js:2:87004\n    at /Users/ofir/kenyonexpress-autopilot/.next/server/chunks/[root-of-the-server]__1jlk8z1._.js:2:54057\n    at /Users/ofir/kenyonexpress-autopilot/.next/server/chunks/[root-of-the-server]__1jlk8z1._.js:2:54347\n    at Object.with (/Users/ofir/kenyonexpress-autopilot/.next/server/chunks/[root-of-the-server]__1jlk8z1._.js:2:4124)\n    at S.with (/Users/ofir/kenyonexpress-autopilot/.next/server/chunks/[root-of-the-server]__1jlk8z1._.js:2:4450)\n    at G.startActiveSpan (/Users/ofir/kenyonexpress-autopilot/.next/server/chunks/[root-of-the-server]__1jlk8z1._.js:2:6806)\n    at H.startActiveSpan (/Users/ofir/kenyonexpress-autopilot/.next/server/chunks/[root-of-the-server]__1jlk8z1._.js:2:7045)\n    at e.runWithActiveSpan (/Users/ofir/kenyonexpress-autopilot/.next/server/chunks/[root-of-the-server]__1jlk8z1._.js:2:54324)\n    at /Users/ofir/kenyonexpress-autopilot/.next/server/chunks/[root-of-the-server]__1jlk8z1._.js:2:53577\n    at Object.with (/Users/ofir/kenyonexpress-autopilot/.next/server/chunks/[root-of-the-server]__1jlk8z1._.js:2:4124)\n    at S.with (/Users/ofir/kenyonexpress-autopilot/.next/server/chunks/[root-of-the-server]__1jlk8z1._.js:2:4450)\n    at e.trace (/Users/ofir/kenyonexpress-autopilot/.next/server/chunks/[root-of-the-server]__1jlk8z1._.js:2:53551)\n    at fetch (/Users/ofir/kenyonexpress-autopilot/.next/server/chunks/[root-of-the-server]__1jlk8z1._.js:2:84044)\n    at /Users/ofir/kenyonexpress-autopilot/.next/server/chun","digest":"HANGING_PROMISE_REJECTION"}}
{"ts":"2026-10-07T18:55:12.397Z","level":"error","event":"db.query_failed","request_id":null,"method":"GET","target":"products","duration_ms":0,"err":{"name":"Error","message":"During prerendering, fetch() rejects when the prerender is complete. Typically these errors are handled by React but if you move fetch() to a different context by using `setTimeout`, `after`, or similar functions you may observe this error and you should handle it in that context. This occurred at route \"/product/[slug]\".","stack":"Error: During prerendering, fetch() rejects when the prerender is complete. Typically these errors are handled by React but if you move fetch() to a different context by using `setTimeout`, `after`, or similar functions you may observe this error and you should handle it in that context. This occurred at route \"/product/[slug]\".\n    at eu (/Users/ofir/kenyonexpress-autopilot/.next/server/chunks/[root-of-the-server]__1jlk8z1._.js:2:58687)\n    at /Users/ofir/kenyonexpress-autopilot/.next/server/chunks/[root-of-the-server]__1jlk8z1._.js:2:87004\n    at /Users/ofir/kenyonexpress-autopilot/.next/server/chunks/[root-of-the-server]__1jlk8z1._.js:2:54057\n    at /Users/ofir/kenyonexpress-autopilot/.next/server/chunks/[root-of-the-server]__1jlk8z1._.js:2:54347\n    at Object.with (/Users/ofir/kenyonexpress-autopilot/.next/server/chunks/[root-of-the-server]__1jlk8z1._.js:2:4124)\n    at S.with (/Users/ofir/kenyonexpress-autopilot/.next/server/chunks/[root-of-the-server]__1jlk8z1._.js:2:4450)\n    at G.startActiveSpan (/Users/ofir/kenyonexpress-autopilot/.next/server/chunks/[root-of-the-server]__1jlk8z1._.js:2:6806)\n    at H.startActiveSpan (/Users/ofir/kenyonexpress-autopilot/.next/server/chunks/[root-of-the-server]__1jlk8z1._.js:2:7045)\n    at e.runWithActiveSpan (/Users/ofir/kenyonexpress-autopilot/.next/server/chunks/[root-of-the-server]__1jlk8z1._.js:2:54324)\n    at /Users/ofir/kenyonexpress-autopilot/.next/server/chunks/[root-of-the-server]__1jlk8z1._.js:2:53577\n    at Object.with (/Users/ofir/kenyonexpress-autopilot/.next/server/chunks/[root-of-the-server]__1jlk8z1._.js:2:4124)\n    at S.with (/Users/ofir/kenyonexpress-autopilot/.next/server/chunks/[root-of-the-server]__1jlk8z1._.js:2:4450)\n    at e.trace (/Users/ofir/kenyonexpress-autopilot/.next/server/chunks/[root-of-the-server]__1jlk8z1._.js:2:53551)\n    at fetch (/Users/ofir/kenyonexpress-autopilot/.next/server/chunks/[root-of-the-server]__1jlk8z1._.js:2:84044)\n    at /Users/ofir/kenyonexpress-autopilot/.next/server/chun","digest":"HANGING_PROMISE_REJECTION"}}
{"ts":"2026-10-07T18:55:12.413Z","level":"error","event":"db.query_failed","request_id":null,"method":"GET","target":"products","duration_ms":0,"err":{"name":"Error","message":"During prerendering, fetch() rejects when the prerender is complete. Typically these errors are handled by React but if you move fetch() to a different context by using `setTimeout`, `after`, or similar functions you may observe this error and you should handle it in that context. This occurred at route \"/product/[slug]\".","stack":"Error: During prerendering, fetch() rejects when the prerender is complete. Typically these errors are handled by React but if you move fetch() to a different context by using `setTimeout`, `after`, or similar functions you may observe this error and you should handle it in that context. This occurred at route \"/product/[slug]\".\n    at eu (/Users/ofir/kenyonexpress-autopilot/.next/server/chunks/[root-of-the-server]__1jlk8z1._.js:2:58687)\n    at /Users/ofir/kenyonexpress-autopilot/.next/server/chunks/[root-of-the-server]__1jlk8z1._.js:2:87004\n    at /Users/ofir/kenyonexpress-autopilot/.next/server/chunks/[root-of-the-server]__1jlk8z1._.js:2:54057\n    at /Users/ofir/kenyonexpress-autopilot/.next/server/chunks/[root-of-the-server]__1jlk8z1._.js:2:54347\n    at Object.with (/Users/ofir/kenyonexpress-autopilot/.next/server/chunks/[root-of-the-server]__1jlk8z1._.js:2:4124)\n    at S.with (/Users/ofir/kenyonexpress-autopilot/.next/server/chunks/[root-of-the-server]__1jlk8z1._.js:2:4450)\n    at G.startActiveSpan (/Users/ofir/kenyonexpress-autopilot/.next/server/chunks/[root-of-the-server]__1jlk8z1._.js:2:6806)\n    at H.startActiveSpan (/Users/ofir/kenyonexpress-autopilot/.next/server/chunks/[root-of-the-server]__1jlk8z1._.js:2:7045)\n    at e.runWithActiveSpan (/Users/ofir/kenyonexpress-autopilot/.next/server/chunks/[root-of-the-server]__1jlk8z1._.js:2:54324)\n    at /Users/ofir/kenyonexpress-autopilot/.next/server/chunks/[root-of-the-server]__1jlk8z1._.js:2:53577\n    at Object.with (/Users/ofir/kenyonexpress-autopilot/.next/server/chunks/[root-of-the-server]__1jlk8z1._.js:2:4124)\n    at S.with (/Users/ofir/kenyonexpress-autopilot/.next/server/chunks/[root-of-the-server]__1jlk8z1._.js:2:4450)\n    at e.trace (/Users/ofir/kenyonexpress-autopilot/.next/server/chunks/[root-of-the-server]__1jlk8z1._.js:2:53551)\n    at fetch (/Users/ofir/kenyonexpress-autopilot/.next/server/chunks/[root-of-the-server]__1jlk8z1._.js:2:84044)\n    at /Users/ofir/kenyonexpress-autopilot/.next/server/chun","digest":"HANGING_PROMISE_REJECTION"}}
{"ts":"2026-10-07T18:55:12.422Z","level":"error","event":"db.query_failed","request_id":null,"method":"GET","target":"referral_program_settings","duration_ms":0,"err":{"name":"Error","message":"During prerendering, fetch() rejects when the prerender is complete. Typically these errors are handled by React but if you move fetch() to a different context by using `setTimeout`, `after`, or similar functions you may observe this error and you should handle it in that context. This occurred at route \"/account/wallet\".","stack":"Error: During prerendering, fetch() rejects when the prerender is complete. Typically these errors are handled by React but if you move fetch() to a different context by using `setTimeout`, `after`, or similar functions you may observe this error and you should handle it in that context. This occurred at route \"/account/wallet\".\n    at /Users/ofir/kenyonexpress-autopilot/.next/server/chunks/ssr/[root-of-the-server]__1_aa14n._.js:2:23832\n    at /Users/ofir/kenyonexpress-autopilot/.next/server/chunks/ssr/[root-of-the-server]__1_aa14n._.js:11:48366\n    at /Users/ofir/kenyonexpress-autopilot/.next/server/chunks/ssr/[root-of-the-server]__1_aa14n._.js:11:66894\n    at /Users/ofir/kenyonexpress-autopilot/.next/server/chunks/ssr/[root-of-the-server]__1_aa14n._.js:11:67121\n    at Object.with (/Users/ofir/kenyonexpress-autopilot/.next/server/chunks/ssr/0sj1_@opentelemetry_api_build_esm_1_uv6rc._.js:2:3907)\n    at v.with (/Users/ofir/kenyonexpress-autopilot/.next/server/chunks/ssr/0sj1_@opentelemetry_api_build_esm_1_uv6rc._.js:2:4233)\n    at P.startActiveSpan (/Users/ofir/kenyonexpress-autopilot/.next/server/chunks/ssr/0sj1_@opentelemetry_api_build_esm_1_uv6rc._.js:2:6588)\n    at R.startActiveSpan (/Users/ofir/kenyonexpress-autopilot/.next/server/chunks/ssr/0sj1_@opentelemetry_api_build_esm_1_uv6rc._.js:2:6827)\n    at a.runWithActiveSpan (/Users/ofir/kenyonexpress-autopilot/.next/server/chunks/ssr/[root-of-the-server]__1_aa14n._.js:11:67098)\n    at /Users/ofir/kenyonexpress-autopilot/.next/server/chunks/ssr/[root-of-the-server]__1_aa14n._.js:11:66397\n    at Object.with (/Users/ofir/kenyonexpress-autopilot/.next/server/chunks/ssr/0sj1_@opentelemetry_api_build_esm_1_uv6rc._.js:2:3907)\n    at v.with (/Users/ofir/kenyonexpress-autopilot/.next/server/chunks/ssr/0sj1_@opentelemetry_api_build_esm_1_uv6rc._.js:2:4233)\n    at a.trace (/Users/ofir/kenyonexpress-autopilot/.next/server/chunks/ssr/[root-of-the-server]__1_aa14n._.js:11:66371)\n    at fetch (/Users/ofir/kenyonexpress-autopilot","digest":"HANGING_PROMISE_REJECTION"}}
{"ts":"2026-10-07T18:55:12.422Z","level":"warn","event":"referrals.settings_read_failed","request_id":null,"reason":"Error: During prerendering, fetch() rejects when the prerender is complete. Typically these errors are handled by React but if you move fetch() to a different context by using `setTimeout`, `after`, or similar functions you may observe this error and you should handle it in that context. This occurred at route \"/account/wallet\"."}
{"ts":"2026-10-07T18:55:12.444Z","level":"error","event":"db.query_failed","request_id":null,"method":"GET","target":"referral_program_settings","duration_ms":0,"err":{"name":"Error","message":"During prerendering, fetch() rejects when the prerender is complete. Typically these errors are handled by React but if you move fetch() to a different context by using `setTimeout`, `after`, or similar functions you may observe this error and you should handle it in that context. This occurred at route \"/account/wallet\".","stack":"Error: During prerendering, fetch() rejects when the prerender is complete. Typically these errors are handled by React but if you move fetch() to a different context by using `setTimeout`, `after`, or similar functions you may observe this error and you should handle it in that context. This occurred at route \"/account/wallet\".\n    at /Users/ofir/kenyonexpress-autopilot/.next/server/chunks/ssr/[root-of-the-server]__1_aa14n._.js:2:23832\n    at /Users/ofir/kenyonexpress-autopilot/.next/server/chunks/ssr/[root-of-the-server]__1_aa14n._.js:11:48366\n    at /Users/ofir/kenyonexpress-autopilot/.next/server/chunks/ssr/[root-of-the-server]__1_aa14n._.js:11:66894\n    at /Users/ofir/kenyonexpress-autopilot/.next/server/chunks/ssr/[root-of-the-server]__1_aa14n._.js:11:67121\n    at Object.with (/Users/ofir/kenyonexpress-autopilot/.next/server/chunks/ssr/0sj1_@opentelemetry_api_build_esm_1_uv6rc._.js:2:3907)\n    at v.with (/Users/ofir/kenyonexpress-autopilot/.next/server/chunks/ssr/0sj1_@opentelemetry_api_build_esm_1_uv6rc._.js:2:4233)\n    at P.startActiveSpan (/Users/ofir/kenyonexpress-autopilot/.next/server/chunks/ssr/0sj1_@opentelemetry_api_build_esm_1_uv6rc._.js:2:6588)\n    at R.startActiveSpan (/Users/ofir/kenyonexpress-autopilot/.next/server/chunks/ssr/0sj1_@opentelemetry_api_build_esm_1_uv6rc._.js:2:6827)\n    at a.runWithActiveSpan (/Users/ofir/kenyonexpress-autopilot/.next/server/chunks/ssr/[root-of-the-server]__1_aa14n._.js:11:67098)\n    at /Users/ofir/kenyonexpress-autopilot/.next/server/chunks/ssr/[root-of-the-server]__1_aa14n._.js:11:66397\n    at Object.with (/Users/ofir/kenyonexpress-autopilot/.next/server/chunks/ssr/0sj1_@opentelemetry_api_build_esm_1_uv6rc._.js:2:3907)\n    at v.with (/Users/ofir/kenyonexpress-autopilot/.next/server/chunks/ssr/0sj1_@opentelemetry_api_build_esm_1_uv6rc._.js:2:4233)\n    at a.trace (/Users/ofir/kenyonexpress-autopilot/.next/server/chunks/ssr/[root-of-the-server]__1_aa14n._.js:11:66371)\n    at fetch (/Users/ofir/kenyonexpress-autopilot","digest":"HANGING_PROMISE_REJECTION"}}
{"ts":"2026-10-07T18:55:12.445Z","level":"warn","event":"referrals.settings_read_failed","request_id":null,"reason":"Error: During prerendering, fetch() rejects when the prerender is complete. Typically these errors are handled by React but if you move fetch() to a different context by using `setTimeout`, `after`, or similar functions you may observe this error and you should handle it in that context. This occurred at route \"/account/wallet\"."}
{"ts":"2026-10-07T18:55:12.482Z","level":"error","event":"db.query_failed","request_id":null,"method":"GET","target":"products","duration_ms":0,"err":{"name":"Error","message":"During prerendering, fetch() rejects when the prerender is complete. Typically these errors are handled by React but if you move fetch() to a different context by using `setTimeout`, `after`, or similar functions you may observe this error and you should handle it in that context. This occurred at route \"/coupon/[slug]\".","stack":"Error: During prerendering, fetch() rejects when the prerender is complete. Typically these errors are handled by React but if you move fetch() to a different context by using `setTimeout`, `after`, or similar functions you may observe this error and you should handle it in that context. This occurred at route \"/coupon/[slug]\".\n    at /Users/ofir/kenyonexpress-autopilot/.next/server/chunks/ssr/[root-of-the-server]__1_aa14n._.js:2:23832\n    at /Users/ofir/kenyonexpress-autopilot/.next/server/chunks/ssr/[root-of-the-server]__1_aa14n._.js:11:48366\n    at /Users/ofir/kenyonexpress-autopilot/.next/server/chunks/ssr/[root-of-the-server]__1_aa14n._.js:11:66894\n    at /Users/ofir/kenyonexpress-autopilot/.next/server/chunks/ssr/[root-of-the-server]__1_aa14n._.js:11:67121\n    at Object.with (/Users/ofir/kenyonexpress-autopilot/.next/server/chunks/ssr/0sj1_@opentelemetry_api_build_esm_1_uv6rc._.js:2:3907)\n    at v.with (/Users/ofir/kenyonexpress-autopilot/.next/server/chunks/ssr/0sj1_@opentelemetry_api_build_esm_1_uv6rc._.js:2:4233)\n    at P.startActiveSpan (/Users/ofir/kenyonexpress-autopilot/.next/server/chunks/ssr/0sj1_@opentelemetry_api_build_esm_1_uv6rc._.js:2:6588)\n    at R.startActiveSpan (/Users/ofir/kenyonexpress-autopilot/.next/server/chunks/ssr/0sj1_@opentelemetry_api_build_esm_1_uv6rc._.js:2:6827)\n    at a.runWithActiveSpan (/Users/ofir/kenyonexpress-autopilot/.next/server/chunks/ssr/[root-of-the-server]__1_aa14n._.js:11:67098)\n    at /Users/ofir/kenyonexpress-autopilot/.next/server/chunks/ssr/[root-of-the-server]__1_aa14n._.js:11:66397\n    at Object.with (/Users/ofir/kenyonexpress-autopilot/.next/server/chunks/ssr/0sj1_@opentelemetry_api_build_esm_1_uv6rc._.js:2:3907)\n    at v.with (/Users/ofir/kenyonexpress-autopilot/.next/server/chunks/ssr/0sj1_@opentelemetry_api_build_esm_1_uv6rc._.js:2:4233)\n    at a.trace (/Users/ofir/kenyonexpress-autopilot/.next/server/chunks/ssr/[root-of-the-server]__1_aa14n._.js:11:66371)\n    at fetch (/Users/ofir/kenyonexpress-autopilot/","digest":"HANGING_PROMISE_REJECTION"}}
{"ts":"2026-10-07T18:55:12.483Z","level":"error","event":"db.query_failed","request_id":null,"method":"GET","target":"products","duration_ms":0,"err":{"name":"Error","message":"During prerendering, fetch() rejects when the prerender is complete. Typically these errors are handled by React but if you move fetch() to a different context by using `setTimeout`, `after`, or similar functions you may observe this error and you should handle it in that context. This occurred at route \"/coupon/[slug]\".","stack":"Error: During prerendering, fetch() rejects when the prerender is complete. Typically these errors are handled by React but if you move fetch() to a different context by using `setTimeout`, `after`, or similar functions you may observe this error and you should handle it in that context. This occurred at route \"/coupon/[slug]\".\n    at /Users/ofir/kenyonexpress-autopilot/.next/server/chunks/ssr/[root-of-the-server]__1_aa14n._.js:2:23832\n    at /Users/ofir/kenyonexpress-autopilot/.next/server/chunks/ssr/[root-of-the-server]__1_aa14n._.js:11:48366\n    at /Users/ofir/kenyonexpress-autopilot/.next/server/chunks/ssr/[root-of-the-server]__1_aa14n._.js:11:66894\n    at /Users/ofir/kenyonexpress-autopilot/.next/server/chunks/ssr/[root-of-the-server]__1_aa14n._.js:11:67121\n    at Object.with (/Users/ofir/kenyonexpress-autopilot/.next/server/chunks/ssr/0sj1_@opentelemetry_api_build_esm_1_uv6rc._.js:2:3907)\n    at v.with (/Users/ofir/kenyonexpress-autopilot/.next/server/chunks/ssr/0sj1_@opentelemetry_api_build_esm_1_uv6rc._.js:2:4233)\n    at P.startActiveSpan (/Users/ofir/kenyonexpress-autopilot/.next/server/chunks/ssr/0sj1_@opentelemetry_api_build_esm_1_uv6rc._.js:2:6588)\n    at R.startActiveSpan (/Users/ofir/kenyonexpress-autopilot/.next/server/chunks/ssr/0sj1_@opentelemetry_api_build_esm_1_uv6rc._.js:2:6827)\n    at a.runWithActiveSpan (/Users/ofir/kenyonexpress-autopilot/.next/server/chunks/ssr/[root-of-the-server]__1_aa14n._.js:11:67098)\n    at /Users/ofir/kenyonexpress-autopilot/.next/server/chunks/ssr/[root-of-the-server]__1_aa14n._.js:11:66397\n    at Object.with (/Users/ofir/kenyonexpress-autopilot/.next/server/chunks/ssr/0sj1_@opentelemetry_api_build_esm_1_uv6rc._.js:2:3907)\n    at v.with (/Users/ofir/kenyonexpress-autopilot/.next/server/chunks/ssr/0sj1_@opentelemetry_api_build_esm_1_uv6rc._.js:2:4233)\n    at a.trace (/Users/ofir/kenyonexpress-autopilot/.next/server/chunks/ssr/[root-of-the-server]__1_aa14n._.js:11:66371)\n    at fetch (/Users/ofir/kenyonexpress-autopilot/","digest":"HANGING_PROMISE_REJECTION"}}
{"ts":"2026-10-07T18:55:12.630Z","level":"error","event":"db.query_failed","request_id":null,"method":"GET","target":"products","duration_ms":0,"err":{"name":"Error","message":"During prerendering, fetch() rejects when the prerender is complete. Typically these errors are handled by React but if you move fetch() to a different context by using `setTimeout`, `after`, or similar functions you may observe this error and you should handle it in that context. This occurred at route \"/product/[slug]\".","stack":"Error: During prerendering, fetch() rejects when the prerender is complete. Typically these errors are handled by React but if you move fetch() to a different context by using `setTimeout`, `after`, or similar functions you may observe this error and you should handle it in that context. This occurred at route \"/product/[slug]\".\n    at eu (/Users/ofir/kenyonexpress-autopilot/.next/server/chunks/[root-of-the-server]__1jlk8z1._.js:2:58687)\n    at /Users/ofir/kenyonexpress-autopilot/.next/server/chunks/[root-of-the-server]__1jlk8z1._.js:2:87004\n    at /Users/ofir/kenyonexpress-autopilot/.next/server/chunks/[root-of-the-server]__1jlk8z1._.js:2:54057\n    at /Users/ofir/kenyonexpress-autopilot/.next/server/chunks/[root-of-the-server]__1jlk8z1._.js:2:54347\n    at Object.with (/Users/ofir/kenyonexpress-autopilot/.next/server/chunks/[root-of-the-server]__1jlk8z1._.js:2:4124)\n    at S.with (/Users/ofir/kenyonexpress-autopilot/.next/server/chunks/[root-of-the-server]__1jlk8z1._.js:2:4450)\n    at G.startActiveSpan (/Users/ofir/kenyonexpress-autopilot/.next/server/chunks/[root-of-the-server]__1jlk8z1._.js:2:6806)\n    at H.startActiveSpan (/Users/ofir/kenyonexpress-autopilot/.next/server/chunks/[root-of-the-server]__1jlk8z1._.js:2:7045)\n    at e.runWithActiveSpan (/Users/ofir/kenyonexpress-autopilot/.next/server/chunks/[root-of-the-server]__1jlk8z1._.js:2:54324)\n    at /Users/ofir/kenyonexpress-autopilot/.next/server/chunks/[root-of-the-server]__1jlk8z1._.js:2:53577\n    at Object.with (/Users/ofir/kenyonexpress-autopilot/.next/server/chunks/[root-of-the-server]__1jlk8z1._.js:2:4124)\n    at S.with (/Users/ofir/kenyonexpress-autopilot/.next/server/chunks/[root-of-the-server]__1jlk8z1._.js:2:4450)\n    at e.trace (/Users/ofir/kenyonexpress-autopilot/.next/server/chunks/[root-of-the-server]__1jlk8z1._.js:2:53551)\n    at fetch (/Users/ofir/kenyonexpress-autopilot/.next/server/chunks/[root-of-the-server]__1jlk8z1._.js:2:84044)\n    at /Users/ofir/kenyonexpress-autopilot/.next/server/chun","digest":"HANGING_PROMISE_REJECTION"}}
{"ts":"2026-10-07T18:55:12.630Z","level":"error","event":"db.query_failed","request_id":null,"method":"GET","target":"products","duration_ms":0,"err":{"name":"Error","message":"During prerendering, fetch() rejects when the prerender is complete. Typically these errors are handled by React but if you move fetch() to a different context by using `setTimeout`, `after`, or similar functions you may observe this error and you should handle it in that context. This occurred at route \"/product/[slug]\".","stack":"Error: During prerendering, fetch() rejects when the prerender is complete. Typically these errors are handled by React but if you move fetch() to a different context by using `setTimeout`, `after`, or similar functions you may observe this error and you should handle it in that context. This occurred at route \"/product/[slug]\".\n    at eu (/Users/ofir/kenyonexpress-autopilot/.next/server/chunks/[root-of-the-server]__1jlk8z1._.js:2:58687)\n    at /Users/ofir/kenyonexpress-autopilot/.next/server/chunks/[root-of-the-server]__1jlk8z1._.js:2:87004\n    at /Users/ofir/kenyonexpress-autopilot/.next/server/chunks/[root-of-the-server]__1jlk8z1._.js:2:54057\n    at /Users/ofir/kenyonexpress-autopilot/.next/server/chunks/[root-of-the-server]__1jlk8z1._.js:2:54347\n    at Object.with (/Users/ofir/kenyonexpress-autopilot/.next/server/chunks/[root-of-the-server]__1jlk8z1._.js:2:4124)\n    at S.with (/Users/ofir/kenyonexpress-autopilot/.next/server/chunks/[root-of-the-server]__1jlk8z1._.js:2:4450)\n    at G.startActiveSpan (/Users/ofir/kenyonexpress-autopilot/.next/server/chunks/[root-of-the-server]__1jlk8z1._.js:2:6806)\n    at H.startActiveSpan (/Users/ofir/kenyonexpress-autopilot/.next/server/chunks/[root-of-the-server]__1jlk8z1._.js:2:7045)\n    at e.runWithActiveSpan (/Users/ofir/kenyonexpress-autopilot/.next/server/chunks/[root-of-the-server]__1jlk8z1._.js:2:54324)\n    at /Users/ofir/kenyonexpress-autopilot/.next/server/chunks/[root-of-the-server]__1jlk8z1._.js:2:53577\n    at Object.with (/Users/ofir/kenyonexpress-autopilot/.next/server/chunks/[root-of-the-server]__1jlk8z1._.js:2:4124)\n    at S.with (/Users/ofir/kenyonexpress-autopilot/.next/server/chunks/[root-of-the-server]__1jlk8z1._.js:2:4450)\n    at e.trace (/Users/ofir/kenyonexpress-autopilot/.next/server/chunks/[root-of-the-server]__1jlk8z1._.js:2:53551)\n    at fetch (/Users/ofir/kenyonexpress-autopilot/.next/server/chunks/[root-of-the-server]__1jlk8z1._.js:2:84044)\n    at /Users/ofir/kenyonexpress-autopilot/.next/server/chun","digest":"HANGING_PROMISE_REJECTION"}}
{"ts":"2026-10-07T18:55:12.957Z","level":"error","event":"db.query_failed","request_id":null,"method":"GET","target":"products","duration_ms":0,"err":{"name":"Error","message":"During prerendering, fetch() rejects when the prerender is complete. Typically these errors are handled by React but if you move fetch() to a different context by using `setTimeout`, `after`, or similar functions you may observe this error and you should handle it in that context. This occurred at route \"/coupon/[slug]\".","stack":"Error: During prerendering, fetch() rejects when the prerender is complete. Typically these errors are handled by React but if you move fetch() to a different context by using `setTimeout`, `after`, or similar functions you may observe this error and you should handle it in that context. This occurred at route \"/coupon/[slug]\".\n    at /Users/ofir/kenyonexpress-autopilot/.next/server/chunks/ssr/[root-of-the-server]__1_aa14n._.js:2:23832\n    at /Users/ofir/kenyonexpress-autopilot/.next/server/chunks/ssr/[root-of-the-server]__1_aa14n._.js:11:48366\n    at /Users/ofir/kenyonexpress-autopilot/.next/server/chunks/ssr/[root-of-the-server]__1_aa14n._.js:11:66894\n    at /Users/ofir/kenyonexpress-autopilot/.next/server/chunks/ssr/[root-of-the-server]__1_aa14n._.js:11:67121\n    at Object.with (/Users/ofir/kenyonexpress-autopilot/.next/server/chunks/ssr/0sj1_@opentelemetry_api_build_esm_1_uv6rc._.js:2:3907)\n    at v.with (/Users/ofir/kenyonexpress-autopilot/.next/server/chunks/ssr/0sj1_@opentelemetry_api_build_esm_1_uv6rc._.js:2:4233)\n    at P.startActiveSpan (/Users/ofir/kenyonexpress-autopilot/.next/server/chunks/ssr/0sj1_@opentelemetry_api_build_esm_1_uv6rc._.js:2:6588)\n    at R.startActiveSpan (/Users/ofir/kenyonexpress-autopilot/.next/server/chunks/ssr/0sj1_@opentelemetry_api_build_esm_1_uv6rc._.js:2:6827)\n    at a.runWithActiveSpan (/Users/ofir/kenyonexpress-autopilot/.next/server/chunks/ssr/[root-of-the-server]__1_aa14n._.js:11:67098)\n    at /Users/ofir/kenyonexpress-autopilot/.next/server/chunks/ssr/[root-of-the-server]__1_aa14n._.js:11:66397\n    at Object.with (/Users/ofir/kenyonexpress-autopilot/.next/server/chunks/ssr/0sj1_@opentelemetry_api_build_esm_1_uv6rc._.js:2:3907)\n    at v.with (/Users/ofir/kenyonexpress-autopilot/.next/server/chunks/ssr/0sj1_@opentelemetry_api_build_esm_1_uv6rc._.js:2:4233)\n    at a.trace (/Users/ofir/kenyonexpress-autopilot/.next/server/chunks/ssr/[root-of-the-server]__1_aa14n._.js:11:66371)\n    at fetch (/Users/ofir/kenyonexpress-autopilot/","digest":"HANGING_PROMISE_REJECTION"}}
{"ts":"2026-10-07T18:55:12.969Z","level":"error","event":"db.query_failed","request_id":null,"method":"GET","target":"products","duration_ms":0,"err":{"name":"Error","message":"During prerendering, fetch() rejects when the prerender is complete. Typically these errors are handled by React but if you move fetch() to a different context by using `setTimeout`, `after`, or similar functions you may observe this error and you should handle it in that context. This occurred at route \"/coupon/[slug]\".","stack":"Error: During prerendering, fetch() rejects when the prerender is complete. Typically these errors are handled by React but if you move fetch() to a different context by using `setTimeout`, `after`, or similar functions you may observe this error and you should handle it in that context. This occurred at route \"/coupon/[slug]\".\n    at /Users/ofir/kenyonexpress-autopilot/.next/server/chunks/ssr/[root-of-the-server]__1_aa14n._.js:2:23832\n    at /Users/ofir/kenyonexpress-autopilot/.next/server/chunks/ssr/[root-of-the-server]__1_aa14n._.js:11:48366\n    at /Users/ofir/kenyonexpress-autopilot/.next/server/chunks/ssr/[root-of-the-server]__1_aa14n._.js:11:66894\n    at /Users/ofir/kenyonexpress-autopilot/.next/server/chunks/ssr/[root-of-the-server]__1_aa14n._.js:11:67121\n    at Object.with (/Users/ofir/kenyonexpress-autopilot/.next/server/chunks/ssr/0sj1_@opentelemetry_api_build_esm_1_uv6rc._.js:2:3907)\n    at v.with (/Users/ofir/kenyonexpress-autopilot/.next/server/chunks/ssr/0sj1_@opentelemetry_api_build_esm_1_uv6rc._.js:2:4233)\n    at P.startActiveSpan (/Users/ofir/kenyonexpress-autopilot/.next/server/chunks/ssr/0sj1_@opentelemetry_api_build_esm_1_uv6rc._.js:2:6588)\n    at R.startActiveSpan (/Users/ofir/kenyonexpress-autopilot/.next/server/chunks/ssr/0sj1_@opentelemetry_api_build_esm_1_uv6rc._.js:2:6827)\n    at a.runWithActiveSpan (/Users/ofir/kenyonexpress-autopilot/.next/server/chunks/ssr/[root-of-the-server]__1_aa14n._.js:11:67098)\n    at /Users/ofir/kenyonexpress-autopilot/.next/server/chunks/ssr/[root-of-the-server]__1_aa14n._.js:11:66397\n    at Object.with (/Users/ofir/kenyonexpress-autopilot/.next/server/chunks/ssr/0sj1_@opentelemetry_api_build_esm_1_uv6rc._.js:2:3907)\n    at v.with (/Users/ofir/kenyonexpress-autopilot/.next/server/chunks/ssr/0sj1_@opentelemetry_api_build_esm_1_uv6rc._.js:2:4233)\n    at a.trace (/Users/ofir/kenyonexpress-autopilot/.next/server/chunks/ssr/[root-of-the-server]__1_aa14n._.js:11:66371)\n    at fetch (/Users/ofir/kenyonexpress-autopilot/","digest":"HANGING_PROMISE_REJECTION"}}
{"ts":"2026-10-07T18:55:13.199Z","level":"error","event":"db.query_failed","request_id":null,"method":"GET","target":"referral_program_settings","duration_ms":0,"err":{"name":"Error","message":"During prerendering, fetch() rejects when the prerender is complete. Typically these errors are handled by React but if you move fetch() to a different context by using `setTimeout`, `after`, or similar functions you may observe this error and you should handle it in that context. This occurred at route \"/wallet\".","stack":"Error: During prerendering, fetch() rejects when the prerender is complete. Typically these errors are handled by React but if you move fetch() to a different context by using `setTimeout`, `after`, or similar functions you may observe this error and you should handle it in that context. This occurred at route \"/wallet\".\n    at eu (/Users/ofir/kenyonexpress-autopilot/.next/server/chunks/[root-of-the-server]__1jlk8z1._.js:2:58687)\n    at /Users/ofir/kenyonexpress-autopilot/.next/server/chunks/[root-of-the-server]__1jlk8z1._.js:2:87004\n    at /Users/ofir/kenyonexpress-autopilot/.next/server/chunks/[root-of-the-server]__1jlk8z1._.js:2:54057\n    at /Users/ofir/kenyonexpress-autopilot/.next/server/chunks/[root-of-the-server]__1jlk8z1._.js:2:54347\n    at Object.with (/Users/ofir/kenyonexpress-autopilot/.next/server/chunks/[root-of-the-server]__1jlk8z1._.js:2:4124)\n    at S.with (/Users/ofir/kenyonexpress-autopilot/.next/server/chunks/[root-of-the-server]__1jlk8z1._.js:2:4450)\n    at G.startActiveSpan (/Users/ofir/kenyonexpress-autopilot/.next/server/chunks/[root-of-the-server]__1jlk8z1._.js:2:6806)\n    at H.startActiveSpan (/Users/ofir/kenyonexpress-autopilot/.next/server/chunks/[root-of-the-server]__1jlk8z1._.js:2:7045)\n    at e.runWithActiveSpan (/Users/ofir/kenyonexpress-autopilot/.next/server/chunks/[root-of-the-server]__1jlk8z1._.js:2:54324)\n    at /Users/ofir/kenyonexpress-autopilot/.next/server/chunks/[root-of-the-server]__1jlk8z1._.js:2:53577\n    at Object.with (/Users/ofir/kenyonexpress-autopilot/.next/server/chunks/[root-of-the-server]__1jlk8z1._.js:2:4124)\n    at S.with (/Users/ofir/kenyonexpress-autopilot/.next/server/chunks/[root-of-the-server]__1jlk8z1._.js:2:4450)\n    at e.trace (/Users/ofir/kenyonexpress-autopilot/.next/server/chunks/[root-of-the-server]__1jlk8z1._.js:2:53551)\n    at fetch (/Users/ofir/kenyonexpress-autopilot/.next/server/chunks/[root-of-the-server]__1jlk8z1._.js:2:84044)\n    at /Users/ofir/kenyonexpress-autopilot/.next/server/chunks/ssr/s","digest":"HANGING_PROMISE_REJECTION"}}
{"ts":"2026-10-07T18:55:13.276Z","level":"error","event":"db.query_failed","request_id":null,"method":"GET","target":"referral_program_settings","duration_ms":0,"err":{"name":"Error","message":"During prerendering, fetch() rejects when the prerender is complete. Typically these errors are handled by React but if you move fetch() to a different context by using `setTimeout`, `after`, or similar functions you may observe this error and you should handle it in that context. This occurred at route \"/wallet\".","stack":"Error: During prerendering, fetch() rejects when the prerender is complete. Typically these errors are handled by React but if you move fetch() to a different context by using `setTimeout`, `after`, or similar functions you may observe this error and you should handle it in that context. This occurred at route \"/wallet\".\n    at eu (/Users/ofir/kenyonexpress-autopilot/.next/server/chunks/[root-of-the-server]__1jlk8z1._.js:2:58687)\n    at /Users/ofir/kenyonexpress-autopilot/.next/server/chunks/[root-of-the-server]__1jlk8z1._.js:2:87004\n    at /Users/ofir/kenyonexpress-autopilot/.next/server/chunks/[root-of-the-server]__1jlk8z1._.js:2:54057\n    at /Users/ofir/kenyonexpress-autopilot/.next/server/chunks/[root-of-the-server]__1jlk8z1._.js:2:54347\n    at Object.with (/Users/ofir/kenyonexpress-autopilot/.next/server/chunks/[root-of-the-server]__1jlk8z1._.js:2:4124)\n    at S.with (/Users/ofir/kenyonexpress-autopilot/.next/server/chunks/[root-of-the-server]__1jlk8z1._.js:2:4450)\n    at G.startActiveSpan (/Users/ofir/kenyonexpress-autopilot/.next/server/chunks/[root-of-the-server]__1jlk8z1._.js:2:6806)\n    at H.startActiveSpan (/Users/ofir/kenyonexpress-autopilot/.next/server/chunks/[root-of-the-server]__1jlk8z1._.js:2:7045)\n    at e.runWithActiveSpan (/Users/ofir/kenyonexpress-autopilot/.next/server/chunks/[root-of-the-server]__1jlk8z1._.js:2:54324)\n    at /Users/ofir/kenyonexpress-autopilot/.next/server/chunks/[root-of-the-server]__1jlk8z1._.js:2:53577\n    at Object.with (/Users/ofir/kenyonexpress-autopilot/.next/server/chunks/[root-of-the-server]__1jlk8z1._.js:2:4124)\n    at S.with (/Users/ofir/kenyonexpress-autopilot/.next/server/chunks/[root-of-the-server]__1jlk8z1._.js:2:4450)\n    at e.trace (/Users/ofir/kenyonexpress-autopilot/.next/server/chunks/[root-of-the-server]__1jlk8z1._.js:2:53551)\n    at fetch (/Users/ofir/kenyonexpress-autopilot/.next/server/chunks/[root-of-the-server]__1jlk8z1._.js:2:84044)\n    at /Users/ofir/kenyonexpress-autopilot/.next/server/chunks/ssr/s","digest":"HANGING_PROMISE_REJECTION"}}
{"ts":"2026-10-07T18:55:13.292Z","level":"error","event":"db.query_failed","request_id":null,"method":"GET","target":"v_banners_live","duration_ms":0,"err":{"name":"Error","message":"During prerendering, fetch() rejects when the prerender is complete. Typically these errors are handled by React but if you move fetch() to a different context by using `setTimeout`, `after`, or similar functions you may observe this error and you should handle it in that context. This occurred at route \"/\".","stack":"Error: During prerendering, fetch() rejects when the prerender is complete. Typically these errors are handled by React but if you move fetch() to a different context by using `setTimeout`, `after`, or similar functions you may observe this error and you should handle it in that context. This occurred at route \"/\".\n    at eu (/Users/ofir/kenyonexpress-autopilot/.next/server/chunks/[root-of-the-server]__1jlk8z1._.js:2:58687)\n    at /Users/ofir/kenyonexpress-autopilot/.next/server/chunks/[root-of-the-server]__1jlk8z1._.js:2:87004\n    at /Users/ofir/kenyonexpress-autopilot/.next/server/chunks/[root-of-the-server]__1jlk8z1._.js:2:54057\n    at /Users/ofir/kenyonexpress-autopilot/.next/server/chunks/[root-of-the-server]__1jlk8z1._.js:2:54347\n    at Object.with (/Users/ofir/kenyonexpress-autopilot/.next/server/chunks/[root-of-the-server]__1jlk8z1._.js:2:4124)\n    at S.with (/Users/ofir/kenyonexpress-autopilot/.next/server/chunks/[root-of-the-server]__1jlk8z1._.js:2:4450)\n    at G.startActiveSpan (/Users/ofir/kenyonexpress-autopilot/.next/server/chunks/[root-of-the-server]__1jlk8z1._.js:2:6806)\n    at H.startActiveSpan (/Users/ofir/kenyonexpress-autopilot/.next/server/chunks/[root-of-the-server]__1jlk8z1._.js:2:7045)\n    at e.runWithActiveSpan (/Users/ofir/kenyonexpress-autopilot/.next/server/chunks/[root-of-the-server]__1jlk8z1._.js:2:54324)\n    at /Users/ofir/kenyonexpress-autopilot/.next/server/chunks/[root-of-the-server]__1jlk8z1._.js:2:53577\n    at Object.with (/Users/ofir/kenyonexpress-autopilot/.next/server/chunks/[root-of-the-server]__1jlk8z1._.js:2:4124)\n    at S.with (/Users/ofir/kenyonexpress-autopilot/.next/server/chunks/[root-of-the-server]__1jlk8z1._.js:2:4450)\n    at e.trace (/Users/ofir/kenyonexpress-autopilot/.next/server/chunks/[root-of-the-server]__1jlk8z1._.js:2:53551)\n    at fetch (/Users/ofir/kenyonexpress-autopilot/.next/server/chunks/[root-of-the-server]__1jlk8z1._.js:2:84044)\n    at /Users/ofir/kenyonexpress-autopilot/.next/server/chunks/ssr/src_lib","digest":"HANGING_PROMISE_REJECTION"}}
{"ts":"2026-10-07T18:55:13.293Z","level":"error","event":"db.query_failed","request_id":null,"method":"GET","target":"v_homepage_sections_live","duration_ms":0,"err":{"name":"Error","message":"During prerendering, fetch() rejects when the prerender is complete. Typically these errors are handled by React but if you move fetch() to a different context by using `setTimeout`, `after`, or similar functions you may observe this error and you should handle it in that context. This occurred at route \"/\".","stack":"Error: During prerendering, fetch() rejects when the prerender is complete. Typically these errors are handled by React but if you move fetch() to a different context by using `setTimeout`, `after`, or similar functions you may observe this error and you should handle it in that context. This occurred at route \"/\".\n    at eu (/Users/ofir/kenyonexpress-autopilot/.next/server/chunks/[root-of-the-server]__1jlk8z1._.js:2:58687)\n    at /Users/ofir/kenyonexpress-autopilot/.next/server/chunks/[root-of-the-server]__1jlk8z1._.js:2:87004\n    at /Users/ofir/kenyonexpress-autopilot/.next/server/chunks/[root-of-the-server]__1jlk8z1._.js:2:54057\n    at /Users/ofir/kenyonexpress-autopilot/.next/server/chunks/[root-of-the-server]__1jlk8z1._.js:2:54347\n    at Object.with (/Users/ofir/kenyonexpress-autopilot/.next/server/chunks/[root-of-the-server]__1jlk8z1._.js:2:4124)\n    at S.with (/Users/ofir/kenyonexpress-autopilot/.next/server/chunks/[root-of-the-server]__1jlk8z1._.js:2:4450)\n    at G.startActiveSpan (/Users/ofir/kenyonexpress-autopilot/.next/server/chunks/[root-of-the-server]__1jlk8z1._.js:2:6806)\n    at H.startActiveSpan (/Users/ofir/kenyonexpress-autopilot/.next/server/chunks/[root-of-the-server]__1jlk8z1._.js:2:7045)\n    at e.runWithActiveSpan (/Users/ofir/kenyonexpress-autopilot/.next/server/chunks/[root-of-the-server]__1jlk8z1._.js:2:54324)\n    at /Users/ofir/kenyonexpress-autopilot/.next/server/chunks/[root-of-the-server]__1jlk8z1._.js:2:53577\n    at Object.with (/Users/ofir/kenyonexpress-autopilot/.next/server/chunks/[root-of-the-server]__1jlk8z1._.js:2:4124)\n    at S.with (/Users/ofir/kenyonexpress-autopilot/.next/server/chunks/[root-of-the-server]__1jlk8z1._.js:2:4450)\n    at e.trace (/Users/ofir/kenyonexpress-autopilot/.next/server/chunks/[root-of-the-server]__1jlk8z1._.js:2:53551)\n    at fetch (/Users/ofir/kenyonexpress-autopilot/.next/server/chunks/[root-of-the-server]__1jlk8z1._.js:2:84044)\n    at /Users/ofir/kenyonexpress-autopilot/.next/server/chunks/ssr/src_lib","digest":"HANGING_PROMISE_REJECTION"}}
{"ts":"2026-10-07T18:55:13.293Z","level":"warn","event":"homepage.cms_read_failed","request_id":null,"reason":"Error: During prerendering, fetch() rejects when the prerender is complete. Typically these errors are handled by React but if you move fetch() to a different context by using `setTimeout`, `after`, or similar functions you may observe this error and you should handle it in that context. This occurred at route \"/\"."}
{"ts":"2026-10-07T18:55:13.345Z","level":"error","event":"db.query_failed","request_id":null,"method":"GET","target":"v_banners_live","duration_ms":0,"err":{"name":"Error","message":"During prerendering, fetch() rejects when the prerender is complete. Typically these errors are handled by React but if you move fetch() to a different context by using `setTimeout`, `after`, or similar functions you may observe this error and you should handle it in that context. This occurred at route \"/\".","stack":"Error: During prerendering, fetch() rejects when the prerender is complete. Typically these errors are handled by React but if you move fetch() to a different context by using `setTimeout`, `after`, or similar functions you may observe this error and you should handle it in that context. This occurred at route \"/\".\n    at eu (/Users/ofir/kenyonexpress-autopilot/.next/server/chunks/[root-of-the-server]__1jlk8z1._.js:2:58687)\n    at /Users/ofir/kenyonexpress-autopilot/.next/server/chunks/[root-of-the-server]__1jlk8z1._.js:2:87004\n    at /Users/ofir/kenyonexpress-autopilot/.next/server/chunks/[root-of-the-server]__1jlk8z1._.js:2:54057\n    at /Users/ofir/kenyonexpress-autopilot/.next/server/chunks/[root-of-the-server]__1jlk8z1._.js:2:54347\n    at Object.with (/Users/ofir/kenyonexpress-autopilot/.next/server/chunks/[root-of-the-server]__1jlk8z1._.js:2:4124)\n    at S.with (/Users/ofir/kenyonexpress-autopilot/.next/server/chunks/[root-of-the-server]__1jlk8z1._.js:2:4450)\n    at G.startActiveSpan (/Users/ofir/kenyonexpress-autopilot/.next/server/chunks/[root-of-the-server]__1jlk8z1._.js:2:6806)\n    at H.startActiveSpan (/Users/ofir/kenyonexpress-autopilot/.next/server/chunks/[root-of-the-server]__1jlk8z1._.js:2:7045)\n    at e.runWithActiveSpan (/Users/ofir/kenyonexpress-autopilot/.next/server/chunks/[root-of-the-server]__1jlk8z1._.js:2:54324)\n    at /Users/ofir/kenyonexpress-autopilot/.next/server/chunks/[root-of-the-server]__1jlk8z1._.js:2:53577\n    at Object.with (/Users/ofir/kenyonexpress-autopilot/.next/server/chunks/[root-of-the-server]__1jlk8z1._.js:2:4124)\n    at S.with (/Users/ofir/kenyonexpress-autopilot/.next/server/chunks/[root-of-the-server]__1jlk8z1._.js:2:4450)\n    at e.trace (/Users/ofir/kenyonexpress-autopilot/.next/server/chunks/[root-of-the-server]__1jlk8z1._.js:2:53551)\n    at fetch (/Users/ofir/kenyonexpress-autopilot/.next/server/chunks/[root-of-the-server]__1jlk8z1._.js:2:84044)\n    at /Users/ofir/kenyonexpress-autopilot/.next/server/chunks/ssr/src_lib","digest":"HANGING_PROMISE_REJECTION"}}
{"ts":"2026-10-07T18:55:13.345Z","level":"error","event":"db.query_failed","request_id":null,"method":"GET","target":"v_homepage_sections_live","duration_ms":0,"err":{"name":"Error","message":"During prerendering, fetch() rejects when the prerender is complete. Typically these errors are handled by React but if you move fetch() to a different context by using `setTimeout`, `after`, or similar functions you may observe this error and you should handle it in that context. This occurred at route \"/\".","stack":"Error: During prerendering, fetch() rejects when the prerender is complete. Typically these errors are handled by React but if you move fetch() to a different context by using `setTimeout`, `after`, or similar functions you may observe this error and you should handle it in that context. This occurred at route \"/\".\n    at eu (/Users/ofir/kenyonexpress-autopilot/.next/server/chunks/[root-of-the-server]__1jlk8z1._.js:2:58687)\n    at /Users/ofir/kenyonexpress-autopilot/.next/server/chunks/[root-of-the-server]__1jlk8z1._.js:2:87004\n    at /Users/ofir/kenyonexpress-autopilot/.next/server/chunks/[root-of-the-server]__1jlk8z1._.js:2:54057\n    at /Users/ofir/kenyonexpress-autopilot/.next/server/chunks/[root-of-the-server]__1jlk8z1._.js:2:54347\n    at Object.with (/Users/ofir/kenyonexpress-autopilot/.next/server/chunks/[root-of-the-server]__1jlk8z1._.js:2:4124)\n    at S.with (/Users/ofir/kenyonexpress-autopilot/.next/server/chunks/[root-of-the-server]__1jlk8z1._.js:2:4450)\n    at G.startActiveSpan (/Users/ofir/kenyonexpress-autopilot/.next/server/chunks/[root-of-the-server]__1jlk8z1._.js:2:6806)\n    at H.startActiveSpan (/Users/ofir/kenyonexpress-autopilot/.next/server/chunks/[root-of-the-server]__1jlk8z1._.js:2:7045)\n    at e.runWithActiveSpan (/Users/ofir/kenyonexpress-autopilot/.next/server/chunks/[root-of-the-server]__1jlk8z1._.js:2:54324)\n    at /Users/ofir/kenyonexpress-autopilot/.next/server/chunks/[root-of-the-server]__1jlk8z1._.js:2:53577\n    at Object.with (/Users/ofir/kenyonexpress-autopilot/.next/server/chunks/[root-of-the-server]__1jlk8z1._.js:2:4124)\n    at S.with (/Users/ofir/kenyonexpress-autopilot/.next/server/chunks/[root-of-the-server]__1jlk8z1._.js:2:4450)\n    at e.trace (/Users/ofir/kenyonexpress-autopilot/.next/server/chunks/[root-of-the-server]__1jlk8z1._.js:2:53551)\n    at fetch (/Users/ofir/kenyonexpress-autopilot/.next/server/chunks/[root-of-the-server]__1jlk8z1._.js:2:84044)\n    at /Users/ofir/kenyonexpress-autopilot/.next/server/chunks/ssr/src_lib","digest":"HANGING_PROMISE_REJECTION"}}
{"ts":"2026-10-07T18:55:13.345Z","level":"warn","event":"homepage.cms_read_failed","request_id":null,"reason":"Error: During prerendering, fetch() rejects when the prerender is complete. Typically these errors are handled by React but if you move fetch() to a different context by using `setTimeout`, `after`, or similar functions you may observe this error and you should handle it in that context. This occurred at route \"/\"."}
{"ts":"2026-10-07T18:55:13.657Z","level":"error","event":"db.query_failed","request_id":null,"method":"GET","target":"products","duration_ms":0,"err":{"name":"Error","message":"During prerendering, fetch() rejects when the prerender is complete. Typically these errors are handled by React but if you move fetch() to a different context by using `setTimeout`, `after`, or similar functions you may observe this error and you should handle it in that context. This occurred at route \"/product/[slug]\".","stack":"Error: During prerendering, fetch() rejects when the prerender is complete. Typically these errors are handled by React but if you move fetch() to a different context by using `setTimeout`, `after`, or similar functions you may observe this error and you should handle it in that context. This occurred at route \"/product/[slug]\".\n    at eu (/Users/ofir/kenyonexpress-autopilot/.next/server/chunks/[root-of-the-server]__1jlk8z1._.js:2:58687)\n    at /Users/ofir/kenyonexpress-autopilot/.next/server/chunks/[root-of-the-server]__1jlk8z1._.js:2:87004\n    at /Users/ofir/kenyonexpress-autopilot/.next/server/chunks/[root-of-the-server]__1jlk8z1._.js:2:54057\n    at /Users/ofir/kenyonexpress-autopilot/.next/server/chunks/[root-of-the-server]__1jlk8z1._.js:2:54347\n    at Object.with (/Users/ofir/kenyonexpress-autopilot/.next/server/chunks/[root-of-the-server]__1jlk8z1._.js:2:4124)\n    at S.with (/Users/ofir/kenyonexpress-autopilot/.next/server/chunks/[root-of-the-server]__1jlk8z1._.js:2:4450)\n    at G.startActiveSpan (/Users/ofir/kenyonexpress-autopilot/.next/server/chunks/[root-of-the-server]__1jlk8z1._.js:2:6806)\n    at H.startActiveSpan (/Users/ofir/kenyonexpress-autopilot/.next/server/chunks/[root-of-the-server]__1jlk8z1._.js:2:7045)\n    at e.runWithActiveSpan (/Users/ofir/kenyonexpress-autopilot/.next/server/chunks/[root-of-the-server]__1jlk8z1._.js:2:54324)\n    at /Users/ofir/kenyonexpress-autopilot/.next/server/chunks/[root-of-the-server]__1jlk8z1._.js:2:53577\n    at Object.with (/Users/ofir/kenyonexpress-autopilot/.next/server/chunks/[root-of-the-server]__1jlk8z1._.js:2:4124)\n    at S.with (/Users/ofir/kenyonexpress-autopilot/.next/server/chunks/[root-of-the-server]__1jlk8z1._.js:2:4450)\n    at e.trace (/Users/ofir/kenyonexpress-autopilot/.next/server/chunks/[root-of-the-server]__1jlk8z1._.js:2:53551)\n    at fetch (/Users/ofir/kenyonexpress-autopilot/.next/server/chunks/[root-of-the-server]__1jlk8z1._.js:2:84044)\n    at /Users/ofir/kenyonexpress-autopilot/.next/server/chun","digest":"HANGING_PROMISE_REJECTION"}}
{"ts":"2026-10-07T18:55:13.657Z","level":"warn","event":"stock.available_read_failed","request_id":null,"productId":"8d395182-96b7-482d-9973-10be134977fb","reason":"Error: During prerendering, fetch() rejects when the prerender is complete. Typically these errors are handled by React but if you move fetch() to a different context by using `setTimeout`, `after`, or similar functions you may observe this error and you should handle it in that context. This occurred at route \"/product/[slug]\"."}
{"ts":"2026-10-07T18:55:13.711Z","level":"warn","event":"db.query_slow","request_id":null,"method":"GET","target":"products","status":200,"duration_ms":2464,"threshold_ms":300}
{"ts":"2026-10-07T18:55:13.749Z","level":"error","event":"db.query_failed","request_id":null,"method":"GET","target":"products","duration_ms":0,"err":{"name":"Error","message":"During prerendering, fetch() rejects when the prerender is complete. Typically these errors are handled by React but if you move fetch() to a different context by using `setTimeout`, `after`, or similar functions you may observe this error and you should handle it in that context. This occurred at route \"/product/[slug]\".","stack":"Error: During prerendering, fetch() rejects when the prerender is complete. Typically these errors are handled by React but if you move fetch() to a different context by using `setTimeout`, `after`, or similar functions you may observe this error and you should handle it in that context. This occurred at route \"/product/[slug]\".\n    at eu (/Users/ofir/kenyonexpress-autopilot/.next/server/chunks/[root-of-the-server]__1jlk8z1._.js:2:58687)\n    at /Users/ofir/kenyonexpress-autopilot/.next/server/chunks/[root-of-the-server]__1jlk8z1._.js:2:87004\n    at /Users/ofir/kenyonexpress-autopilot/.next/server/chunks/[root-of-the-server]__1jlk8z1._.js:2:54057\n    at /Users/ofir/kenyonexpress-autopilot/.next/server/chunks/[root-of-the-server]__1jlk8z1._.js:2:54347\n    at Object.with (/Users/ofir/kenyonexpress-autopilot/.next/server/chunks/[root-of-the-server]__1jlk8z1._.js:2:4124)\n    at S.with (/Users/ofir/kenyonexpress-autopilot/.next/server/chunks/[root-of-the-server]__1jlk8z1._.js:2:4450)\n    at G.startActiveSpan (/Users/ofir/kenyonexpress-autopilot/.next/server/chunks/[root-of-the-server]__1jlk8z1._.js:2:6806)\n    at H.startActiveSpan (/Users/ofir/kenyonexpress-autopilot/.next/server/chunks/[root-of-the-server]__1jlk8z1._.js:2:7045)\n    at e.runWithActiveSpan (/Users/ofir/kenyonexpress-autopilot/.next/server/chunks/[root-of-the-server]__1jlk8z1._.js:2:54324)\n    at /Users/ofir/kenyonexpress-autopilot/.next/server/chunks/[root-of-the-server]__1jlk8z1._.js:2:53577\n    at Object.with (/Users/ofir/kenyonexpress-autopilot/.next/server/chunks/[root-of-the-server]__1jlk8z1._.js:2:4124)\n    at S.with (/Users/ofir/kenyonexpress-autopilot/.next/server/chunks/[root-of-the-server]__1jlk8z1._.js:2:4450)\n    at e.trace (/Users/ofir/kenyonexpress-autopilot/.next/server/chunks/[root-of-the-server]__1jlk8z1._.js:2:53551)\n    at fetch (/Users/ofir/kenyonexpress-autopilot/.next/server/chunks/[root-of-the-server]__1jlk8z1._.js:2:84044)\n    at /Users/ofir/kenyonexpress-autopilot/.next/server/chun","digest":"HANGING_PROMISE_REJECTION"}}
{"ts":"2026-10-07T18:55:13.749Z","level":"warn","event":"stock.available_read_failed","request_id":null,"productId":"8d395182-96b7-482d-9973-10be134977fb","reason":"Error: During prerendering, fetch() rejects when the prerender is complete. Typically these errors are handled by React but if you move fetch() to a different context by using `setTimeout`, `after`, or similar functions you may observe this error and you should handle it in that context. This occurred at route \"/product/[slug]\"."}
{"ts":"2026-10-07T18:55:13.751Z","level":"error","event":"db.query_failed","request_id":null,"method":"GET","target":"products","duration_ms":0,"err":{"name":"Error","message":"During prerendering, fetch() rejects when the prerender is complete. Typically these errors are handled by React but if you move fetch() to a different context by using `setTimeout`, `after`, or similar functions you may observe this error and you should handle it in that context. This occurred at route \"/product/[slug]\".","stack":"Error: During prerendering, fetch() rejects when the prerender is complete. Typically these errors are handled by React but if you move fetch() to a different context by using `setTimeout`, `after`, or similar functions you may observe this error and you should handle it in that context. This occurred at route \"/product/[slug]\".\n    at eu (/Users/ofir/kenyonexpress-autopilot/.next/server/chunks/[root-of-the-server]__1jlk8z1._.js:2:58687)\n    at /Users/ofir/kenyonexpress-autopilot/.next/server/chunks/[root-of-the-server]__1jlk8z1._.js:2:87004\n    at /Users/ofir/kenyonexpress-autopilot/.next/server/chunks/[root-of-the-server]__1jlk8z1._.js:2:54057\n    at /Users/ofir/kenyonexpress-autopilot/.next/server/chunks/[root-of-the-server]__1jlk8z1._.js:2:54347\n    at Object.with (/Users/ofir/kenyonexpress-autopilot/.next/server/chunks/[root-of-the-server]__1jlk8z1._.js:2:4124)\n    at S.with (/Users/ofir/kenyonexpress-autopilot/.next/server/chunks/[root-of-the-server]__1jlk8z1._.js:2:4450)\n    at G.startActiveSpan (/Users/ofir/kenyonexpress-autopilot/.next/server/chunks/[root-of-the-server]__1jlk8z1._.js:2:6806)\n    at H.startActiveSpan (/Users/ofir/kenyonexpress-autopilot/.next/server/chunks/[root-of-the-server]__1jlk8z1._.js:2:7045)\n    at e.runWithActiveSpan (/Users/ofir/kenyonexpress-autopilot/.next/server/chunks/[root-of-the-server]__1jlk8z1._.js:2:54324)\n    at /Users/ofir/kenyonexpress-autopilot/.next/server/chunks/[root-of-the-server]__1jlk8z1._.js:2:53577\n    at Object.with (/Users/ofir/kenyonexpress-autopilot/.next/server/chunks/[root-of-the-server]__1jlk8z1._.js:2:4124)\n    at S.with (/Users/ofir/kenyonexpress-autopilot/.next/server/chunks/[root-of-the-server]__1jlk8z1._.js:2:4450)\n    at e.trace (/Users/ofir/kenyonexpress-autopilot/.next/server/chunks/[root-of-the-server]__1jlk8z1._.js:2:53551)\n    at fetch (/Users/ofir/kenyonexpress-autopilot/.next/server/chunks/[root-of-the-server]__1jlk8z1._.js:2:84044)\n    at /Users/ofir/kenyonexpress-autopilot/.next/server/chun","digest":"HANGING_PROMISE_REJECTION"}}
{"ts":"2026-10-07T18:55:13.751Z","level":"warn","event":"stock.available_read_failed","request_id":null,"productId":"adc894ba-083b-41e0-85b9-68abd04adc41","reason":"Error: During prerendering, fetch() rejects when the prerender is complete. Typically these errors are handled by React but if you move fetch() to a different context by using `setTimeout`, `after`, or similar functions you may observe this error and you should handle it in that context. This occurred at route \"/product/[slug]\"."}
{"ts":"2026-10-07T18:55:13.758Z","level":"error","event":"db.query_failed","request_id":null,"method":"GET","target":"products","duration_ms":0,"err":{"name":"Error","message":"During prerendering, fetch() rejects when the prerender is complete. Typically these errors are handled by React but if you move fetch() to a different context by using `setTimeout`, `after`, or similar functions you may observe this error and you should handle it in that context. This occurred at route \"/product/[slug]\".","stack":"Error: During prerendering, fetch() rejects when the prerender is complete. Typically these errors are handled by React but if you move fetch() to a different context by using `setTimeout`, `after`, or similar functions you may observe this error and you should handle it in that context. This occurred at route \"/product/[slug]\".\n    at eu (/Users/ofir/kenyonexpress-autopilot/.next/server/chunks/[root-of-the-server]__1jlk8z1._.js:2:58687)\n    at /Users/ofir/kenyonexpress-autopilot/.next/server/chunks/[root-of-the-server]__1jlk8z1._.js:2:87004\n    at /Users/ofir/kenyonexpress-autopilot/.next/server/chunks/[root-of-the-server]__1jlk8z1._.js:2:54057\n    at /Users/ofir/kenyonexpress-autopilot/.next/server/chunks/[root-of-the-server]__1jlk8z1._.js:2:54347\n    at Object.with (/Users/ofir/kenyonexpress-autopilot/.next/server/chunks/[root-of-the-server]__1jlk8z1._.js:2:4124)\n    at S.with (/Users/ofir/kenyonexpress-autopilot/.next/server/chunks/[root-of-the-server]__1jlk8z1._.js:2:4450)\n    at G.startActiveSpan (/Users/ofir/kenyonexpress-autopilot/.next/server/chunks/[root-of-the-server]__1jlk8z1._.js:2:6806)\n    at H.startActiveSpan (/Users/ofir/kenyonexpress-autopilot/.next/server/chunks/[root-of-the-server]__1jlk8z1._.js:2:7045)\n    at e.runWithActiveSpan (/Users/ofir/kenyonexpress-autopilot/.next/server/chunks/[root-of-the-server]__1jlk8z1._.js:2:54324)\n    at /Users/ofir/kenyonexpress-autopilot/.next/server/chunks/[root-of-the-server]__1jlk8z1._.js:2:53577\n    at Object.with (/Users/ofir/kenyonexpress-autopilot/.next/server/chunks/[root-of-the-server]__1jlk8z1._.js:2:4124)\n    at S.with (/Users/ofir/kenyonexpress-autopilot/.next/server/chunks/[root-of-the-server]__1jlk8z1._.js:2:4450)\n    at e.trace (/Users/ofir/kenyonexpress-autopilot/.next/server/chunks/[root-of-the-server]__1jlk8z1._.js:2:53551)\n    at fetch (/Users/ofir/kenyonexpress-autopilot/.next/server/chunks/[root-of-the-server]__1jlk8z1._.js:2:84044)\n    at /Users/ofir/kenyonexpress-autopilot/.next/server/chun","digest":"HANGING_PROMISE_REJECTION"}}
{"ts":"2026-10-07T18:55:13.758Z","level":"warn","event":"stock.available_read_failed","request_id":null,"productId":"adc894ba-083b-41e0-85b9-68abd04adc41","reason":"Error: During prerendering, fetch() rejects when the prerender is complete. Typically these errors are handled by React but if you move fetch() to a different context by using `setTimeout`, `after`, or similar functions you may observe this error and you should handle it in that context. This occurred at route \"/product/[slug]\"."}
{"ts":"2026-10-07T18:55:14.092Z","level":"error","event":"db.query_failed","request_id":null,"method":"GET","target":"products","duration_ms":0,"err":{"name":"Error","message":"During prerendering, fetch() rejects when the prerender is complete. Typically these errors are handled by React but if you move fetch() to a different context by using `setTimeout`, `after`, or similar functions you may observe this error and you should handle it in that context. This occurred at route \"/product/[slug]\".","stack":"Error: During prerendering, fetch() rejects when the prerender is complete. Typically these errors are handled by React but if you move fetch() to a different context by using `setTimeout`, `after`, or similar functions you may observe this error and you should handle it in that context. This occurred at route \"/product/[slug]\".\n    at eu (/Users/ofir/kenyonexpress-autopilot/.next/server/chunks/[root-of-the-server]__1jlk8z1._.js:2:58687)\n    at /Users/ofir/kenyonexpress-autopilot/.next/server/chunks/[root-of-the-server]__1jlk8z1._.js:2:87004\n    at /Users/ofir/kenyonexpress-autopilot/.next/server/chunks/[root-of-the-server]__1jlk8z1._.js:2:54057\n    at /Users/ofir/kenyonexpress-autopilot/.next/server/chunks/[root-of-the-server]__1jlk8z1._.js:2:54347\n    at Object.with (/Users/ofir/kenyonexpress-autopilot/.next/server/chunks/[root-of-the-server]__1jlk8z1._.js:2:4124)\n    at S.with (/Users/ofir/kenyonexpress-autopilot/.next/server/chunks/[root-of-the-server]__1jlk8z1._.js:2:4450)\n    at G.startActiveSpan (/Users/ofir/kenyonexpress-autopilot/.next/server/chunks/[root-of-the-server]__1jlk8z1._.js:2:6806)\n    at H.startActiveSpan (/Users/ofir/kenyonexpress-autopilot/.next/server/chunks/[root-of-the-server]__1jlk8z1._.js:2:7045)\n    at e.runWithActiveSpan (/Users/ofir/kenyonexpress-autopilot/.next/server/chunks/[root-of-the-server]__1jlk8z1._.js:2:54324)\n    at /Users/ofir/kenyonexpress-autopilot/.next/server/chunks/[root-of-the-server]__1jlk8z1._.js:2:53577\n    at Object.with (/Users/ofir/kenyonexpress-autopilot/.next/server/chunks/[root-of-the-server]__1jlk8z1._.js:2:4124)\n    at S.with (/Users/ofir/kenyonexpress-autopilot/.next/server/chunks/[root-of-the-server]__1jlk8z1._.js:2:4450)\n    at e.trace (/Users/ofir/kenyonexpress-autopilot/.next/server/chunks/[root-of-the-server]__1jlk8z1._.js:2:53551)\n    at fetch (/Users/ofir/kenyonexpress-autopilot/.next/server/chunks/[root-of-the-server]__1jlk8z1._.js:2:84044)\n    at /Users/ofir/kenyonexpress-autopilot/.next/server/chun","digest":"HANGING_PROMISE_REJECTION"}}
{"ts":"2026-10-07T18:55:14.092Z","level":"warn","event":"stock.available_read_failed","request_id":null,"productId":"47b075be-fe9d-4958-8f8d-b3822c13fed7","reason":"Error: During prerendering, fetch() rejects when the prerender is complete. Typically these errors are handled by React but if you move fetch() to a different context by using `setTimeout`, `after`, or similar functions you may observe this error and you should handle it in that context. This occurred at route \"/product/[slug]\"."}
{"ts":"2026-10-07T18:55:14.092Z","level":"error","event":"db.query_failed","request_id":null,"method":"GET","target":"products","duration_ms":0,"err":{"name":"Error","message":"During prerendering, fetch() rejects when the prerender is complete. Typically these errors are handled by React but if you move fetch() to a different context by using `setTimeout`, `after`, or similar functions you may observe this error and you should handle it in that context. This occurred at route \"/product/[slug]\".","stack":"Error: During prerendering, fetch() rejects when the prerender is complete. Typically these errors are handled by React but if you move fetch() to a different context by using `setTimeout`, `after`, or similar functions you may observe this error and you should handle it in that context. This occurred at route \"/product/[slug]\".\n    at eu (/Users/ofir/kenyonexpress-autopilot/.next/server/chunks/[root-of-the-server]__1jlk8z1._.js:2:58687)\n    at /Users/ofir/kenyonexpress-autopilot/.next/server/chunks/[root-of-the-server]__1jlk8z1._.js:2:87004\n    at /Users/ofir/kenyonexpress-autopilot/.next/server/chunks/[root-of-the-server]__1jlk8z1._.js:2:54057\n    at /Users/ofir/kenyonexpress-autopilot/.next/server/chunks/[root-of-the-server]__1jlk8z1._.js:2:54347\n    at Object.with (/Users/ofir/kenyonexpress-autopilot/.next/server/chunks/[root-of-the-server]__1jlk8z1._.js:2:4124)\n    at S.with (/Users/ofir/kenyonexpress-autopilot/.next/server/chunks/[root-of-the-server]__1jlk8z1._.js:2:4450)\n    at G.startActiveSpan (/Users/ofir/kenyonexpress-autopilot/.next/server/chunks/[root-of-the-server]__1jlk8z1._.js:2:6806)\n    at H.startActiveSpan (/Users/ofir/kenyonexpress-autopilot/.next/server/chunks/[root-of-the-server]__1jlk8z1._.js:2:7045)\n    at e.runWithActiveSpan (/Users/ofir/kenyonexpress-autopilot/.next/server/chunks/[root-of-the-server]__1jlk8z1._.js:2:54324)\n    at /Users/ofir/kenyonexpress-autopilot/.next/server/chunks/[root-of-the-server]__1jlk8z1._.js:2:53577\n    at Object.with (/Users/ofir/kenyonexpress-autopilot/.next/server/chunks/[root-of-the-server]__1jlk8z1._.js:2:4124)\n    at S.with (/Users/ofir/kenyonexpress-autopilot/.next/server/chunks/[root-of-the-server]__1jlk8z1._.js:2:4450)\n    at e.trace (/Users/ofir/kenyonexpress-autopilot/.next/server/chunks/[root-of-the-server]__1jlk8z1._.js:2:53551)\n    at fetch (/Users/ofir/kenyonexpress-autopilot/.next/server/chunks/[root-of-the-server]__1jlk8z1._.js:2:84044)\n    at /Users/ofir/kenyonexpress-autopilot/.next/server/chun","digest":"HANGING_PROMISE_REJECTION"}}
{"ts":"2026-10-07T18:55:14.093Z","level":"warn","event":"stock.available_read_failed","request_id":null,"productId":"97a3edc0-6161-4e6c-99f0-a3ab58d13fc2","reason":"Error: During prerendering, fetch() rejects when the prerender is complete. Typically these errors are handled by React but if you move fetch() to a different context by using `setTimeout`, `after`, or similar functions you may observe this error and you should handle it in that context. This occurred at route \"/product/[slug]\"."}
{"ts":"2026-10-07T18:55:14.093Z","level":"error","event":"db.query_failed","request_id":null,"method":"GET","target":"products","duration_ms":0,"err":{"name":"Error","message":"During prerendering, fetch() rejects when the prerender is complete. Typically these errors are handled by React but if you move fetch() to a different context by using `setTimeout`, `after`, or similar functions you may observe this error and you should handle it in that context. This occurred at route \"/product/[slug]\".","stack":"Error: During prerendering, fetch() rejects when the prerender is complete. Typically these errors are handled by React but if you move fetch() to a different context by using `setTimeout`, `after`, or similar functions you may observe this error and you should handle it in that context. This occurred at route \"/product/[slug]\".\n    at eu (/Users/ofir/kenyonexpress-autopilot/.next/server/chunks/[root-of-the-server]__1jlk8z1._.js:2:58687)\n    at /Users/ofir/kenyonexpress-autopilot/.next/server/chunks/[root-of-the-server]__1jlk8z1._.js:2:87004\n    at /Users/ofir/kenyonexpress-autopilot/.next/server/chunks/[root-of-the-server]__1jlk8z1._.js:2:54057\n    at /Users/ofir/kenyonexpress-autopilot/.next/server/chunks/[root-of-the-server]__1jlk8z1._.js:2:54347\n    at Object.with (/Users/ofir/kenyonexpress-autopilot/.next/server/chunks/[root-of-the-server]__1jlk8z1._.js:2:4124)\n    at S.with (/Users/ofir/kenyonexpress-autopilot/.next/server/chunks/[root-of-the-server]__1jlk8z1._.js:2:4450)\n    at G.startActiveSpan (/Users/ofir/kenyonexpress-autopilot/.next/server/chunks/[root-of-the-server]__1jlk8z1._.js:2:6806)\n    at H.startActiveSpan (/Users/ofir/kenyonexpress-autopilot/.next/server/chunks/[root-of-the-server]__1jlk8z1._.js:2:7045)\n    at e.runWithActiveSpan (/Users/ofir/kenyonexpress-autopilot/.next/server/chunks/[root-of-the-server]__1jlk8z1._.js:2:54324)\n    at /Users/ofir/kenyonexpress-autopilot/.next/server/chunks/[root-of-the-server]__1jlk8z1._.js:2:53577\n    at Object.with (/Users/ofir/kenyonexpress-autopilot/.next/server/chunks/[root-of-the-server]__1jlk8z1._.js:2:4124)\n    at S.with (/Users/ofir/kenyonexpress-autopilot/.next/server/chunks/[root-of-the-server]__1jlk8z1._.js:2:4450)\n    at e.trace (/Users/ofir/kenyonexpress-autopilot/.next/server/chunks/[root-of-the-server]__1jlk8z1._.js:2:53551)\n    at fetch (/Users/ofir/kenyonexpress-autopilot/.next/server/chunks/[root-of-the-server]__1jlk8z1._.js:2:84044)\n    at /Users/ofir/kenyonexpress-autopilot/.next/server/chun","digest":"HANGING_PROMISE_REJECTION"}}
{"ts":"2026-10-07T18:55:14.093Z","level":"warn","event":"stock.available_read_failed","request_id":null,"productId":"47b075be-fe9d-4958-8f8d-b3822c13fed7","reason":"Error: During prerendering, fetch() rejects when the prerender is complete. Typically these errors are handled by React but if you move fetch() to a different context by using `setTimeout`, `after`, or similar functions you may observe this error and you should handle it in that context. This occurred at route \"/product/[slug]\"."}
{"ts":"2026-10-07T18:55:14.093Z","level":"error","event":"db.query_failed","request_id":null,"method":"GET","target":"products","duration_ms":0,"err":{"name":"Error","message":"During prerendering, fetch() rejects when the prerender is complete. Typically these errors are handled by React but if you move fetch() to a different context by using `setTimeout`, `after`, or similar functions you may observe this error and you should handle it in that context. This occurred at route \"/product/[slug]\".","stack":"Error: During prerendering, fetch() rejects when the prerender is complete. Typically these errors are handled by React but if you move fetch() to a different context by using `setTimeout`, `after`, or similar functions you may observe this error and you should handle it in that context. This occurred at route \"/product/[slug]\".\n    at eu (/Users/ofir/kenyonexpress-autopilot/.next/server/chunks/[root-of-the-server]__1jlk8z1._.js:2:58687)\n    at /Users/ofir/kenyonexpress-autopilot/.next/server/chunks/[root-of-the-server]__1jlk8z1._.js:2:87004\n    at /Users/ofir/kenyonexpress-autopilot/.next/server/chunks/[root-of-the-server]__1jlk8z1._.js:2:54057\n    at /Users/ofir/kenyonexpress-autopilot/.next/server/chunks/[root-of-the-server]__1jlk8z1._.js:2:54347\n    at Object.with (/Users/ofir/kenyonexpress-autopilot/.next/server/chunks/[root-of-the-server]__1jlk8z1._.js:2:4124)\n    at S.with (/Users/ofir/kenyonexpress-autopilot/.next/server/chunks/[root-of-the-server]__1jlk8z1._.js:2:4450)\n    at G.startActiveSpan (/Users/ofir/kenyonexpress-autopilot/.next/server/chunks/[root-of-the-server]__1jlk8z1._.js:2:6806)\n    at H.startActiveSpan (/Users/ofir/kenyonexpress-autopilot/.next/server/chunks/[root-of-the-server]__1jlk8z1._.js:2:7045)\n    at e.runWithActiveSpan (/Users/ofir/kenyonexpress-autopilot/.next/server/chunks/[root-of-the-server]__1jlk8z1._.js:2:54324)\n    at /Users/ofir/kenyonexpress-autopilot/.next/server/chunks/[root-of-the-server]__1jlk8z1._.js:2:53577\n    at Object.with (/Users/ofir/kenyonexpress-autopilot/.next/server/chunks/[root-of-the-server]__1jlk8z1._.js:2:4124)\n    at S.with (/Users/ofir/kenyonexpress-autopilot/.next/server/chunks/[root-of-the-server]__1jlk8z1._.js:2:4450)\n    at e.trace (/Users/ofir/kenyonexpress-autopilot/.next/server/chunks/[root-of-the-server]__1jlk8z1._.js:2:53551)\n    at fetch (/Users/ofir/kenyonexpress-autopilot/.next/server/chunks/[root-of-the-server]__1jlk8z1._.js:2:84044)\n    at /Users/ofir/kenyonexpress-autopilot/.next/server/chun","digest":"HANGING_PROMISE_REJECTION"}}
{"ts":"2026-10-07T18:55:14.094Z","level":"warn","event":"stock.available_read_failed","request_id":null,"productId":"97a3edc0-6161-4e6c-99f0-a3ab58d13fc2","reason":"Error: During prerendering, fetch() rejects when the prerender is complete. Typically these errors are handled by React but if you move fetch() to a different context by using `setTimeout`, `after`, or similar functions you may observe this error and you should handle it in that context. This occurred at route \"/product/[slug]\"."}
{"ts":"2026-10-07T18:55:14.094Z","level":"error","event":"db.query_failed","request_id":null,"method":"GET","target":"products","duration_ms":0,"err":{"name":"Error","message":"During prerendering, fetch() rejects when the prerender is complete. Typically these errors are handled by React but if you move fetch() to a different context by using `setTimeout`, `after`, or similar functions you may observe this error and you should handle it in that context. This occurred at route \"/product/[slug]\".","stack":"Error: During prerendering, fetch() rejects when the prerender is complete. Typically these errors are handled by React but if you move fetch() to a different context by using `setTimeout`, `after`, or similar functions you may observe this error and you should handle it in that context. This occurred at route \"/product/[slug]\".\n    at eu (/Users/ofir/kenyonexpress-autopilot/.next/server/chunks/[root-of-the-server]__1jlk8z1._.js:2:58687)\n    at /Users/ofir/kenyonexpress-autopilot/.next/server/chunks/[root-of-the-server]__1jlk8z1._.js:2:87004\n    at /Users/ofir/kenyonexpress-autopilot/.next/server/chunks/[root-of-the-server]__1jlk8z1._.js:2:54057\n    at /Users/ofir/kenyonexpress-autopilot/.next/server/chunks/[root-of-the-server]__1jlk8z1._.js:2:54347\n    at Object.with (/Users/ofir/kenyonexpress-autopilot/.next/server/chunks/[root-of-the-server]__1jlk8z1._.js:2:4124)\n    at S.with (/Users/ofir/kenyonexpress-autopilot/.next/server/chunks/[root-of-the-server]__1jlk8z1._.js:2:4450)\n    at G.startActiveSpan (/Users/ofir/kenyonexpress-autopilot/.next/server/chunks/[root-of-the-server]__1jlk8z1._.js:2:6806)\n    at H.startActiveSpan (/Users/ofir/kenyonexpress-autopilot/.next/server/chunks/[root-of-the-server]__1jlk8z1._.js:2:7045)\n    at e.runWithActiveSpan (/Users/ofir/kenyonexpress-autopilot/.next/server/chunks/[root-of-the-server]__1jlk8z1._.js:2:54324)\n    at /Users/ofir/kenyonexpress-autopilot/.next/server/chunks/[root-of-the-server]__1jlk8z1._.js:2:53577\n    at Object.with (/Users/ofir/kenyonexpress-autopilot/.next/server/chunks/[root-of-the-server]__1jlk8z1._.js:2:4124)\n    at S.with (/Users/ofir/kenyonexpress-autopilot/.next/server/chunks/[root-of-the-server]__1jlk8z1._.js:2:4450)\n    at e.trace (/Users/ofir/kenyonexpress-autopilot/.next/server/chunks/[root-of-the-server]__1jlk8z1._.js:2:53551)\n    at fetch (/Users/ofir/kenyonexpress-autopilot/.next/server/chunks/[root-of-the-server]__1jlk8z1._.js:2:84044)\n    at /Users/ofir/kenyonexpress-autopilot/.next/server/chun","digest":"HANGING_PROMISE_REJECTION"}}
{"ts":"2026-10-07T18:55:14.094Z","level":"warn","event":"stock.available_read_failed","request_id":null,"productId":"3dec68f5-59d7-4838-8591-5032ebbbef5e","reason":"Error: During prerendering, fetch() rejects when the prerender is complete. Typically these errors are handled by React but if you move fetch() to a different context by using `setTimeout`, `after`, or similar functions you may observe this error and you should handle it in that context. This occurred at route \"/product/[slug]\"."}
{"ts":"2026-10-07T18:55:14.094Z","level":"error","event":"db.query_failed","request_id":null,"method":"GET","target":"products","duration_ms":0,"err":{"name":"Error","message":"During prerendering, fetch() rejects when the prerender is complete. Typically these errors are handled by React but if you move fetch() to a different context by using `setTimeout`, `after`, or similar functions you may observe this error and you should handle it in that context. This occurred at route \"/product/[slug]\".","stack":"Error: During prerendering, fetch() rejects when the prerender is complete. Typically these errors are handled by React but if you move fetch() to a different context by using `setTimeout`, `after`, or similar functions you may observe this error and you should handle it in that context. This occurred at route \"/product/[slug]\".\n    at eu (/Users/ofir/kenyonexpress-autopilot/.next/server/chunks/[root-of-the-server]__1jlk8z1._.js:2:58687)\n    at /Users/ofir/kenyonexpress-autopilot/.next/server/chunks/[root-of-the-server]__1jlk8z1._.js:2:87004\n    at /Users/ofir/kenyonexpress-autopilot/.next/server/chunks/[root-of-the-server]__1jlk8z1._.js:2:54057\n    at /Users/ofir/kenyonexpress-autopilot/.next/server/chunks/[root-of-the-server]__1jlk8z1._.js:2:54347\n    at Object.with (/Users/ofir/kenyonexpress-autopilot/.next/server/chunks/[root-of-the-server]__1jlk8z1._.js:2:4124)\n    at S.with (/Users/ofir/kenyonexpress-autopilot/.next/server/chunks/[root-of-the-server]__1jlk8z1._.js:2:4450)\n    at G.startActiveSpan (/Users/ofir/kenyonexpress-autopilot/.next/server/chunks/[root-of-the-server]__1jlk8z1._.js:2:6806)\n    at H.startActiveSpan (/Users/ofir/kenyonexpress-autopilot/.next/server/chunks/[root-of-the-server]__1jlk8z1._.js:2:7045)\n    at e.runWithActiveSpan (/Users/ofir/kenyonexpress-autopilot/.next/server/chunks/[root-of-the-server]__1jlk8z1._.js:2:54324)\n    at /Users/ofir/kenyonexpress-autopilot/.next/server/chunks/[root-of-the-server]__1jlk8z1._.js:2:53577\n    at Object.with (/Users/ofir/kenyonexpress-autopilot/.next/server/chunks/[root-of-the-server]__1jlk8z1._.js:2:4124)\n    at S.with (/Users/ofir/kenyonexpress-autopilot/.next/server/chunks/[root-of-the-server]__1jlk8z1._.js:2:4450)\n    at e.trace (/Users/ofir/kenyonexpress-autopilot/.next/server/chunks/[root-of-the-server]__1jlk8z1._.js:2:53551)\n    at fetch (/Users/ofir/kenyonexpress-autopilot/.next/server/chunks/[root-of-the-server]__1jlk8z1._.js:2:84044)\n    at /Users/ofir/kenyonexpress-autopilot/.next/server/chun","digest":"HANGING_PROMISE_REJECTION"}}
{"ts":"2026-10-07T18:55:14.094Z","level":"warn","event":"stock.available_read_failed","request_id":null,"productId":"3dec68f5-59d7-4838-8591-5032ebbbef5e","reason":"Error: During prerendering, fetch() rejects when the prerender is complete. Typically these errors are handled by React but if you move fetch() to a different context by using `setTimeout`, `after`, or similar functions you may observe this error and you should handle it in that context. This occurred at route \"/product/[slug]\"."}
{"ts":"2026-10-07T18:55:14.095Z","level":"error","event":"db.query_failed","request_id":null,"method":"GET","target":"products","duration_ms":0,"err":{"name":"Error","message":"During prerendering, fetch() rejects when the prerender is complete. Typically these errors are handled by React but if you move fetch() to a different context by using `setTimeout`, `after`, or similar functions you may observe this error and you should handle it in that context. This occurred at route \"/product/[slug]\".","stack":"Error: During prerendering, fetch() rejects when the prerender is complete. Typically these errors are handled by React but if you move fetch() to a different context by using `setTimeout`, `after`, or similar functions you may observe this error and you should handle it in that context. This occurred at route \"/product/[slug]\".\n    at eu (/Users/ofir/kenyonexpress-autopilot/.next/server/chunks/[root-of-the-server]__1jlk8z1._.js:2:58687)\n    at /Users/ofir/kenyonexpress-autopilot/.next/server/chunks/[root-of-the-server]__1jlk8z1._.js:2:87004\n    at /Users/ofir/kenyonexpress-autopilot/.next/server/chunks/[root-of-the-server]__1jlk8z1._.js:2:54057\n    at /Users/ofir/kenyonexpress-autopilot/.next/server/chunks/[root-of-the-server]__1jlk8z1._.js:2:54347\n    at Object.with (/Users/ofir/kenyonexpress-autopilot/.next/server/chunks/[root-of-the-server]__1jlk8z1._.js:2:4124)\n    at S.with (/Users/ofir/kenyonexpress-autopilot/.next/server/chunks/[root-of-the-server]__1jlk8z1._.js:2:4450)\n    at G.startActiveSpan (/Users/ofir/kenyonexpress-autopilot/.next/server/chunks/[root-of-the-server]__1jlk8z1._.js:2:6806)\n    at H.startActiveSpan (/Users/ofir/kenyonexpress-autopilot/.next/server/chunks/[root-of-the-server]__1jlk8z1._.js:2:7045)\n    at e.runWithActiveSpan (/Users/ofir/kenyonexpress-autopilot/.next/server/chunks/[root-of-the-server]__1jlk8z1._.js:2:54324)\n    at /Users/ofir/kenyonexpress-autopilot/.next/server/chunks/[root-of-the-server]__1jlk8z1._.js:2:53577\n    at Object.with (/Users/ofir/kenyonexpress-autopilot/.next/server/chunks/[root-of-the-server]__1jlk8z1._.js:2:4124)\n    at S.with (/Users/ofir/kenyonexpress-autopilot/.next/server/chunks/[root-of-the-server]__1jlk8z1._.js:2:4450)\n    at e.trace (/Users/ofir/kenyonexpress-autopilot/.next/server/chunks/[root-of-the-server]__1jlk8z1._.js:2:53551)\n    at fetch (/Users/ofir/kenyonexpress-autopilot/.next/server/chunks/[root-of-the-server]__1jlk8z1._.js:2:84044)\n    at /Users/ofir/kenyonexpress-autopilot/.next/server/chun","digest":"HANGING_PROMISE_REJECTION"}}
{"ts":"2026-10-07T18:55:14.095Z","level":"warn","event":"stock.available_read_failed","request_id":null,"productId":"052bdbc1-c2f7-4772-bd9f-9ffb478e6330","reason":"Error: During prerendering, fetch() rejects when the prerender is complete. Typically these errors are handled by React but if you move fetch() to a different context by using `setTimeout`, `after`, or similar functions you may observe this error and you should handle it in that context. This occurred at route \"/product/[slug]\"."}
{"ts":"2026-10-07T18:55:14.095Z","level":"error","event":"db.query_failed","request_id":null,"method":"GET","target":"products","duration_ms":0,"err":{"name":"Error","message":"During prerendering, fetch() rejects when the prerender is complete. Typically these errors are handled by React but if you move fetch() to a different context by using `setTimeout`, `after`, or similar functions you may observe this error and you should handle it in that context. This occurred at route \"/product/[slug]\".","stack":"Error: During prerendering, fetch() rejects when the prerender is complete. Typically these errors are handled by React but if you move fetch() to a different context by using `setTimeout`, `after`, or similar functions you may observe this error and you should handle it in that context. This occurred at route \"/product/[slug]\".\n    at eu (/Users/ofir/kenyonexpress-autopilot/.next/server/chunks/[root-of-the-server]__1jlk8z1._.js:2:58687)\n    at /Users/ofir/kenyonexpress-autopilot/.next/server/chunks/[root-of-the-server]__1jlk8z1._.js:2:87004\n    at /Users/ofir/kenyonexpress-autopilot/.next/server/chunks/[root-of-the-server]__1jlk8z1._.js:2:54057\n    at /Users/ofir/kenyonexpress-autopilot/.next/server/chunks/[root-of-the-server]__1jlk8z1._.js:2:54347\n    at Object.with (/Users/ofir/kenyonexpress-autopilot/.next/server/chunks/[root-of-the-server]__1jlk8z1._.js:2:4124)\n    at S.with (/Users/ofir/kenyonexpress-autopilot/.next/server/chunks/[root-of-the-server]__1jlk8z1._.js:2:4450)\n    at G.startActiveSpan (/Users/ofir/kenyonexpress-autopilot/.next/server/chunks/[root-of-the-server]__1jlk8z1._.js:2:6806)\n    at H.startActiveSpan (/Users/ofir/kenyonexpress-autopilot/.next/server/chunks/[root-of-the-server]__1jlk8z1._.js:2:7045)\n    at e.runWithActiveSpan (/Users/ofir/kenyonexpress-autopilot/.next/server/chunks/[root-of-the-server]__1jlk8z1._.js:2:54324)\n    at /Users/ofir/kenyonexpress-autopilot/.next/server/chunks/[root-of-the-server]__1jlk8z1._.js:2:53577\n    at Object.with (/Users/ofir/kenyonexpress-autopilot/.next/server/chunks/[root-of-the-server]__1jlk8z1._.js:2:4124)\n    at S.with (/Users/ofir/kenyonexpress-autopilot/.next/server/chunks/[root-of-the-server]__1jlk8z1._.js:2:4450)\n    at e.trace (/Users/ofir/kenyonexpress-autopilot/.next/server/chunks/[root-of-the-server]__1jlk8z1._.js:2:53551)\n    at fetch (/Users/ofir/kenyonexpress-autopilot/.next/server/chunks/[root-of-the-server]__1jlk8z1._.js:2:84044)\n    at /Users/ofir/kenyonexpress-autopilot/.next/server/chun","digest":"HANGING_PROMISE_REJECTION"}}
{"ts":"2026-10-07T18:55:14.095Z","level":"warn","event":"stock.available_read_failed","request_id":null,"productId":"e299dd1a-ad3f-4585-adee-eb6e33c0f733","reason":"Error: During prerendering, fetch() rejects when the prerender is complete. Typically these errors are handled by React but if you move fetch() to a different context by using `setTimeout`, `after`, or similar functions you may observe this error and you should handle it in that context. This occurred at route \"/product/[slug]\"."}
{"ts":"2026-10-07T18:55:14.095Z","level":"error","event":"db.query_failed","request_id":null,"method":"GET","target":"products","duration_ms":0,"err":{"name":"Error","message":"During prerendering, fetch() rejects when the prerender is complete. Typically these errors are handled by React but if you move fetch() to a different context by using `setTimeout`, `after`, or similar functions you may observe this error and you should handle it in that context. This occurred at route \"/product/[slug]\".","stack":"Error: During prerendering, fetch() rejects when the prerender is complete. Typically these errors are handled by React but if you move fetch() to a different context by using `setTimeout`, `after`, or similar functions you may observe this error and you should handle it in that context. This occurred at route \"/product/[slug]\".\n    at eu (/Users/ofir/kenyonexpress-autopilot/.next/server/chunks/[root-of-the-server]__1jlk8z1._.js:2:58687)\n    at /Users/ofir/kenyonexpress-autopilot/.next/server/chunks/[root-of-the-server]__1jlk8z1._.js:2:87004\n    at /Users/ofir/kenyonexpress-autopilot/.next/server/chunks/[root-of-the-server]__1jlk8z1._.js:2:54057\n    at /Users/ofir/kenyonexpress-autopilot/.next/server/chunks/[root-of-the-server]__1jlk8z1._.js:2:54347\n    at Object.with (/Users/ofir/kenyonexpress-autopilot/.next/server/chunks/[root-of-the-server]__1jlk8z1._.js:2:4124)\n    at S.with (/Users/ofir/kenyonexpress-autopilot/.next/server/chunks/[root-of-the-server]__1jlk8z1._.js:2:4450)\n    at G.startActiveSpan (/Users/ofir/kenyonexpress-autopilot/.next/server/chunks/[root-of-the-server]__1jlk8z1._.js:2:6806)\n    at H.startActiveSpan (/Users/ofir/kenyonexpress-autopilot/.next/server/chunks/[root-of-the-server]__1jlk8z1._.js:2:7045)\n    at e.runWithActiveSpan (/Users/ofir/kenyonexpress-autopilot/.next/server/chunks/[root-of-the-server]__1jlk8z1._.js:2:54324)\n    at /Users/ofir/kenyonexpress-autopilot/.next/server/chunks/[root-of-the-server]__1jlk8z1._.js:2:53577\n    at Object.with (/Users/ofir/kenyonexpress-autopilot/.next/server/chunks/[root-of-the-server]__1jlk8z1._.js:2:4124)\n    at S.with (/Users/ofir/kenyonexpress-autopilot/.next/server/chunks/[root-of-the-server]__1jlk8z1._.js:2:4450)\n    at e.trace (/Users/ofir/kenyonexpress-autopilot/.next/server/chunks/[root-of-the-server]__1jlk8z1._.js:2:53551)\n    at fetch (/Users/ofir/kenyonexpress-autopilot/.next/server/chunks/[root-of-the-server]__1jlk8z1._.js:2:84044)\n    at /Users/ofir/kenyonexpress-autopilot/.next/server/chun","digest":"HANGING_PROMISE_REJECTION"}}
{"ts":"2026-10-07T18:55:14.095Z","level":"warn","event":"stock.available_read_failed","request_id":null,"productId":"052bdbc1-c2f7-4772-bd9f-9ffb478e6330","reason":"Error: During prerendering, fetch() rejects when the prerender is complete. Typically these errors are handled by React but if you move fetch() to a different context by using `setTimeout`, `after`, or similar functions you may observe this error and you should handle it in that context. This occurred at route \"/product/[slug]\"."}
{"ts":"2026-10-07T18:55:14.195Z","level":"error","event":"db.query_failed","request_id":null,"method":"GET","target":"products","duration_ms":0,"err":{"name":"Error","message":"During prerendering, fetch() rejects when the prerender is complete. Typically these errors are handled by React but if you move fetch() to a different context by using `setTimeout`, `after`, or similar functions you may observe this error and you should handle it in that context. This occurred at route \"/product/[slug]\".","stack":"Error: During prerendering, fetch() rejects when the prerender is complete. Typically these errors are handled by React but if you move fetch() to a different context by using `setTimeout`, `after`, or similar functions you may observe this error and you should handle it in that context. This occurred at route \"/product/[slug]\".\n    at eu (/Users/ofir/kenyonexpress-autopilot/.next/server/chunks/[root-of-the-server]__1jlk8z1._.js:2:58687)\n    at /Users/ofir/kenyonexpress-autopilot/.next/server/chunks/[root-of-the-server]__1jlk8z1._.js:2:87004\n    at /Users/ofir/kenyonexpress-autopilot/.next/server/chunks/[root-of-the-server]__1jlk8z1._.js:2:54057\n    at /Users/ofir/kenyonexpress-autopilot/.next/server/chunks/[root-of-the-server]__1jlk8z1._.js:2:54347\n    at Object.with (/Users/ofir/kenyonexpress-autopilot/.next/server/chunks/[root-of-the-server]__1jlk8z1._.js:2:4124)\n    at S.with (/Users/ofir/kenyonexpress-autopilot/.next/server/chunks/[root-of-the-server]__1jlk8z1._.js:2:4450)\n    at G.startActiveSpan (/Users/ofir/kenyonexpress-autopilot/.next/server/chunks/[root-of-the-server]__1jlk8z1._.js:2:6806)\n    at H.startActiveSpan (/Users/ofir/kenyonexpress-autopilot/.next/server/chunks/[root-of-the-server]__1jlk8z1._.js:2:7045)\n    at e.runWithActiveSpan (/Users/ofir/kenyonexpress-autopilot/.next/server/chunks/[root-of-the-server]__1jlk8z1._.js:2:54324)\n    at /Users/ofir/kenyonexpress-autopilot/.next/server/chunks/[root-of-the-server]__1jlk8z1._.js:2:53577\n    at Object.with (/Users/ofir/kenyonexpress-autopilot/.next/server/chunks/[root-of-the-server]__1jlk8z1._.js:2:4124)\n    at S.with (/Users/ofir/kenyonexpress-autopilot/.next/server/chunks/[root-of-the-server]__1jlk8z1._.js:2:4450)\n    at e.trace (/Users/ofir/kenyonexpress-autopilot/.next/server/chunks/[root-of-the-server]__1jlk8z1._.js:2:53551)\n    at fetch (/Users/ofir/kenyonexpress-autopilot/.next/server/chunks/[root-of-the-server]__1jlk8z1._.js:2:84044)\n    at /Users/ofir/kenyonexpress-autopilot/.next/server/chun","digest":"HANGING_PROMISE_REJECTION"}}
{"ts":"2026-10-07T18:55:14.196Z","level":"warn","event":"stock.available_read_failed","request_id":null,"productId":"e299dd1a-ad3f-4585-adee-eb6e33c0f733","reason":"Error: During prerendering, fetch() rejects when the prerender is complete. Typically these errors are handled by React but if you move fetch() to a different context by using `setTimeout`, `after`, or similar functions you may observe this error and you should handle it in that context. This occurred at route \"/product/[slug]\"."}
{"ts":"2026-10-07T18:55:14.196Z","level":"error","event":"db.query_failed","request_id":null,"method":"GET","target":"products","duration_ms":0,"err":{"name":"Error","message":"During prerendering, fetch() rejects when the prerender is complete. Typically these errors are handled by React but if you move fetch() to a different context by using `setTimeout`, `after`, or similar functions you may observe this error and you should handle it in that context. This occurred at route \"/product/[slug]\".","stack":"Error: During prerendering, fetch() rejects when the prerender is complete. Typically these errors are handled by React but if you move fetch() to a different context by using `setTimeout`, `after`, or similar functions you may observe this error and you should handle it in that context. This occurred at route \"/product/[slug]\".\n    at eu (/Users/ofir/kenyonexpress-autopilot/.next/server/chunks/[root-of-the-server]__1jlk8z1._.js:2:58687)\n    at /Users/ofir/kenyonexpress-autopilot/.next/server/chunks/[root-of-the-server]__1jlk8z1._.js:2:87004\n    at /Users/ofir/kenyonexpress-autopilot/.next/server/chunks/[root-of-the-server]__1jlk8z1._.js:2:54057\n    at /Users/ofir/kenyonexpress-autopilot/.next/server/chunks/[root-of-the-server]__1jlk8z1._.js:2:54347\n    at Object.with (/Users/ofir/kenyonexpress-autopilot/.next/server/chunks/[root-of-the-server]__1jlk8z1._.js:2:4124)\n    at S.with (/Users/ofir/kenyonexpress-autopilot/.next/server/chunks/[root-of-the-server]__1jlk8z1._.js:2:4450)\n    at G.startActiveSpan (/Users/ofir/kenyonexpress-autopilot/.next/server/chunks/[root-of-the-server]__1jlk8z1._.js:2:6806)\n    at H.startActiveSpan (/Users/ofir/kenyonexpress-autopilot/.next/server/chunks/[root-of-the-server]__1jlk8z1._.js:2:7045)\n    at e.runWithActiveSpan (/Users/ofir/kenyonexpress-autopilot/.next/server/chunks/[root-of-the-server]__1jlk8z1._.js:2:54324)\n    at /Users/ofir/kenyonexpress-autopilot/.next/server/chunks/[root-of-the-server]__1jlk8z1._.js:2:53577\n    at Object.with (/Users/ofir/kenyonexpress-autopilot/.next/server/chunks/[root-of-the-server]__1jlk8z1._.js:2:4124)\n    at S.with (/Users/ofir/kenyonexpress-autopilot/.next/server/chunks/[root-of-the-server]__1jlk8z1._.js:2:4450)\n    at e.trace (/Users/ofir/kenyonexpress-autopilot/.next/server/chunks/[root-of-the-server]__1jlk8z1._.js:2:53551)\n    at fetch (/Users/ofir/kenyonexpress-autopilot/.next/server/chunks/[root-of-the-server]__1jlk8z1._.js:2:84044)\n    at /Users/ofir/kenyonexpress-autopilot/.next/server/chun","digest":"HANGING_PROMISE_REJECTION"}}
{"ts":"2026-10-07T18:55:14.196Z","level":"warn","event":"stock.available_read_failed","request_id":null,"productId":"74ac31dd-559b-4537-81a4-4023cb049153","reason":"Error: During prerendering, fetch() rejects when the prerender is complete. Typically these errors are handled by React but if you move fetch() to a different context by using `setTimeout`, `after`, or similar functions you may observe this error and you should handle it in that context. This occurred at route \"/product/[slug]\"."}
{"ts":"2026-10-07T18:55:14.197Z","level":"error","event":"db.query_failed","request_id":null,"method":"GET","target":"products","duration_ms":0,"err":{"name":"Error","message":"During prerendering, fetch() rejects when the prerender is complete. Typically these errors are handled by React but if you move fetch() to a different context by using `setTimeout`, `after`, or similar functions you may observe this error and you should handle it in that context. This occurred at route \"/product/[slug]\".","stack":"Error: During prerendering, fetch() rejects when the prerender is complete. Typically these errors are handled by React but if you move fetch() to a different context by using `setTimeout`, `after`, or similar functions you may observe this error and you should handle it in that context. This occurred at route \"/product/[slug]\".\n    at eu (/Users/ofir/kenyonexpress-autopilot/.next/server/chunks/[root-of-the-server]__1jlk8z1._.js:2:58687)\n    at /Users/ofir/kenyonexpress-autopilot/.next/server/chunks/[root-of-the-server]__1jlk8z1._.js:2:87004\n    at /Users/ofir/kenyonexpress-autopilot/.next/server/chunks/[root-of-the-server]__1jlk8z1._.js:2:54057\n    at /Users/ofir/kenyonexpress-autopilot/.next/server/chunks/[root-of-the-server]__1jlk8z1._.js:2:54347\n    at Object.with (/Users/ofir/kenyonexpress-autopilot/.next/server/chunks/[root-of-the-server]__1jlk8z1._.js:2:4124)\n    at S.with (/Users/ofir/kenyonexpress-autopilot/.next/server/chunks/[root-of-the-server]__1jlk8z1._.js:2:4450)\n    at G.startActiveSpan (/Users/ofir/kenyonexpress-autopilot/.next/server/chunks/[root-of-the-server]__1jlk8z1._.js:2:6806)\n    at H.startActiveSpan (/Users/ofir/kenyonexpress-autopilot/.next/server/chunks/[root-of-the-server]__1jlk8z1._.js:2:7045)\n    at e.runWithActiveSpan (/Users/ofir/kenyonexpress-autopilot/.next/server/chunks/[root-of-the-server]__1jlk8z1._.js:2:54324)\n    at /Users/ofir/kenyonexpress-autopilot/.next/server/chunks/[root-of-the-server]__1jlk8z1._.js:2:53577\n    at Object.with (/Users/ofir/kenyonexpress-autopilot/.next/server/chunks/[root-of-the-server]__1jlk8z1._.js:2:4124)\n    at S.with (/Users/ofir/kenyonexpress-autopilot/.next/server/chunks/[root-of-the-server]__1jlk8z1._.js:2:4450)\n    at e.trace (/Users/ofir/kenyonexpress-autopilot/.next/server/chunks/[root-of-the-server]__1jlk8z1._.js:2:53551)\n    at fetch (/Users/ofir/kenyonexpress-autopilot/.next/server/chunks/[root-of-the-server]__1jlk8z1._.js:2:84044)\n    at /Users/ofir/kenyonexpress-autopilot/.next/server/chun","digest":"HANGING_PROMISE_REJECTION"}}
{"ts":"2026-10-07T18:55:14.197Z","level":"warn","event":"stock.available_read_failed","request_id":null,"productId":"74ac31dd-559b-4537-81a4-4023cb049153","reason":"Error: During prerendering, fetch() rejects when the prerender is complete. Typically these errors are handled by React but if you move fetch() to a different context by using `setTimeout`, `after`, or similar functions you may observe this error and you should handle it in that context. This occurred at route \"/product/[slug]\"."}
{"ts":"2026-10-07T18:55:14.739Z","level":"warn","event":"db.query_slow","request_id":null,"method":"GET","target":"products","status":200,"duration_ms":447,"threshold_ms":300}
{"ts":"2026-10-07T18:55:14.743Z","level":"warn","event":"db.query_slow","request_id":null,"method":"POST","target":"rpc:product_rating_summary","status":404,"duration_ms":439,"threshold_ms":300}
{"ts":"2026-10-07T18:55:14.781Z","level":"warn","event":"db.query_slow","request_id":null,"method":"GET","target":"products","status":200,"duration_ms":487,"threshold_ms":300}
{"ts":"2026-10-07T18:55:14.946Z","level":"warn","event":"db.query_slow","request_id":null,"method":"GET","target":"product_variants","status":200,"duration_ms":397,"threshold_ms":300}
{"ts":"2026-10-07T18:55:14.947Z","level":"warn","event":"db.query_slow","request_id":null,"method":"POST","target":"rpc:product_rating_summary","status":404,"duration_ms":397,"threshold_ms":300}
{"ts":"2026-10-07T18:55:14.948Z","level":"warn","event":"db.query_slow","request_id":null,"method":"GET","target":"products","status":200,"duration_ms":398,"threshold_ms":300}
{"ts":"2026-10-07T18:55:14.949Z","level":"warn","event":"db.query_slow","request_id":null,"method":"POST","target":"rpc:product_rating_summary","status":404,"duration_ms":382,"threshold_ms":300}
{"ts":"2026-10-07T18:55:14.954Z","level":"warn","event":"db.query_slow","request_id":null,"method":"GET","target":"products","status":200,"duration_ms":396,"threshold_ms":300}
{"ts":"2026-10-07T18:55:14.956Z","level":"warn","event":"db.query_slow","request_id":null,"method":"GET","target":"products","status":200,"duration_ms":389,"threshold_ms":300}
{"ts":"2026-10-07T18:55:14.956Z","level":"error","event":"db.query_failed","request_id":null,"method":"POST","target":"rpc:available_stock","duration_ms":398,"err":{"name":"Error","message":"During prerendering, fetch() rejects when the prerender is complete. Typically these errors are handled by React but if you move fetch() to a different context by using `setTimeout`, `after`, or similar functions you may observe this error and you should handle it in that context. This occurred at route \"/product/[slug]\".","stack":"Error: During prerendering, fetch() rejects when the prerender is complete. Typically these errors are handled by React but if you move fetch() to a different context by using `setTimeout`, `after`, or similar functions you may observe this error and you should handle it in that context. This occurred at route \"/product/[slug]\".\n    at eu (/Users/ofir/kenyonexpress-autopilot/.next/server/chunks/[root-of-the-server]__1jlk8z1._.js:2:58687)\n    at /Users/ofir/kenyonexpress-autopilot/.next/server/chunks/[root-of-the-server]__1jlk8z1._.js:2:87004\n    at /Users/ofir/kenyonexpress-autopilot/.next/server/chunks/[root-of-the-server]__1jlk8z1._.js:2:54057\n    at /Users/ofir/kenyonexpress-autopilot/.next/server/chunks/[root-of-the-server]__1jlk8z1._.js:2:54347\n    at Object.with (/Users/ofir/kenyonexpress-autopilot/.next/server/chunks/[root-of-the-server]__1jlk8z1._.js:2:4124)\n    at S.with (/Users/ofir/kenyonexpress-autopilot/.next/server/chunks/[root-of-the-server]__1jlk8z1._.js:2:4450)\n    at G.startActiveSpan (/Users/ofir/kenyonexpress-autopilot/.next/server/chunks/[root-of-the-server]__1jlk8z1._.js:2:6806)\n    at H.startActiveSpan (/Users/ofir/kenyonexpress-autopilot/.next/server/chunks/[root-of-the-server]__1jlk8z1._.js:2:7045)\n    at e.runWithActiveSpan (/Users/ofir/kenyonexpress-autopilot/.next/server/chunks/[root-of-the-server]__1jlk8z1._.js:2:54324)\n    at /Users/ofir/kenyonexpress-autopilot/.next/server/chunks/[root-of-the-server]__1jlk8z1._.js:2:53577\n    at Object.with (/Users/ofir/kenyonexpress-autopilot/.next/server/chunks/[root-of-the-server]__1jlk8z1._.js:2:4124)\n    at S.with (/Users/ofir/kenyonexpress-autopilot/.next/server/chunks/[root-of-the-server]__1jlk8z1._.js:2:4450)\n    at e.trace (/Users/ofir/kenyonexpress-autopilot/.next/server/chunks/[root-of-the-server]__1jlk8z1._.js:2:53551)\n    at fetch (/Users/ofir/kenyonexpress-autopilot/.next/server/chunks/[root-of-the-server]__1jlk8z1._.js:2:84044)\n    at /Users/ofir/kenyonexpress-autopilot/.next/server/chun","digest":"HANGING_PROMISE_REJECTION"}}
{"ts":"2026-10-07T18:55:14.957Z","level":"error","event":"db.query_failed","request_id":null,"method":"GET","target":"products","duration_ms":398,"err":{"name":"Error","message":"During prerendering, fetch() rejects when the prerender is complete. Typically these errors are handled by React but if you move fetch() to a different context by using `setTimeout`, `after`, or similar functions you may observe this error and you should handle it in that context. This occurred at route \"/product/[slug]\".","stack":"Error: During prerendering, fetch() rejects when the prerender is complete. Typically these errors are handled by React but if you move fetch() to a different context by using `setTimeout`, `after`, or similar functions you may observe this error and you should handle it in that context. This occurred at route \"/product/[slug]\".\n    at eu (/Users/ofir/kenyonexpress-autopilot/.next/server/chunks/[root-of-the-server]__1jlk8z1._.js:2:58687)\n    at /Users/ofir/kenyonexpress-autopilot/.next/server/chunks/[root-of-the-server]__1jlk8z1._.js:2:87004\n    at /Users/ofir/kenyonexpress-autopilot/.next/server/chunks/[root-of-the-server]__1jlk8z1._.js:2:54057\n    at /Users/ofir/kenyonexpress-autopilot/.next/server/chunks/[root-of-the-server]__1jlk8z1._.js:2:54347\n    at Object.with (/Users/ofir/kenyonexpress-autopilot/.next/server/chunks/[root-of-the-server]__1jlk8z1._.js:2:4124)\n    at S.with (/Users/ofir/kenyonexpress-autopilot/.next/server/chunks/[root-of-the-server]__1jlk8z1._.js:2:4450)\n    at G.startActiveSpan (/Users/ofir/kenyonexpress-autopilot/.next/server/chunks/[root-of-the-server]__1jlk8z1._.js:2:6806)\n    at H.startActiveSpan (/Users/ofir/kenyonexpress-autopilot/.next/server/chunks/[root-of-the-server]__1jlk8z1._.js:2:7045)\n    at e.runWithActiveSpan (/Users/ofir/kenyonexpress-autopilot/.next/server/chunks/[root-of-the-server]__1jlk8z1._.js:2:54324)\n    at /Users/ofir/kenyonexpress-autopilot/.next/server/chunks/[root-of-the-server]__1jlk8z1._.js:2:53577\n    at Object.with (/Users/ofir/kenyonexpress-autopilot/.next/server/chunks/[root-of-the-server]__1jlk8z1._.js:2:4124)\n    at S.with (/Users/ofir/kenyonexpress-autopilot/.next/server/chunks/[root-of-the-server]__1jlk8z1._.js:2:4450)\n    at e.trace (/Users/ofir/kenyonexpress-autopilot/.next/server/chunks/[root-of-the-server]__1jlk8z1._.js:2:53551)\n    at fetch (/Users/ofir/kenyonexpress-autopilot/.next/server/chunks/[root-of-the-server]__1jlk8z1._.js:2:84044)\n    at /Users/ofir/kenyonexpress-autopilot/.next/server/chun","digest":"HANGING_PROMISE_REJECTION"}}
{"ts":"2026-10-07T18:55:14.972Z","level":"error","event":"db.query_failed","request_id":null,"method":"POST","target":"rpc:available_stock","duration_ms":1,"err":{"name":"Error","message":"During prerendering, fetch() rejects when the prerender is complete. Typically these errors are handled by React but if you move fetch() to a different context by using `setTimeout`, `after`, or similar functions you may observe this error and you should handle it in that context. This occurred at route \"/product/[slug]\".","stack":"Error: During prerendering, fetch() rejects when the prerender is complete. Typically these errors are handled by React but if you move fetch() to a different context by using `setTimeout`, `after`, or similar functions you may observe this error and you should handle it in that context. This occurred at route \"/product/[slug]\".\n    at eu (/Users/ofir/kenyonexpress-autopilot/.next/server/chunks/[root-of-the-server]__1jlk8z1._.js:2:58687)\n    at /Users/ofir/kenyonexpress-autopilot/.next/server/chunks/[root-of-the-server]__1jlk8z1._.js:2:87004\n    at /Users/ofir/kenyonexpress-autopilot/.next/server/chunks/[root-of-the-server]__1jlk8z1._.js:2:54057\n    at /Users/ofir/kenyonexpress-autopilot/.next/server/chunks/[root-of-the-server]__1jlk8z1._.js:2:54347\n    at Object.with (/Users/ofir/kenyonexpress-autopilot/.next/server/chunks/[root-of-the-server]__1jlk8z1._.js:2:4124)\n    at S.with (/Users/ofir/kenyonexpress-autopilot/.next/server/chunks/[root-of-the-server]__1jlk8z1._.js:2:4450)\n    at G.startActiveSpan (/Users/ofir/kenyonexpress-autopilot/.next/server/chunks/[root-of-the-server]__1jlk8z1._.js:2:6806)\n    at H.startActiveSpan (/Users/ofir/kenyonexpress-autopilot/.next/server/chunks/[root-of-the-server]__1jlk8z1._.js:2:7045)\n    at e.runWithActiveSpan (/Users/ofir/kenyonexpress-autopilot/.next/server/chunks/[root-of-the-server]__1jlk8z1._.js:2:54324)\n    at /Users/ofir/kenyonexpress-autopilot/.next/server/chunks/[root-of-the-server]__1jlk8z1._.js:2:53577\n    at Object.with (/Users/ofir/kenyonexpress-autopilot/.next/server/chunks/[root-of-the-server]__1jlk8z1._.js:2:4124)\n    at S.with (/Users/ofir/kenyonexpress-autopilot/.next/server/chunks/[root-of-the-server]__1jlk8z1._.js:2:4450)\n    at e.trace (/Users/ofir/kenyonexpress-autopilot/.next/server/chunks/[root-of-the-server]__1jlk8z1._.js:2:53551)\n    at fetch (/Users/ofir/kenyonexpress-autopilot/.next/server/chunks/[root-of-the-server]__1jlk8z1._.js:2:84044)\n    at /Users/ofir/kenyonexpress-autopilot/.next/server/chun","digest":"HANGING_PROMISE_REJECTION"}}
{"ts":"2026-10-07T18:55:14.972Z","level":"error","event":"db.query_failed","request_id":null,"method":"GET","target":"products","duration_ms":1,"err":{"name":"Error","message":"During prerendering, fetch() rejects when the prerender is complete. Typically these errors are handled by React but if you move fetch() to a different context by using `setTimeout`, `after`, or similar functions you may observe this error and you should handle it in that context. This occurred at route \"/product/[slug]\".","stack":"Error: During prerendering, fetch() rejects when the prerender is complete. Typically these errors are handled by React but if you move fetch() to a different context by using `setTimeout`, `after`, or similar functions you may observe this error and you should handle it in that context. This occurred at route \"/product/[slug]\".\n    at eu (/Users/ofir/kenyonexpress-autopilot/.next/server/chunks/[root-of-the-server]__1jlk8z1._.js:2:58687)\n    at /Users/ofir/kenyonexpress-autopilot/.next/server/chunks/[root-of-the-server]__1jlk8z1._.js:2:87004\n    at /Users/ofir/kenyonexpress-autopilot/.next/server/chunks/[root-of-the-server]__1jlk8z1._.js:2:54057\n    at /Users/ofir/kenyonexpress-autopilot/.next/server/chunks/[root-of-the-server]__1jlk8z1._.js:2:54347\n    at Object.with (/Users/ofir/kenyonexpress-autopilot/.next/server/chunks/[root-of-the-server]__1jlk8z1._.js:2:4124)\n    at S.with (/Users/ofir/kenyonexpress-autopilot/.next/server/chunks/[root-of-the-server]__1jlk8z1._.js:2:4450)\n    at G.startActiveSpan (/Users/ofir/kenyonexpress-autopilot/.next/server/chunks/[root-of-the-server]__1jlk8z1._.js:2:6806)\n    at H.startActiveSpan (/Users/ofir/kenyonexpress-autopilot/.next/server/chunks/[root-of-the-server]__1jlk8z1._.js:2:7045)\n    at e.runWithActiveSpan (/Users/ofir/kenyonexpress-autopilot/.next/server/chunks/[root-of-the-server]__1jlk8z1._.js:2:54324)\n    at /Users/ofir/kenyonexpress-autopilot/.next/server/chunks/[root-of-the-server]__1jlk8z1._.js:2:53577\n    at Object.with (/Users/ofir/kenyonexpress-autopilot/.next/server/chunks/[root-of-the-server]__1jlk8z1._.js:2:4124)\n    at S.with (/Users/ofir/kenyonexpress-autopilot/.next/server/chunks/[root-of-the-server]__1jlk8z1._.js:2:4450)\n    at e.trace (/Users/ofir/kenyonexpress-autopilot/.next/server/chunks/[root-of-the-server]__1jlk8z1._.js:2:53551)\n    at fetch (/Users/ofir/kenyonexpress-autopilot/.next/server/chunks/[root-of-the-server]__1jlk8z1._.js:2:84044)\n    at /Users/ofir/kenyonexpress-autopilot/.next/server/chun","digest":"HANGING_PROMISE_REJECTION"}}
{"ts":"2026-10-07T18:55:14.977Z","level":"warn","event":"db.query_slow","request_id":null,"method":"GET","target":"media_assets","status":200,"duration_ms":427,"threshold_ms":300}
{"ts":"2026-10-07T18:55:14.980Z","level":"warn","event":"db.query_slow","request_id":null,"method":"GET","target":"products","status":200,"duration_ms":397,"threshold_ms":300}
{"ts":"2026-10-07T18:55:14.980Z","level":"warn","event":"db.query_slow","request_id":null,"method":"GET","target":"product_variants","status":200,"duration_ms":397,"threshold_ms":300}
{"ts":"2026-10-07T18:55:14.981Z","level":"warn","event":"db.query_slow","request_id":null,"method":"POST","target":"rpc:product_rating_summary","status":404,"duration_ms":398,"threshold_ms":300}
{"ts":"2026-10-07T18:55:14.982Z","level":"warn","event":"db.query_slow","request_id":null,"method":"GET","target":"media_assets","status":200,"duration_ms":399,"threshold_ms":300}
{"ts":"2026-10-07T18:55:14.983Z","level":"warn","event":"db.query_slow","request_id":null,"method":"GET","target":"products","status":200,"duration_ms":405,"threshold_ms":300}
{"ts":"2026-10-07T18:55:14.989Z","level":"error","event":"db.query_failed","request_id":null,"method":"POST","target":"rpc:available_stock","duration_ms":13,"err":{"name":"Error","message":"During prerendering, fetch() rejects when the prerender is complete. Typically these errors are handled by React but if you move fetch() to a different context by using `setTimeout`, `after`, or similar functions you may observe this error and you should handle it in that context. This occurred at route \"/product/[slug]\".","stack":"Error: During prerendering, fetch() rejects when the prerender is complete. Typically these errors are handled by React but if you move fetch() to a different context by using `setTimeout`, `after`, or similar functions you may observe this error and you should handle it in that context. This occurred at route \"/product/[slug]\".\n    at eu (/Users/ofir/kenyonexpress-autopilot/.next/server/chunks/[root-of-the-server]__1jlk8z1._.js:2:58687)\n    at /Users/ofir/kenyonexpress-autopilot/.next/server/chunks/[root-of-the-server]__1jlk8z1._.js:2:87004\n    at /Users/ofir/kenyonexpress-autopilot/.next/server/chunks/[root-of-the-server]__1jlk8z1._.js:2:54057\n    at /Users/ofir/kenyonexpress-autopilot/.next/server/chunks/[root-of-the-server]__1jlk8z1._.js:2:54347\n    at Object.with (/Users/ofir/kenyonexpress-autopilot/.next/server/chunks/[root-of-the-server]__1jlk8z1._.js:2:4124)\n    at S.with (/Users/ofir/kenyonexpress-autopilot/.next/server/chunks/[root-of-the-server]__1jlk8z1._.js:2:4450)\n    at G.startActiveSpan (/Users/ofir/kenyonexpress-autopilot/.next/server/chunks/[root-of-the-server]__1jlk8z1._.js:2:6806)\n    at H.startActiveSpan (/Users/ofir/kenyonexpress-autopilot/.next/server/chunks/[root-of-the-server]__1jlk8z1._.js:2:7045)\n    at e.runWithActiveSpan (/Users/ofir/kenyonexpress-autopilot/.next/server/chunks/[root-of-the-server]__1jlk8z1._.js:2:54324)\n    at /Users/ofir/kenyonexpress-autopilot/.next/server/chunks/[root-of-the-server]__1jlk8z1._.js:2:53577\n    at Object.with (/Users/ofir/kenyonexpress-autopilot/.next/server/chunks/[root-of-the-server]__1jlk8z1._.js:2:4124)\n    at S.with (/Users/ofir/kenyonexpress-autopilot/.next/server/chunks/[root-of-the-server]__1jlk8z1._.js:2:4450)\n    at e.trace (/Users/ofir/kenyonexpress-autopilot/.next/server/chunks/[root-of-the-server]__1jlk8z1._.js:2:53551)\n    at fetch (/Users/ofir/kenyonexpress-autopilot/.next/server/chunks/[root-of-the-server]__1jlk8z1._.js:2:84044)\n    at /Users/ofir/kenyonexpress-autopilot/.next/server/chun","digest":"HANGING_PROMISE_REJECTION"}}
{"ts":"2026-10-07T18:55:14.989Z","level":"error","event":"db.query_failed","request_id":null,"method":"GET","target":"products","duration_ms":13,"err":{"name":"Error","message":"During prerendering, fetch() rejects when the prerender is complete. Typically these errors are handled by React but if you move fetch() to a different context by using `setTimeout`, `after`, or similar functions you may observe this error and you should handle it in that context. This occurred at route \"/product/[slug]\".","stack":"Error: During prerendering, fetch() rejects when the prerender is complete. Typically these errors are handled by React but if you move fetch() to a different context by using `setTimeout`, `after`, or similar functions you may observe this error and you should handle it in that context. This occurred at route \"/product/[slug]\".\n    at eu (/Users/ofir/kenyonexpress-autopilot/.next/server/chunks/[root-of-the-server]__1jlk8z1._.js:2:58687)\n    at /Users/ofir/kenyonexpress-autopilot/.next/server/chunks/[root-of-the-server]__1jlk8z1._.js:2:87004\n    at /Users/ofir/kenyonexpress-autopilot/.next/server/chunks/[root-of-the-server]__1jlk8z1._.js:2:54057\n    at /Users/ofir/kenyonexpress-autopilot/.next/server/chunks/[root-of-the-server]__1jlk8z1._.js:2:54347\n    at Object.with (/Users/ofir/kenyonexpress-autopilot/.next/server/chunks/[root-of-the-server]__1jlk8z1._.js:2:4124)\n    at S.with (/Users/ofir/kenyonexpress-autopilot/.next/server/chunks/[root-of-the-server]__1jlk8z1._.js:2:4450)\n    at G.startActiveSpan (/Users/ofir/kenyonexpress-autopilot/.next/server/chunks/[root-of-the-server]__1jlk8z1._.js:2:6806)\n    at H.startActiveSpan (/Users/ofir/kenyonexpress-autopilot/.next/server/chunks/[root-of-the-server]__1jlk8z1._.js:2:7045)\n    at e.runWithActiveSpan (/Users/ofir/kenyonexpress-autopilot/.next/server/chunks/[root-of-the-server]__1jlk8z1._.js:2:54324)\n    at /Users/ofir/kenyonexpress-autopilot/.next/server/chunks/[root-of-the-server]__1jlk8z1._.js:2:53577\n    at Object.with (/Users/ofir/kenyonexpress-autopilot/.next/server/chunks/[root-of-the-server]__1jlk8z1._.js:2:4124)\n    at S.with (/Users/ofir/kenyonexpress-autopilot/.next/server/chunks/[root-of-the-server]__1jlk8z1._.js:2:4450)\n    at e.trace (/Users/ofir/kenyonexpress-autopilot/.next/server/chunks/[root-of-the-server]__1jlk8z1._.js:2:53551)\n    at fetch (/Users/ofir/kenyonexpress-autopilot/.next/server/chunks/[root-of-the-server]__1jlk8z1._.js:2:84044)\n    at /Users/ofir/kenyonexpress-autopilot/.next/server/chun","digest":"HANGING_PROMISE_REJECTION"}}
{"ts":"2026-10-07T18:55:14.998Z","level":"error","event":"db.query_failed","request_id":null,"method":"POST","target":"rpc:available_stock","duration_ms":421,"err":{"name":"Error","message":"During prerendering, fetch() rejects when the prerender is complete. Typically these errors are handled by React but if you move fetch() to a different context by using `setTimeout`, `after`, or similar functions you may observe this error and you should handle it in that context. This occurred at route \"/product/[slug]\".","stack":"Error: During prerendering, fetch() rejects when the prerender is complete. Typically these errors are handled by React but if you move fetch() to a different context by using `setTimeout`, `after`, or similar functions you may observe this error and you should handle it in that context. This occurred at route \"/product/[slug]\".\n    at eu (/Users/ofir/kenyonexpress-autopilot/.next/server/chunks/[root-of-the-server]__1jlk8z1._.js:2:58687)\n    at /Users/ofir/kenyonexpress-autopilot/.next/server/chunks/[root-of-the-server]__1jlk8z1._.js:2:87004\n    at /Users/ofir/kenyonexpress-autopilot/.next/server/chunks/[root-of-the-server]__1jlk8z1._.js:2:54057\n    at /Users/ofir/kenyonexpress-autopilot/.next/server/chunks/[root-of-the-server]__1jlk8z1._.js:2:54347\n    at Object.with (/Users/ofir/kenyonexpress-autopilot/.next/server/chunks/[root-of-the-server]__1jlk8z1._.js:2:4124)\n    at S.with (/Users/ofir/kenyonexpress-autopilot/.next/server/chunks/[root-of-the-server]__1jlk8z1._.js:2:4450)\n    at G.startActiveSpan (/Users/ofir/kenyonexpress-autopilot/.next/server/chunks/[root-of-the-server]__1jlk8z1._.js:2:6806)\n    at H.startActiveSpan (/Users/ofir/kenyonexpress-autopilot/.next/server/chunks/[root-of-the-server]__1jlk8z1._.js:2:7045)\n    at e.runWithActiveSpan (/Users/ofir/kenyonexpress-autopilot/.next/server/chunks/[root-of-the-server]__1jlk8z1._.js:2:54324)\n    at /Users/ofir/kenyonexpress-autopilot/.next/server/chunks/[root-of-the-server]__1jlk8z1._.js:2:53577\n    at Object.with (/Users/ofir/kenyonexpress-autopilot/.next/server/chunks/[root-of-the-server]__1jlk8z1._.js:2:4124)\n    at S.with (/Users/ofir/kenyonexpress-autopilot/.next/server/chunks/[root-of-the-server]__1jlk8z1._.js:2:4450)\n    at e.trace (/Users/ofir/kenyonexpress-autopilot/.next/server/chunks/[root-of-the-server]__1jlk8z1._.js:2:53551)\n    at fetch (/Users/ofir/kenyonexpress-autopilot/.next/server/chunks/[root-of-the-server]__1jlk8z1._.js:2:84044)\n    at /Users/ofir/kenyonexpress-autopilot/.next/server/chun","digest":"HANGING_PROMISE_REJECTION"}}
{"ts":"2026-10-07T18:55:14.998Z","level":"error","event":"db.query_failed","request_id":null,"method":"GET","target":"products","duration_ms":421,"err":{"name":"Error","message":"During prerendering, fetch() rejects when the prerender is complete. Typically these errors are handled by React but if you move fetch() to a different context by using `setTimeout`, `after`, or similar functions you may observe this error and you should handle it in that context. This occurred at route \"/product/[slug]\".","stack":"Error: During prerendering, fetch() rejects when the prerender is complete. Typically these errors are handled by React but if you move fetch() to a different context by using `setTimeout`, `after`, or similar functions you may observe this error and you should handle it in that context. This occurred at route \"/product/[slug]\".\n    at eu (/Users/ofir/kenyonexpress-autopilot/.next/server/chunks/[root-of-the-server]__1jlk8z1._.js:2:58687)\n    at /Users/ofir/kenyonexpress-autopilot/.next/server/chunks/[root-of-the-server]__1jlk8z1._.js:2:87004\n    at /Users/ofir/kenyonexpress-autopilot/.next/server/chunks/[root-of-the-server]__1jlk8z1._.js:2:54057\n    at /Users/ofir/kenyonexpress-autopilot/.next/server/chunks/[root-of-the-server]__1jlk8z1._.js:2:54347\n    at Object.with (/Users/ofir/kenyonexpress-autopilot/.next/server/chunks/[root-of-the-server]__1jlk8z1._.js:2:4124)\n    at S.with (/Users/ofir/kenyonexpress-autopilot/.next/server/chunks/[root-of-the-server]__1jlk8z1._.js:2:4450)\n    at G.startActiveSpan (/Users/ofir/kenyonexpress-autopilot/.next/server/chunks/[root-of-the-server]__1jlk8z1._.js:2:6806)\n    at H.startActiveSpan (/Users/ofir/kenyonexpress-autopilot/.next/server/chunks/[root-of-the-server]__1jlk8z1._.js:2:7045)\n    at e.runWithActiveSpan (/Users/ofir/kenyonexpress-autopilot/.next/server/chunks/[root-of-the-server]__1jlk8z1._.js:2:54324)\n    at /Users/ofir/kenyonexpress-autopilot/.next/server/chunks/[root-of-the-server]__1jlk8z1._.js:2:53577\n    at Object.with (/Users/ofir/kenyonexpress-autopilot/.next/server/chunks/[root-of-the-server]__1jlk8z1._.js:2:4124)\n    at S.with (/Users/ofir/kenyonexpress-autopilot/.next/server/chunks/[root-of-the-server]__1jlk8z1._.js:2:4450)\n    at e.trace (/Users/ofir/kenyonexpress-autopilot/.next/server/chunks/[root-of-the-server]__1jlk8z1._.js:2:53551)\n    at fetch (/Users/ofir/kenyonexpress-autopilot/.next/server/chunks/[root-of-the-server]__1jlk8z1._.js:2:84044)\n    at /Users/ofir/kenyonexpress-autopilot/.next/server/chun","digest":"HANGING_PROMISE_REJECTION"}}
{"ts":"2026-10-07T18:55:15.007Z","level":"error","event":"db.query_failed","request_id":null,"method":"POST","target":"rpc:available_stock","duration_ms":1,"err":{"name":"Error","message":"During prerendering, fetch() rejects when the prerender is complete. Typically these errors are handled by React but if you move fetch() to a different context by using `setTimeout`, `after`, or similar functions you may observe this error and you should handle it in that context. This occurred at route \"/product/[slug]\".","stack":"Error: During prerendering, fetch() rejects when the prerender is complete. Typically these errors are handled by React but if you move fetch() to a different context by using `setTimeout`, `after`, or similar functions you may observe this error and you should handle it in that context. This occurred at route \"/product/[slug]\".\n    at eu (/Users/ofir/kenyonexpress-autopilot/.next/server/chunks/[root-of-the-server]__1jlk8z1._.js:2:58687)\n    at /Users/ofir/kenyonexpress-autopilot/.next/server/chunks/[root-of-the-server]__1jlk8z1._.js:2:87004\n    at /Users/ofir/kenyonexpress-autopilot/.next/server/chunks/[root-of-the-server]__1jlk8z1._.js:2:54057\n    at /Users/ofir/kenyonexpress-autopilot/.next/server/chunks/[root-of-the-server]__1jlk8z1._.js:2:54347\n    at Object.with (/Users/ofir/kenyonexpress-autopilot/.next/server/chunks/[root-of-the-server]__1jlk8z1._.js:2:4124)\n    at S.with (/Users/ofir/kenyonexpress-autopilot/.next/server/chunks/[root-of-the-server]__1jlk8z1._.js:2:4450)\n    at G.startActiveSpan (/Users/ofir/kenyonexpress-autopilot/.next/server/chunks/[root-of-the-server]__1jlk8z1._.js:2:6806)\n    at H.startActiveSpan (/Users/ofir/kenyonexpress-autopilot/.next/server/chunks/[root-of-the-server]__1jlk8z1._.js:2:7045)\n    at e.runWithActiveSpan (/Users/ofir/kenyonexpress-autopilot/.next/server/chunks/[root-of-the-server]__1jlk8z1._.js:2:54324)\n    at /Users/ofir/kenyonexpress-autopilot/.next/server/chunks/[root-of-the-server]__1jlk8z1._.js:2:53577\n    at Object.with (/Users/ofir/kenyonexpress-autopilot/.next/server/chunks/[root-of-the-server]__1jlk8z1._.js:2:4124)\n    at S.with (/Users/ofir/kenyonexpress-autopilot/.next/server/chunks/[root-of-the-server]__1jlk8z1._.js:2:4450)\n    at e.trace (/Users/ofir/kenyonexpress-autopilot/.next/server/chunks/[root-of-the-server]__1jlk8z1._.js:2:53551)\n    at fetch (/Users/ofir/kenyonexpress-autopilot/.next/server/chunks/[root-of-the-server]__1jlk8z1._.js:2:84044)\n    at /Users/ofir/kenyonexpress-autopilot/.next/server/chun","digest":"HANGING_PROMISE_REJECTION"}}
{"ts":"2026-10-07T18:55:15.007Z","level":"error","event":"db.query_failed","request_id":null,"method":"GET","target":"products","duration_ms":1,"err":{"name":"Error","message":"During prerendering, fetch() rejects when the prerender is complete. Typically these errors are handled by React but if you move fetch() to a different context by using `setTimeout`, `after`, or similar functions you may observe this error and you should handle it in that context. This occurred at route \"/product/[slug]\".","stack":"Error: During prerendering, fetch() rejects when the prerender is complete. Typically these errors are handled by React but if you move fetch() to a different context by using `setTimeout`, `after`, or similar functions you may observe this error and you should handle it in that context. This occurred at route \"/product/[slug]\".\n    at eu (/Users/ofir/kenyonexpress-autopilot/.next/server/chunks/[root-of-the-server]__1jlk8z1._.js:2:58687)\n    at /Users/ofir/kenyonexpress-autopilot/.next/server/chunks/[root-of-the-server]__1jlk8z1._.js:2:87004\n    at /Users/ofir/kenyonexpress-autopilot/.next/server/chunks/[root-of-the-server]__1jlk8z1._.js:2:54057\n    at /Users/ofir/kenyonexpress-autopilot/.next/server/chunks/[root-of-the-server]__1jlk8z1._.js:2:54347\n    at Object.with (/Users/ofir/kenyonexpress-autopilot/.next/server/chunks/[root-of-the-server]__1jlk8z1._.js:2:4124)\n    at S.with (/Users/ofir/kenyonexpress-autopilot/.next/server/chunks/[root-of-the-server]__1jlk8z1._.js:2:4450)\n    at G.startActiveSpan (/Users/ofir/kenyonexpress-autopilot/.next/server/chunks/[root-of-the-server]__1jlk8z1._.js:2:6806)\n    at H.startActiveSpan (/Users/ofir/kenyonexpress-autopilot/.next/server/chunks/[root-of-the-server]__1jlk8z1._.js:2:7045)\n    at e.runWithActiveSpan (/Users/ofir/kenyonexpress-autopilot/.next/server/chunks/[root-of-the-server]__1jlk8z1._.js:2:54324)\n    at /Users/ofir/kenyonexpress-autopilot/.next/server/chunks/[root-of-the-server]__1jlk8z1._.js:2:53577\n    at Object.with (/Users/ofir/kenyonexpress-autopilot/.next/server/chunks/[root-of-the-server]__1jlk8z1._.js:2:4124)\n    at S.with (/Users/ofir/kenyonexpress-autopilot/.next/server/chunks/[root-of-the-server]__1jlk8z1._.js:2:4450)\n    at e.trace (/Users/ofir/kenyonexpress-autopilot/.next/server/chunks/[root-of-the-server]__1jlk8z1._.js:2:53551)\n    at fetch (/Users/ofir/kenyonexpress-autopilot/.next/server/chunks/[root-of-the-server]__1jlk8z1._.js:2:84044)\n    at /Users/ofir/kenyonexpress-autopilot/.next/server/chun","digest":"HANGING_PROMISE_REJECTION"}}
{"ts":"2026-10-07T18:55:15.019Z","level":"error","event":"db.query_failed","request_id":null,"method":"POST","target":"rpc:available_stock","duration_ms":0,"err":{"name":"Error","message":"During prerendering, fetch() rejects when the prerender is complete. Typically these errors are handled by React but if you move fetch() to a different context by using `setTimeout`, `after`, or similar functions you may observe this error and you should handle it in that context. This occurred at route \"/product/[slug]\".","stack":"Error: During prerendering, fetch() rejects when the prerender is complete. Typically these errors are handled by React but if you move fetch() to a different context by using `setTimeout`, `after`, or similar functions you may observe this error and you should handle it in that context. This occurred at route \"/product/[slug]\".\n    at eu (/Users/ofir/kenyonexpress-autopilot/.next/server/chunks/[root-of-the-server]__1jlk8z1._.js:2:58687)\n    at /Users/ofir/kenyonexpress-autopilot/.next/server/chunks/[root-of-the-server]__1jlk8z1._.js:2:87004\n    at /Users/ofir/kenyonexpress-autopilot/.next/server/chunks/[root-of-the-server]__1jlk8z1._.js:2:54057\n    at /Users/ofir/kenyonexpress-autopilot/.next/server/chunks/[root-of-the-server]__1jlk8z1._.js:2:54347\n    at Object.with (/Users/ofir/kenyonexpress-autopilot/.next/server/chunks/[root-of-the-server]__1jlk8z1._.js:2:4124)\n    at S.with (/Users/ofir/kenyonexpress-autopilot/.next/server/chunks/[root-of-the-server]__1jlk8z1._.js:2:4450)\n    at G.startActiveSpan (/Users/ofir/kenyonexpress-autopilot/.next/server/chunks/[root-of-the-server]__1jlk8z1._.js:2:6806)\n    at H.startActiveSpan (/Users/ofir/kenyonexpress-autopilot/.next/server/chunks/[root-of-the-server]__1jlk8z1._.js:2:7045)\n    at e.runWithActiveSpan (/Users/ofir/kenyonexpress-autopilot/.next/server/chunks/[root-of-the-server]__1jlk8z1._.js:2:54324)\n    at /Users/ofir/kenyonexpress-autopilot/.next/server/chunks/[root-of-the-server]__1jlk8z1._.js:2:53577\n    at Object.with (/Users/ofir/kenyonexpress-autopilot/.next/server/chunks/[root-of-the-server]__1jlk8z1._.js:2:4124)\n    at S.with (/Users/ofir/kenyonexpress-autopilot/.next/server/chunks/[root-of-the-server]__1jlk8z1._.js:2:4450)\n    at e.trace (/Users/ofir/kenyonexpress-autopilot/.next/server/chunks/[root-of-the-server]__1jlk8z1._.js:2:53551)\n    at fetch (/Users/ofir/kenyonexpress-autopilot/.next/server/chunks/[root-of-the-server]__1jlk8z1._.js:2:84044)\n    at /Users/ofir/kenyonexpress-autopilot/.next/server/chun","digest":"HANGING_PROMISE_REJECTION"}}
{"ts":"2026-10-07T18:55:15.019Z","level":"error","event":"db.query_failed","request_id":null,"method":"GET","target":"products","duration_ms":0,"err":{"name":"Error","message":"During prerendering, fetch() rejects when the prerender is complete. Typically these errors are handled by React but if you move fetch() to a different context by using `setTimeout`, `after`, or similar functions you may observe this error and you should handle it in that context. This occurred at route \"/product/[slug]\".","stack":"Error: During prerendering, fetch() rejects when the prerender is complete. Typically these errors are handled by React but if you move fetch() to a different context by using `setTimeout`, `after`, or similar functions you may observe this error and you should handle it in that context. This occurred at route \"/product/[slug]\".\n    at eu (/Users/ofir/kenyonexpress-autopilot/.next/server/chunks/[root-of-the-server]__1jlk8z1._.js:2:58687)\n    at /Users/ofir/kenyonexpress-autopilot/.next/server/chunks/[root-of-the-server]__1jlk8z1._.js:2:87004\n    at /Users/ofir/kenyonexpress-autopilot/.next/server/chunks/[root-of-the-server]__1jlk8z1._.js:2:54057\n    at /Users/ofir/kenyonexpress-autopilot/.next/server/chunks/[root-of-the-server]__1jlk8z1._.js:2:54347\n    at Object.with (/Users/ofir/kenyonexpress-autopilot/.next/server/chunks/[root-of-the-server]__1jlk8z1._.js:2:4124)\n    at S.with (/Users/ofir/kenyonexpress-autopilot/.next/server/chunks/[root-of-the-server]__1jlk8z1._.js:2:4450)\n    at G.startActiveSpan (/Users/ofir/kenyonexpress-autopilot/.next/server/chunks/[root-of-the-server]__1jlk8z1._.js:2:6806)\n    at H.startActiveSpan (/Users/ofir/kenyonexpress-autopilot/.next/server/chunks/[root-of-the-server]__1jlk8z1._.js:2:7045)\n    at e.runWithActiveSpan (/Users/ofir/kenyonexpress-autopilot/.next/server/chunks/[root-of-the-server]__1jlk8z1._.js:2:54324)\n    at /Users/ofir/kenyonexpress-autopilot/.next/server/chunks/[root-of-the-server]__1jlk8z1._.js:2:53577\n    at Object.with (/Users/ofir/kenyonexpress-autopilot/.next/server/chunks/[root-of-the-server]__1jlk8z1._.js:2:4124)\n    at S.with (/Users/ofir/kenyonexpress-autopilot/.next/server/chunks/[root-of-the-server]__1jlk8z1._.js:2:4450)\n    at e.trace (/Users/ofir/kenyonexpress-autopilot/.next/server/chunks/[root-of-the-server]__1jlk8z1._.js:2:53551)\n    at fetch (/Users/ofir/kenyonexpress-autopilot/.next/server/chunks/[root-of-the-server]__1jlk8z1._.js:2:84044)\n    at /Users/ofir/kenyonexpress-autopilot/.next/server/chun","digest":"HANGING_PROMISE_REJECTION"}}
{"ts":"2026-10-07T18:55:15.048Z","level":"warn","event":"db.query_slow","request_id":null,"method":"POST","target":"rpc:product_rating_summary","status":404,"duration_ms":307,"threshold_ms":300}
{"ts":"2026-10-07T18:55:15.071Z","level":"warn","event":"db.query_slow","request_id":null,"method":"GET","target":"products","status":200,"duration_ms":329,"threshold_ms":300}
{"ts":"2026-10-07T18:55:15.071Z","level":"warn","event":"db.query_slow","request_id":null,"method":"GET","target":"product_variants","status":200,"duration_ms":330,"threshold_ms":300}
{"ts":"2026-10-07T18:55:15.071Z","level":"warn","event":"db.query_slow","request_id":null,"method":"GET","target":"media_assets","status":200,"duration_ms":330,"threshold_ms":300}
{"ts":"2026-10-07T18:55:15.072Z","level":"warn","event":"db.query_slow","request_id":null,"method":"GET","target":"products","status":200,"duration_ms":323,"threshold_ms":300}
{"ts":"2026-10-07T18:55:15.076Z","level":"error","event":"db.query_failed","request_id":null,"method":"POST","target":"rpc:available_stock","duration_ms":328,"err":{"name":"Error","message":"During prerendering, fetch() rejects when the prerender is complete. Typically these errors are handled by React but if you move fetch() to a different context by using `setTimeout`, `after`, or similar functions you may observe this error and you should handle it in that context. This occurred at route \"/product/[slug]\".","stack":"Error: During prerendering, fetch() rejects when the prerender is complete. Typically these errors are handled by React but if you move fetch() to a different context by using `setTimeout`, `after`, or similar functions you may observe this error and you should handle it in that context. This occurred at route \"/product/[slug]\".\n    at eu (/Users/ofir/kenyonexpress-autopilot/.next/server/chunks/[root-of-the-server]__1jlk8z1._.js:2:58687)\n    at /Users/ofir/kenyonexpress-autopilot/.next/server/chunks/[root-of-the-server]__1jlk8z1._.js:2:87004\n    at /Users/ofir/kenyonexpress-autopilot/.next/server/chunks/[root-of-the-server]__1jlk8z1._.js:2:54057\n    at /Users/ofir/kenyonexpress-autopilot/.next/server/chunks/[root-of-the-server]__1jlk8z1._.js:2:54347\n    at Object.with (/Users/ofir/kenyonexpress-autopilot/.next/server/chunks/[root-of-the-server]__1jlk8z1._.js:2:4124)\n    at S.with (/Users/ofir/kenyonexpress-autopilot/.next/server/chunks/[root-of-the-server]__1jlk8z1._.js:2:4450)\n    at G.startActiveSpan (/Users/ofir/kenyonexpress-autopilot/.next/server/chunks/[root-of-the-server]__1jlk8z1._.js:2:6806)\n    at H.startActiveSpan (/Users/ofir/kenyonexpress-autopilot/.next/server/chunks/[root-of-the-server]__1jlk8z1._.js:2:7045)\n    at e.runWithActiveSpan (/Users/ofir/kenyonexpress-autopilot/.next/server/chunks/[root-of-the-server]__1jlk8z1._.js:2:54324)\n    at /Users/ofir/kenyonexpress-autopilot/.next/server/chunks/[root-of-the-server]__1jlk8z1._.js:2:53577\n    at Object.with (/Users/ofir/kenyonexpress-autopilot/.next/server/chunks/[root-of-the-server]__1jlk8z1._.js:2:4124)\n    at S.with (/Users/ofir/kenyonexpress-autopilot/.next/server/chunks/[root-of-the-server]__1jlk8z1._.js:2:4450)\n    at e.trace (/Users/ofir/kenyonexpress-autopilot/.next/server/chunks/[root-of-the-server]__1jlk8z1._.js:2:53551)\n    at fetch (/Users/ofir/kenyonexpress-autopilot/.next/server/chunks/[root-of-the-server]__1jlk8z1._.js:2:84044)\n    at /Users/ofir/kenyonexpress-autopilot/.next/server/chun","digest":"HANGING_PROMISE_REJECTION"}}
{"ts":"2026-10-07T18:55:15.076Z","level":"error","event":"db.query_failed","request_id":null,"method":"GET","target":"products","duration_ms":327,"err":{"name":"Error","message":"During prerendering, fetch() rejects when the prerender is complete. Typically these errors are handled by React but if you move fetch() to a different context by using `setTimeout`, `after`, or similar functions you may observe this error and you should handle it in that context. This occurred at route \"/product/[slug]\".","stack":"Error: During prerendering, fetch() rejects when the prerender is complete. Typically these errors are handled by React but if you move fetch() to a different context by using `setTimeout`, `after`, or similar functions you may observe this error and you should handle it in that context. This occurred at route \"/product/[slug]\".\n    at eu (/Users/ofir/kenyonexpress-autopilot/.next/server/chunks/[root-of-the-server]__1jlk8z1._.js:2:58687)\n    at /Users/ofir/kenyonexpress-autopilot/.next/server/chunks/[root-of-the-server]__1jlk8z1._.js:2:87004\n    at /Users/ofir/kenyonexpress-autopilot/.next/server/chunks/[root-of-the-server]__1jlk8z1._.js:2:54057\n    at /Users/ofir/kenyonexpress-autopilot/.next/server/chunks/[root-of-the-server]__1jlk8z1._.js:2:54347\n    at Object.with (/Users/ofir/kenyonexpress-autopilot/.next/server/chunks/[root-of-the-server]__1jlk8z1._.js:2:4124)\n    at S.with (/Users/ofir/kenyonexpress-autopilot/.next/server/chunks/[root-of-the-server]__1jlk8z1._.js:2:4450)\n    at G.startActiveSpan (/Users/ofir/kenyonexpress-autopilot/.next/server/chunks/[root-of-the-server]__1jlk8z1._.js:2:6806)\n    at H.startActiveSpan (/Users/ofir/kenyonexpress-autopilot/.next/server/chunks/[root-of-the-server]__1jlk8z1._.js:2:7045)\n    at e.runWithActiveSpan (/Users/ofir/kenyonexpress-autopilot/.next/server/chunks/[root-of-the-server]__1jlk8z1._.js:2:54324)\n    at /Users/ofir/kenyonexpress-autopilot/.next/server/chunks/[root-of-the-server]__1jlk8z1._.js:2:53577\n    at Object.with (/Users/ofir/kenyonexpress-autopilot/.next/server/chunks/[root-of-the-server]__1jlk8z1._.js:2:4124)\n    at S.with (/Users/ofir/kenyonexpress-autopilot/.next/server/chunks/[root-of-the-server]__1jlk8z1._.js:2:4450)\n    at e.trace (/Users/ofir/kenyonexpress-autopilot/.next/server/chunks/[root-of-the-server]__1jlk8z1._.js:2:53551)\n    at fetch (/Users/ofir/kenyonexpress-autopilot/.next/server/chunks/[root-of-the-server]__1jlk8z1._.js:2:84044)\n    at /Users/ofir/kenyonexpress-autopilot/.next/server/chun","digest":"HANGING_PROMISE_REJECTION"}}
{"ts":"2026-10-07T18:55:15.087Z","level":"error","event":"db.query_failed","request_id":null,"method":"POST","target":"rpc:available_stock","duration_ms":0,"err":{"name":"Error","message":"During prerendering, fetch() rejects when the prerender is complete. Typically these errors are handled by React but if you move fetch() to a different context by using `setTimeout`, `after`, or similar functions you may observe this error and you should handle it in that context. This occurred at route \"/product/[slug]\".","stack":"Error: During prerendering, fetch() rejects when the prerender is complete. Typically these errors are handled by React but if you move fetch() to a different context by using `setTimeout`, `after`, or similar functions you may observe this error and you should handle it in that context. This occurred at route \"/product/[slug]\".\n    at eu (/Users/ofir/kenyonexpress-autopilot/.next/server/chunks/[root-of-the-server]__1jlk8z1._.js:2:58687)\n    at /Users/ofir/kenyonexpress-autopilot/.next/server/chunks/[root-of-the-server]__1jlk8z1._.js:2:87004\n    at /Users/ofir/kenyonexpress-autopilot/.next/server/chunks/[root-of-the-server]__1jlk8z1._.js:2:54057\n    at /Users/ofir/kenyonexpress-autopilot/.next/server/chunks/[root-of-the-server]__1jlk8z1._.js:2:54347\n    at Object.with (/Users/ofir/kenyonexpress-autopilot/.next/server/chunks/[root-of-the-server]__1jlk8z1._.js:2:4124)\n    at S.with (/Users/ofir/kenyonexpress-autopilot/.next/server/chunks/[root-of-the-server]__1jlk8z1._.js:2:4450)\n    at G.startActiveSpan (/Users/ofir/kenyonexpress-autopilot/.next/server/chunks/[root-of-the-server]__1jlk8z1._.js:2:6806)\n    at H.startActiveSpan (/Users/ofir/kenyonexpress-autopilot/.next/server/chunks/[root-of-the-server]__1jlk8z1._.js:2:7045)\n    at e.runWithActiveSpan (/Users/ofir/kenyonexpress-autopilot/.next/server/chunks/[root-of-the-server]__1jlk8z1._.js:2:54324)\n    at /Users/ofir/kenyonexpress-autopilot/.next/server/chunks/[root-of-the-server]__1jlk8z1._.js:2:53577\n    at Object.with (/Users/ofir/kenyonexpress-autopilot/.next/server/chunks/[root-of-the-server]__1jlk8z1._.js:2:4124)\n    at S.with (/Users/ofir/kenyonexpress-autopilot/.next/server/chunks/[root-of-the-server]__1jlk8z1._.js:2:4450)\n    at e.trace (/Users/ofir/kenyonexpress-autopilot/.next/server/chunks/[root-of-the-server]__1jlk8z1._.js:2:53551)\n    at fetch (/Users/ofir/kenyonexpress-autopilot/.next/server/chunks/[root-of-the-server]__1jlk8z1._.js:2:84044)\n    at /Users/ofir/kenyonexpress-autopilot/.next/server/chun","digest":"HANGING_PROMISE_REJECTION"}}
{"ts":"2026-10-07T18:55:15.087Z","level":"error","event":"db.query_failed","request_id":null,"method":"GET","target":"products","duration_ms":0,"err":{"name":"Error","message":"During prerendering, fetch() rejects when the prerender is complete. Typically these errors are handled by React but if you move fetch() to a different context by using `setTimeout`, `after`, or similar functions you may observe this error and you should handle it in that context. This occurred at route \"/product/[slug]\".","stack":"Error: During prerendering, fetch() rejects when the prerender is complete. Typically these errors are handled by React but if you move fetch() to a different context by using `setTimeout`, `after`, or similar functions you may observe this error and you should handle it in that context. This occurred at route \"/product/[slug]\".\n    at eu (/Users/ofir/kenyonexpress-autopilot/.next/server/chunks/[root-of-the-server]__1jlk8z1._.js:2:58687)\n    at /Users/ofir/kenyonexpress-autopilot/.next/server/chunks/[root-of-the-server]__1jlk8z1._.js:2:87004\n    at /Users/ofir/kenyonexpress-autopilot/.next/server/chunks/[root-of-the-server]__1jlk8z1._.js:2:54057\n    at /Users/ofir/kenyonexpress-autopilot/.next/server/chunks/[root-of-the-server]__1jlk8z1._.js:2:54347\n    at Object.with (/Users/ofir/kenyonexpress-autopilot/.next/server/chunks/[root-of-the-server]__1jlk8z1._.js:2:4124)\n    at S.with (/Users/ofir/kenyonexpress-autopilot/.next/server/chunks/[root-of-the-server]__1jlk8z1._.js:2:4450)\n    at G.startActiveSpan (/Users/ofir/kenyonexpress-autopilot/.next/server/chunks/[root-of-the-server]__1jlk8z1._.js:2:6806)\n    at H.startActiveSpan (/Users/ofir/kenyonexpress-autopilot/.next/server/chunks/[root-of-the-server]__1jlk8z1._.js:2:7045)\n    at e.runWithActiveSpan (/Users/ofir/kenyonexpress-autopilot/.next/server/chunks/[root-of-the-server]__1jlk8z1._.js:2:54324)\n    at /Users/ofir/kenyonexpress-autopilot/.next/server/chunks/[root-of-the-server]__1jlk8z1._.js:2:53577\n    at Object.with (/Users/ofir/kenyonexpress-autopilot/.next/server/chunks/[root-of-the-server]__1jlk8z1._.js:2:4124)\n    at S.with (/Users/ofir/kenyonexpress-autopilot/.next/server/chunks/[root-of-the-server]__1jlk8z1._.js:2:4450)\n    at e.trace (/Users/ofir/kenyonexpress-autopilot/.next/server/chunks/[root-of-the-server]__1jlk8z1._.js:2:53551)\n    at fetch (/Users/ofir/kenyonexpress-autopilot/.next/server/chunks/[root-of-the-server]__1jlk8z1._.js:2:84044)\n    at /Users/ofir/kenyonexpress-autopilot/.next/server/chun","digest":"HANGING_PROMISE_REJECTION"}}
{"ts":"2026-10-07T18:55:15.138Z","level":"error","event":"db.query_failed","request_id":null,"method":"GET","target":"products","duration_ms":0,"err":{"name":"Error","message":"During prerendering, fetch() rejects when the prerender is complete. Typically these errors are handled by React but if you move fetch() to a different context by using `setTimeout`, `after`, or similar functions you may observe this error and you should handle it in that context. This occurred at route \"/coupon/[slug]\".","stack":"Error: During prerendering, fetch() rejects when the prerender is complete. Typically these errors are handled by React but if you move fetch() to a different context by using `setTimeout`, `after`, or similar functions you may observe this error and you should handle it in that context. This occurred at route \"/coupon/[slug]\".\n    at /Users/ofir/kenyonexpress-autopilot/.next/server/chunks/ssr/[root-of-the-server]__1_aa14n._.js:2:23832\n    at /Users/ofir/kenyonexpress-autopilot/.next/server/chunks/ssr/[root-of-the-server]__1_aa14n._.js:11:48366\n    at /Users/ofir/kenyonexpress-autopilot/.next/server/chunks/ssr/[root-of-the-server]__1_aa14n._.js:11:66894\n    at /Users/ofir/kenyonexpress-autopilot/.next/server/chunks/ssr/[root-of-the-server]__1_aa14n._.js:11:67121\n    at Object.with (/Users/ofir/kenyonexpress-autopilot/.next/server/chunks/ssr/0sj1_@opentelemetry_api_build_esm_1_uv6rc._.js:2:3907)\n    at v.with (/Users/ofir/kenyonexpress-autopilot/.next/server/chunks/ssr/0sj1_@opentelemetry_api_build_esm_1_uv6rc._.js:2:4233)\n    at P.startActiveSpan (/Users/ofir/kenyonexpress-autopilot/.next/server/chunks/ssr/0sj1_@opentelemetry_api_build_esm_1_uv6rc._.js:2:6588)\n    at R.startActiveSpan (/Users/ofir/kenyonexpress-autopilot/.next/server/chunks/ssr/0sj1_@opentelemetry_api_build_esm_1_uv6rc._.js:2:6827)\n    at a.runWithActiveSpan (/Users/ofir/kenyonexpress-autopilot/.next/server/chunks/ssr/[root-of-the-server]__1_aa14n._.js:11:67098)\n    at /Users/ofir/kenyonexpress-autopilot/.next/server/chunks/ssr/[root-of-the-server]__1_aa14n._.js:11:66397\n    at Object.with (/Users/ofir/kenyonexpress-autopilot/.next/server/chunks/ssr/0sj1_@opentelemetry_api_build_esm_1_uv6rc._.js:2:3907)\n    at v.with (/Users/ofir/kenyonexpress-autopilot/.next/server/chunks/ssr/0sj1_@opentelemetry_api_build_esm_1_uv6rc._.js:2:4233)\n    at a.trace (/Users/ofir/kenyonexpress-autopilot/.next/server/chunks/ssr/[root-of-the-server]__1_aa14n._.js:11:66371)\n    at fetch (/Users/ofir/kenyonexpress-autopilot/","digest":"HANGING_PROMISE_REJECTION"}}
{"ts":"2026-10-07T18:55:15.139Z","level":"warn","event":"stock.available_read_failed","request_id":null,"productId":"d3f961f4-d95c-4cae-bc8f-2a32618dff18","reason":"Error: During prerendering, fetch() rejects when the prerender is complete. Typically these errors are handled by React but if you move fetch() to a different context by using `setTimeout`, `after`, or similar functions you may observe this error and you should handle it in that context. This occurred at route \"/coupon/[slug]\"."}
{"ts":"2026-10-07T18:55:15.183Z","level":"error","event":"db.query_failed","request_id":null,"method":"GET","target":"products","duration_ms":0,"err":{"name":"Error","message":"During prerendering, fetch() rejects when the prerender is complete. Typically these errors are handled by React but if you move fetch() to a different context by using `setTimeout`, `after`, or similar functions you may observe this error and you should handle it in that context. This occurred at route \"/coupon/[slug]\".","stack":"Error: During prerendering, fetch() rejects when the prerender is complete. Typically these errors are handled by React but if you move fetch() to a different context by using `setTimeout`, `after`, or similar functions you may observe this error and you should handle it in that context. This occurred at route \"/coupon/[slug]\".\n    at /Users/ofir/kenyonexpress-autopilot/.next/server/chunks/ssr/[root-of-the-server]__1_aa14n._.js:2:23832\n    at /Users/ofir/kenyonexpress-autopilot/.next/server/chunks/ssr/[root-of-the-server]__1_aa14n._.js:11:48366\n    at /Users/ofir/kenyonexpress-autopilot/.next/server/chunks/ssr/[root-of-the-server]__1_aa14n._.js:11:66894\n    at /Users/ofir/kenyonexpress-autopilot/.next/server/chunks/ssr/[root-of-the-server]__1_aa14n._.js:11:67121\n    at Object.with (/Users/ofir/kenyonexpress-autopilot/.next/server/chunks/ssr/0sj1_@opentelemetry_api_build_esm_1_uv6rc._.js:2:3907)\n    at v.with (/Users/ofir/kenyonexpress-autopilot/.next/server/chunks/ssr/0sj1_@opentelemetry_api_build_esm_1_uv6rc._.js:2:4233)\n    at P.startActiveSpan (/Users/ofir/kenyonexpress-autopilot/.next/server/chunks/ssr/0sj1_@opentelemetry_api_build_esm_1_uv6rc._.js:2:6588)\n    at R.startActiveSpan (/Users/ofir/kenyonexpress-autopilot/.next/server/chunks/ssr/0sj1_@opentelemetry_api_build_esm_1_uv6rc._.js:2:6827)\n    at a.runWithActiveSpan (/Users/ofir/kenyonexpress-autopilot/.next/server/chunks/ssr/[root-of-the-server]__1_aa14n._.js:11:67098)\n    at /Users/ofir/kenyonexpress-autopilot/.next/server/chunks/ssr/[root-of-the-server]__1_aa14n._.js:11:66397\n    at Object.with (/Users/ofir/kenyonexpress-autopilot/.next/server/chunks/ssr/0sj1_@opentelemetry_api_build_esm_1_uv6rc._.js:2:3907)\n    at v.with (/Users/ofir/kenyonexpress-autopilot/.next/server/chunks/ssr/0sj1_@opentelemetry_api_build_esm_1_uv6rc._.js:2:4233)\n    at a.trace (/Users/ofir/kenyonexpress-autopilot/.next/server/chunks/ssr/[root-of-the-server]__1_aa14n._.js:11:66371)\n    at fetch (/Users/ofir/kenyonexpress-autopilot/","digest":"HANGING_PROMISE_REJECTION"}}
{"ts":"2026-10-07T18:55:15.183Z","level":"warn","event":"stock.available_read_failed","request_id":null,"productId":"d3f961f4-d95c-4cae-bc8f-2a32618dff18","reason":"Error: During prerendering, fetch() rejects when the prerender is complete. Typically these errors are handled by React but if you move fetch() to a different context by using `setTimeout`, `after`, or similar functions you may observe this error and you should handle it in that context. This occurred at route \"/coupon/[slug]\"."}
{"ts":"2026-10-07T18:55:15.249Z","level":"warn","event":"db.query_slow","request_id":null,"method":"POST","target":"rpc:product_rating_summary","status":404,"duration_ms":466,"threshold_ms":300}
{"ts":"2026-10-07T18:55:15.264Z","level":"error","event":"db.query_failed","request_id":null,"method":"POST","target":"rpc:available_stock","duration_ms":286,"err":{"name":"Error","message":"During prerendering, fetch() rejects when the prerender is complete. Typically these errors are handled by React but if you move fetch() to a different context by using `setTimeout`, `after`, or similar functions you may observe this error and you should handle it in that context. This occurred at route \"/product/[slug]\".","stack":"Error: During prerendering, fetch() rejects when the prerender is complete. Typically these errors are handled by React but if you move fetch() to a different context by using `setTimeout`, `after`, or similar functions you may observe this error and you should handle it in that context. This occurred at route \"/product/[slug]\".\n    at eu (/Users/ofir/kenyonexpress-autopilot/.next/server/chunks/[root-of-the-server]__1jlk8z1._.js:2:58687)\n    at /Users/ofir/kenyonexpress-autopilot/.next/server/chunks/[root-of-the-server]__1jlk8z1._.js:2:87004\n    at /Users/ofir/kenyonexpress-autopilot/.next/server/chunks/[root-of-the-server]__1jlk8z1._.js:2:54057\n    at /Users/ofir/kenyonexpress-autopilot/.next/server/chunks/[root-of-the-server]__1jlk8z1._.js:2:54347\n    at Object.with (/Users/ofir/kenyonexpress-autopilot/.next/server/chunks/[root-of-the-server]__1jlk8z1._.js:2:4124)\n    at S.with (/Users/ofir/kenyonexpress-autopilot/.next/server/chunks/[root-of-the-server]__1jlk8z1._.js:2:4450)\n    at G.startActiveSpan (/Users/ofir/kenyonexpress-autopilot/.next/server/chunks/[root-of-the-server]__1jlk8z1._.js:2:6806)\n    at H.startActiveSpan (/Users/ofir/kenyonexpress-autopilot/.next/server/chunks/[root-of-the-server]__1jlk8z1._.js:2:7045)\n    at e.runWithActiveSpan (/Users/ofir/kenyonexpress-autopilot/.next/server/chunks/[root-of-the-server]__1jlk8z1._.js:2:54324)\n    at /Users/ofir/kenyonexpress-autopilot/.next/server/chunks/[root-of-the-server]__1jlk8z1._.js:2:53577\n    at Object.with (/Users/ofir/kenyonexpress-autopilot/.next/server/chunks/[root-of-the-server]__1jlk8z1._.js:2:4124)\n    at S.with (/Users/ofir/kenyonexpress-autopilot/.next/server/chunks/[root-of-the-server]__1jlk8z1._.js:2:4450)\n    at e.trace (/Users/ofir/kenyonexpress-autopilot/.next/server/chunks/[root-of-the-server]__1jlk8z1._.js:2:53551)\n    at fetch (/Users/ofir/kenyonexpress-autopilot/.next/server/chunks/[root-of-the-server]__1jlk8z1._.js:2:84044)\n    at /Users/ofir/kenyonexpress-autopilot/.next/server/chun","digest":"HANGING_PROMISE_REJECTION"}}
{"ts":"2026-10-07T18:55:15.264Z","level":"error","event":"db.query_failed","request_id":null,"method":"GET","target":"products","duration_ms":286,"err":{"name":"Error","message":"During prerendering, fetch() rejects when the prerender is complete. Typically these errors are handled by React but if you move fetch() to a different context by using `setTimeout`, `after`, or similar functions you may observe this error and you should handle it in that context. This occurred at route \"/product/[slug]\".","stack":"Error: During prerendering, fetch() rejects when the prerender is complete. Typically these errors are handled by React but if you move fetch() to a different context by using `setTimeout`, `after`, or similar functions you may observe this error and you should handle it in that context. This occurred at route \"/product/[slug]\".\n    at eu (/Users/ofir/kenyonexpress-autopilot/.next/server/chunks/[root-of-the-server]__1jlk8z1._.js:2:58687)\n    at /Users/ofir/kenyonexpress-autopilot/.next/server/chunks/[root-of-the-server]__1jlk8z1._.js:2:87004\n    at /Users/ofir/kenyonexpress-autopilot/.next/server/chunks/[root-of-the-server]__1jlk8z1._.js:2:54057\n    at /Users/ofir/kenyonexpress-autopilot/.next/server/chunks/[root-of-the-server]__1jlk8z1._.js:2:54347\n    at Object.with (/Users/ofir/kenyonexpress-autopilot/.next/server/chunks/[root-of-the-server]__1jlk8z1._.js:2:4124)\n    at S.with (/Users/ofir/kenyonexpress-autopilot/.next/server/chunks/[root-of-the-server]__1jlk8z1._.js:2:4450)\n    at G.startActiveSpan (/Users/ofir/kenyonexpress-autopilot/.next/server/chunks/[root-of-the-server]__1jlk8z1._.js:2:6806)\n    at H.startActiveSpan (/Users/ofir/kenyonexpress-autopilot/.next/server/chunks/[root-of-the-server]__1jlk8z1._.js:2:7045)\n    at e.runWithActiveSpan (/Users/ofir/kenyonexpress-autopilot/.next/server/chunks/[root-of-the-server]__1jlk8z1._.js:2:54324)\n    at /Users/ofir/kenyonexpress-autopilot/.next/server/chunks/[root-of-the-server]__1jlk8z1._.js:2:53577\n    at Object.with (/Users/ofir/kenyonexpress-autopilot/.next/server/chunks/[root-of-the-server]__1jlk8z1._.js:2:4124)\n    at S.with (/Users/ofir/kenyonexpress-autopilot/.next/server/chunks/[root-of-the-server]__1jlk8z1._.js:2:4450)\n    at e.trace (/Users/ofir/kenyonexpress-autopilot/.next/server/chunks/[root-of-the-server]__1jlk8z1._.js:2:53551)\n    at fetch (/Users/ofir/kenyonexpress-autopilot/.next/server/chunks/[root-of-the-server]__1jlk8z1._.js:2:84044)\n    at /Users/ofir/kenyonexpress-autopilot/.next/server/chun","digest":"HANGING_PROMISE_REJECTION"}}
{"ts":"2026-10-07T18:55:15.278Z","level":"error","event":"db.query_failed","request_id":null,"method":"POST","target":"rpc:available_stock","duration_ms":1,"err":{"name":"Error","message":"During prerendering, fetch() rejects when the prerender is complete. Typically these errors are handled by React but if you move fetch() to a different context by using `setTimeout`, `after`, or similar functions you may observe this error and you should handle it in that context. This occurred at route \"/product/[slug]\".","stack":"Error: During prerendering, fetch() rejects when the prerender is complete. Typically these errors are handled by React but if you move fetch() to a different context by using `setTimeout`, `after`, or similar functions you may observe this error and you should handle it in that context. This occurred at route \"/product/[slug]\".\n    at eu (/Users/ofir/kenyonexpress-autopilot/.next/server/chunks/[root-of-the-server]__1jlk8z1._.js:2:58687)\n    at /Users/ofir/kenyonexpress-autopilot/.next/server/chunks/[root-of-the-server]__1jlk8z1._.js:2:87004\n    at /Users/ofir/kenyonexpress-autopilot/.next/server/chunks/[root-of-the-server]__1jlk8z1._.js:2:54057\n    at /Users/ofir/kenyonexpress-autopilot/.next/server/chunks/[root-of-the-server]__1jlk8z1._.js:2:54347\n    at Object.with (/Users/ofir/kenyonexpress-autopilot/.next/server/chunks/[root-of-the-server]__1jlk8z1._.js:2:4124)\n    at S.with (/Users/ofir/kenyonexpress-autopilot/.next/server/chunks/[root-of-the-server]__1jlk8z1._.js:2:4450)\n    at G.startActiveSpan (/Users/ofir/kenyonexpress-autopilot/.next/server/chunks/[root-of-the-server]__1jlk8z1._.js:2:6806)\n    at H.startActiveSpan (/Users/ofir/kenyonexpress-autopilot/.next/server/chunks/[root-of-the-server]__1jlk8z1._.js:2:7045)\n    at e.runWithActiveSpan (/Users/ofir/kenyonexpress-autopilot/.next/server/chunks/[root-of-the-server]__1jlk8z1._.js:2:54324)\n    at /Users/ofir/kenyonexpress-autopilot/.next/server/chunks/[root-of-the-server]__1jlk8z1._.js:2:53577\n    at Object.with (/Users/ofir/kenyonexpress-autopilot/.next/server/chunks/[root-of-the-server]__1jlk8z1._.js:2:4124)\n    at S.with (/Users/ofir/kenyonexpress-autopilot/.next/server/chunks/[root-of-the-server]__1jlk8z1._.js:2:4450)\n    at e.trace (/Users/ofir/kenyonexpress-autopilot/.next/server/chunks/[root-of-the-server]__1jlk8z1._.js:2:53551)\n    at fetch (/Users/ofir/kenyonexpress-autopilot/.next/server/chunks/[root-of-the-server]__1jlk8z1._.js:2:84044)\n    at /Users/ofir/kenyonexpress-autopilot/.next/server/chun","digest":"HANGING_PROMISE_REJECTION"}}
{"ts":"2026-10-07T18:55:15.278Z","level":"error","event":"db.query_failed","request_id":null,"method":"GET","target":"products","duration_ms":1,"err":{"name":"Error","message":"During prerendering, fetch() rejects when the prerender is complete. Typically these errors are handled by React but if you move fetch() to a different context by using `setTimeout`, `after`, or similar functions you may observe this error and you should handle it in that context. This occurred at route \"/product/[slug]\".","stack":"Error: During prerendering, fetch() rejects when the prerender is complete. Typically these errors are handled by React but if you move fetch() to a different context by using `setTimeout`, `after`, or similar functions you may observe this error and you should handle it in that context. This occurred at route \"/product/[slug]\".\n    at eu (/Users/ofir/kenyonexpress-autopilot/.next/server/chunks/[root-of-the-server]__1jlk8z1._.js:2:58687)\n    at /Users/ofir/kenyonexpress-autopilot/.next/server/chunks/[root-of-the-server]__1jlk8z1._.js:2:87004\n    at /Users/ofir/kenyonexpress-autopilot/.next/server/chunks/[root-of-the-server]__1jlk8z1._.js:2:54057\n    at /Users/ofir/kenyonexpress-autopilot/.next/server/chunks/[root-of-the-server]__1jlk8z1._.js:2:54347\n    at Object.with (/Users/ofir/kenyonexpress-autopilot/.next/server/chunks/[root-of-the-server]__1jlk8z1._.js:2:4124)\n    at S.with (/Users/ofir/kenyonexpress-autopilot/.next/server/chunks/[root-of-the-server]__1jlk8z1._.js:2:4450)\n    at G.startActiveSpan (/Users/ofir/kenyonexpress-autopilot/.next/server/chunks/[root-of-the-server]__1jlk8z1._.js:2:6806)\n    at H.startActiveSpan (/Users/ofir/kenyonexpress-autopilot/.next/server/chunks/[root-of-the-server]__1jlk8z1._.js:2:7045)\n    at e.runWithActiveSpan (/Users/ofir/kenyonexpress-autopilot/.next/server/chunks/[root-of-the-server]__1jlk8z1._.js:2:54324)\n    at /Users/ofir/kenyonexpress-autopilot/.next/server/chunks/[root-of-the-server]__1jlk8z1._.js:2:53577\n    at Object.with (/Users/ofir/kenyonexpress-autopilot/.next/server/chunks/[root-of-the-server]__1jlk8z1._.js:2:4124)\n    at S.with (/Users/ofir/kenyonexpress-autopilot/.next/server/chunks/[root-of-the-server]__1jlk8z1._.js:2:4450)\n    at e.trace (/Users/ofir/kenyonexpress-autopilot/.next/server/chunks/[root-of-the-server]__1jlk8z1._.js:2:53551)\n    at fetch (/Users/ofir/kenyonexpress-autopilot/.next/server/chunks/[root-of-the-server]__1jlk8z1._.js:2:84044)\n    at /Users/ofir/kenyonexpress-autopilot/.next/server/chun","digest":"HANGING_PROMISE_REJECTION"}}
{"ts":"2026-10-07T18:55:15.341Z","level":"warn","event":"db.query_slow","request_id":null,"method":"GET","target":"product_variants","status":200,"duration_ms":559,"threshold_ms":300}
{"ts":"2026-10-07T18:55:15.356Z","level":"warn","event":"db.query_slow","request_id":null,"method":"GET","target":"media_assets","status":200,"duration_ms":573,"threshold_ms":300}
{"ts":"2026-10-07T18:55:15.427Z","level":"warn","event":"db.query_slow","request_id":null,"method":"GET","target":"products","status":200,"duration_ms":644,"threshold_ms":300}
{"ts":"2026-10-07T18:55:15.516Z","level":"error","event":"db.query_failed","request_id":null,"method":"POST","target":"rpc:available_stock","duration_ms":531,"err":{"name":"Error","message":"During prerendering, fetch() rejects when the prerender is complete. Typically these errors are handled by React but if you move fetch() to a different context by using `setTimeout`, `after`, or similar functions you may observe this error and you should handle it in that context. This occurred at route \"/product/[slug]\".","stack":"Error: During prerendering, fetch() rejects when the prerender is complete. Typically these errors are handled by React but if you move fetch() to a different context by using `setTimeout`, `after`, or similar functions you may observe this error and you should handle it in that context. This occurred at route \"/product/[slug]\".\n    at eu (/Users/ofir/kenyonexpress-autopilot/.next/server/chunks/[root-of-the-server]__1jlk8z1._.js:2:58687)\n    at /Users/ofir/kenyonexpress-autopilot/.next/server/chunks/[root-of-the-server]__1jlk8z1._.js:2:87004\n    at /Users/ofir/kenyonexpress-autopilot/.next/server/chunks/[root-of-the-server]__1jlk8z1._.js:2:54057\n    at /Users/ofir/kenyonexpress-autopilot/.next/server/chunks/[root-of-the-server]__1jlk8z1._.js:2:54347\n    at Object.with (/Users/ofir/kenyonexpress-autopilot/.next/server/chunks/[root-of-the-server]__1jlk8z1._.js:2:4124)\n    at S.with (/Users/ofir/kenyonexpress-autopilot/.next/server/chunks/[root-of-the-server]__1jlk8z1._.js:2:4450)\n    at G.startActiveSpan (/Users/ofir/kenyonexpress-autopilot/.next/server/chunks/[root-of-the-server]__1jlk8z1._.js:2:6806)\n    at H.startActiveSpan (/Users/ofir/kenyonexpress-autopilot/.next/server/chunks/[root-of-the-server]__1jlk8z1._.js:2:7045)\n    at e.runWithActiveSpan (/Users/ofir/kenyonexpress-autopilot/.next/server/chunks/[root-of-the-server]__1jlk8z1._.js:2:54324)\n    at /Users/ofir/kenyonexpress-autopilot/.next/server/chunks/[root-of-the-server]__1jlk8z1._.js:2:53577\n    at Object.with (/Users/ofir/kenyonexpress-autopilot/.next/server/chunks/[root-of-the-server]__1jlk8z1._.js:2:4124)\n    at S.with (/Users/ofir/kenyonexpress-autopilot/.next/server/chunks/[root-of-the-server]__1jlk8z1._.js:2:4450)\n    at e.trace (/Users/ofir/kenyonexpress-autopilot/.next/server/chunks/[root-of-the-server]__1jlk8z1._.js:2:53551)\n    at fetch (/Users/ofir/kenyonexpress-autopilot/.next/server/chunks/[root-of-the-server]__1jlk8z1._.js:2:84044)\n    at /Users/ofir/kenyonexpress-autopilot/.next/server/chun","digest":"HANGING_PROMISE_REJECTION"}}
{"ts":"2026-10-07T18:55:15.516Z","level":"error","event":"db.query_failed","request_id":null,"method":"GET","target":"products","duration_ms":531,"err":{"name":"Error","message":"During prerendering, fetch() rejects when the prerender is complete. Typically these errors are handled by React but if you move fetch() to a different context by using `setTimeout`, `after`, or similar functions you may observe this error and you should handle it in that context. This occurred at route \"/product/[slug]\".","stack":"Error: During prerendering, fetch() rejects when the prerender is complete. Typically these errors are handled by React but if you move fetch() to a different context by using `setTimeout`, `after`, or similar functions you may observe this error and you should handle it in that context. This occurred at route \"/product/[slug]\".\n    at eu (/Users/ofir/kenyonexpress-autopilot/.next/server/chunks/[root-of-the-server]__1jlk8z1._.js:2:58687)\n    at /Users/ofir/kenyonexpress-autopilot/.next/server/chunks/[root-of-the-server]__1jlk8z1._.js:2:87004\n    at /Users/ofir/kenyonexpress-autopilot/.next/server/chunks/[root-of-the-server]__1jlk8z1._.js:2:54057\n    at /Users/ofir/kenyonexpress-autopilot/.next/server/chunks/[root-of-the-server]__1jlk8z1._.js:2:54347\n    at Object.with (/Users/ofir/kenyonexpress-autopilot/.next/server/chunks/[root-of-the-server]__1jlk8z1._.js:2:4124)\n    at S.with (/Users/ofir/kenyonexpress-autopilot/.next/server/chunks/[root-of-the-server]__1jlk8z1._.js:2:4450)\n    at G.startActiveSpan (/Users/ofir/kenyonexpress-autopilot/.next/server/chunks/[root-of-the-server]__1jlk8z1._.js:2:6806)\n    at H.startActiveSpan (/Users/ofir/kenyonexpress-autopilot/.next/server/chunks/[root-of-the-server]__1jlk8z1._.js:2:7045)\n    at e.runWithActiveSpan (/Users/ofir/kenyonexpress-autopilot/.next/server/chunks/[root-of-the-server]__1jlk8z1._.js:2:54324)\n    at /Users/ofir/kenyonexpress-autopilot/.next/server/chunks/[root-of-the-server]__1jlk8z1._.js:2:53577\n    at Object.with (/Users/ofir/kenyonexpress-autopilot/.next/server/chunks/[root-of-the-server]__1jlk8z1._.js:2:4124)\n    at S.with (/Users/ofir/kenyonexpress-autopilot/.next/server/chunks/[root-of-the-server]__1jlk8z1._.js:2:4450)\n    at e.trace (/Users/ofir/kenyonexpress-autopilot/.next/server/chunks/[root-of-the-server]__1jlk8z1._.js:2:53551)\n    at fetch (/Users/ofir/kenyonexpress-autopilot/.next/server/chunks/[root-of-the-server]__1jlk8z1._.js:2:84044)\n    at /Users/ofir/kenyonexpress-autopilot/.next/server/chun","digest":"HANGING_PROMISE_REJECTION"}}
{"ts":"2026-10-07T18:55:15.532Z","level":"error","event":"db.query_failed","request_id":null,"method":"POST","target":"rpc:available_stock","duration_ms":1,"err":{"name":"Error","message":"During prerendering, fetch() rejects when the prerender is complete. Typically these errors are handled by React but if you move fetch() to a different context by using `setTimeout`, `after`, or similar functions you may observe this error and you should handle it in that context. This occurred at route \"/product/[slug]\".","stack":"Error: During prerendering, fetch() rejects when the prerender is complete. Typically these errors are handled by React but if you move fetch() to a different context by using `setTimeout`, `after`, or similar functions you may observe this error and you should handle it in that context. This occurred at route \"/product/[slug]\".\n    at eu (/Users/ofir/kenyonexpress-autopilot/.next/server/chunks/[root-of-the-server]__1jlk8z1._.js:2:58687)\n    at /Users/ofir/kenyonexpress-autopilot/.next/server/chunks/[root-of-the-server]__1jlk8z1._.js:2:87004\n    at /Users/ofir/kenyonexpress-autopilot/.next/server/chunks/[root-of-the-server]__1jlk8z1._.js:2:54057\n    at /Users/ofir/kenyonexpress-autopilot/.next/server/chunks/[root-of-the-server]__1jlk8z1._.js:2:54347\n    at Object.with (/Users/ofir/kenyonexpress-autopilot/.next/server/chunks/[root-of-the-server]__1jlk8z1._.js:2:4124)\n    at S.with (/Users/ofir/kenyonexpress-autopilot/.next/server/chunks/[root-of-the-server]__1jlk8z1._.js:2:4450)\n    at G.startActiveSpan (/Users/ofir/kenyonexpress-autopilot/.next/server/chunks/[root-of-the-server]__1jlk8z1._.js:2:6806)\n    at H.startActiveSpan (/Users/ofir/kenyonexpress-autopilot/.next/server/chunks/[root-of-the-server]__1jlk8z1._.js:2:7045)\n    at e.runWithActiveSpan (/Users/ofir/kenyonexpress-autopilot/.next/server/chunks/[root-of-the-server]__1jlk8z1._.js:2:54324)\n    at /Users/ofir/kenyonexpress-autopilot/.next/server/chunks/[root-of-the-server]__1jlk8z1._.js:2:53577\n    at Object.with (/Users/ofir/kenyonexpress-autopilot/.next/server/chunks/[root-of-the-server]__1jlk8z1._.js:2:4124)\n    at S.with (/Users/ofir/kenyonexpress-autopilot/.next/server/chunks/[root-of-the-server]__1jlk8z1._.js:2:4450)\n    at e.trace (/Users/ofir/kenyonexpress-autopilot/.next/server/chunks/[root-of-the-server]__1jlk8z1._.js:2:53551)\n    at fetch (/Users/ofir/kenyonexpress-autopilot/.next/server/chunks/[root-of-the-server]__1jlk8z1._.js:2:84044)\n    at /Users/ofir/kenyonexpress-autopilot/.next/server/chun","digest":"HANGING_PROMISE_REJECTION"}}
{"ts":"2026-10-07T18:55:15.532Z","level":"error","event":"db.query_failed","request_id":null,"method":"GET","target":"products","duration_ms":1,"err":{"name":"Error","message":"During prerendering, fetch() rejects when the prerender is complete. Typically these errors are handled by React but if you move fetch() to a different context by using `setTimeout`, `after`, or similar functions you may observe this error and you should handle it in that context. This occurred at route \"/product/[slug]\".","stack":"Error: During prerendering, fetch() rejects when the prerender is complete. Typically these errors are handled by React but if you move fetch() to a different context by using `setTimeout`, `after`, or similar functions you may observe this error and you should handle it in that context. This occurred at route \"/product/[slug]\".\n    at eu (/Users/ofir/kenyonexpress-autopilot/.next/server/chunks/[root-of-the-server]__1jlk8z1._.js:2:58687)\n    at /Users/ofir/kenyonexpress-autopilot/.next/server/chunks/[root-of-the-server]__1jlk8z1._.js:2:87004\n    at /Users/ofir/kenyonexpress-autopilot/.next/server/chunks/[root-of-the-server]__1jlk8z1._.js:2:54057\n    at /Users/ofir/kenyonexpress-autopilot/.next/server/chunks/[root-of-the-server]__1jlk8z1._.js:2:54347\n    at Object.with (/Users/ofir/kenyonexpress-autopilot/.next/server/chunks/[root-of-the-server]__1jlk8z1._.js:2:4124)\n    at S.with (/Users/ofir/kenyonexpress-autopilot/.next/server/chunks/[root-of-the-server]__1jlk8z1._.js:2:4450)\n    at G.startActiveSpan (/Users/ofir/kenyonexpress-autopilot/.next/server/chunks/[root-of-the-server]__1jlk8z1._.js:2:6806)\n    at H.startActiveSpan (/Users/ofir/kenyonexpress-autopilot/.next/server/chunks/[root-of-the-server]__1jlk8z1._.js:2:7045)\n    at e.runWithActiveSpan (/Users/ofir/kenyonexpress-autopilot/.next/server/chunks/[root-of-the-server]__1jlk8z1._.js:2:54324)\n    at /Users/ofir/kenyonexpress-autopilot/.next/server/chunks/[root-of-the-server]__1jlk8z1._.js:2:53577\n    at Object.with (/Users/ofir/kenyonexpress-autopilot/.next/server/chunks/[root-of-the-server]__1jlk8z1._.js:2:4124)\n    at S.with (/Users/ofir/kenyonexpress-autopilot/.next/server/chunks/[root-of-the-server]__1jlk8z1._.js:2:4450)\n    at e.trace (/Users/ofir/kenyonexpress-autopilot/.next/server/chunks/[root-of-the-server]__1jlk8z1._.js:2:53551)\n    at fetch (/Users/ofir/kenyonexpress-autopilot/.next/server/chunks/[root-of-the-server]__1jlk8z1._.js:2:84044)\n    at /Users/ofir/kenyonexpress-autopilot/.next/server/chun","digest":"HANGING_PROMISE_REJECTION"}}
{"ts":"2026-10-07T18:55:15.587Z","level":"error","event":"db.query_failed","request_id":null,"method":"POST","target":"rpc:available_stock","duration_ms":513,"err":{"name":"Error","message":"During prerendering, fetch() rejects when the prerender is complete. Typically these errors are handled by React but if you move fetch() to a different context by using `setTimeout`, `after`, or similar functions you may observe this error and you should handle it in that context. This occurred at route \"/product/[slug]\".","stack":"Error: During prerendering, fetch() rejects when the prerender is complete. Typically these errors are handled by React but if you move fetch() to a different context by using `setTimeout`, `after`, or similar functions you may observe this error and you should handle it in that context. This occurred at route \"/product/[slug]\".\n    at eu (/Users/ofir/kenyonexpress-autopilot/.next/server/chunks/[root-of-the-server]__1jlk8z1._.js:2:58687)\n    at /Users/ofir/kenyonexpress-autopilot/.next/server/chunks/[root-of-the-server]__1jlk8z1._.js:2:87004\n    at /Users/ofir/kenyonexpress-autopilot/.next/server/chunks/[root-of-the-server]__1jlk8z1._.js:2:54057\n    at /Users/ofir/kenyonexpress-autopilot/.next/server/chunks/[root-of-the-server]__1jlk8z1._.js:2:54347\n    at Object.with (/Users/ofir/kenyonexpress-autopilot/.next/server/chunks/[root-of-the-server]__1jlk8z1._.js:2:4124)\n    at S.with (/Users/ofir/kenyonexpress-autopilot/.next/server/chunks/[root-of-the-server]__1jlk8z1._.js:2:4450)\n    at G.startActiveSpan (/Users/ofir/kenyonexpress-autopilot/.next/server/chunks/[root-of-the-server]__1jlk8z1._.js:2:6806)\n    at H.startActiveSpan (/Users/ofir/kenyonexpress-autopilot/.next/server/chunks/[root-of-the-server]__1jlk8z1._.js:2:7045)\n    at e.runWithActiveSpan (/Users/ofir/kenyonexpress-autopilot/.next/server/chunks/[root-of-the-server]__1jlk8z1._.js:2:54324)\n    at /Users/ofir/kenyonexpress-autopilot/.next/server/chunks/[root-of-the-server]__1jlk8z1._.js:2:53577\n    at Object.with (/Users/ofir/kenyonexpress-autopilot/.next/server/chunks/[root-of-the-server]__1jlk8z1._.js:2:4124)\n    at S.with (/Users/ofir/kenyonexpress-autopilot/.next/server/chunks/[root-of-the-server]__1jlk8z1._.js:2:4450)\n    at e.trace (/Users/ofir/kenyonexpress-autopilot/.next/server/chunks/[root-of-the-server]__1jlk8z1._.js:2:53551)\n    at fetch (/Users/ofir/kenyonexpress-autopilot/.next/server/chunks/[root-of-the-server]__1jlk8z1._.js:2:84044)\n    at /Users/ofir/kenyonexpress-autopilot/.next/server/chun","digest":"HANGING_PROMISE_REJECTION"}}
{"ts":"2026-10-07T18:55:15.587Z","level":"error","event":"db.query_failed","request_id":null,"method":"GET","target":"products","duration_ms":513,"err":{"name":"Error","message":"During prerendering, fetch() rejects when the prerender is complete. Typically these errors are handled by React but if you move fetch() to a different context by using `setTimeout`, `after`, or similar functions you may observe this error and you should handle it in that context. This occurred at route \"/product/[slug]\".","stack":"Error: During prerendering, fetch() rejects when the prerender is complete. Typically these errors are handled by React but if you move fetch() to a different context by using `setTimeout`, `after`, or similar functions you may observe this error and you should handle it in that context. This occurred at route \"/product/[slug]\".\n    at eu (/Users/ofir/kenyonexpress-autopilot/.next/server/chunks/[root-of-the-server]__1jlk8z1._.js:2:58687)\n    at /Users/ofir/kenyonexpress-autopilot/.next/server/chunks/[root-of-the-server]__1jlk8z1._.js:2:87004\n    at /Users/ofir/kenyonexpress-autopilot/.next/server/chunks/[root-of-the-server]__1jlk8z1._.js:2:54057\n    at /Users/ofir/kenyonexpress-autopilot/.next/server/chunks/[root-of-the-server]__1jlk8z1._.js:2:54347\n    at Object.with (/Users/ofir/kenyonexpress-autopilot/.next/server/chunks/[root-of-the-server]__1jlk8z1._.js:2:4124)\n    at S.with (/Users/ofir/kenyonexpress-autopilot/.next/server/chunks/[root-of-the-server]__1jlk8z1._.js:2:4450)\n    at G.startActiveSpan (/Users/ofir/kenyonexpress-autopilot/.next/server/chunks/[root-of-the-server]__1jlk8z1._.js:2:6806)\n    at H.startActiveSpan (/Users/ofir/kenyonexpress-autopilot/.next/server/chunks/[root-of-the-server]__1jlk8z1._.js:2:7045)\n    at e.runWithActiveSpan (/Users/ofir/kenyonexpress-autopilot/.next/server/chunks/[root-of-the-server]__1jlk8z1._.js:2:54324)\n    at /Users/ofir/kenyonexpress-autopilot/.next/server/chunks/[root-of-the-server]__1jlk8z1._.js:2:53577\n    at Object.with (/Users/ofir/kenyonexpress-autopilot/.next/server/chunks/[root-of-the-server]__1jlk8z1._.js:2:4124)\n    at S.with (/Users/ofir/kenyonexpress-autopilot/.next/server/chunks/[root-of-the-server]__1jlk8z1._.js:2:4450)\n    at e.trace (/Users/ofir/kenyonexpress-autopilot/.next/server/chunks/[root-of-the-server]__1jlk8z1._.js:2:53551)\n    at fetch (/Users/ofir/kenyonexpress-autopilot/.next/server/chunks/[root-of-the-server]__1jlk8z1._.js:2:84044)\n    at /Users/ofir/kenyonexpress-autopilot/.next/server/chun","digest":"HANGING_PROMISE_REJECTION"}}
{"ts":"2026-10-07T18:55:15.597Z","level":"error","event":"db.query_failed","request_id":null,"method":"POST","target":"rpc:available_stock","duration_ms":0,"err":{"name":"Error","message":"During prerendering, fetch() rejects when the prerender is complete. Typically these errors are handled by React but if you move fetch() to a different context by using `setTimeout`, `after`, or similar functions you may observe this error and you should handle it in that context. This occurred at route \"/product/[slug]\".","stack":"Error: During prerendering, fetch() rejects when the prerender is complete. Typically these errors are handled by React but if you move fetch() to a different context by using `setTimeout`, `after`, or similar functions you may observe this error and you should handle it in that context. This occurred at route \"/product/[slug]\".\n    at eu (/Users/ofir/kenyonexpress-autopilot/.next/server/chunks/[root-of-the-server]__1jlk8z1._.js:2:58687)\n    at /Users/ofir/kenyonexpress-autopilot/.next/server/chunks/[root-of-the-server]__1jlk8z1._.js:2:87004\n    at /Users/ofir/kenyonexpress-autopilot/.next/server/chunks/[root-of-the-server]__1jlk8z1._.js:2:54057\n    at /Users/ofir/kenyonexpress-autopilot/.next/server/chunks/[root-of-the-server]__1jlk8z1._.js:2:54347\n    at Object.with (/Users/ofir/kenyonexpress-autopilot/.next/server/chunks/[root-of-the-server]__1jlk8z1._.js:2:4124)\n    at S.with (/Users/ofir/kenyonexpress-autopilot/.next/server/chunks/[root-of-the-server]__1jlk8z1._.js:2:4450)\n    at G.startActiveSpan (/Users/ofir/kenyonexpress-autopilot/.next/server/chunks/[root-of-the-server]__1jlk8z1._.js:2:6806)\n    at H.startActiveSpan (/Users/ofir/kenyonexpress-autopilot/.next/server/chunks/[root-of-the-server]__1jlk8z1._.js:2:7045)\n    at e.runWithActiveSpan (/Users/ofir/kenyonexpress-autopilot/.next/server/chunks/[root-of-the-server]__1jlk8z1._.js:2:54324)\n    at /Users/ofir/kenyonexpress-autopilot/.next/server/chunks/[root-of-the-server]__1jlk8z1._.js:2:53577\n    at Object.with (/Users/ofir/kenyonexpress-autopilot/.next/server/chunks/[root-of-the-server]__1jlk8z1._.js:2:4124)\n    at S.with (/Users/ofir/kenyonexpress-autopilot/.next/server/chunks/[root-of-the-server]__1jlk8z1._.js:2:4450)\n    at e.trace (/Users/ofir/kenyonexpress-autopilot/.next/server/chunks/[root-of-the-server]__1jlk8z1._.js:2:53551)\n    at fetch (/Users/ofir/kenyonexpress-autopilot/.next/server/chunks/[root-of-the-server]__1jlk8z1._.js:2:84044)\n    at /Users/ofir/kenyonexpress-autopilot/.next/server/chun","digest":"HANGING_PROMISE_REJECTION"}}
{"ts":"2026-10-07T18:55:15.597Z","level":"error","event":"db.query_failed","request_id":null,"method":"GET","target":"products","duration_ms":0,"err":{"name":"Error","message":"During prerendering, fetch() rejects when the prerender is complete. Typically these errors are handled by React but if you move fetch() to a different context by using `setTimeout`, `after`, or similar functions you may observe this error and you should handle it in that context. This occurred at route \"/product/[slug]\".","stack":"Error: During prerendering, fetch() rejects when the prerender is complete. Typically these errors are handled by React but if you move fetch() to a different context by using `setTimeout`, `after`, or similar functions you may observe this error and you should handle it in that context. This occurred at route \"/product/[slug]\".\n    at eu (/Users/ofir/kenyonexpress-autopilot/.next/server/chunks/[root-of-the-server]__1jlk8z1._.js:2:58687)\n    at /Users/ofir/kenyonexpress-autopilot/.next/server/chunks/[root-of-the-server]__1jlk8z1._.js:2:87004\n    at /Users/ofir/kenyonexpress-autopilot/.next/server/chunks/[root-of-the-server]__1jlk8z1._.js:2:54057\n    at /Users/ofir/kenyonexpress-autopilot/.next/server/chunks/[root-of-the-server]__1jlk8z1._.js:2:54347\n    at Object.with (/Users/ofir/kenyonexpress-autopilot/.next/server/chunks/[root-of-the-server]__1jlk8z1._.js:2:4124)\n    at S.with (/Users/ofir/kenyonexpress-autopilot/.next/server/chunks/[root-of-the-server]__1jlk8z1._.js:2:4450)\n    at G.startActiveSpan (/Users/ofir/kenyonexpress-autopilot/.next/server/chunks/[root-of-the-server]__1jlk8z1._.js:2:6806)\n    at H.startActiveSpan (/Users/ofir/kenyonexpress-autopilot/.next/server/chunks/[root-of-the-server]__1jlk8z1._.js:2:7045)\n    at e.runWithActiveSpan (/Users/ofir/kenyonexpress-autopilot/.next/server/chunks/[root-of-the-server]__1jlk8z1._.js:2:54324)\n    at /Users/ofir/kenyonexpress-autopilot/.next/server/chunks/[root-of-the-server]__1jlk8z1._.js:2:53577\n    at Object.with (/Users/ofir/kenyonexpress-autopilot/.next/server/chunks/[root-of-the-server]__1jlk8z1._.js:2:4124)\n    at S.with (/Users/ofir/kenyonexpress-autopilot/.next/server/chunks/[root-of-the-server]__1jlk8z1._.js:2:4450)\n    at e.trace (/Users/ofir/kenyonexpress-autopilot/.next/server/chunks/[root-of-the-server]__1jlk8z1._.js:2:53551)\n    at fetch (/Users/ofir/kenyonexpress-autopilot/.next/server/chunks/[root-of-the-server]__1jlk8z1._.js:2:84044)\n    at /Users/ofir/kenyonexpress-autopilot/.next/server/chun","digest":"HANGING_PROMISE_REJECTION"}}
{"ts":"2026-10-07T18:55:15.773Z","level":"error","event":"db.query_failed","request_id":null,"method":"GET","target":"products","duration_ms":0,"err":{"name":"Error","message":"During prerendering, fetch() rejects when the prerender is complete. Typically these errors are handled by React but if you move fetch() to a different context by using `setTimeout`, `after`, or similar functions you may observe this error and you should handle it in that context. This occurred at route \"/coupon/[slug]\".","stack":"Error: During prerendering, fetch() rejects when the prerender is complete. Typically these errors are handled by React but if you move fetch() to a different context by using `setTimeout`, `after`, or similar functions you may observe this error and you should handle it in that context. This occurred at route \"/coupon/[slug]\".\n    at /Users/ofir/kenyonexpress-autopilot/.next/server/chunks/ssr/[root-of-the-server]__1_aa14n._.js:2:23832\n    at /Users/ofir/kenyonexpress-autopilot/.next/server/chunks/ssr/[root-of-the-server]__1_aa14n._.js:11:48366\n    at /Users/ofir/kenyonexpress-autopilot/.next/server/chunks/ssr/[root-of-the-server]__1_aa14n._.js:11:66894\n    at /Users/ofir/kenyonexpress-autopilot/.next/server/chunks/ssr/[root-of-the-server]__1_aa14n._.js:11:67121\n    at Object.with (/Users/ofir/kenyonexpress-autopilot/.next/server/chunks/ssr/0sj1_@opentelemetry_api_build_esm_1_uv6rc._.js:2:3907)\n    at v.with (/Users/ofir/kenyonexpress-autopilot/.next/server/chunks/ssr/0sj1_@opentelemetry_api_build_esm_1_uv6rc._.js:2:4233)\n    at P.startActiveSpan (/Users/ofir/kenyonexpress-autopilot/.next/server/chunks/ssr/0sj1_@opentelemetry_api_build_esm_1_uv6rc._.js:2:6588)\n    at R.startActiveSpan (/Users/ofir/kenyonexpress-autopilot/.next/server/chunks/ssr/0sj1_@opentelemetry_api_build_esm_1_uv6rc._.js:2:6827)\n    at a.runWithActiveSpan (/Users/ofir/kenyonexpress-autopilot/.next/server/chunks/ssr/[root-of-the-server]__1_aa14n._.js:11:67098)\n    at /Users/ofir/kenyonexpress-autopilot/.next/server/chunks/ssr/[root-of-the-server]__1_aa14n._.js:11:66397\n    at Object.with (/Users/ofir/kenyonexpress-autopilot/.next/server/chunks/ssr/0sj1_@opentelemetry_api_build_esm_1_uv6rc._.js:2:3907)\n    at v.with (/Users/ofir/kenyonexpress-autopilot/.next/server/chunks/ssr/0sj1_@opentelemetry_api_build_esm_1_uv6rc._.js:2:4233)\n    at a.trace (/Users/ofir/kenyonexpress-autopilot/.next/server/chunks/ssr/[root-of-the-server]__1_aa14n._.js:11:66371)\n    at fetch (/Users/ofir/kenyonexpress-autopilot/","digest":"HANGING_PROMISE_REJECTION"}}
{"ts":"2026-10-07T18:55:15.774Z","level":"warn","event":"stock.available_read_failed","request_id":null,"productId":"f47ac10b-58cc-4372-a567-0e02b2c3d903","reason":"Error: During prerendering, fetch() rejects when the prerender is complete. Typically these errors are handled by React but if you move fetch() to a different context by using `setTimeout`, `after`, or similar functions you may observe this error and you should handle it in that context. This occurred at route \"/coupon/[slug]\"."}
{"ts":"2026-10-07T18:55:15.777Z","level":"error","event":"db.query_failed","request_id":null,"method":"GET","target":"products","duration_ms":0,"err":{"name":"Error","message":"During prerendering, fetch() rejects when the prerender is complete. Typically these errors are handled by React but if you move fetch() to a different context by using `setTimeout`, `after`, or similar functions you may observe this error and you should handle it in that context. This occurred at route \"/product/[slug]\".","stack":"Error: During prerendering, fetch() rejects when the prerender is complete. Typically these errors are handled by React but if you move fetch() to a different context by using `setTimeout`, `after`, or similar functions you may observe this error and you should handle it in that context. This occurred at route \"/product/[slug]\".\n    at eu (/Users/ofir/kenyonexpress-autopilot/.next/server/chunks/[root-of-the-server]__1jlk8z1._.js:2:58687)\n    at /Users/ofir/kenyonexpress-autopilot/.next/server/chunks/[root-of-the-server]__1jlk8z1._.js:2:87004\n    at /Users/ofir/kenyonexpress-autopilot/.next/server/chunks/[root-of-the-server]__1jlk8z1._.js:2:54057\n    at /Users/ofir/kenyonexpress-autopilot/.next/server/chunks/[root-of-the-server]__1jlk8z1._.js:2:54347\n    at Object.with (/Users/ofir/kenyonexpress-autopilot/.next/server/chunks/[root-of-the-server]__1jlk8z1._.js:2:4124)\n    at S.with (/Users/ofir/kenyonexpress-autopilot/.next/server/chunks/[root-of-the-server]__1jlk8z1._.js:2:4450)\n    at G.startActiveSpan (/Users/ofir/kenyonexpress-autopilot/.next/server/chunks/[root-of-the-server]__1jlk8z1._.js:2:6806)\n    at H.startActiveSpan (/Users/ofir/kenyonexpress-autopilot/.next/server/chunks/[root-of-the-server]__1jlk8z1._.js:2:7045)\n    at e.runWithActiveSpan (/Users/ofir/kenyonexpress-autopilot/.next/server/chunks/[root-of-the-server]__1jlk8z1._.js:2:54324)\n    at /Users/ofir/kenyonexpress-autopilot/.next/server/chunks/[root-of-the-server]__1jlk8z1._.js:2:53577\n    at Object.with (/Users/ofir/kenyonexpress-autopilot/.next/server/chunks/[root-of-the-server]__1jlk8z1._.js:2:4124)\n    at S.with (/Users/ofir/kenyonexpress-autopilot/.next/server/chunks/[root-of-the-server]__1jlk8z1._.js:2:4450)\n    at e.trace (/Users/ofir/kenyonexpress-autopilot/.next/server/chunks/[root-of-the-server]__1jlk8z1._.js:2:53551)\n    at fetch (/Users/ofir/kenyonexpress-autopilot/.next/server/chunks/[root-of-the-server]__1jlk8z1._.js:2:84044)\n    at /Users/ofir/kenyonexpress-autopilot/.next/server/chun","digest":"HANGING_PROMISE_REJECTION"}}
{"ts":"2026-10-07T18:55:15.778Z","level":"warn","event":"stock.available_read_failed","request_id":null,"productId":"f47ac10b-58cc-4372-a567-0e02b2c3d903","reason":"Error: During prerendering, fetch() rejects when the prerender is complete. Typically these errors are handled by React but if you move fetch() to a different context by using `setTimeout`, `after`, or similar functions you may observe this error and you should handle it in that context. This occurred at route \"/product/[slug]\"."}
{"ts":"2026-10-07T18:55:15.798Z","level":"error","event":"db.query_failed","request_id":null,"method":"GET","target":"products","duration_ms":0,"err":{"name":"Error","message":"During prerendering, fetch() rejects when the prerender is complete. Typically these errors are handled by React but if you move fetch() to a different context by using `setTimeout`, `after`, or similar functions you may observe this error and you should handle it in that context. This occurred at route \"/product/[slug]\".","stack":"Error: During prerendering, fetch() rejects when the prerender is complete. Typically these errors are handled by React but if you move fetch() to a different context by using `setTimeout`, `after`, or similar functions you may observe this error and you should handle it in that context. This occurred at route \"/product/[slug]\".\n    at eu (/Users/ofir/kenyonexpress-autopilot/.next/server/chunks/[root-of-the-server]__1jlk8z1._.js:2:58687)\n    at /Users/ofir/kenyonexpress-autopilot/.next/server/chunks/[root-of-the-server]__1jlk8z1._.js:2:87004\n    at /Users/ofir/kenyonexpress-autopilot/.next/server/chunks/[root-of-the-server]__1jlk8z1._.js:2:54057\n    at /Users/ofir/kenyonexpress-autopilot/.next/server/chunks/[root-of-the-server]__1jlk8z1._.js:2:54347\n    at Object.with (/Users/ofir/kenyonexpress-autopilot/.next/server/chunks/[root-of-the-server]__1jlk8z1._.js:2:4124)\n    at S.with (/Users/ofir/kenyonexpress-autopilot/.next/server/chunks/[root-of-the-server]__1jlk8z1._.js:2:4450)\n    at G.startActiveSpan (/Users/ofir/kenyonexpress-autopilot/.next/server/chunks/[root-of-the-server]__1jlk8z1._.js:2:6806)\n    at H.startActiveSpan (/Users/ofir/kenyonexpress-autopilot/.next/server/chunks/[root-of-the-server]__1jlk8z1._.js:2:7045)\n    at e.runWithActiveSpan (/Users/ofir/kenyonexpress-autopilot/.next/server/chunks/[root-of-the-server]__1jlk8z1._.js:2:54324)\n    at /Users/ofir/kenyonexpress-autopilot/.next/server/chunks/[root-of-the-server]__1jlk8z1._.js:2:53577\n    at Object.with (/Users/ofir/kenyonexpress-autopilot/.next/server/chunks/[root-of-the-server]__1jlk8z1._.js:2:4124)\n    at S.with (/Users/ofir/kenyonexpress-autopilot/.next/server/chunks/[root-of-the-server]__1jlk8z1._.js:2:4450)\n    at e.trace (/Users/ofir/kenyonexpress-autopilot/.next/server/chunks/[root-of-the-server]__1jlk8z1._.js:2:53551)\n    at fetch (/Users/ofir/kenyonexpress-autopilot/.next/server/chunks/[root-of-the-server]__1jlk8z1._.js:2:84044)\n    at /Users/ofir/kenyonexpress-autopilot/.next/server/chun","digest":"HANGING_PROMISE_REJECTION"}}
{"ts":"2026-10-07T18:55:15.798Z","level":"warn","event":"stock.available_read_failed","request_id":null,"productId":"f47ac10b-58cc-4372-a567-0e02b2c3d903","reason":"Error: During prerendering, fetch() rejects when the prerender is complete. Typically these errors are handled by React but if you move fetch() to a different context by using `setTimeout`, `after`, or similar functions you may observe this error and you should handle it in that context. This occurred at route \"/product/[slug]\"."}
{"ts":"2026-10-07T18:55:15.799Z","level":"error","event":"db.query_failed","request_id":null,"method":"GET","target":"products","duration_ms":0,"err":{"name":"Error","message":"During prerendering, fetch() rejects when the prerender is complete. Typically these errors are handled by React but if you move fetch() to a different context by using `setTimeout`, `after`, or similar functions you may observe this error and you should handle it in that context. This occurred at route \"/coupon/[slug]\".","stack":"Error: During prerendering, fetch() rejects when the prerender is complete. Typically these errors are handled by React but if you move fetch() to a different context by using `setTimeout`, `after`, or similar functions you may observe this error and you should handle it in that context. This occurred at route \"/coupon/[slug]\".\n    at /Users/ofir/kenyonexpress-autopilot/.next/server/chunks/ssr/[root-of-the-server]__1_aa14n._.js:2:23832\n    at /Users/ofir/kenyonexpress-autopilot/.next/server/chunks/ssr/[root-of-the-server]__1_aa14n._.js:11:48366\n    at /Users/ofir/kenyonexpress-autopilot/.next/server/chunks/ssr/[root-of-the-server]__1_aa14n._.js:11:66894\n    at /Users/ofir/kenyonexpress-autopilot/.next/server/chunks/ssr/[root-of-the-server]__1_aa14n._.js:11:67121\n    at Object.with (/Users/ofir/kenyonexpress-autopilot/.next/server/chunks/ssr/0sj1_@opentelemetry_api_build_esm_1_uv6rc._.js:2:3907)\n    at v.with (/Users/ofir/kenyonexpress-autopilot/.next/server/chunks/ssr/0sj1_@opentelemetry_api_build_esm_1_uv6rc._.js:2:4233)\n    at P.startActiveSpan (/Users/ofir/kenyonexpress-autopilot/.next/server/chunks/ssr/0sj1_@opentelemetry_api_build_esm_1_uv6rc._.js:2:6588)\n    at R.startActiveSpan (/Users/ofir/kenyonexpress-autopilot/.next/server/chunks/ssr/0sj1_@opentelemetry_api_build_esm_1_uv6rc._.js:2:6827)\n    at a.runWithActiveSpan (/Users/ofir/kenyonexpress-autopilot/.next/server/chunks/ssr/[root-of-the-server]__1_aa14n._.js:11:67098)\n    at /Users/ofir/kenyonexpress-autopilot/.next/server/chunks/ssr/[root-of-the-server]__1_aa14n._.js:11:66397\n    at Object.with (/Users/ofir/kenyonexpress-autopilot/.next/server/chunks/ssr/0sj1_@opentelemetry_api_build_esm_1_uv6rc._.js:2:3907)\n    at v.with (/Users/ofir/kenyonexpress-autopilot/.next/server/chunks/ssr/0sj1_@opentelemetry_api_build_esm_1_uv6rc._.js:2:4233)\n    at a.trace (/Users/ofir/kenyonexpress-autopilot/.next/server/chunks/ssr/[root-of-the-server]__1_aa14n._.js:11:66371)\n    at fetch (/Users/ofir/kenyonexpress-autopilot/","digest":"HANGING_PROMISE_REJECTION"}}
{"ts":"2026-10-07T18:55:15.799Z","level":"warn","event":"stock.available_read_failed","request_id":null,"productId":"f47ac10b-58cc-4372-a567-0e02b2c3d903","reason":"Error: During prerendering, fetch() rejects when the prerender is complete. Typically these errors are handled by React but if you move fetch() to a different context by using `setTimeout`, `after`, or similar functions you may observe this error and you should handle it in that context. This occurred at route \"/coupon/[slug]\"."}
{"ts":"2026-10-07T18:55:15.811Z","level":"error","event":"db.query_failed","request_id":null,"method":"GET","target":"products","duration_ms":0,"err":{"name":"Error","message":"During prerendering, fetch() rejects when the prerender is complete. Typically these errors are handled by React but if you move fetch() to a different context by using `setTimeout`, `after`, or similar functions you may observe this error and you should handle it in that context. This occurred at route \"/product/[slug]\".","stack":"Error: During prerendering, fetch() rejects when the prerender is complete. Typically these errors are handled by React but if you move fetch() to a different context by using `setTimeout`, `after`, or similar functions you may observe this error and you should handle it in that context. This occurred at route \"/product/[slug]\".\n    at eu (/Users/ofir/kenyonexpress-autopilot/.next/server/chunks/[root-of-the-server]__1jlk8z1._.js:2:58687)\n    at /Users/ofir/kenyonexpress-autopilot/.next/server/chunks/[root-of-the-server]__1jlk8z1._.js:2:87004\n    at /Users/ofir/kenyonexpress-autopilot/.next/server/chunks/[root-of-the-server]__1jlk8z1._.js:2:54057\n    at /Users/ofir/kenyonexpress-autopilot/.next/server/chunks/[root-of-the-server]__1jlk8z1._.js:2:54347\n    at Object.with (/Users/ofir/kenyonexpress-autopilot/.next/server/chunks/[root-of-the-server]__1jlk8z1._.js:2:4124)\n    at S.with (/Users/ofir/kenyonexpress-autopilot/.next/server/chunks/[root-of-the-server]__1jlk8z1._.js:2:4450)\n    at G.startActiveSpan (/Users/ofir/kenyonexpress-autopilot/.next/server/chunks/[root-of-the-server]__1jlk8z1._.js:2:6806)\n    at H.startActiveSpan (/Users/ofir/kenyonexpress-autopilot/.next/server/chunks/[root-of-the-server]__1jlk8z1._.js:2:7045)\n    at e.runWithActiveSpan (/Users/ofir/kenyonexpress-autopilot/.next/server/chunks/[root-of-the-server]__1jlk8z1._.js:2:54324)\n    at /Users/ofir/kenyonexpress-autopilot/.next/server/chunks/[root-of-the-server]__1jlk8z1._.js:2:53577\n    at Object.with (/Users/ofir/kenyonexpress-autopilot/.next/server/chunks/[root-of-the-server]__1jlk8z1._.js:2:4124)\n    at S.with (/Users/ofir/kenyonexpress-autopilot/.next/server/chunks/[root-of-the-server]__1jlk8z1._.js:2:4450)\n    at e.trace (/Users/ofir/kenyonexpress-autopilot/.next/server/chunks/[root-of-the-server]__1jlk8z1._.js:2:53551)\n    at fetch (/Users/ofir/kenyonexpress-autopilot/.next/server/chunks/[root-of-the-server]__1jlk8z1._.js:2:84044)\n    at /Users/ofir/kenyonexpress-autopilot/.next/server/chun","digest":"HANGING_PROMISE_REJECTION"}}
{"ts":"2026-10-07T18:55:15.811Z","level":"warn","event":"stock.available_read_failed","request_id":null,"productId":"1ccbfa1e-bdce-4c89-917c-c9d95102eb86","reason":"Error: During prerendering, fetch() rejects when the prerender is complete. Typically these errors are handled by React but if you move fetch() to a different context by using `setTimeout`, `after`, or similar functions you may observe this error and you should handle it in that context. This occurred at route \"/product/[slug]\"."}
{"ts":"2026-10-07T18:55:15.851Z","level":"error","event":"db.query_failed","request_id":null,"method":"GET","target":"products","duration_ms":0,"err":{"name":"Error","message":"During prerendering, fetch() rejects when the prerender is complete. Typically these errors are handled by React but if you move fetch() to a different context by using `setTimeout`, `after`, or similar functions you may observe this error and you should handle it in that context. This occurred at route \"/product/[slug]\".","stack":"Error: During prerendering, fetch() rejects when the prerender is complete. Typically these errors are handled by React but if you move fetch() to a different context by using `setTimeout`, `after`, or similar functions you may observe this error and you should handle it in that context. This occurred at route \"/product/[slug]\".\n    at eu (/Users/ofir/kenyonexpress-autopilot/.next/server/chunks/[root-of-the-server]__1jlk8z1._.js:2:58687)\n    at /Users/ofir/kenyonexpress-autopilot/.next/server/chunks/[root-of-the-server]__1jlk8z1._.js:2:87004\n    at /Users/ofir/kenyonexpress-autopilot/.next/server/chunks/[root-of-the-server]__1jlk8z1._.js:2:54057\n    at /Users/ofir/kenyonexpress-autopilot/.next/server/chunks/[root-of-the-server]__1jlk8z1._.js:2:54347\n    at Object.with (/Users/ofir/kenyonexpress-autopilot/.next/server/chunks/[root-of-the-server]__1jlk8z1._.js:2:4124)\n    at S.with (/Users/ofir/kenyonexpress-autopilot/.next/server/chunks/[root-of-the-server]__1jlk8z1._.js:2:4450)\n    at G.startActiveSpan (/Users/ofir/kenyonexpress-autopilot/.next/server/chunks/[root-of-the-server]__1jlk8z1._.js:2:6806)\n    at H.startActiveSpan (/Users/ofir/kenyonexpress-autopilot/.next/server/chunks/[root-of-the-server]__1jlk8z1._.js:2:7045)\n    at e.runWithActiveSpan (/Users/ofir/kenyonexpress-autopilot/.next/server/chunks/[root-of-the-server]__1jlk8z1._.js:2:54324)\n    at /Users/ofir/kenyonexpress-autopilot/.next/server/chunks/[root-of-the-server]__1jlk8z1._.js:2:53577\n    at Object.with (/Users/ofir/kenyonexpress-autopilot/.next/server/chunks/[root-of-the-server]__1jlk8z1._.js:2:4124)\n    at S.with (/Users/ofir/kenyonexpress-autopilot/.next/server/chunks/[root-of-the-server]__1jlk8z1._.js:2:4450)\n    at e.trace (/Users/ofir/kenyonexpress-autopilot/.next/server/chunks/[root-of-the-server]__1jlk8z1._.js:2:53551)\n    at fetch (/Users/ofir/kenyonexpress-autopilot/.next/server/chunks/[root-of-the-server]__1jlk8z1._.js:2:84044)\n    at /Users/ofir/kenyonexpress-autopilot/.next/server/chun","digest":"HANGING_PROMISE_REJECTION"}}
{"ts":"2026-10-07T18:55:15.852Z","level":"warn","event":"stock.available_read_failed","request_id":null,"productId":"1ccbfa1e-bdce-4c89-917c-c9d95102eb86","reason":"Error: During prerendering, fetch() rejects when the prerender is complete. Typically these errors are handled by React but if you move fetch() to a different context by using `setTimeout`, `after`, or similar functions you may observe this error and you should handle it in that context. This occurred at route \"/product/[slug]\"."}
{"ts":"2026-10-07T18:55:15.958Z","level":"error","event":"db.query_failed","request_id":null,"method":"GET","target":"products","duration_ms":0,"err":{"name":"Error","message":"During prerendering, fetch() rejects when the prerender is complete. Typically these errors are handled by React but if you move fetch() to a different context by using `setTimeout`, `after`, or similar functions you may observe this error and you should handle it in that context. This occurred at route \"/product/[slug]\".","stack":"Error: During prerendering, fetch() rejects when the prerender is complete. Typically these errors are handled by React but if you move fetch() to a different context by using `setTimeout`, `after`, or similar functions you may observe this error and you should handle it in that context. This occurred at route \"/product/[slug]\".\n    at eu (/Users/ofir/kenyonexpress-autopilot/.next/server/chunks/[root-of-the-server]__1jlk8z1._.js:2:58687)\n    at /Users/ofir/kenyonexpress-autopilot/.next/server/chunks/[root-of-the-server]__1jlk8z1._.js:2:87004\n    at /Users/ofir/kenyonexpress-autopilot/.next/server/chunks/[root-of-the-server]__1jlk8z1._.js:2:54057\n    at /Users/ofir/kenyonexpress-autopilot/.next/server/chunks/[root-of-the-server]__1jlk8z1._.js:2:54347\n    at Object.with (/Users/ofir/kenyonexpress-autopilot/.next/server/chunks/[root-of-the-server]__1jlk8z1._.js:2:4124)\n    at S.with (/Users/ofir/kenyonexpress-autopilot/.next/server/chunks/[root-of-the-server]__1jlk8z1._.js:2:4450)\n    at G.startActiveSpan (/Users/ofir/kenyonexpress-autopilot/.next/server/chunks/[root-of-the-server]__1jlk8z1._.js:2:6806)\n    at H.startActiveSpan (/Users/ofir/kenyonexpress-autopilot/.next/server/chunks/[root-of-the-server]__1jlk8z1._.js:2:7045)\n    at e.runWithActiveSpan (/Users/ofir/kenyonexpress-autopilot/.next/server/chunks/[root-of-the-server]__1jlk8z1._.js:2:54324)\n    at /Users/ofir/kenyonexpress-autopilot/.next/server/chunks/[root-of-the-server]__1jlk8z1._.js:2:53577\n    at Object.with (/Users/ofir/kenyonexpress-autopilot/.next/server/chunks/[root-of-the-server]__1jlk8z1._.js:2:4124)\n    at S.with (/Users/ofir/kenyonexpress-autopilot/.next/server/chunks/[root-of-the-server]__1jlk8z1._.js:2:4450)\n    at e.trace (/Users/ofir/kenyonexpress-autopilot/.next/server/chunks/[root-of-the-server]__1jlk8z1._.js:2:53551)\n    at fetch (/Users/ofir/kenyonexpress-autopilot/.next/server/chunks/[root-of-the-server]__1jlk8z1._.js:2:84044)\n    at /Users/ofir/kenyonexpress-autopilot/.next/server/chun","digest":"HANGING_PROMISE_REJECTION"}}
{"ts":"2026-10-07T18:55:15.975Z","level":"error","event":"db.query_failed","request_id":null,"method":"GET","target":"products","duration_ms":0,"err":{"name":"Error","message":"During prerendering, fetch() rejects when the prerender is complete. Typically these errors are handled by React but if you move fetch() to a different context by using `setTimeout`, `after`, or similar functions you may observe this error and you should handle it in that context. This occurred at route \"/product/[slug]\".","stack":"Error: During prerendering, fetch() rejects when the prerender is complete. Typically these errors are handled by React but if you move fetch() to a different context by using `setTimeout`, `after`, or similar functions you may observe this error and you should handle it in that context. This occurred at route \"/product/[slug]\".\n    at eu (/Users/ofir/kenyonexpress-autopilot/.next/server/chunks/[root-of-the-server]__1jlk8z1._.js:2:58687)\n    at /Users/ofir/kenyonexpress-autopilot/.next/server/chunks/[root-of-the-server]__1jlk8z1._.js:2:87004\n    at /Users/ofir/kenyonexpress-autopilot/.next/server/chunks/[root-of-the-server]__1jlk8z1._.js:2:54057\n    at /Users/ofir/kenyonexpress-autopilot/.next/server/chunks/[root-of-the-server]__1jlk8z1._.js:2:54347\n    at Object.with (/Users/ofir/kenyonexpress-autopilot/.next/server/chunks/[root-of-the-server]__1jlk8z1._.js:2:4124)\n    at S.with (/Users/ofir/kenyonexpress-autopilot/.next/server/chunks/[root-of-the-server]__1jlk8z1._.js:2:4450)\n    at G.startActiveSpan (/Users/ofir/kenyonexpress-autopilot/.next/server/chunks/[root-of-the-server]__1jlk8z1._.js:2:6806)\n    at H.startActiveSpan (/Users/ofir/kenyonexpress-autopilot/.next/server/chunks/[root-of-the-server]__1jlk8z1._.js:2:7045)\n    at e.runWithActiveSpan (/Users/ofir/kenyonexpress-autopilot/.next/server/chunks/[root-of-the-server]__1jlk8z1._.js:2:54324)\n    at /Users/ofir/kenyonexpress-autopilot/.next/server/chunks/[root-of-the-server]__1jlk8z1._.js:2:53577\n    at Object.with (/Users/ofir/kenyonexpress-autopilot/.next/server/chunks/[root-of-the-server]__1jlk8z1._.js:2:4124)\n    at S.with (/Users/ofir/kenyonexpress-autopilot/.next/server/chunks/[root-of-the-server]__1jlk8z1._.js:2:4450)\n    at e.trace (/Users/ofir/kenyonexpress-autopilot/.next/server/chunks/[root-of-the-server]__1jlk8z1._.js:2:53551)\n    at fetch (/Users/ofir/kenyonexpress-autopilot/.next/server/chunks/[root-of-the-server]__1jlk8z1._.js:2:84044)\n    at /Users/ofir/kenyonexpress-autopilot/.next/server/chun","digest":"HANGING_PROMISE_REJECTION"}}
{"ts":"2026-10-07T18:55:15.980Z","level":"warn","event":"db.query_slow","request_id":null,"method":"GET","target":"products","status":200,"duration_ms":316,"threshold_ms":300}
{"ts":"2026-10-07T18:55:15.983Z","level":"error","event":"db.query_failed","request_id":null,"method":"POST","target":"rpc:available_stock","duration_ms":553,"err":{"name":"Error","message":"During prerendering, fetch() rejects when the prerender is complete. Typically these errors are handled by React but if you move fetch() to a different context by using `setTimeout`, `after`, or similar functions you may observe this error and you should handle it in that context. This occurred at route \"/product/[slug]\".","stack":"Error: During prerendering, fetch() rejects when the prerender is complete. Typically these errors are handled by React but if you move fetch() to a different context by using `setTimeout`, `after`, or similar functions you may observe this error and you should handle it in that context. This occurred at route \"/product/[slug]\".\n    at eu (/Users/ofir/kenyonexpress-autopilot/.next/server/chunks/[root-of-the-server]__1jlk8z1._.js:2:58687)\n    at /Users/ofir/kenyonexpress-autopilot/.next/server/chunks/[root-of-the-server]__1jlk8z1._.js:2:87004\n    at /Users/ofir/kenyonexpress-autopilot/.next/server/chunks/[root-of-the-server]__1jlk8z1._.js:2:54057\n    at /Users/ofir/kenyonexpress-autopilot/.next/server/chunks/[root-of-the-server]__1jlk8z1._.js:2:54347\n    at Object.with (/Users/ofir/kenyonexpress-autopilot/.next/server/chunks/[root-of-the-server]__1jlk8z1._.js:2:4124)\n    at S.with (/Users/ofir/kenyonexpress-autopilot/.next/server/chunks/[root-of-the-server]__1jlk8z1._.js:2:4450)\n    at G.startActiveSpan (/Users/ofir/kenyonexpress-autopilot/.next/server/chunks/[root-of-the-server]__1jlk8z1._.js:2:6806)\n    at H.startActiveSpan (/Users/ofir/kenyonexpress-autopilot/.next/server/chunks/[root-of-the-server]__1jlk8z1._.js:2:7045)\n    at e.runWithActiveSpan (/Users/ofir/kenyonexpress-autopilot/.next/server/chunks/[root-of-the-server]__1jlk8z1._.js:2:54324)\n    at /Users/ofir/kenyonexpress-autopilot/.next/server/chunks/[root-of-the-server]__1jlk8z1._.js:2:53577\n    at Object.with (/Users/ofir/kenyonexpress-autopilot/.next/server/chunks/[root-of-the-server]__1jlk8z1._.js:2:4124)\n    at S.with (/Users/ofir/kenyonexpress-autopilot/.next/server/chunks/[root-of-the-server]__1jlk8z1._.js:2:4450)\n    at e.trace (/Users/ofir/kenyonexpress-autopilot/.next/server/chunks/[root-of-the-server]__1jlk8z1._.js:2:53551)\n    at fetch (/Users/ofir/kenyonexpress-autopilot/.next/server/chunks/[root-of-the-server]__1jlk8z1._.js:2:84044)\n    at /Users/ofir/kenyonexpress-autopilot/.next/server/chun","digest":"HANGING_PROMISE_REJECTION"}}
{"ts":"2026-10-07T18:55:15.983Z","level":"error","event":"db.query_failed","request_id":null,"method":"GET","target":"products","duration_ms":553,"err":{"name":"Error","message":"During prerendering, fetch() rejects when the prerender is complete. Typically these errors are handled by React but if you move fetch() to a different context by using `setTimeout`, `after`, or similar functions you may observe this error and you should handle it in that context. This occurred at route \"/product/[slug]\".","stack":"Error: During prerendering, fetch() rejects when the prerender is complete. Typically these errors are handled by React but if you move fetch() to a different context by using `setTimeout`, `after`, or similar functions you may observe this error and you should handle it in that context. This occurred at route \"/product/[slug]\".\n    at eu (/Users/ofir/kenyonexpress-autopilot/.next/server/chunks/[root-of-the-server]__1jlk8z1._.js:2:58687)\n    at /Users/ofir/kenyonexpress-autopilot/.next/server/chunks/[root-of-the-server]__1jlk8z1._.js:2:87004\n    at /Users/ofir/kenyonexpress-autopilot/.next/server/chunks/[root-of-the-server]__1jlk8z1._.js:2:54057\n    at /Users/ofir/kenyonexpress-autopilot/.next/server/chunks/[root-of-the-server]__1jlk8z1._.js:2:54347\n    at Object.with (/Users/ofir/kenyonexpress-autopilot/.next/server/chunks/[root-of-the-server]__1jlk8z1._.js:2:4124)\n    at S.with (/Users/ofir/kenyonexpress-autopilot/.next/server/chunks/[root-of-the-server]__1jlk8z1._.js:2:4450)\n    at G.startActiveSpan (/Users/ofir/kenyonexpress-autopilot/.next/server/chunks/[root-of-the-server]__1jlk8z1._.js:2:6806)\n    at H.startActiveSpan (/Users/ofir/kenyonexpress-autopilot/.next/server/chunks/[root-of-the-server]__1jlk8z1._.js:2:7045)\n    at e.runWithActiveSpan (/Users/ofir/kenyonexpress-autopilot/.next/server/chunks/[root-of-the-server]__1jlk8z1._.js:2:54324)\n    at /Users/ofir/kenyonexpress-autopilot/.next/server/chunks/[root-of-the-server]__1jlk8z1._.js:2:53577\n    at Object.with (/Users/ofir/kenyonexpress-autopilot/.next/server/chunks/[root-of-the-server]__1jlk8z1._.js:2:4124)\n    at S.with (/Users/ofir/kenyonexpress-autopilot/.next/server/chunks/[root-of-the-server]__1jlk8z1._.js:2:4450)\n    at e.trace (/Users/ofir/kenyonexpress-autopilot/.next/server/chunks/[root-of-the-server]__1jlk8z1._.js:2:53551)\n    at fetch (/Users/ofir/kenyonexpress-autopilot/.next/server/chunks/[root-of-the-server]__1jlk8z1._.js:2:84044)\n    at /Users/ofir/kenyonexpress-autopilot/.next/server/chun","digest":"HANGING_PROMISE_REJECTION"}}
{"ts":"2026-10-07T18:55:15.995Z","level":"error","event":"db.query_failed","request_id":null,"method":"GET","target":"products","duration_ms":0,"err":{"name":"Error","message":"During prerendering, fetch() rejects when the prerender is complete. Typically these errors are handled by React but if you move fetch() to a different context by using `setTimeout`, `after`, or similar functions you may observe this error and you should handle it in that context. This occurred at route \"/product/[slug]\".","stack":"Error: During prerendering, fetch() rejects when the prerender is complete. Typically these errors are handled by React but if you move fetch() to a different context by using `setTimeout`, `after`, or similar functions you may observe this error and you should handle it in that context. This occurred at route \"/product/[slug]\".\n    at eu (/Users/ofir/kenyonexpress-autopilot/.next/server/chunks/[root-of-the-server]__1jlk8z1._.js:2:58687)\n    at /Users/ofir/kenyonexpress-autopilot/.next/server/chunks/[root-of-the-server]__1jlk8z1._.js:2:87004\n    at /Users/ofir/kenyonexpress-autopilot/.next/server/chunks/[root-of-the-server]__1jlk8z1._.js:2:54057\n    at /Users/ofir/kenyonexpress-autopilot/.next/server/chunks/[root-of-the-server]__1jlk8z1._.js:2:54347\n    at Object.with (/Users/ofir/kenyonexpress-autopilot/.next/server/chunks/[root-of-the-server]__1jlk8z1._.js:2:4124)\n    at S.with (/Users/ofir/kenyonexpress-autopilot/.next/server/chunks/[root-of-the-server]__1jlk8z1._.js:2:4450)\n    at G.startActiveSpan (/Users/ofir/kenyonexpress-autopilot/.next/server/chunks/[root-of-the-server]__1jlk8z1._.js:2:6806)\n    at H.startActiveSpan (/Users/ofir/kenyonexpress-autopilot/.next/server/chunks/[root-of-the-server]__1jlk8z1._.js:2:7045)\n    at e.runWithActiveSpan (/Users/ofir/kenyonexpress-autopilot/.next/server/chunks/[root-of-the-server]__1jlk8z1._.js:2:54324)\n    at /Users/ofir/kenyonexpress-autopilot/.next/server/chunks/[root-of-the-server]__1jlk8z1._.js:2:53577\n    at Object.with (/Users/ofir/kenyonexpress-autopilot/.next/server/chunks/[root-of-the-server]__1jlk8z1._.js:2:4124)\n    at S.with (/Users/ofir/kenyonexpress-autopilot/.next/server/chunks/[root-of-the-server]__1jlk8z1._.js:2:4450)\n    at e.trace (/Users/ofir/kenyonexpress-autopilot/.next/server/chunks/[root-of-the-server]__1jlk8z1._.js:2:53551)\n    at fetch (/Users/ofir/kenyonexpress-autopilot/.next/server/chunks/[root-of-the-server]__1jlk8z1._.js:2:84044)\n    at /Users/ofir/kenyonexpress-autopilot/.next/server/chun","digest":"HANGING_PROMISE_REJECTION"}}
{"ts":"2026-10-07T18:55:15.999Z","level":"error","event":"db.query_failed","request_id":null,"method":"GET","target":"products","duration_ms":0,"err":{"name":"Error","message":"During prerendering, fetch() rejects when the prerender is complete. Typically these errors are handled by React but if you move fetch() to a different context by using `setTimeout`, `after`, or similar functions you may observe this error and you should handle it in that context. This occurred at route \"/product/[slug]\".","stack":"Error: During prerendering, fetch() rejects when the prerender is complete. Typically these errors are handled by React but if you move fetch() to a different context by using `setTimeout`, `after`, or similar functions you may observe this error and you should handle it in that context. This occurred at route \"/product/[slug]\".\n    at eu (/Users/ofir/kenyonexpress-autopilot/.next/server/chunks/[root-of-the-server]__1jlk8z1._.js:2:58687)\n    at /Users/ofir/kenyonexpress-autopilot/.next/server/chunks/[root-of-the-server]__1jlk8z1._.js:2:87004\n    at /Users/ofir/kenyonexpress-autopilot/.next/server/chunks/[root-of-the-server]__1jlk8z1._.js:2:54057\n    at /Users/ofir/kenyonexpress-autopilot/.next/server/chunks/[root-of-the-server]__1jlk8z1._.js:2:54347\n    at Object.with (/Users/ofir/kenyonexpress-autopilot/.next/server/chunks/[root-of-the-server]__1jlk8z1._.js:2:4124)\n    at S.with (/Users/ofir/kenyonexpress-autopilot/.next/server/chunks/[root-of-the-server]__1jlk8z1._.js:2:4450)\n    at G.startActiveSpan (/Users/ofir/kenyonexpress-autopilot/.next/server/chunks/[root-of-the-server]__1jlk8z1._.js:2:6806)\n    at H.startActiveSpan (/Users/ofir/kenyonexpress-autopilot/.next/server/chunks/[root-of-the-server]__1jlk8z1._.js:2:7045)\n    at e.runWithActiveSpan (/Users/ofir/kenyonexpress-autopilot/.next/server/chunks/[root-of-the-server]__1jlk8z1._.js:2:54324)\n    at /Users/ofir/kenyonexpress-autopilot/.next/server/chunks/[root-of-the-server]__1jlk8z1._.js:2:53577\n    at Object.with (/Users/ofir/kenyonexpress-autopilot/.next/server/chunks/[root-of-the-server]__1jlk8z1._.js:2:4124)\n    at S.with (/Users/ofir/kenyonexpress-autopilot/.next/server/chunks/[root-of-the-server]__1jlk8z1._.js:2:4450)\n    at e.trace (/Users/ofir/kenyonexpress-autopilot/.next/server/chunks/[root-of-the-server]__1jlk8z1._.js:2:53551)\n    at fetch (/Users/ofir/kenyonexpress-autopilot/.next/server/chunks/[root-of-the-server]__1jlk8z1._.js:2:84044)\n    at /Users/ofir/kenyonexpress-autopilot/.next/server/chun","digest":"HANGING_PROMISE_REJECTION"}}
{"ts":"2026-10-07T18:55:16.004Z","level":"error","event":"db.query_failed","request_id":null,"method":"POST","target":"rpc:available_stock","duration_ms":1,"err":{"name":"Error","message":"During prerendering, fetch() rejects when the prerender is complete. Typically these errors are handled by React but if you move fetch() to a different context by using `setTimeout`, `after`, or similar functions you may observe this error and you should handle it in that context. This occurred at route \"/product/[slug]\".","stack":"Error: During prerendering, fetch() rejects when the prerender is complete. Typically these errors are handled by React but if you move fetch() to a different context by using `setTimeout`, `after`, or similar functions you may observe this error and you should handle it in that context. This occurred at route \"/product/[slug]\".\n    at eu (/Users/ofir/kenyonexpress-autopilot/.next/server/chunks/[root-of-the-server]__1jlk8z1._.js:2:58687)\n    at /Users/ofir/kenyonexpress-autopilot/.next/server/chunks/[root-of-the-server]__1jlk8z1._.js:2:87004\n    at /Users/ofir/kenyonexpress-autopilot/.next/server/chunks/[root-of-the-server]__1jlk8z1._.js:2:54057\n    at /Users/ofir/kenyonexpress-autopilot/.next/server/chunks/[root-of-the-server]__1jlk8z1._.js:2:54347\n    at Object.with (/Users/ofir/kenyonexpress-autopilot/.next/server/chunks/[root-of-the-server]__1jlk8z1._.js:2:4124)\n    at S.with (/Users/ofir/kenyonexpress-autopilot/.next/server/chunks/[root-of-the-server]__1jlk8z1._.js:2:4450)\n    at G.startActiveSpan (/Users/ofir/kenyonexpress-autopilot/.next/server/chunks/[root-of-the-server]__1jlk8z1._.js:2:6806)\n    at H.startActiveSpan (/Users/ofir/kenyonexpress-autopilot/.next/server/chunks/[root-of-the-server]__1jlk8z1._.js:2:7045)\n    at e.runWithActiveSpan (/Users/ofir/kenyonexpress-autopilot/.next/server/chunks/[root-of-the-server]__1jlk8z1._.js:2:54324)\n    at /Users/ofir/kenyonexpress-autopilot/.next/server/chunks/[root-of-the-server]__1jlk8z1._.js:2:53577\n    at Object.with (/Users/ofir/kenyonexpress-autopilot/.next/server/chunks/[root-of-the-server]__1jlk8z1._.js:2:4124)\n    at S.with (/Users/ofir/kenyonexpress-autopilot/.next/server/chunks/[root-of-the-server]__1jlk8z1._.js:2:4450)\n    at e.trace (/Users/ofir/kenyonexpress-autopilot/.next/server/chunks/[root-of-the-server]__1jlk8z1._.js:2:53551)\n    at fetch (/Users/ofir/kenyonexpress-autopilot/.next/server/chunks/[root-of-the-server]__1jlk8z1._.js:2:84044)\n    at /Users/ofir/kenyonexpress-autopilot/.next/server/chun","digest":"HANGING_PROMISE_REJECTION"}}
{"ts":"2026-10-07T18:55:16.004Z","level":"error","event":"db.query_failed","request_id":null,"method":"GET","target":"products","duration_ms":1,"err":{"name":"Error","message":"During prerendering, fetch() rejects when the prerender is complete. Typically these errors are handled by React but if you move fetch() to a different context by using `setTimeout`, `after`, or similar functions you may observe this error and you should handle it in that context. This occurred at route \"/product/[slug]\".","stack":"Error: During prerendering, fetch() rejects when the prerender is complete. Typically these errors are handled by React but if you move fetch() to a different context by using `setTimeout`, `after`, or similar functions you may observe this error and you should handle it in that context. This occurred at route \"/product/[slug]\".\n    at eu (/Users/ofir/kenyonexpress-autopilot/.next/server/chunks/[root-of-the-server]__1jlk8z1._.js:2:58687)\n    at /Users/ofir/kenyonexpress-autopilot/.next/server/chunks/[root-of-the-server]__1jlk8z1._.js:2:87004\n    at /Users/ofir/kenyonexpress-autopilot/.next/server/chunks/[root-of-the-server]__1jlk8z1._.js:2:54057\n    at /Users/ofir/kenyonexpress-autopilot/.next/server/chunks/[root-of-the-server]__1jlk8z1._.js:2:54347\n    at Object.with (/Users/ofir/kenyonexpress-autopilot/.next/server/chunks/[root-of-the-server]__1jlk8z1._.js:2:4124)\n    at S.with (/Users/ofir/kenyonexpress-autopilot/.next/server/chunks/[root-of-the-server]__1jlk8z1._.js:2:4450)\n    at G.startActiveSpan (/Users/ofir/kenyonexpress-autopilot/.next/server/chunks/[root-of-the-server]__1jlk8z1._.js:2:6806)\n    at H.startActiveSpan (/Users/ofir/kenyonexpress-autopilot/.next/server/chunks/[root-of-the-server]__1jlk8z1._.js:2:7045)\n    at e.runWithActiveSpan (/Users/ofir/kenyonexpress-autopilot/.next/server/chunks/[root-of-the-server]__1jlk8z1._.js:2:54324)\n    at /Users/ofir/kenyonexpress-autopilot/.next/server/chunks/[root-of-the-server]__1jlk8z1._.js:2:53577\n    at Object.with (/Users/ofir/kenyonexpress-autopilot/.next/server/chunks/[root-of-the-server]__1jlk8z1._.js:2:4124)\n    at S.with (/Users/ofir/kenyonexpress-autopilot/.next/server/chunks/[root-of-the-server]__1jlk8z1._.js:2:4450)\n    at e.trace (/Users/ofir/kenyonexpress-autopilot/.next/server/chunks/[root-of-the-server]__1jlk8z1._.js:2:53551)\n    at fetch (/Users/ofir/kenyonexpress-autopilot/.next/server/chunks/[root-of-the-server]__1jlk8z1._.js:2:84044)\n    at /Users/ofir/kenyonexpress-autopilot/.next/server/chun","digest":"HANGING_PROMISE_REJECTION"}}
{"ts":"2026-10-07T18:55:16.007Z","level":"error","event":"db.query_failed","request_id":null,"method":"GET","target":"products","duration_ms":0,"err":{"name":"Error","message":"During prerendering, fetch() rejects when the prerender is complete. Typically these errors are handled by React but if you move fetch() to a different context by using `setTimeout`, `after`, or similar functions you may observe this error and you should handle it in that context. This occurred at route \"/product/[slug]\".","stack":"Error: During prerendering, fetch() rejects when the prerender is complete. Typically these errors are handled by React but if you move fetch() to a different context by using `setTimeout`, `after`, or similar functions you may observe this error and you should handle it in that context. This occurred at route \"/product/[slug]\".\n    at eu (/Users/ofir/kenyonexpress-autopilot/.next/server/chunks/[root-of-the-server]__1jlk8z1._.js:2:58687)\n    at /Users/ofir/kenyonexpress-autopilot/.next/server/chunks/[root-of-the-server]__1jlk8z1._.js:2:87004\n    at /Users/ofir/kenyonexpress-autopilot/.next/server/chunks/[root-of-the-server]__1jlk8z1._.js:2:54057\n    at /Users/ofir/kenyonexpress-autopilot/.next/server/chunks/[root-of-the-server]__1jlk8z1._.js:2:54347\n    at Object.with (/Users/ofir/kenyonexpress-autopilot/.next/server/chunks/[root-of-the-server]__1jlk8z1._.js:2:4124)\n    at S.with (/Users/ofir/kenyonexpress-autopilot/.next/server/chunks/[root-of-the-server]__1jlk8z1._.js:2:4450)\n    at G.startActiveSpan (/Users/ofir/kenyonexpress-autopilot/.next/server/chunks/[root-of-the-server]__1jlk8z1._.js:2:6806)\n    at H.startActiveSpan (/Users/ofir/kenyonexpress-autopilot/.next/server/chunks/[root-of-the-server]__1jlk8z1._.js:2:7045)\n    at e.runWithActiveSpan (/Users/ofir/kenyonexpress-autopilot/.next/server/chunks/[root-of-the-server]__1jlk8z1._.js:2:54324)\n    at /Users/ofir/kenyonexpress-autopilot/.next/server/chunks/[root-of-the-server]__1jlk8z1._.js:2:53577\n    at Object.with (/Users/ofir/kenyonexpress-autopilot/.next/server/chunks/[root-of-the-server]__1jlk8z1._.js:2:4124)\n    at S.with (/Users/ofir/kenyonexpress-autopilot/.next/server/chunks/[root-of-the-server]__1jlk8z1._.js:2:4450)\n    at e.trace (/Users/ofir/kenyonexpress-autopilot/.next/server/chunks/[root-of-the-server]__1jlk8z1._.js:2:53551)\n    at fetch (/Users/ofir/kenyonexpress-autopilot/.next/server/chunks/[root-of-the-server]__1jlk8z1._.js:2:84044)\n    at /Users/ofir/kenyonexpress-autopilot/.next/server/chun","digest":"HANGING_PROMISE_REJECTION"}}
{"ts":"2026-10-07T18:55:16.018Z","level":"error","event":"db.query_failed","request_id":null,"method":"GET","target":"products","duration_ms":0,"err":{"name":"Error","message":"During prerendering, fetch() rejects when the prerender is complete. Typically these errors are handled by React but if you move fetch() to a different context by using `setTimeout`, `after`, or similar functions you may observe this error and you should handle it in that context. This occurred at route \"/product/[slug]\".","stack":"Error: During prerendering, fetch() rejects when the prerender is complete. Typically these errors are handled by React but if you move fetch() to a different context by using `setTimeout`, `after`, or similar functions you may observe this error and you should handle it in that context. This occurred at route \"/product/[slug]\".\n    at eu (/Users/ofir/kenyonexpress-autopilot/.next/server/chunks/[root-of-the-server]__1jlk8z1._.js:2:58687)\n    at /Users/ofir/kenyonexpress-autopilot/.next/server/chunks/[root-of-the-server]__1jlk8z1._.js:2:87004\n    at /Users/ofir/kenyonexpress-autopilot/.next/server/chunks/[root-of-the-server]__1jlk8z1._.js:2:54057\n    at /Users/ofir/kenyonexpress-autopilot/.next/server/chunks/[root-of-the-server]__1jlk8z1._.js:2:54347\n    at Object.with (/Users/ofir/kenyonexpress-autopilot/.next/server/chunks/[root-of-the-server]__1jlk8z1._.js:2:4124)\n    at S.with (/Users/ofir/kenyonexpress-autopilot/.next/server/chunks/[root-of-the-server]__1jlk8z1._.js:2:4450)\n    at G.startActiveSpan (/Users/ofir/kenyonexpress-autopilot/.next/server/chunks/[root-of-the-server]__1jlk8z1._.js:2:6806)\n    at H.startActiveSpan (/Users/ofir/kenyonexpress-autopilot/.next/server/chunks/[root-of-the-server]__1jlk8z1._.js:2:7045)\n    at e.runWithActiveSpan (/Users/ofir/kenyonexpress-autopilot/.next/server/chunks/[root-of-the-server]__1jlk8z1._.js:2:54324)\n    at /Users/ofir/kenyonexpress-autopilot/.next/server/chunks/[root-of-the-server]__1jlk8z1._.js:2:53577\n    at Object.with (/Users/ofir/kenyonexpress-autopilot/.next/server/chunks/[root-of-the-server]__1jlk8z1._.js:2:4124)\n    at S.with (/Users/ofir/kenyonexpress-autopilot/.next/server/chunks/[root-of-the-server]__1jlk8z1._.js:2:4450)\n    at e.trace (/Users/ofir/kenyonexpress-autopilot/.next/server/chunks/[root-of-the-server]__1jlk8z1._.js:2:53551)\n    at fetch (/Users/ofir/kenyonexpress-autopilot/.next/server/chunks/[root-of-the-server]__1jlk8z1._.js:2:84044)\n    at /Users/ofir/kenyonexpress-autopilot/.next/server/chun","digest":"HANGING_PROMISE_REJECTION"}}
{"ts":"2026-10-07T18:55:16.078Z","level":"error","event":"db.query_failed","request_id":null,"method":"GET","target":"products","duration_ms":0,"err":{"name":"Error","message":"During prerendering, fetch() rejects when the prerender is complete. Typically these errors are handled by React but if you move fetch() to a different context by using `setTimeout`, `after`, or similar functions you may observe this error and you should handle it in that context. This occurred at route \"/product/[slug]\".","stack":"Error: During prerendering, fetch() rejects when the prerender is complete. Typically these errors are handled by React but if you move fetch() to a different context by using `setTimeout`, `after`, or similar functions you may observe this error and you should handle it in that context. This occurred at route \"/product/[slug]\".\n    at eu (/Users/ofir/kenyonexpress-autopilot/.next/server/chunks/[root-of-the-server]__1jlk8z1._.js:2:58687)\n    at /Users/ofir/kenyonexpress-autopilot/.next/server/chunks/[root-of-the-server]__1jlk8z1._.js:2:87004\n    at /Users/ofir/kenyonexpress-autopilot/.next/server/chunks/[root-of-the-server]__1jlk8z1._.js:2:54057\n    at /Users/ofir/kenyonexpress-autopilot/.next/server/chunks/[root-of-the-server]__1jlk8z1._.js:2:54347\n    at Object.with (/Users/ofir/kenyonexpress-autopilot/.next/server/chunks/[root-of-the-server]__1jlk8z1._.js:2:4124)\n    at S.with (/Users/ofir/kenyonexpress-autopilot/.next/server/chunks/[root-of-the-server]__1jlk8z1._.js:2:4450)\n    at G.startActiveSpan (/Users/ofir/kenyonexpress-autopilot/.next/server/chunks/[root-of-the-server]__1jlk8z1._.js:2:6806)\n    at H.startActiveSpan (/Users/ofir/kenyonexpress-autopilot/.next/server/chunks/[root-of-the-server]__1jlk8z1._.js:2:7045)\n    at e.runWithActiveSpan (/Users/ofir/kenyonexpress-autopilot/.next/server/chunks/[root-of-the-server]__1jlk8z1._.js:2:54324)\n    at /Users/ofir/kenyonexpress-autopilot/.next/server/chunks/[root-of-the-server]__1jlk8z1._.js:2:53577\n    at Object.with (/Users/ofir/kenyonexpress-autopilot/.next/server/chunks/[root-of-the-server]__1jlk8z1._.js:2:4124)\n    at S.with (/Users/ofir/kenyonexpress-autopilot/.next/server/chunks/[root-of-the-server]__1jlk8z1._.js:2:4450)\n    at e.trace (/Users/ofir/kenyonexpress-autopilot/.next/server/chunks/[root-of-the-server]__1jlk8z1._.js:2:53551)\n    at fetch (/Users/ofir/kenyonexpress-autopilot/.next/server/chunks/[root-of-the-server]__1jlk8z1._.js:2:84044)\n    at /Users/ofir/kenyonexpress-autopilot/.next/server/chun","digest":"HANGING_PROMISE_REJECTION"}}
{"ts":"2026-10-07T18:55:16.090Z","level":"error","event":"db.query_failed","request_id":null,"method":"GET","target":"products","duration_ms":0,"err":{"name":"Error","message":"During prerendering, fetch() rejects when the prerender is complete. Typically these errors are handled by React but if you move fetch() to a different context by using `setTimeout`, `after`, or similar functions you may observe this error and you should handle it in that context. This occurred at route \"/product/[slug]\".","stack":"Error: During prerendering, fetch() rejects when the prerender is complete. Typically these errors are handled by React but if you move fetch() to a different context by using `setTimeout`, `after`, or similar functions you may observe this error and you should handle it in that context. This occurred at route \"/product/[slug]\".\n    at eu (/Users/ofir/kenyonexpress-autopilot/.next/server/chunks/[root-of-the-server]__1jlk8z1._.js:2:58687)\n    at /Users/ofir/kenyonexpress-autopilot/.next/server/chunks/[root-of-the-server]__1jlk8z1._.js:2:87004\n    at /Users/ofir/kenyonexpress-autopilot/.next/server/chunks/[root-of-the-server]__1jlk8z1._.js:2:54057\n    at /Users/ofir/kenyonexpress-autopilot/.next/server/chunks/[root-of-the-server]__1jlk8z1._.js:2:54347\n    at Object.with (/Users/ofir/kenyonexpress-autopilot/.next/server/chunks/[root-of-the-server]__1jlk8z1._.js:2:4124)\n    at S.with (/Users/ofir/kenyonexpress-autopilot/.next/server/chunks/[root-of-the-server]__1jlk8z1._.js:2:4450)\n    at G.startActiveSpan (/Users/ofir/kenyonexpress-autopilot/.next/server/chunks/[root-of-the-server]__1jlk8z1._.js:2:6806)\n    at H.startActiveSpan (/Users/ofir/kenyonexpress-autopilot/.next/server/chunks/[root-of-the-server]__1jlk8z1._.js:2:7045)\n    at e.runWithActiveSpan (/Users/ofir/kenyonexpress-autopilot/.next/server/chunks/[root-of-the-server]__1jlk8z1._.js:2:54324)\n    at /Users/ofir/kenyonexpress-autopilot/.next/server/chunks/[root-of-the-server]__1jlk8z1._.js:2:53577\n    at Object.with (/Users/ofir/kenyonexpress-autopilot/.next/server/chunks/[root-of-the-server]__1jlk8z1._.js:2:4124)\n    at S.with (/Users/ofir/kenyonexpress-autopilot/.next/server/chunks/[root-of-the-server]__1jlk8z1._.js:2:4450)\n    at e.trace (/Users/ofir/kenyonexpress-autopilot/.next/server/chunks/[root-of-the-server]__1jlk8z1._.js:2:53551)\n    at fetch (/Users/ofir/kenyonexpress-autopilot/.next/server/chunks/[root-of-the-server]__1jlk8z1._.js:2:84044)\n    at /Users/ofir/kenyonexpress-autopilot/.next/server/chun","digest":"HANGING_PROMISE_REJECTION"}}
{"ts":"2026-10-07T18:55:16.202Z","level":"error","event":"db.query_failed","request_id":null,"method":"GET","target":"products","duration_ms":0,"err":{"name":"Error","message":"During prerendering, fetch() rejects when the prerender is complete. Typically these errors are handled by React but if you move fetch() to a different context by using `setTimeout`, `after`, or similar functions you may observe this error and you should handle it in that context. This occurred at route \"/product/[slug]\".","stack":"Error: During prerendering, fetch() rejects when the prerender is complete. Typically these errors are handled by React but if you move fetch() to a different context by using `setTimeout`, `after`, or similar functions you may observe this error and you should handle it in that context. This occurred at route \"/product/[slug]\".\n    at eu (/Users/ofir/kenyonexpress-autopilot/.next/server/chunks/[root-of-the-server]__1jlk8z1._.js:2:58687)\n    at /Users/ofir/kenyonexpress-autopilot/.next/server/chunks/[root-of-the-server]__1jlk8z1._.js:2:87004\n    at /Users/ofir/kenyonexpress-autopilot/.next/server/chunks/[root-of-the-server]__1jlk8z1._.js:2:54057\n    at /Users/ofir/kenyonexpress-autopilot/.next/server/chunks/[root-of-the-server]__1jlk8z1._.js:2:54347\n    at Object.with (/Users/ofir/kenyonexpress-autopilot/.next/server/chunks/[root-of-the-server]__1jlk8z1._.js:2:4124)\n    at S.with (/Users/ofir/kenyonexpress-autopilot/.next/server/chunks/[root-of-the-server]__1jlk8z1._.js:2:4450)\n    at G.startActiveSpan (/Users/ofir/kenyonexpress-autopilot/.next/server/chunks/[root-of-the-server]__1jlk8z1._.js:2:6806)\n    at H.startActiveSpan (/Users/ofir/kenyonexpress-autopilot/.next/server/chunks/[root-of-the-server]__1jlk8z1._.js:2:7045)\n    at e.runWithActiveSpan (/Users/ofir/kenyonexpress-autopilot/.next/server/chunks/[root-of-the-server]__1jlk8z1._.js:2:54324)\n    at /Users/ofir/kenyonexpress-autopilot/.next/server/chunks/[root-of-the-server]__1jlk8z1._.js:2:53577\n    at Object.with (/Users/ofir/kenyonexpress-autopilot/.next/server/chunks/[root-of-the-server]__1jlk8z1._.js:2:4124)\n    at S.with (/Users/ofir/kenyonexpress-autopilot/.next/server/chunks/[root-of-the-server]__1jlk8z1._.js:2:4450)\n    at e.trace (/Users/ofir/kenyonexpress-autopilot/.next/server/chunks/[root-of-the-server]__1jlk8z1._.js:2:53551)\n    at fetch (/Users/ofir/kenyonexpress-autopilot/.next/server/chunks/[root-of-the-server]__1jlk8z1._.js:2:84044)\n    at /Users/ofir/kenyonexpress-autopilot/.next/server/chun","digest":"HANGING_PROMISE_REJECTION"}}
{"ts":"2026-10-07T18:55:16.202Z","level":"warn","event":"stock.available_read_failed","request_id":null,"productId":"9032de64-3efe-4fda-9ebf-4aab556af2a6","reason":"Error: During prerendering, fetch() rejects when the prerender is complete. Typically these errors are handled by React but if you move fetch() to a different context by using `setTimeout`, `after`, or similar functions you may observe this error and you should handle it in that context. This occurred at route \"/product/[slug]\"."}
{"ts":"2026-10-07T18:55:16.202Z","level":"error","event":"db.query_failed","request_id":null,"method":"GET","target":"products","duration_ms":0,"err":{"name":"Error","message":"During prerendering, fetch() rejects when the prerender is complete. Typically these errors are handled by React but if you move fetch() to a different context by using `setTimeout`, `after`, or similar functions you may observe this error and you should handle it in that context. This occurred at route \"/product/[slug]\".","stack":"Error: During prerendering, fetch() rejects when the prerender is complete. Typically these errors are handled by React but if you move fetch() to a different context by using `setTimeout`, `after`, or similar functions you may observe this error and you should handle it in that context. This occurred at route \"/product/[slug]\".\n    at eu (/Users/ofir/kenyonexpress-autopilot/.next/server/chunks/[root-of-the-server]__1jlk8z1._.js:2:58687)\n    at /Users/ofir/kenyonexpress-autopilot/.next/server/chunks/[root-of-the-server]__1jlk8z1._.js:2:87004\n    at /Users/ofir/kenyonexpress-autopilot/.next/server/chunks/[root-of-the-server]__1jlk8z1._.js:2:54057\n    at /Users/ofir/kenyonexpress-autopilot/.next/server/chunks/[root-of-the-server]__1jlk8z1._.js:2:54347\n    at Object.with (/Users/ofir/kenyonexpress-autopilot/.next/server/chunks/[root-of-the-server]__1jlk8z1._.js:2:4124)\n    at S.with (/Users/ofir/kenyonexpress-autopilot/.next/server/chunks/[root-of-the-server]__1jlk8z1._.js:2:4450)\n    at G.startActiveSpan (/Users/ofir/kenyonexpress-autopilot/.next/server/chunks/[root-of-the-server]__1jlk8z1._.js:2:6806)\n    at H.startActiveSpan (/Users/ofir/kenyonexpress-autopilot/.next/server/chunks/[root-of-the-server]__1jlk8z1._.js:2:7045)\n    at e.runWithActiveSpan (/Users/ofir/kenyonexpress-autopilot/.next/server/chunks/[root-of-the-server]__1jlk8z1._.js:2:54324)\n    at /Users/ofir/kenyonexpress-autopilot/.next/server/chunks/[root-of-the-server]__1jlk8z1._.js:2:53577\n    at Object.with (/Users/ofir/kenyonexpress-autopilot/.next/server/chunks/[root-of-the-server]__1jlk8z1._.js:2:4124)\n    at S.with (/Users/ofir/kenyonexpress-autopilot/.next/server/chunks/[root-of-the-server]__1jlk8z1._.js:2:4450)\n    at e.trace (/Users/ofir/kenyonexpress-autopilot/.next/server/chunks/[root-of-the-server]__1jlk8z1._.js:2:53551)\n    at fetch (/Users/ofir/kenyonexpress-autopilot/.next/server/chunks/[root-of-the-server]__1jlk8z1._.js:2:84044)\n    at /Users/ofir/kenyonexpress-autopilot/.next/server/chun","digest":"HANGING_PROMISE_REJECTION"}}
{"ts":"2026-10-07T18:55:16.203Z","level":"warn","event":"stock.available_read_failed","request_id":null,"productId":"9032de64-3efe-4fda-9ebf-4aab556af2a6","reason":"Error: During prerendering, fetch() rejects when the prerender is complete. Typically these errors are handled by React but if you move fetch() to a different context by using `setTimeout`, `after`, or similar functions you may observe this error and you should handle it in that context. This occurred at route \"/product/[slug]\"."}
{"ts":"2026-10-07T18:55:16.203Z","level":"error","event":"db.query_failed","request_id":null,"method":"GET","target":"products","duration_ms":0,"err":{"name":"Error","message":"During prerendering, fetch() rejects when the prerender is complete. Typically these errors are handled by React but if you move fetch() to a different context by using `setTimeout`, `after`, or similar functions you may observe this error and you should handle it in that context. This occurred at route \"/product/[slug]\".","stack":"Error: During prerendering, fetch() rejects when the prerender is complete. Typically these errors are handled by React but if you move fetch() to a different context by using `setTimeout`, `after`, or similar functions you may observe this error and you should handle it in that context. This occurred at route \"/product/[slug]\".\n    at eu (/Users/ofir/kenyonexpress-autopilot/.next/server/chunks/[root-of-the-server]__1jlk8z1._.js:2:58687)\n    at /Users/ofir/kenyonexpress-autopilot/.next/server/chunks/[root-of-the-server]__1jlk8z1._.js:2:87004\n    at /Users/ofir/kenyonexpress-autopilot/.next/server/chunks/[root-of-the-server]__1jlk8z1._.js:2:54057\n    at /Users/ofir/kenyonexpress-autopilot/.next/server/chunks/[root-of-the-server]__1jlk8z1._.js:2:54347\n    at Object.with (/Users/ofir/kenyonexpress-autopilot/.next/server/chunks/[root-of-the-server]__1jlk8z1._.js:2:4124)\n    at S.with (/Users/ofir/kenyonexpress-autopilot/.next/server/chunks/[root-of-the-server]__1jlk8z1._.js:2:4450)\n    at G.startActiveSpan (/Users/ofir/kenyonexpress-autopilot/.next/server/chunks/[root-of-the-server]__1jlk8z1._.js:2:6806)\n    at H.startActiveSpan (/Users/ofir/kenyonexpress-autopilot/.next/server/chunks/[root-of-the-server]__1jlk8z1._.js:2:7045)\n    at e.runWithActiveSpan (/Users/ofir/kenyonexpress-autopilot/.next/server/chunks/[root-of-the-server]__1jlk8z1._.js:2:54324)\n    at /Users/ofir/kenyonexpress-autopilot/.next/server/chunks/[root-of-the-server]__1jlk8z1._.js:2:53577\n    at Object.with (/Users/ofir/kenyonexpress-autopilot/.next/server/chunks/[root-of-the-server]__1jlk8z1._.js:2:4124)\n    at S.with (/Users/ofir/kenyonexpress-autopilot/.next/server/chunks/[root-of-the-server]__1jlk8z1._.js:2:4450)\n    at e.trace (/Users/ofir/kenyonexpress-autopilot/.next/server/chunks/[root-of-the-server]__1jlk8z1._.js:2:53551)\n    at fetch (/Users/ofir/kenyonexpress-autopilot/.next/server/chunks/[root-of-the-server]__1jlk8z1._.js:2:84044)\n    at /Users/ofir/kenyonexpress-autopilot/.next/server/chun","digest":"HANGING_PROMISE_REJECTION"}}
{"ts":"2026-10-07T18:55:16.203Z","level":"warn","event":"stock.available_read_failed","request_id":null,"productId":"fb84d073-d454-424a-9b53-93aa1f2a4464","reason":"Error: During prerendering, fetch() rejects when the prerender is complete. Typically these errors are handled by React but if you move fetch() to a different context by using `setTimeout`, `after`, or similar functions you may observe this error and you should handle it in that context. This occurred at route \"/product/[slug]\"."}
{"ts":"2026-10-07T18:55:16.203Z","level":"error","event":"db.query_failed","request_id":null,"method":"GET","target":"products","duration_ms":0,"err":{"name":"Error","message":"During prerendering, fetch() rejects when the prerender is complete. Typically these errors are handled by React but if you move fetch() to a different context by using `setTimeout`, `after`, or similar functions you may observe this error and you should handle it in that context. This occurred at route \"/product/[slug]\".","stack":"Error: During prerendering, fetch() rejects when the prerender is complete. Typically these errors are handled by React but if you move fetch() to a different context by using `setTimeout`, `after`, or similar functions you may observe this error and you should handle it in that context. This occurred at route \"/product/[slug]\".\n    at eu (/Users/ofir/kenyonexpress-autopilot/.next/server/chunks/[root-of-the-server]__1jlk8z1._.js:2:58687)\n    at /Users/ofir/kenyonexpress-autopilot/.next/server/chunks/[root-of-the-server]__1jlk8z1._.js:2:87004\n    at /Users/ofir/kenyonexpress-autopilot/.next/server/chunks/[root-of-the-server]__1jlk8z1._.js:2:54057\n    at /Users/ofir/kenyonexpress-autopilot/.next/server/chunks/[root-of-the-server]__1jlk8z1._.js:2:54347\n    at Object.with (/Users/ofir/kenyonexpress-autopilot/.next/server/chunks/[root-of-the-server]__1jlk8z1._.js:2:4124)\n    at S.with (/Users/ofir/kenyonexpress-autopilot/.next/server/chunks/[root-of-the-server]__1jlk8z1._.js:2:4450)\n    at G.startActiveSpan (/Users/ofir/kenyonexpress-autopilot/.next/server/chunks/[root-of-the-server]__1jlk8z1._.js:2:6806)\n    at H.startActiveSpan (/Users/ofir/kenyonexpress-autopilot/.next/server/chunks/[root-of-the-server]__1jlk8z1._.js:2:7045)\n    at e.runWithActiveSpan (/Users/ofir/kenyonexpress-autopilot/.next/server/chunks/[root-of-the-server]__1jlk8z1._.js:2:54324)\n    at /Users/ofir/kenyonexpress-autopilot/.next/server/chunks/[root-of-the-server]__1jlk8z1._.js:2:53577\n    at Object.with (/Users/ofir/kenyonexpress-autopilot/.next/server/chunks/[root-of-the-server]__1jlk8z1._.js:2:4124)\n    at S.with (/Users/ofir/kenyonexpress-autopilot/.next/server/chunks/[root-of-the-server]__1jlk8z1._.js:2:4450)\n    at e.trace (/Users/ofir/kenyonexpress-autopilot/.next/server/chunks/[root-of-the-server]__1jlk8z1._.js:2:53551)\n    at fetch (/Users/ofir/kenyonexpress-autopilot/.next/server/chunks/[root-of-the-server]__1jlk8z1._.js:2:84044)\n    at /Users/ofir/kenyonexpress-autopilot/.next/server/chun","digest":"HANGING_PROMISE_REJECTION"}}
{"ts":"2026-10-07T18:55:16.203Z","level":"warn","event":"stock.available_read_failed","request_id":null,"productId":"50f60a63-3caf-4cc3-83d9-f5dd21768999","reason":"Error: During prerendering, fetch() rejects when the prerender is complete. Typically these errors are handled by React but if you move fetch() to a different context by using `setTimeout`, `after`, or similar functions you may observe this error and you should handle it in that context. This occurred at route \"/product/[slug]\"."}
{"ts":"2026-10-07T18:55:16.257Z","level":"error","event":"db.query_failed","request_id":null,"method":"GET","target":"products","duration_ms":0,"err":{"name":"Error","message":"During prerendering, fetch() rejects when the prerender is complete. Typically these errors are handled by React but if you move fetch() to a different context by using `setTimeout`, `after`, or similar functions you may observe this error and you should handle it in that context. This occurred at route \"/product/[slug]\".","stack":"Error: During prerendering, fetch() rejects when the prerender is complete. Typically these errors are handled by React but if you move fetch() to a different context by using `setTimeout`, `after`, or similar functions you may observe this error and you should handle it in that context. This occurred at route \"/product/[slug]\".\n    at eu (/Users/ofir/kenyonexpress-autopilot/.next/server/chunks/[root-of-the-server]__1jlk8z1._.js:2:58687)\n    at /Users/ofir/kenyonexpress-autopilot/.next/server/chunks/[root-of-the-server]__1jlk8z1._.js:2:87004\n    at /Users/ofir/kenyonexpress-autopilot/.next/server/chunks/[root-of-the-server]__1jlk8z1._.js:2:54057\n    at /Users/ofir/kenyonexpress-autopilot/.next/server/chunks/[root-of-the-server]__1jlk8z1._.js:2:54347\n    at Object.with (/Users/ofir/kenyonexpress-autopilot/.next/server/chunks/[root-of-the-server]__1jlk8z1._.js:2:4124)\n    at S.with (/Users/ofir/kenyonexpress-autopilot/.next/server/chunks/[root-of-the-server]__1jlk8z1._.js:2:4450)\n    at G.startActiveSpan (/Users/ofir/kenyonexpress-autopilot/.next/server/chunks/[root-of-the-server]__1jlk8z1._.js:2:6806)\n    at H.startActiveSpan (/Users/ofir/kenyonexpress-autopilot/.next/server/chunks/[root-of-the-server]__1jlk8z1._.js:2:7045)\n    at e.runWithActiveSpan (/Users/ofir/kenyonexpress-autopilot/.next/server/chunks/[root-of-the-server]__1jlk8z1._.js:2:54324)\n    at /Users/ofir/kenyonexpress-autopilot/.next/server/chunks/[root-of-the-server]__1jlk8z1._.js:2:53577\n    at Object.with (/Users/ofir/kenyonexpress-autopilot/.next/server/chunks/[root-of-the-server]__1jlk8z1._.js:2:4124)\n    at S.with (/Users/ofir/kenyonexpress-autopilot/.next/server/chunks/[root-of-the-server]__1jlk8z1._.js:2:4450)\n    at e.trace (/Users/ofir/kenyonexpress-autopilot/.next/server/chunks/[root-of-the-server]__1jlk8z1._.js:2:53551)\n    at fetch (/Users/ofir/kenyonexpress-autopilot/.next/server/chunks/[root-of-the-server]__1jlk8z1._.js:2:84044)\n    at /Users/ofir/kenyonexpress-autopilot/.next/server/chun","digest":"HANGING_PROMISE_REJECTION"}}
{"ts":"2026-10-07T18:55:16.257Z","level":"warn","event":"stock.available_read_failed","request_id":null,"productId":"fb84d073-d454-424a-9b53-93aa1f2a4464","reason":"Error: During prerendering, fetch() rejects when the prerender is complete. Typically these errors are handled by React but if you move fetch() to a different context by using `setTimeout`, `after`, or similar functions you may observe this error and you should handle it in that context. This occurred at route \"/product/[slug]\"."}
{"ts":"2026-10-07T18:55:16.258Z","level":"error","event":"db.query_failed","request_id":null,"method":"GET","target":"products","duration_ms":0,"err":{"name":"Error","message":"During prerendering, fetch() rejects when the prerender is complete. Typically these errors are handled by React but if you move fetch() to a different context by using `setTimeout`, `after`, or similar functions you may observe this error and you should handle it in that context. This occurred at route \"/product/[slug]\".","stack":"Error: During prerendering, fetch() rejects when the prerender is complete. Typically these errors are handled by React but if you move fetch() to a different context by using `setTimeout`, `after`, or similar functions you may observe this error and you should handle it in that context. This occurred at route \"/product/[slug]\".\n    at eu (/Users/ofir/kenyonexpress-autopilot/.next/server/chunks/[root-of-the-server]__1jlk8z1._.js:2:58687)\n    at /Users/ofir/kenyonexpress-autopilot/.next/server/chunks/[root-of-the-server]__1jlk8z1._.js:2:87004\n    at /Users/ofir/kenyonexpress-autopilot/.next/server/chunks/[root-of-the-server]__1jlk8z1._.js:2:54057\n    at /Users/ofir/kenyonexpress-autopilot/.next/server/chunks/[root-of-the-server]__1jlk8z1._.js:2:54347\n    at Object.with (/Users/ofir/kenyonexpress-autopilot/.next/server/chunks/[root-of-the-server]__1jlk8z1._.js:2:4124)\n    at S.with (/Users/ofir/kenyonexpress-autopilot/.next/server/chunks/[root-of-the-server]__1jlk8z1._.js:2:4450)\n    at G.startActiveSpan (/Users/ofir/kenyonexpress-autopilot/.next/server/chunks/[root-of-the-server]__1jlk8z1._.js:2:6806)\n    at H.startActiveSpan (/Users/ofir/kenyonexpress-autopilot/.next/server/chunks/[root-of-the-server]__1jlk8z1._.js:2:7045)\n    at e.runWithActiveSpan (/Users/ofir/kenyonexpress-autopilot/.next/server/chunks/[root-of-the-server]__1jlk8z1._.js:2:54324)\n    at /Users/ofir/kenyonexpress-autopilot/.next/server/chunks/[root-of-the-server]__1jlk8z1._.js:2:53577\n    at Object.with (/Users/ofir/kenyonexpress-autopilot/.next/server/chunks/[root-of-the-server]__1jlk8z1._.js:2:4124)\n    at S.with (/Users/ofir/kenyonexpress-autopilot/.next/server/chunks/[root-of-the-server]__1jlk8z1._.js:2:4450)\n    at e.trace (/Users/ofir/kenyonexpress-autopilot/.next/server/chunks/[root-of-the-server]__1jlk8z1._.js:2:53551)\n    at fetch (/Users/ofir/kenyonexpress-autopilot/.next/server/chunks/[root-of-the-server]__1jlk8z1._.js:2:84044)\n    at /Users/ofir/kenyonexpress-autopilot/.next/server/chun","digest":"HANGING_PROMISE_REJECTION"}}
{"ts":"2026-10-07T18:55:16.258Z","level":"warn","event":"stock.available_read_failed","request_id":null,"productId":"6dc25c0a-e468-43d3-8b97-32a82b48f670","reason":"Error: During prerendering, fetch() rejects when the prerender is complete. Typically these errors are handled by React but if you move fetch() to a different context by using `setTimeout`, `after`, or similar functions you may observe this error and you should handle it in that context. This occurred at route \"/product/[slug]\"."}
{"ts":"2026-10-07T18:55:16.258Z","level":"error","event":"db.query_failed","request_id":null,"method":"GET","target":"products","duration_ms":0,"err":{"name":"Error","message":"During prerendering, fetch() rejects when the prerender is complete. Typically these errors are handled by React but if you move fetch() to a different context by using `setTimeout`, `after`, or similar functions you may observe this error and you should handle it in that context. This occurred at route \"/product/[slug]\".","stack":"Error: During prerendering, fetch() rejects when the prerender is complete. Typically these errors are handled by React but if you move fetch() to a different context by using `setTimeout`, `after`, or similar functions you may observe this error and you should handle it in that context. This occurred at route \"/product/[slug]\".\n    at eu (/Users/ofir/kenyonexpress-autopilot/.next/server/chunks/[root-of-the-server]__1jlk8z1._.js:2:58687)\n    at /Users/ofir/kenyonexpress-autopilot/.next/server/chunks/[root-of-the-server]__1jlk8z1._.js:2:87004\n    at /Users/ofir/kenyonexpress-autopilot/.next/server/chunks/[root-of-the-server]__1jlk8z1._.js:2:54057\n    at /Users/ofir/kenyonexpress-autopilot/.next/server/chunks/[root-of-the-server]__1jlk8z1._.js:2:54347\n    at Object.with (/Users/ofir/kenyonexpress-autopilot/.next/server/chunks/[root-of-the-server]__1jlk8z1._.js:2:4124)\n    at S.with (/Users/ofir/kenyonexpress-autopilot/.next/server/chunks/[root-of-the-server]__1jlk8z1._.js:2:4450)\n    at G.startActiveSpan (/Users/ofir/kenyonexpress-autopilot/.next/server/chunks/[root-of-the-server]__1jlk8z1._.js:2:6806)\n    at H.startActiveSpan (/Users/ofir/kenyonexpress-autopilot/.next/server/chunks/[root-of-the-server]__1jlk8z1._.js:2:7045)\n    at e.runWithActiveSpan (/Users/ofir/kenyonexpress-autopilot/.next/server/chunks/[root-of-the-server]__1jlk8z1._.js:2:54324)\n    at /Users/ofir/kenyonexpress-autopilot/.next/server/chunks/[root-of-the-server]__1jlk8z1._.js:2:53577\n    at Object.with (/Users/ofir/kenyonexpress-autopilot/.next/server/chunks/[root-of-the-server]__1jlk8z1._.js:2:4124)\n    at S.with (/Users/ofir/kenyonexpress-autopilot/.next/server/chunks/[root-of-the-server]__1jlk8z1._.js:2:4450)\n    at e.trace (/Users/ofir/kenyonexpress-autopilot/.next/server/chunks/[root-of-the-server]__1jlk8z1._.js:2:53551)\n    at fetch (/Users/ofir/kenyonexpress-autopilot/.next/server/chunks/[root-of-the-server]__1jlk8z1._.js:2:84044)\n    at /Users/ofir/kenyonexpress-autopilot/.next/server/chun","digest":"HANGING_PROMISE_REJECTION"}}
{"ts":"2026-10-07T18:55:16.258Z","level":"warn","event":"stock.available_read_failed","request_id":null,"productId":"50f60a63-3caf-4cc3-83d9-f5dd21768999","reason":"Error: During prerendering, fetch() rejects when the prerender is complete. Typically these errors are handled by React but if you move fetch() to a different context by using `setTimeout`, `after`, or similar functions you may observe this error and you should handle it in that context. This occurred at route \"/product/[slug]\"."}
{"ts":"2026-10-07T18:55:16.259Z","level":"error","event":"db.query_failed","request_id":null,"method":"GET","target":"products","duration_ms":0,"err":{"name":"Error","message":"During prerendering, fetch() rejects when the prerender is complete. Typically these errors are handled by React but if you move fetch() to a different context by using `setTimeout`, `after`, or similar functions you may observe this error and you should handle it in that context. This occurred at route \"/product/[slug]\".","stack":"Error: During prerendering, fetch() rejects when the prerender is complete. Typically these errors are handled by React but if you move fetch() to a different context by using `setTimeout`, `after`, or similar functions you may observe this error and you should handle it in that context. This occurred at route \"/product/[slug]\".\n    at eu (/Users/ofir/kenyonexpress-autopilot/.next/server/chunks/[root-of-the-server]__1jlk8z1._.js:2:58687)\n    at /Users/ofir/kenyonexpress-autopilot/.next/server/chunks/[root-of-the-server]__1jlk8z1._.js:2:87004\n    at /Users/ofir/kenyonexpress-autopilot/.next/server/chunks/[root-of-the-server]__1jlk8z1._.js:2:54057\n    at /Users/ofir/kenyonexpress-autopilot/.next/server/chunks/[root-of-the-server]__1jlk8z1._.js:2:54347\n    at Object.with (/Users/ofir/kenyonexpress-autopilot/.next/server/chunks/[root-of-the-server]__1jlk8z1._.js:2:4124)\n    at S.with (/Users/ofir/kenyonexpress-autopilot/.next/server/chunks/[root-of-the-server]__1jlk8z1._.js:2:4450)\n    at G.startActiveSpan (/Users/ofir/kenyonexpress-autopilot/.next/server/chunks/[root-of-the-server]__1jlk8z1._.js:2:6806)\n    at H.startActiveSpan (/Users/ofir/kenyonexpress-autopilot/.next/server/chunks/[root-of-the-server]__1jlk8z1._.js:2:7045)\n    at e.runWithActiveSpan (/Users/ofir/kenyonexpress-autopilot/.next/server/chunks/[root-of-the-server]__1jlk8z1._.js:2:54324)\n    at /Users/ofir/kenyonexpress-autopilot/.next/server/chunks/[root-of-the-server]__1jlk8z1._.js:2:53577\n    at Object.with (/Users/ofir/kenyonexpress-autopilot/.next/server/chunks/[root-of-the-server]__1jlk8z1._.js:2:4124)\n    at S.with (/Users/ofir/kenyonexpress-autopilot/.next/server/chunks/[root-of-the-server]__1jlk8z1._.js:2:4450)\n    at e.trace (/Users/ofir/kenyonexpress-autopilot/.next/server/chunks/[root-of-the-server]__1jlk8z1._.js:2:53551)\n    at fetch (/Users/ofir/kenyonexpress-autopilot/.next/server/chunks/[root-of-the-server]__1jlk8z1._.js:2:84044)\n    at /Users/ofir/kenyonexpress-autopilot/.next/server/chun","digest":"HANGING_PROMISE_REJECTION"}}
{"ts":"2026-10-07T18:55:16.259Z","level":"warn","event":"stock.available_read_failed","request_id":null,"productId":"6dc25c0a-e468-43d3-8b97-32a82b48f670","reason":"Error: During prerendering, fetch() rejects when the prerender is complete. Typically these errors are handled by React but if you move fetch() to a different context by using `setTimeout`, `after`, or similar functions you may observe this error and you should handle it in that context. This occurred at route \"/product/[slug]\"."}
{"ts":"2026-10-07T18:55:16.259Z","level":"error","event":"db.query_failed","request_id":null,"method":"GET","target":"products","duration_ms":0,"err":{"name":"Error","message":"During prerendering, fetch() rejects when the prerender is complete. Typically these errors are handled by React but if you move fetch() to a different context by using `setTimeout`, `after`, or similar functions you may observe this error and you should handle it in that context. This occurred at route \"/product/[slug]\".","stack":"Error: During prerendering, fetch() rejects when the prerender is complete. Typically these errors are handled by React but if you move fetch() to a different context by using `setTimeout`, `after`, or similar functions you may observe this error and you should handle it in that context. This occurred at route \"/product/[slug]\".\n    at eu (/Users/ofir/kenyonexpress-autopilot/.next/server/chunks/[root-of-the-server]__1jlk8z1._.js:2:58687)\n    at /Users/ofir/kenyonexpress-autopilot/.next/server/chunks/[root-of-the-server]__1jlk8z1._.js:2:87004\n    at /Users/ofir/kenyonexpress-autopilot/.next/server/chunks/[root-of-the-server]__1jlk8z1._.js:2:54057\n    at /Users/ofir/kenyonexpress-autopilot/.next/server/chunks/[root-of-the-server]__1jlk8z1._.js:2:54347\n    at Object.with (/Users/ofir/kenyonexpress-autopilot/.next/server/chunks/[root-of-the-server]__1jlk8z1._.js:2:4124)\n    at S.with (/Users/ofir/kenyonexpress-autopilot/.next/server/chunks/[root-of-the-server]__1jlk8z1._.js:2:4450)\n    at G.startActiveSpan (/Users/ofir/kenyonexpress-autopilot/.next/server/chunks/[root-of-the-server]__1jlk8z1._.js:2:6806)\n    at H.startActiveSpan (/Users/ofir/kenyonexpress-autopilot/.next/server/chunks/[root-of-the-server]__1jlk8z1._.js:2:7045)\n    at e.runWithActiveSpan (/Users/ofir/kenyonexpress-autopilot/.next/server/chunks/[root-of-the-server]__1jlk8z1._.js:2:54324)\n    at /Users/ofir/kenyonexpress-autopilot/.next/server/chunks/[root-of-the-server]__1jlk8z1._.js:2:53577\n    at Object.with (/Users/ofir/kenyonexpress-autopilot/.next/server/chunks/[root-of-the-server]__1jlk8z1._.js:2:4124)\n    at S.with (/Users/ofir/kenyonexpress-autopilot/.next/server/chunks/[root-of-the-server]__1jlk8z1._.js:2:4450)\n    at e.trace (/Users/ofir/kenyonexpress-autopilot/.next/server/chunks/[root-of-the-server]__1jlk8z1._.js:2:53551)\n    at fetch (/Users/ofir/kenyonexpress-autopilot/.next/server/chunks/[root-of-the-server]__1jlk8z1._.js:2:84044)\n    at /Users/ofir/kenyonexpress-autopilot/.next/server/chun","digest":"HANGING_PROMISE_REJECTION"}}
{"ts":"2026-10-07T18:55:16.259Z","level":"warn","event":"stock.available_read_failed","request_id":null,"productId":"d613dc56-2a8a-4885-8e54-c4baf6849c8b","reason":"Error: During prerendering, fetch() rejects when the prerender is complete. Typically these errors are handled by React but if you move fetch() to a different context by using `setTimeout`, `after`, or similar functions you may observe this error and you should handle it in that context. This occurred at route \"/product/[slug]\"."}
{"ts":"2026-10-07T18:55:16.259Z","level":"error","event":"db.query_failed","request_id":null,"method":"GET","target":"products","duration_ms":0,"err":{"name":"Error","message":"During prerendering, fetch() rejects when the prerender is complete. Typically these errors are handled by React but if you move fetch() to a different context by using `setTimeout`, `after`, or similar functions you may observe this error and you should handle it in that context. This occurred at route \"/product/[slug]\".","stack":"Error: During prerendering, fetch() rejects when the prerender is complete. Typically these errors are handled by React but if you move fetch() to a different context by using `setTimeout`, `after`, or similar functions you may observe this error and you should handle it in that context. This occurred at route \"/product/[slug]\".\n    at eu (/Users/ofir/kenyonexpress-autopilot/.next/server/chunks/[root-of-the-server]__1jlk8z1._.js:2:58687)\n    at /Users/ofir/kenyonexpress-autopilot/.next/server/chunks/[root-of-the-server]__1jlk8z1._.js:2:87004\n    at /Users/ofir/kenyonexpress-autopilot/.next/server/chunks/[root-of-the-server]__1jlk8z1._.js:2:54057\n    at /Users/ofir/kenyonexpress-autopilot/.next/server/chunks/[root-of-the-server]__1jlk8z1._.js:2:54347\n    at Object.with (/Users/ofir/kenyonexpress-autopilot/.next/server/chunks/[root-of-the-server]__1jlk8z1._.js:2:4124)\n    at S.with (/Users/ofir/kenyonexpress-autopilot/.next/server/chunks/[root-of-the-server]__1jlk8z1._.js:2:4450)\n    at G.startActiveSpan (/Users/ofir/kenyonexpress-autopilot/.next/server/chunks/[root-of-the-server]__1jlk8z1._.js:2:6806)\n    at H.startActiveSpan (/Users/ofir/kenyonexpress-autopilot/.next/server/chunks/[root-of-the-server]__1jlk8z1._.js:2:7045)\n    at e.runWithActiveSpan (/Users/ofir/kenyonexpress-autopilot/.next/server/chunks/[root-of-the-server]__1jlk8z1._.js:2:54324)\n    at /Users/ofir/kenyonexpress-autopilot/.next/server/chunks/[root-of-the-server]__1jlk8z1._.js:2:53577\n    at Object.with (/Users/ofir/kenyonexpress-autopilot/.next/server/chunks/[root-of-the-server]__1jlk8z1._.js:2:4124)\n    at S.with (/Users/ofir/kenyonexpress-autopilot/.next/server/chunks/[root-of-the-server]__1jlk8z1._.js:2:4450)\n    at e.trace (/Users/ofir/kenyonexpress-autopilot/.next/server/chunks/[root-of-the-server]__1jlk8z1._.js:2:53551)\n    at fetch (/Users/ofir/kenyonexpress-autopilot/.next/server/chunks/[root-of-the-server]__1jlk8z1._.js:2:84044)\n    at /Users/ofir/kenyonexpress-autopilot/.next/server/chun","digest":"HANGING_PROMISE_REJECTION"}}
{"ts":"2026-10-07T18:55:16.260Z","level":"warn","event":"stock.available_read_failed","request_id":null,"productId":"d613dc56-2a8a-4885-8e54-c4baf6849c8b","reason":"Error: During prerendering, fetch() rejects when the prerender is complete. Typically these errors are handled by React but if you move fetch() to a different context by using `setTimeout`, `after`, or similar functions you may observe this error and you should handle it in that context. This occurred at route \"/product/[slug]\"."}
{"ts":"2026-10-07T18:55:16.268Z","level":"error","event":"db.query_failed","request_id":null,"method":"GET","target":"products","duration_ms":0,"err":{"name":"Error","message":"During prerendering, fetch() rejects when the prerender is complete. Typically these errors are handled by React but if you move fetch() to a different context by using `setTimeout`, `after`, or similar functions you may observe this error and you should handle it in that context. This occurred at route \"/product/[slug]\".","stack":"Error: During prerendering, fetch() rejects when the prerender is complete. Typically these errors are handled by React but if you move fetch() to a different context by using `setTimeout`, `after`, or similar functions you may observe this error and you should handle it in that context. This occurred at route \"/product/[slug]\".\n    at eu (/Users/ofir/kenyonexpress-autopilot/.next/server/chunks/[root-of-the-server]__1jlk8z1._.js:2:58687)\n    at /Users/ofir/kenyonexpress-autopilot/.next/server/chunks/[root-of-the-server]__1jlk8z1._.js:2:87004\n    at /Users/ofir/kenyonexpress-autopilot/.next/server/chunks/[root-of-the-server]__1jlk8z1._.js:2:54057\n    at /Users/ofir/kenyonexpress-autopilot/.next/server/chunks/[root-of-the-server]__1jlk8z1._.js:2:54347\n    at Object.with (/Users/ofir/kenyonexpress-autopilot/.next/server/chunks/[root-of-the-server]__1jlk8z1._.js:2:4124)\n    at S.with (/Users/ofir/kenyonexpress-autopilot/.next/server/chunks/[root-of-the-server]__1jlk8z1._.js:2:4450)\n    at G.startActiveSpan (/Users/ofir/kenyonexpress-autopilot/.next/server/chunks/[root-of-the-server]__1jlk8z1._.js:2:6806)\n    at H.startActiveSpan (/Users/ofir/kenyonexpress-autopilot/.next/server/chunks/[root-of-the-server]__1jlk8z1._.js:2:7045)\n    at e.runWithActiveSpan (/Users/ofir/kenyonexpress-autopilot/.next/server/chunks/[root-of-the-server]__1jlk8z1._.js:2:54324)\n    at /Users/ofir/kenyonexpress-autopilot/.next/server/chunks/[root-of-the-server]__1jlk8z1._.js:2:53577\n    at Object.with (/Users/ofir/kenyonexpress-autopilot/.next/server/chunks/[root-of-the-server]__1jlk8z1._.js:2:4124)\n    at S.with (/Users/ofir/kenyonexpress-autopilot/.next/server/chunks/[root-of-the-server]__1jlk8z1._.js:2:4450)\n    at e.trace (/Users/ofir/kenyonexpress-autopilot/.next/server/chunks/[root-of-the-server]__1jlk8z1._.js:2:53551)\n    at fetch (/Users/ofir/kenyonexpress-autopilot/.next/server/chunks/[root-of-the-server]__1jlk8z1._.js:2:84044)\n    at /Users/ofir/kenyonexpress-autopilot/.next/server/chun","digest":"HANGING_PROMISE_REJECTION"}}
{"ts":"2026-10-07T18:55:16.280Z","level":"error","event":"db.query_failed","request_id":null,"method":"GET","target":"products","duration_ms":0,"err":{"name":"Error","message":"During prerendering, fetch() rejects when the prerender is complete. Typically these errors are handled by React but if you move fetch() to a different context by using `setTimeout`, `after`, or similar functions you may observe this error and you should handle it in that context. This occurred at route \"/product/[slug]\".","stack":"Error: During prerendering, fetch() rejects when the prerender is complete. Typically these errors are handled by React but if you move fetch() to a different context by using `setTimeout`, `after`, or similar functions you may observe this error and you should handle it in that context. This occurred at route \"/product/[slug]\".\n    at eu (/Users/ofir/kenyonexpress-autopilot/.next/server/chunks/[root-of-the-server]__1jlk8z1._.js:2:58687)\n    at /Users/ofir/kenyonexpress-autopilot/.next/server/chunks/[root-of-the-server]__1jlk8z1._.js:2:87004\n    at /Users/ofir/kenyonexpress-autopilot/.next/server/chunks/[root-of-the-server]__1jlk8z1._.js:2:54057\n    at /Users/ofir/kenyonexpress-autopilot/.next/server/chunks/[root-of-the-server]__1jlk8z1._.js:2:54347\n    at Object.with (/Users/ofir/kenyonexpress-autopilot/.next/server/chunks/[root-of-the-server]__1jlk8z1._.js:2:4124)\n    at S.with (/Users/ofir/kenyonexpress-autopilot/.next/server/chunks/[root-of-the-server]__1jlk8z1._.js:2:4450)\n    at G.startActiveSpan (/Users/ofir/kenyonexpress-autopilot/.next/server/chunks/[root-of-the-server]__1jlk8z1._.js:2:6806)\n    at H.startActiveSpan (/Users/ofir/kenyonexpress-autopilot/.next/server/chunks/[root-of-the-server]__1jlk8z1._.js:2:7045)\n    at e.runWithActiveSpan (/Users/ofir/kenyonexpress-autopilot/.next/server/chunks/[root-of-the-server]__1jlk8z1._.js:2:54324)\n    at /Users/ofir/kenyonexpress-autopilot/.next/server/chunks/[root-of-the-server]__1jlk8z1._.js:2:53577\n    at Object.with (/Users/ofir/kenyonexpress-autopilot/.next/server/chunks/[root-of-the-server]__1jlk8z1._.js:2:4124)\n    at S.with (/Users/ofir/kenyonexpress-autopilot/.next/server/chunks/[root-of-the-server]__1jlk8z1._.js:2:4450)\n    at e.trace (/Users/ofir/kenyonexpress-autopilot/.next/server/chunks/[root-of-the-server]__1jlk8z1._.js:2:53551)\n    at fetch (/Users/ofir/kenyonexpress-autopilot/.next/server/chunks/[root-of-the-server]__1jlk8z1._.js:2:84044)\n    at /Users/ofir/kenyonexpress-autopilot/.next/server/chun","digest":"HANGING_PROMISE_REJECTION"}}
{"ts":"2026-10-07T18:55:16.289Z","level":"error","event":"db.query_failed","request_id":null,"method":"POST","target":"rpc:available_stock","duration_ms":6,"err":{"name":"Error","message":"During prerendering, fetch() rejects when the prerender is complete. Typically these errors are handled by React but if you move fetch() to a different context by using `setTimeout`, `after`, or similar functions you may observe this error and you should handle it in that context. This occurred at route \"/product/[slug]\".","stack":"Error: During prerendering, fetch() rejects when the prerender is complete. Typically these errors are handled by React but if you move fetch() to a different context by using `setTimeout`, `after`, or similar functions you may observe this error and you should handle it in that context. This occurred at route \"/product/[slug]\".\n    at eu (/Users/ofir/kenyonexpress-autopilot/.next/server/chunks/[root-of-the-server]__1jlk8z1._.js:2:58687)\n    at /Users/ofir/kenyonexpress-autopilot/.next/server/chunks/[root-of-the-server]__1jlk8z1._.js:2:87004\n    at /Users/ofir/kenyonexpress-autopilot/.next/server/chunks/[root-of-the-server]__1jlk8z1._.js:2:54057\n    at /Users/ofir/kenyonexpress-autopilot/.next/server/chunks/[root-of-the-server]__1jlk8z1._.js:2:54347\n    at Object.with (/Users/ofir/kenyonexpress-autopilot/.next/server/chunks/[root-of-the-server]__1jlk8z1._.js:2:4124)\n    at S.with (/Users/ofir/kenyonexpress-autopilot/.next/server/chunks/[root-of-the-server]__1jlk8z1._.js:2:4450)\n    at G.startActiveSpan (/Users/ofir/kenyonexpress-autopilot/.next/server/chunks/[root-of-the-server]__1jlk8z1._.js:2:6806)\n    at H.startActiveSpan (/Users/ofir/kenyonexpress-autopilot/.next/server/chunks/[root-of-the-server]__1jlk8z1._.js:2:7045)\n    at e.runWithActiveSpan (/Users/ofir/kenyonexpress-autopilot/.next/server/chunks/[root-of-the-server]__1jlk8z1._.js:2:54324)\n    at /Users/ofir/kenyonexpress-autopilot/.next/server/chunks/[root-of-the-server]__1jlk8z1._.js:2:53577\n    at Object.with (/Users/ofir/kenyonexpress-autopilot/.next/server/chunks/[root-of-the-server]__1jlk8z1._.js:2:4124)\n    at S.with (/Users/ofir/kenyonexpress-autopilot/.next/server/chunks/[root-of-the-server]__1jlk8z1._.js:2:4450)\n    at e.trace (/Users/ofir/kenyonexpress-autopilot/.next/server/chunks/[root-of-the-server]__1jlk8z1._.js:2:53551)\n    at fetch (/Users/ofir/kenyonexpress-autopilot/.next/server/chunks/[root-of-the-server]__1jlk8z1._.js:2:84044)\n    at /Users/ofir/kenyonexpress-autopilot/.next/server/chun","digest":"HANGING_PROMISE_REJECTION"}}
{"ts":"2026-10-07T18:55:16.290Z","level":"error","event":"db.query_failed","request_id":null,"method":"GET","target":"products","duration_ms":5,"err":{"name":"Error","message":"During prerendering, fetch() rejects when the prerender is complete. Typically these errors are handled by React but if you move fetch() to a different context by using `setTimeout`, `after`, or similar functions you may observe this error and you should handle it in that context. This occurred at route \"/product/[slug]\".","stack":"Error: During prerendering, fetch() rejects when the prerender is complete. Typically these errors are handled by React but if you move fetch() to a different context by using `setTimeout`, `after`, or similar functions you may observe this error and you should handle it in that context. This occurred at route \"/product/[slug]\".\n    at eu (/Users/ofir/kenyonexpress-autopilot/.next/server/chunks/[root-of-the-server]__1jlk8z1._.js:2:58687)\n    at /Users/ofir/kenyonexpress-autopilot/.next/server/chunks/[root-of-the-server]__1jlk8z1._.js:2:87004\n    at /Users/ofir/kenyonexpress-autopilot/.next/server/chunks/[root-of-the-server]__1jlk8z1._.js:2:54057\n    at /Users/ofir/kenyonexpress-autopilot/.next/server/chunks/[root-of-the-server]__1jlk8z1._.js:2:54347\n    at Object.with (/Users/ofir/kenyonexpress-autopilot/.next/server/chunks/[root-of-the-server]__1jlk8z1._.js:2:4124)\n    at S.with (/Users/ofir/kenyonexpress-autopilot/.next/server/chunks/[root-of-the-server]__1jlk8z1._.js:2:4450)\n    at G.startActiveSpan (/Users/ofir/kenyonexpress-autopilot/.next/server/chunks/[root-of-the-server]__1jlk8z1._.js:2:6806)\n    at H.startActiveSpan (/Users/ofir/kenyonexpress-autopilot/.next/server/chunks/[root-of-the-server]__1jlk8z1._.js:2:7045)\n    at e.runWithActiveSpan (/Users/ofir/kenyonexpress-autopilot/.next/server/chunks/[root-of-the-server]__1jlk8z1._.js:2:54324)\n    at /Users/ofir/kenyonexpress-autopilot/.next/server/chunks/[root-of-the-server]__1jlk8z1._.js:2:53577\n    at Object.with (/Users/ofir/kenyonexpress-autopilot/.next/server/chunks/[root-of-the-server]__1jlk8z1._.js:2:4124)\n    at S.with (/Users/ofir/kenyonexpress-autopilot/.next/server/chunks/[root-of-the-server]__1jlk8z1._.js:2:4450)\n    at e.trace (/Users/ofir/kenyonexpress-autopilot/.next/server/chunks/[root-of-the-server]__1jlk8z1._.js:2:53551)\n    at fetch (/Users/ofir/kenyonexpress-autopilot/.next/server/chunks/[root-of-the-server]__1jlk8z1._.js:2:84044)\n    at /Users/ofir/kenyonexpress-autopilot/.next/server/chun","digest":"HANGING_PROMISE_REJECTION"}}
{"ts":"2026-10-07T18:55:16.290Z","level":"error","event":"db.query_failed","request_id":null,"method":"POST","target":"rpc:available_stock","duration_ms":4,"err":{"name":"Error","message":"During prerendering, fetch() rejects when the prerender is complete. Typically these errors are handled by React but if you move fetch() to a different context by using `setTimeout`, `after`, or similar functions you may observe this error and you should handle it in that context. This occurred at route \"/product/[slug]\".","stack":"Error: During prerendering, fetch() rejects when the prerender is complete. Typically these errors are handled by React but if you move fetch() to a different context by using `setTimeout`, `after`, or similar functions you may observe this error and you should handle it in that context. This occurred at route \"/product/[slug]\".\n    at eu (/Users/ofir/kenyonexpress-autopilot/.next/server/chunks/[root-of-the-server]__1jlk8z1._.js:2:58687)\n    at /Users/ofir/kenyonexpress-autopilot/.next/server/chunks/[root-of-the-server]__1jlk8z1._.js:2:87004\n    at /Users/ofir/kenyonexpress-autopilot/.next/server/chunks/[root-of-the-server]__1jlk8z1._.js:2:54057\n    at /Users/ofir/kenyonexpress-autopilot/.next/server/chunks/[root-of-the-server]__1jlk8z1._.js:2:54347\n    at Object.with (/Users/ofir/kenyonexpress-autopilot/.next/server/chunks/[root-of-the-server]__1jlk8z1._.js:2:4124)\n    at S.with (/Users/ofir/kenyonexpress-autopilot/.next/server/chunks/[root-of-the-server]__1jlk8z1._.js:2:4450)\n    at G.startActiveSpan (/Users/ofir/kenyonexpress-autopilot/.next/server/chunks/[root-of-the-server]__1jlk8z1._.js:2:6806)\n    at H.startActiveSpan (/Users/ofir/kenyonexpress-autopilot/.next/server/chunks/[root-of-the-server]__1jlk8z1._.js:2:7045)\n    at e.runWithActiveSpan (/Users/ofir/kenyonexpress-autopilot/.next/server/chunks/[root-of-the-server]__1jlk8z1._.js:2:54324)\n    at /Users/ofir/kenyonexpress-autopilot/.next/server/chunks/[root-of-the-server]__1jlk8z1._.js:2:53577\n    at Object.with (/Users/ofir/kenyonexpress-autopilot/.next/server/chunks/[root-of-the-server]__1jlk8z1._.js:2:4124)\n    at S.with (/Users/ofir/kenyonexpress-autopilot/.next/server/chunks/[root-of-the-server]__1jlk8z1._.js:2:4450)\n    at e.trace (/Users/ofir/kenyonexpress-autopilot/.next/server/chunks/[root-of-the-server]__1jlk8z1._.js:2:53551)\n    at fetch (/Users/ofir/kenyonexpress-autopilot/.next/server/chunks/[root-of-the-server]__1jlk8z1._.js:2:84044)\n    at /Users/ofir/kenyonexpress-autopilot/.next/server/chun","digest":"HANGING_PROMISE_REJECTION"}}
{"ts":"2026-10-07T18:55:16.290Z","level":"error","event":"db.query_failed","request_id":null,"method":"GET","target":"products","duration_ms":3,"err":{"name":"Error","message":"During prerendering, fetch() rejects when the prerender is complete. Typically these errors are handled by React but if you move fetch() to a different context by using `setTimeout`, `after`, or similar functions you may observe this error and you should handle it in that context. This occurred at route \"/product/[slug]\".","stack":"Error: During prerendering, fetch() rejects when the prerender is complete. Typically these errors are handled by React but if you move fetch() to a different context by using `setTimeout`, `after`, or similar functions you may observe this error and you should handle it in that context. This occurred at route \"/product/[slug]\".\n    at eu (/Users/ofir/kenyonexpress-autopilot/.next/server/chunks/[root-of-the-server]__1jlk8z1._.js:2:58687)\n    at /Users/ofir/kenyonexpress-autopilot/.next/server/chunks/[root-of-the-server]__1jlk8z1._.js:2:87004\n    at /Users/ofir/kenyonexpress-autopilot/.next/server/chunks/[root-of-the-server]__1jlk8z1._.js:2:54057\n    at /Users/ofir/kenyonexpress-autopilot/.next/server/chunks/[root-of-the-server]__1jlk8z1._.js:2:54347\n    at Object.with (/Users/ofir/kenyonexpress-autopilot/.next/server/chunks/[root-of-the-server]__1jlk8z1._.js:2:4124)\n    at S.with (/Users/ofir/kenyonexpress-autopilot/.next/server/chunks/[root-of-the-server]__1jlk8z1._.js:2:4450)\n    at G.startActiveSpan (/Users/ofir/kenyonexpress-autopilot/.next/server/chunks/[root-of-the-server]__1jlk8z1._.js:2:6806)\n    at H.startActiveSpan (/Users/ofir/kenyonexpress-autopilot/.next/server/chunks/[root-of-the-server]__1jlk8z1._.js:2:7045)\n    at e.runWithActiveSpan (/Users/ofir/kenyonexpress-autopilot/.next/server/chunks/[root-of-the-server]__1jlk8z1._.js:2:54324)\n    at /Users/ofir/kenyonexpress-autopilot/.next/server/chunks/[root-of-the-server]__1jlk8z1._.js:2:53577\n    at Object.with (/Users/ofir/kenyonexpress-autopilot/.next/server/chunks/[root-of-the-server]__1jlk8z1._.js:2:4124)\n    at S.with (/Users/ofir/kenyonexpress-autopilot/.next/server/chunks/[root-of-the-server]__1jlk8z1._.js:2:4450)\n    at e.trace (/Users/ofir/kenyonexpress-autopilot/.next/server/chunks/[root-of-the-server]__1jlk8z1._.js:2:53551)\n    at fetch (/Users/ofir/kenyonexpress-autopilot/.next/server/chunks/[root-of-the-server]__1jlk8z1._.js:2:84044)\n    at /Users/ofir/kenyonexpress-autopilot/.next/server/chun","digest":"HANGING_PROMISE_REJECTION"}}
{"ts":"2026-10-07T18:55:16.310Z","level":"error","event":"db.query_failed","request_id":null,"method":"POST","target":"rpc:available_stock","duration_ms":1,"err":{"name":"Error","message":"During prerendering, fetch() rejects when the prerender is complete. Typically these errors are handled by React but if you move fetch() to a different context by using `setTimeout`, `after`, or similar functions you may observe this error and you should handle it in that context. This occurred at route \"/product/[slug]\".","stack":"Error: During prerendering, fetch() rejects when the prerender is complete. Typically these errors are handled by React but if you move fetch() to a different context by using `setTimeout`, `after`, or similar functions you may observe this error and you should handle it in that context. This occurred at route \"/product/[slug]\".\n    at eu (/Users/ofir/kenyonexpress-autopilot/.next/server/chunks/[root-of-the-server]__1jlk8z1._.js:2:58687)\n    at /Users/ofir/kenyonexpress-autopilot/.next/server/chunks/[root-of-the-server]__1jlk8z1._.js:2:87004\n    at /Users/ofir/kenyonexpress-autopilot/.next/server/chunks/[root-of-the-server]__1jlk8z1._.js:2:54057\n    at /Users/ofir/kenyonexpress-autopilot/.next/server/chunks/[root-of-the-server]__1jlk8z1._.js:2:54347\n    at Object.with (/Users/ofir/kenyonexpress-autopilot/.next/server/chunks/[root-of-the-server]__1jlk8z1._.js:2:4124)\n    at S.with (/Users/ofir/kenyonexpress-autopilot/.next/server/chunks/[root-of-the-server]__1jlk8z1._.js:2:4450)\n    at G.startActiveSpan (/Users/ofir/kenyonexpress-autopilot/.next/server/chunks/[root-of-the-server]__1jlk8z1._.js:2:6806)\n    at H.startActiveSpan (/Users/ofir/kenyonexpress-autopilot/.next/server/chunks/[root-of-the-server]__1jlk8z1._.js:2:7045)\n    at e.runWithActiveSpan (/Users/ofir/kenyonexpress-autopilot/.next/server/chunks/[root-of-the-server]__1jlk8z1._.js:2:54324)\n    at /Users/ofir/kenyonexpress-autopilot/.next/server/chunks/[root-of-the-server]__1jlk8z1._.js:2:53577\n    at Object.with (/Users/ofir/kenyonexpress-autopilot/.next/server/chunks/[root-of-the-server]__1jlk8z1._.js:2:4124)\n    at S.with (/Users/ofir/kenyonexpress-autopilot/.next/server/chunks/[root-of-the-server]__1jlk8z1._.js:2:4450)\n    at e.trace (/Users/ofir/kenyonexpress-autopilot/.next/server/chunks/[root-of-the-server]__1jlk8z1._.js:2:53551)\n    at fetch (/Users/ofir/kenyonexpress-autopilot/.next/server/chunks/[root-of-the-server]__1jlk8z1._.js:2:84044)\n    at /Users/ofir/kenyonexpress-autopilot/.next/server/chun","digest":"HANGING_PROMISE_REJECTION"}}
{"ts":"2026-10-07T18:55:16.310Z","level":"error","event":"db.query_failed","request_id":null,"method":"GET","target":"products","duration_ms":1,"err":{"name":"Error","message":"During prerendering, fetch() rejects when the prerender is complete. Typically these errors are handled by React but if you move fetch() to a different context by using `setTimeout`, `after`, or similar functions you may observe this error and you should handle it in that context. This occurred at route \"/product/[slug]\".","stack":"Error: During prerendering, fetch() rejects when the prerender is complete. Typically these errors are handled by React but if you move fetch() to a different context by using `setTimeout`, `after`, or similar functions you may observe this error and you should handle it in that context. This occurred at route \"/product/[slug]\".\n    at eu (/Users/ofir/kenyonexpress-autopilot/.next/server/chunks/[root-of-the-server]__1jlk8z1._.js:2:58687)\n    at /Users/ofir/kenyonexpress-autopilot/.next/server/chunks/[root-of-the-server]__1jlk8z1._.js:2:87004\n    at /Users/ofir/kenyonexpress-autopilot/.next/server/chunks/[root-of-the-server]__1jlk8z1._.js:2:54057\n    at /Users/ofir/kenyonexpress-autopilot/.next/server/chunks/[root-of-the-server]__1jlk8z1._.js:2:54347\n    at Object.with (/Users/ofir/kenyonexpress-autopilot/.next/server/chunks/[root-of-the-server]__1jlk8z1._.js:2:4124)\n    at S.with (/Users/ofir/kenyonexpress-autopilot/.next/server/chunks/[root-of-the-server]__1jlk8z1._.js:2:4450)\n    at G.startActiveSpan (/Users/ofir/kenyonexpress-autopilot/.next/server/chunks/[root-of-the-server]__1jlk8z1._.js:2:6806)\n    at H.startActiveSpan (/Users/ofir/kenyonexpress-autopilot/.next/server/chunks/[root-of-the-server]__1jlk8z1._.js:2:7045)\n    at e.runWithActiveSpan (/Users/ofir/kenyonexpress-autopilot/.next/server/chunks/[root-of-the-server]__1jlk8z1._.js:2:54324)\n    at /Users/ofir/kenyonexpress-autopilot/.next/server/chunks/[root-of-the-server]__1jlk8z1._.js:2:53577\n    at Object.with (/Users/ofir/kenyonexpress-autopilot/.next/server/chunks/[root-of-the-server]__1jlk8z1._.js:2:4124)\n    at S.with (/Users/ofir/kenyonexpress-autopilot/.next/server/chunks/[root-of-the-server]__1jlk8z1._.js:2:4450)\n    at e.trace (/Users/ofir/kenyonexpress-autopilot/.next/server/chunks/[root-of-the-server]__1jlk8z1._.js:2:53551)\n    at fetch (/Users/ofir/kenyonexpress-autopilot/.next/server/chunks/[root-of-the-server]__1jlk8z1._.js:2:84044)\n    at /Users/ofir/kenyonexpress-autopilot/.next/server/chun","digest":"HANGING_PROMISE_REJECTION"}}
{"ts":"2026-10-07T18:55:16.316Z","level":"error","event":"db.query_failed","request_id":null,"method":"POST","target":"rpc:available_stock","duration_ms":1,"err":{"name":"Error","message":"During prerendering, fetch() rejects when the prerender is complete. Typically these errors are handled by React but if you move fetch() to a different context by using `setTimeout`, `after`, or similar functions you may observe this error and you should handle it in that context. This occurred at route \"/product/[slug]\".","stack":"Error: During prerendering, fetch() rejects when the prerender is complete. Typically these errors are handled by React but if you move fetch() to a different context by using `setTimeout`, `after`, or similar functions you may observe this error and you should handle it in that context. This occurred at route \"/product/[slug]\".\n    at eu (/Users/ofir/kenyonexpress-autopilot/.next/server/chunks/[root-of-the-server]__1jlk8z1._.js:2:58687)\n    at /Users/ofir/kenyonexpress-autopilot/.next/server/chunks/[root-of-the-server]__1jlk8z1._.js:2:87004\n    at /Users/ofir/kenyonexpress-autopilot/.next/server/chunks/[root-of-the-server]__1jlk8z1._.js:2:54057\n    at /Users/ofir/kenyonexpress-autopilot/.next/server/chunks/[root-of-the-server]__1jlk8z1._.js:2:54347\n    at Object.with (/Users/ofir/kenyonexpress-autopilot/.next/server/chunks/[root-of-the-server]__1jlk8z1._.js:2:4124)\n    at S.with (/Users/ofir/kenyonexpress-autopilot/.next/server/chunks/[root-of-the-server]__1jlk8z1._.js:2:4450)\n    at G.startActiveSpan (/Users/ofir/kenyonexpress-autopilot/.next/server/chunks/[root-of-the-server]__1jlk8z1._.js:2:6806)\n    at H.startActiveSpan (/Users/ofir/kenyonexpress-autopilot/.next/server/chunks/[root-of-the-server]__1jlk8z1._.js:2:7045)\n    at e.runWithActiveSpan (/Users/ofir/kenyonexpress-autopilot/.next/server/chunks/[root-of-the-server]__1jlk8z1._.js:2:54324)\n    at /Users/ofir/kenyonexpress-autopilot/.next/server/chunks/[root-of-the-server]__1jlk8z1._.js:2:53577\n    at Object.with (/Users/ofir/kenyonexpress-autopilot/.next/server/chunks/[root-of-the-server]__1jlk8z1._.js:2:4124)\n    at S.with (/Users/ofir/kenyonexpress-autopilot/.next/server/chunks/[root-of-the-server]__1jlk8z1._.js:2:4450)\n    at e.trace (/Users/ofir/kenyonexpress-autopilot/.next/server/chunks/[root-of-the-server]__1jlk8z1._.js:2:53551)\n    at fetch (/Users/ofir/kenyonexpress-autopilot/.next/server/chunks/[root-of-the-server]__1jlk8z1._.js:2:84044)\n    at /Users/ofir/kenyonexpress-autopilot/.next/server/chun","digest":"HANGING_PROMISE_REJECTION"}}
{"ts":"2026-10-07T18:55:16.316Z","level":"error","event":"db.query_failed","request_id":null,"method":"GET","target":"products","duration_ms":1,"err":{"name":"Error","message":"During prerendering, fetch() rejects when the prerender is complete. Typically these errors are handled by React but if you move fetch() to a different context by using `setTimeout`, `after`, or similar functions you may observe this error and you should handle it in that context. This occurred at route \"/product/[slug]\".","stack":"Error: During prerendering, fetch() rejects when the prerender is complete. Typically these errors are handled by React but if you move fetch() to a different context by using `setTimeout`, `after`, or similar functions you may observe this error and you should handle it in that context. This occurred at route \"/product/[slug]\".\n    at eu (/Users/ofir/kenyonexpress-autopilot/.next/server/chunks/[root-of-the-server]__1jlk8z1._.js:2:58687)\n    at /Users/ofir/kenyonexpress-autopilot/.next/server/chunks/[root-of-the-server]__1jlk8z1._.js:2:87004\n    at /Users/ofir/kenyonexpress-autopilot/.next/server/chunks/[root-of-the-server]__1jlk8z1._.js:2:54057\n    at /Users/ofir/kenyonexpress-autopilot/.next/server/chunks/[root-of-the-server]__1jlk8z1._.js:2:54347\n    at Object.with (/Users/ofir/kenyonexpress-autopilot/.next/server/chunks/[root-of-the-server]__1jlk8z1._.js:2:4124)\n    at S.with (/Users/ofir/kenyonexpress-autopilot/.next/server/chunks/[root-of-the-server]__1jlk8z1._.js:2:4450)\n    at G.startActiveSpan (/Users/ofir/kenyonexpress-autopilot/.next/server/chunks/[root-of-the-server]__1jlk8z1._.js:2:6806)\n    at H.startActiveSpan (/Users/ofir/kenyonexpress-autopilot/.next/server/chunks/[root-of-the-server]__1jlk8z1._.js:2:7045)\n    at e.runWithActiveSpan (/Users/ofir/kenyonexpress-autopilot/.next/server/chunks/[root-of-the-server]__1jlk8z1._.js:2:54324)\n    at /Users/ofir/kenyonexpress-autopilot/.next/server/chunks/[root-of-the-server]__1jlk8z1._.js:2:53577\n    at Object.with (/Users/ofir/kenyonexpress-autopilot/.next/server/chunks/[root-of-the-server]__1jlk8z1._.js:2:4124)\n    at S.with (/Users/ofir/kenyonexpress-autopilot/.next/server/chunks/[root-of-the-server]__1jlk8z1._.js:2:4450)\n    at e.trace (/Users/ofir/kenyonexpress-autopilot/.next/server/chunks/[root-of-the-server]__1jlk8z1._.js:2:53551)\n    at fetch (/Users/ofir/kenyonexpress-autopilot/.next/server/chunks/[root-of-the-server]__1jlk8z1._.js:2:84044)\n    at /Users/ofir/kenyonexpress-autopilot/.next/server/chun","digest":"HANGING_PROMISE_REJECTION"}}
{"ts":"2026-10-07T18:55:16.398Z","level":"error","event":"db.query_failed","request_id":null,"method":"GET","target":"products","duration_ms":0,"err":{"name":"Error","message":"During prerendering, fetch() rejects when the prerender is complete. Typically these errors are handled by React but if you move fetch() to a different context by using `setTimeout`, `after`, or similar functions you may observe this error and you should handle it in that context. This occurred at route \"/product/[slug]\".","stack":"Error: During prerendering, fetch() rejects when the prerender is complete. Typically these errors are handled by React but if you move fetch() to a different context by using `setTimeout`, `after`, or similar functions you may observe this error and you should handle it in that context. This occurred at route \"/product/[slug]\".\n    at eu (/Users/ofir/kenyonexpress-autopilot/.next/server/chunks/[root-of-the-server]__1jlk8z1._.js:2:58687)\n    at /Users/ofir/kenyonexpress-autopilot/.next/server/chunks/[root-of-the-server]__1jlk8z1._.js:2:87004\n    at /Users/ofir/kenyonexpress-autopilot/.next/server/chunks/[root-of-the-server]__1jlk8z1._.js:2:54057\n    at /Users/ofir/kenyonexpress-autopilot/.next/server/chunks/[root-of-the-server]__1jlk8z1._.js:2:54347\n    at Object.with (/Users/ofir/kenyonexpress-autopilot/.next/server/chunks/[root-of-the-server]__1jlk8z1._.js:2:4124)\n    at S.with (/Users/ofir/kenyonexpress-autopilot/.next/server/chunks/[root-of-the-server]__1jlk8z1._.js:2:4450)\n    at G.startActiveSpan (/Users/ofir/kenyonexpress-autopilot/.next/server/chunks/[root-of-the-server]__1jlk8z1._.js:2:6806)\n    at H.startActiveSpan (/Users/ofir/kenyonexpress-autopilot/.next/server/chunks/[root-of-the-server]__1jlk8z1._.js:2:7045)\n    at e.runWithActiveSpan (/Users/ofir/kenyonexpress-autopilot/.next/server/chunks/[root-of-the-server]__1jlk8z1._.js:2:54324)\n    at /Users/ofir/kenyonexpress-autopilot/.next/server/chunks/[root-of-the-server]__1jlk8z1._.js:2:53577\n    at Object.with (/Users/ofir/kenyonexpress-autopilot/.next/server/chunks/[root-of-the-server]__1jlk8z1._.js:2:4124)\n    at S.with (/Users/ofir/kenyonexpress-autopilot/.next/server/chunks/[root-of-the-server]__1jlk8z1._.js:2:4450)\n    at e.trace (/Users/ofir/kenyonexpress-autopilot/.next/server/chunks/[root-of-the-server]__1jlk8z1._.js:2:53551)\n    at fetch (/Users/ofir/kenyonexpress-autopilot/.next/server/chunks/[root-of-the-server]__1jlk8z1._.js:2:84044)\n    at /Users/ofir/kenyonexpress-autopilot/.next/server/chun","digest":"HANGING_PROMISE_REJECTION"}}
{"ts":"2026-10-07T18:55:16.398Z","level":"warn","event":"stock.available_read_failed","request_id":null,"productId":"f47ac10b-58cc-4372-a567-0e02b2c3d904","reason":"Error: During prerendering, fetch() rejects when the prerender is complete. Typically these errors are handled by React but if you move fetch() to a different context by using `setTimeout`, `after`, or similar functions you may observe this error and you should handle it in that context. This occurred at route \"/product/[slug]\"."}
{"ts":"2026-10-07T18:55:16.416Z","level":"error","event":"db.query_failed","request_id":null,"method":"GET","target":"products","duration_ms":0,"err":{"name":"Error","message":"During prerendering, fetch() rejects when the prerender is complete. Typically these errors are handled by React but if you move fetch() to a different context by using `setTimeout`, `after`, or similar functions you may observe this error and you should handle it in that context. This occurred at route \"/product/[slug]\".","stack":"Error: During prerendering, fetch() rejects when the prerender is complete. Typically these errors are handled by React but if you move fetch() to a different context by using `setTimeout`, `after`, or similar functions you may observe this error and you should handle it in that context. This occurred at route \"/product/[slug]\".\n    at eu (/Users/ofir/kenyonexpress-autopilot/.next/server/chunks/[root-of-the-server]__1jlk8z1._.js:2:58687)\n    at /Users/ofir/kenyonexpress-autopilot/.next/server/chunks/[root-of-the-server]__1jlk8z1._.js:2:87004\n    at /Users/ofir/kenyonexpress-autopilot/.next/server/chunks/[root-of-the-server]__1jlk8z1._.js:2:54057\n    at /Users/ofir/kenyonexpress-autopilot/.next/server/chunks/[root-of-the-server]__1jlk8z1._.js:2:54347\n    at Object.with (/Users/ofir/kenyonexpress-autopilot/.next/server/chunks/[root-of-the-server]__1jlk8z1._.js:2:4124)\n    at S.with (/Users/ofir/kenyonexpress-autopilot/.next/server/chunks/[root-of-the-server]__1jlk8z1._.js:2:4450)\n    at G.startActiveSpan (/Users/ofir/kenyonexpress-autopilot/.next/server/chunks/[root-of-the-server]__1jlk8z1._.js:2:6806)\n    at H.startActiveSpan (/Users/ofir/kenyonexpress-autopilot/.next/server/chunks/[root-of-the-server]__1jlk8z1._.js:2:7045)\n    at e.runWithActiveSpan (/Users/ofir/kenyonexpress-autopilot/.next/server/chunks/[root-of-the-server]__1jlk8z1._.js:2:54324)\n    at /Users/ofir/kenyonexpress-autopilot/.next/server/chunks/[root-of-the-server]__1jlk8z1._.js:2:53577\n    at Object.with (/Users/ofir/kenyonexpress-autopilot/.next/server/chunks/[root-of-the-server]__1jlk8z1._.js:2:4124)\n    at S.with (/Users/ofir/kenyonexpress-autopilot/.next/server/chunks/[root-of-the-server]__1jlk8z1._.js:2:4450)\n    at e.trace (/Users/ofir/kenyonexpress-autopilot/.next/server/chunks/[root-of-the-server]__1jlk8z1._.js:2:53551)\n    at fetch (/Users/ofir/kenyonexpress-autopilot/.next/server/chunks/[root-of-the-server]__1jlk8z1._.js:2:84044)\n    at /Users/ofir/kenyonexpress-autopilot/.next/server/chun","digest":"HANGING_PROMISE_REJECTION"}}
{"ts":"2026-10-07T18:55:16.416Z","level":"warn","event":"stock.available_read_failed","request_id":null,"productId":"f47ac10b-58cc-4372-a567-0e02b2c3d904","reason":"Error: During prerendering, fetch() rejects when the prerender is complete. Typically these errors are handled by React but if you move fetch() to a different context by using `setTimeout`, `after`, or similar functions you may observe this error and you should handle it in that context. This occurred at route \"/product/[slug]\"."}
{"ts":"2026-10-07T18:55:16.485Z","level":"error","event":"db.query_failed","request_id":null,"method":"GET","target":"products","duration_ms":1,"err":{"name":"Error","message":"During prerendering, fetch() rejects when the prerender is complete. Typically these errors are handled by React but if you move fetch() to a different context by using `setTimeout`, `after`, or similar functions you may observe this error and you should handle it in that context. This occurred at route \"/coupon/[slug]\".","stack":"Error: During prerendering, fetch() rejects when the prerender is complete. Typically these errors are handled by React but if you move fetch() to a different context by using `setTimeout`, `after`, or similar functions you may observe this error and you should handle it in that context. This occurred at route \"/coupon/[slug]\".\n    at /Users/ofir/kenyonexpress-autopilot/.next/server/chunks/ssr/[root-of-the-server]__1_aa14n._.js:2:23832\n    at /Users/ofir/kenyonexpress-autopilot/.next/server/chunks/ssr/[root-of-the-server]__1_aa14n._.js:11:48366\n    at /Users/ofir/kenyonexpress-autopilot/.next/server/chunks/ssr/[root-of-the-server]__1_aa14n._.js:11:66894\n    at /Users/ofir/kenyonexpress-autopilot/.next/server/chunks/ssr/[root-of-the-server]__1_aa14n._.js:11:67121\n    at Object.with (/Users/ofir/kenyonexpress-autopilot/.next/server/chunks/ssr/0sj1_@opentelemetry_api_build_esm_1_uv6rc._.js:2:3907)\n    at v.with (/Users/ofir/kenyonexpress-autopilot/.next/server/chunks/ssr/0sj1_@opentelemetry_api_build_esm_1_uv6rc._.js:2:4233)\n    at P.startActiveSpan (/Users/ofir/kenyonexpress-autopilot/.next/server/chunks/ssr/0sj1_@opentelemetry_api_build_esm_1_uv6rc._.js:2:6588)\n    at R.startActiveSpan (/Users/ofir/kenyonexpress-autopilot/.next/server/chunks/ssr/0sj1_@opentelemetry_api_build_esm_1_uv6rc._.js:2:6827)\n    at a.runWithActiveSpan (/Users/ofir/kenyonexpress-autopilot/.next/server/chunks/ssr/[root-of-the-server]__1_aa14n._.js:11:67098)\n    at /Users/ofir/kenyonexpress-autopilot/.next/server/chunks/ssr/[root-of-the-server]__1_aa14n._.js:11:66397\n    at Object.with (/Users/ofir/kenyonexpress-autopilot/.next/server/chunks/ssr/0sj1_@opentelemetry_api_build_esm_1_uv6rc._.js:2:3907)\n    at v.with (/Users/ofir/kenyonexpress-autopilot/.next/server/chunks/ssr/0sj1_@opentelemetry_api_build_esm_1_uv6rc._.js:2:4233)\n    at a.trace (/Users/ofir/kenyonexpress-autopilot/.next/server/chunks/ssr/[root-of-the-server]__1_aa14n._.js:11:66371)\n    at fetch (/Users/ofir/kenyonexpress-autopilot/","digest":"HANGING_PROMISE_REJECTION"}}
{"ts":"2026-10-07T18:55:16.486Z","level":"warn","event":"stock.available_read_failed","request_id":null,"productId":"0b458957-a7f8-4538-9bb7-7fa383d367e0","reason":"Error: During prerendering, fetch() rejects when the prerender is complete. Typically these errors are handled by React but if you move fetch() to a different context by using `setTimeout`, `after`, or similar functions you may observe this error and you should handle it in that context. This occurred at route \"/coupon/[slug]\"."}
{"ts":"2026-10-07T18:55:16.486Z","level":"error","event":"db.query_failed","request_id":null,"method":"GET","target":"products","duration_ms":0,"err":{"name":"Error","message":"During prerendering, fetch() rejects when the prerender is complete. Typically these errors are handled by React but if you move fetch() to a different context by using `setTimeout`, `after`, or similar functions you may observe this error and you should handle it in that context. This occurred at route \"/coupon/[slug]\".","stack":"Error: During prerendering, fetch() rejects when the prerender is complete. Typically these errors are handled by React but if you move fetch() to a different context by using `setTimeout`, `after`, or similar functions you may observe this error and you should handle it in that context. This occurred at route \"/coupon/[slug]\".\n    at /Users/ofir/kenyonexpress-autopilot/.next/server/chunks/ssr/[root-of-the-server]__1_aa14n._.js:2:23832\n    at /Users/ofir/kenyonexpress-autopilot/.next/server/chunks/ssr/[root-of-the-server]__1_aa14n._.js:11:48366\n    at /Users/ofir/kenyonexpress-autopilot/.next/server/chunks/ssr/[root-of-the-server]__1_aa14n._.js:11:66894\n    at /Users/ofir/kenyonexpress-autopilot/.next/server/chunks/ssr/[root-of-the-server]__1_aa14n._.js:11:67121\n    at Object.with (/Users/ofir/kenyonexpress-autopilot/.next/server/chunks/ssr/0sj1_@opentelemetry_api_build_esm_1_uv6rc._.js:2:3907)\n    at v.with (/Users/ofir/kenyonexpress-autopilot/.next/server/chunks/ssr/0sj1_@opentelemetry_api_build_esm_1_uv6rc._.js:2:4233)\n    at P.startActiveSpan (/Users/ofir/kenyonexpress-autopilot/.next/server/chunks/ssr/0sj1_@opentelemetry_api_build_esm_1_uv6rc._.js:2:6588)\n    at R.startActiveSpan (/Users/ofir/kenyonexpress-autopilot/.next/server/chunks/ssr/0sj1_@opentelemetry_api_build_esm_1_uv6rc._.js:2:6827)\n    at a.runWithActiveSpan (/Users/ofir/kenyonexpress-autopilot/.next/server/chunks/ssr/[root-of-the-server]__1_aa14n._.js:11:67098)\n    at /Users/ofir/kenyonexpress-autopilot/.next/server/chunks/ssr/[root-of-the-server]__1_aa14n._.js:11:66397\n    at Object.with (/Users/ofir/kenyonexpress-autopilot/.next/server/chunks/ssr/0sj1_@opentelemetry_api_build_esm_1_uv6rc._.js:2:3907)\n    at v.with (/Users/ofir/kenyonexpress-autopilot/.next/server/chunks/ssr/0sj1_@opentelemetry_api_build_esm_1_uv6rc._.js:2:4233)\n    at a.trace (/Users/ofir/kenyonexpress-autopilot/.next/server/chunks/ssr/[root-of-the-server]__1_aa14n._.js:11:66371)\n    at fetch (/Users/ofir/kenyonexpress-autopilot/","digest":"HANGING_PROMISE_REJECTION"}}
{"ts":"2026-10-07T18:55:16.486Z","level":"warn","event":"stock.available_read_failed","request_id":null,"productId":"0b458957-a7f8-4538-9bb7-7fa383d367e0","reason":"Error: During prerendering, fetch() rejects when the prerender is complete. Typically these errors are handled by React but if you move fetch() to a different context by using `setTimeout`, `after`, or similar functions you may observe this error and you should handle it in that context. This occurred at route \"/coupon/[slug]\"."}
{"ts":"2026-10-07T18:55:16.521Z","level":"error","event":"db.query_failed","request_id":null,"method":"GET","target":"products","duration_ms":0,"err":{"name":"Error","message":"During prerendering, fetch() rejects when the prerender is complete. Typically these errors are handled by React but if you move fetch() to a different context by using `setTimeout`, `after`, or similar functions you may observe this error and you should handle it in that context. This occurred at route \"/product/[slug]\".","stack":"Error: During prerendering, fetch() rejects when the prerender is complete. Typically these errors are handled by React but if you move fetch() to a different context by using `setTimeout`, `after`, or similar functions you may observe this error and you should handle it in that context. This occurred at route \"/product/[slug]\".\n    at eu (/Users/ofir/kenyonexpress-autopilot/.next/server/chunks/[root-of-the-server]__1jlk8z1._.js:2:58687)\n    at /Users/ofir/kenyonexpress-autopilot/.next/server/chunks/[root-of-the-server]__1jlk8z1._.js:2:87004\n    at /Users/ofir/kenyonexpress-autopilot/.next/server/chunks/[root-of-the-server]__1jlk8z1._.js:2:54057\n    at /Users/ofir/kenyonexpress-autopilot/.next/server/chunks/[root-of-the-server]__1jlk8z1._.js:2:54347\n    at Object.with (/Users/ofir/kenyonexpress-autopilot/.next/server/chunks/[root-of-the-server]__1jlk8z1._.js:2:4124)\n    at S.with (/Users/ofir/kenyonexpress-autopilot/.next/server/chunks/[root-of-the-server]__1jlk8z1._.js:2:4450)\n    at G.startActiveSpan (/Users/ofir/kenyonexpress-autopilot/.next/server/chunks/[root-of-the-server]__1jlk8z1._.js:2:6806)\n    at H.startActiveSpan (/Users/ofir/kenyonexpress-autopilot/.next/server/chunks/[root-of-the-server]__1jlk8z1._.js:2:7045)\n    at e.runWithActiveSpan (/Users/ofir/kenyonexpress-autopilot/.next/server/chunks/[root-of-the-server]__1jlk8z1._.js:2:54324)\n    at /Users/ofir/kenyonexpress-autopilot/.next/server/chunks/[root-of-the-server]__1jlk8z1._.js:2:53577\n    at Object.with (/Users/ofir/kenyonexpress-autopilot/.next/server/chunks/[root-of-the-server]__1jlk8z1._.js:2:4124)\n    at S.with (/Users/ofir/kenyonexpress-autopilot/.next/server/chunks/[root-of-the-server]__1jlk8z1._.js:2:4450)\n    at e.trace (/Users/ofir/kenyonexpress-autopilot/.next/server/chunks/[root-of-the-server]__1jlk8z1._.js:2:53551)\n    at fetch (/Users/ofir/kenyonexpress-autopilot/.next/server/chunks/[root-of-the-server]__1jlk8z1._.js:2:84044)\n    at /Users/ofir/kenyonexpress-autopilot/.next/server/chun","digest":"HANGING_PROMISE_REJECTION"}}
{"ts":"2026-10-07T18:55:16.533Z","level":"error","event":"db.query_failed","request_id":null,"method":"GET","target":"products","duration_ms":0,"err":{"name":"Error","message":"During prerendering, fetch() rejects when the prerender is complete. Typically these errors are handled by React but if you move fetch() to a different context by using `setTimeout`, `after`, or similar functions you may observe this error and you should handle it in that context. This occurred at route \"/product/[slug]\".","stack":"Error: During prerendering, fetch() rejects when the prerender is complete. Typically these errors are handled by React but if you move fetch() to a different context by using `setTimeout`, `after`, or similar functions you may observe this error and you should handle it in that context. This occurred at route \"/product/[slug]\".\n    at eu (/Users/ofir/kenyonexpress-autopilot/.next/server/chunks/[root-of-the-server]__1jlk8z1._.js:2:58687)\n    at /Users/ofir/kenyonexpress-autopilot/.next/server/chunks/[root-of-the-server]__1jlk8z1._.js:2:87004\n    at /Users/ofir/kenyonexpress-autopilot/.next/server/chunks/[root-of-the-server]__1jlk8z1._.js:2:54057\n    at /Users/ofir/kenyonexpress-autopilot/.next/server/chunks/[root-of-the-server]__1jlk8z1._.js:2:54347\n    at Object.with (/Users/ofir/kenyonexpress-autopilot/.next/server/chunks/[root-of-the-server]__1jlk8z1._.js:2:4124)\n    at S.with (/Users/ofir/kenyonexpress-autopilot/.next/server/chunks/[root-of-the-server]__1jlk8z1._.js:2:4450)\n    at G.startActiveSpan (/Users/ofir/kenyonexpress-autopilot/.next/server/chunks/[root-of-the-server]__1jlk8z1._.js:2:6806)\n    at H.startActiveSpan (/Users/ofir/kenyonexpress-autopilot/.next/server/chunks/[root-of-the-server]__1jlk8z1._.js:2:7045)\n    at e.runWithActiveSpan (/Users/ofir/kenyonexpress-autopilot/.next/server/chunks/[root-of-the-server]__1jlk8z1._.js:2:54324)\n    at /Users/ofir/kenyonexpress-autopilot/.next/server/chunks/[root-of-the-server]__1jlk8z1._.js:2:53577\n    at Object.with (/Users/ofir/kenyonexpress-autopilot/.next/server/chunks/[root-of-the-server]__1jlk8z1._.js:2:4124)\n    at S.with (/Users/ofir/kenyonexpress-autopilot/.next/server/chunks/[root-of-the-server]__1jlk8z1._.js:2:4450)\n    at e.trace (/Users/ofir/kenyonexpress-autopilot/.next/server/chunks/[root-of-the-server]__1jlk8z1._.js:2:53551)\n    at fetch (/Users/ofir/kenyonexpress-autopilot/.next/server/chunks/[root-of-the-server]__1jlk8z1._.js:2:84044)\n    at /Users/ofir/kenyonexpress-autopilot/.next/server/chun","digest":"HANGING_PROMISE_REJECTION"}}
{"ts":"2026-10-07T18:55:16.590Z","level":"error","event":"db.query_failed","request_id":null,"method":"GET","target":"products","duration_ms":0,"err":{"name":"Error","message":"During prerendering, fetch() rejects when the prerender is complete. Typically these errors are handled by React but if you move fetch() to a different context by using `setTimeout`, `after`, or similar functions you may observe this error and you should handle it in that context. This occurred at route \"/product/[slug]\".","stack":"Error: During prerendering, fetch() rejects when the prerender is complete. Typically these errors are handled by React but if you move fetch() to a different context by using `setTimeout`, `after`, or similar functions you may observe this error and you should handle it in that context. This occurred at route \"/product/[slug]\".\n    at eu (/Users/ofir/kenyonexpress-autopilot/.next/server/chunks/[root-of-the-server]__1jlk8z1._.js:2:58687)\n    at /Users/ofir/kenyonexpress-autopilot/.next/server/chunks/[root-of-the-server]__1jlk8z1._.js:2:87004\n    at /Users/ofir/kenyonexpress-autopilot/.next/server/chunks/[root-of-the-server]__1jlk8z1._.js:2:54057\n    at /Users/ofir/kenyonexpress-autopilot/.next/server/chunks/[root-of-the-server]__1jlk8z1._.js:2:54347\n    at Object.with (/Users/ofir/kenyonexpress-autopilot/.next/server/chunks/[root-of-the-server]__1jlk8z1._.js:2:4124)\n    at S.with (/Users/ofir/kenyonexpress-autopilot/.next/server/chunks/[root-of-the-server]__1jlk8z1._.js:2:4450)\n    at G.startActiveSpan (/Users/ofir/kenyonexpress-autopilot/.next/server/chunks/[root-of-the-server]__1jlk8z1._.js:2:6806)\n    at H.startActiveSpan (/Users/ofir/kenyonexpress-autopilot/.next/server/chunks/[root-of-the-server]__1jlk8z1._.js:2:7045)\n    at e.runWithActiveSpan (/Users/ofir/kenyonexpress-autopilot/.next/server/chunks/[root-of-the-server]__1jlk8z1._.js:2:54324)\n    at /Users/ofir/kenyonexpress-autopilot/.next/server/chunks/[root-of-the-server]__1jlk8z1._.js:2:53577\n    at Object.with (/Users/ofir/kenyonexpress-autopilot/.next/server/chunks/[root-of-the-server]__1jlk8z1._.js:2:4124)\n    at S.with (/Users/ofir/kenyonexpress-autopilot/.next/server/chunks/[root-of-the-server]__1jlk8z1._.js:2:4450)\n    at e.trace (/Users/ofir/kenyonexpress-autopilot/.next/server/chunks/[root-of-the-server]__1jlk8z1._.js:2:53551)\n    at fetch (/Users/ofir/kenyonexpress-autopilot/.next/server/chunks/[root-of-the-server]__1jlk8z1._.js:2:84044)\n    at /Users/ofir/kenyonexpress-autopilot/.next/server/chun","digest":"HANGING_PROMISE_REJECTION"}}
{"ts":"2026-10-07T18:55:16.597Z","level":"error","event":"db.query_failed","request_id":null,"method":"GET","target":"products","duration_ms":0,"err":{"name":"Error","message":"During prerendering, fetch() rejects when the prerender is complete. Typically these errors are handled by React but if you move fetch() to a different context by using `setTimeout`, `after`, or similar functions you may observe this error and you should handle it in that context. This occurred at route \"/product/[slug]\".","stack":"Error: During prerendering, fetch() rejects when the prerender is complete. Typically these errors are handled by React but if you move fetch() to a different context by using `setTimeout`, `after`, or similar functions you may observe this error and you should handle it in that context. This occurred at route \"/product/[slug]\".\n    at eu (/Users/ofir/kenyonexpress-autopilot/.next/server/chunks/[root-of-the-server]__1jlk8z1._.js:2:58687)\n    at /Users/ofir/kenyonexpress-autopilot/.next/server/chunks/[root-of-the-server]__1jlk8z1._.js:2:87004\n    at /Users/ofir/kenyonexpress-autopilot/.next/server/chunks/[root-of-the-server]__1jlk8z1._.js:2:54057\n    at /Users/ofir/kenyonexpress-autopilot/.next/server/chunks/[root-of-the-server]__1jlk8z1._.js:2:54347\n    at Object.with (/Users/ofir/kenyonexpress-autopilot/.next/server/chunks/[root-of-the-server]__1jlk8z1._.js:2:4124)\n    at S.with (/Users/ofir/kenyonexpress-autopilot/.next/server/chunks/[root-of-the-server]__1jlk8z1._.js:2:4450)\n    at G.startActiveSpan (/Users/ofir/kenyonexpress-autopilot/.next/server/chunks/[root-of-the-server]__1jlk8z1._.js:2:6806)\n    at H.startActiveSpan (/Users/ofir/kenyonexpress-autopilot/.next/server/chunks/[root-of-the-server]__1jlk8z1._.js:2:7045)\n    at e.runWithActiveSpan (/Users/ofir/kenyonexpress-autopilot/.next/server/chunks/[root-of-the-server]__1jlk8z1._.js:2:54324)\n    at /Users/ofir/kenyonexpress-autopilot/.next/server/chunks/[root-of-the-server]__1jlk8z1._.js:2:53577\n    at Object.with (/Users/ofir/kenyonexpress-autopilot/.next/server/chunks/[root-of-the-server]__1jlk8z1._.js:2:4124)\n    at S.with (/Users/ofir/kenyonexpress-autopilot/.next/server/chunks/[root-of-the-server]__1jlk8z1._.js:2:4450)\n    at e.trace (/Users/ofir/kenyonexpress-autopilot/.next/server/chunks/[root-of-the-server]__1jlk8z1._.js:2:53551)\n    at fetch (/Users/ofir/kenyonexpress-autopilot/.next/server/chunks/[root-of-the-server]__1jlk8z1._.js:2:84044)\n    at /Users/ofir/kenyonexpress-autopilot/.next/server/chun","digest":"HANGING_PROMISE_REJECTION"}}
{"ts":"2026-10-07T18:55:16.633Z","level":"error","event":"db.query_failed","request_id":null,"method":"GET","target":"products","duration_ms":0,"err":{"name":"Error","message":"During prerendering, fetch() rejects when the prerender is complete. Typically these errors are handled by React but if you move fetch() to a different context by using `setTimeout`, `after`, or similar functions you may observe this error and you should handle it in that context. This occurred at route \"/product/[slug]\".","stack":"Error: During prerendering, fetch() rejects when the prerender is complete. Typically these errors are handled by React but if you move fetch() to a different context by using `setTimeout`, `after`, or similar functions you may observe this error and you should handle it in that context. This occurred at route \"/product/[slug]\".\n    at eu (/Users/ofir/kenyonexpress-autopilot/.next/server/chunks/[root-of-the-server]__1jlk8z1._.js:2:58687)\n    at /Users/ofir/kenyonexpress-autopilot/.next/server/chunks/[root-of-the-server]__1jlk8z1._.js:2:87004\n    at /Users/ofir/kenyonexpress-autopilot/.next/server/chunks/[root-of-the-server]__1jlk8z1._.js:2:54057\n    at /Users/ofir/kenyonexpress-autopilot/.next/server/chunks/[root-of-the-server]__1jlk8z1._.js:2:54347\n    at Object.with (/Users/ofir/kenyonexpress-autopilot/.next/server/chunks/[root-of-the-server]__1jlk8z1._.js:2:4124)\n    at S.with (/Users/ofir/kenyonexpress-autopilot/.next/server/chunks/[root-of-the-server]__1jlk8z1._.js:2:4450)\n    at G.startActiveSpan (/Users/ofir/kenyonexpress-autopilot/.next/server/chunks/[root-of-the-server]__1jlk8z1._.js:2:6806)\n    at H.startActiveSpan (/Users/ofir/kenyonexpress-autopilot/.next/server/chunks/[root-of-the-server]__1jlk8z1._.js:2:7045)\n    at e.runWithActiveSpan (/Users/ofir/kenyonexpress-autopilot/.next/server/chunks/[root-of-the-server]__1jlk8z1._.js:2:54324)\n    at /Users/ofir/kenyonexpress-autopilot/.next/server/chunks/[root-of-the-server]__1jlk8z1._.js:2:53577\n    at Object.with (/Users/ofir/kenyonexpress-autopilot/.next/server/chunks/[root-of-the-server]__1jlk8z1._.js:2:4124)\n    at S.with (/Users/ofir/kenyonexpress-autopilot/.next/server/chunks/[root-of-the-server]__1jlk8z1._.js:2:4450)\n    at e.trace (/Users/ofir/kenyonexpress-autopilot/.next/server/chunks/[root-of-the-server]__1jlk8z1._.js:2:53551)\n    at fetch (/Users/ofir/kenyonexpress-autopilot/.next/server/chunks/[root-of-the-server]__1jlk8z1._.js:2:84044)\n    at /Users/ofir/kenyonexpress-autopilot/.next/server/chun","digest":"HANGING_PROMISE_REJECTION"}}
{"ts":"2026-10-07T18:55:16.633Z","level":"warn","event":"stock.available_read_failed","request_id":null,"productId":"933e28bb-5476-4250-8072-6dca2751102e","reason":"Error: During prerendering, fetch() rejects when the prerender is complete. Typically these errors are handled by React but if you move fetch() to a different context by using `setTimeout`, `after`, or similar functions you may observe this error and you should handle it in that context. This occurred at route \"/product/[slug]\"."}
{"ts":"2026-10-07T18:55:16.633Z","level":"error","event":"db.query_failed","request_id":null,"method":"GET","target":"products","duration_ms":0,"err":{"name":"Error","message":"During prerendering, fetch() rejects when the prerender is complete. Typically these errors are handled by React but if you move fetch() to a different context by using `setTimeout`, `after`, or similar functions you may observe this error and you should handle it in that context. This occurred at route \"/product/[slug]\".","stack":"Error: During prerendering, fetch() rejects when the prerender is complete. Typically these errors are handled by React but if you move fetch() to a different context by using `setTimeout`, `after`, or similar functions you may observe this error and you should handle it in that context. This occurred at route \"/product/[slug]\".\n    at eu (/Users/ofir/kenyonexpress-autopilot/.next/server/chunks/[root-of-the-server]__1jlk8z1._.js:2:58687)\n    at /Users/ofir/kenyonexpress-autopilot/.next/server/chunks/[root-of-the-server]__1jlk8z1._.js:2:87004\n    at /Users/ofir/kenyonexpress-autopilot/.next/server/chunks/[root-of-the-server]__1jlk8z1._.js:2:54057\n    at /Users/ofir/kenyonexpress-autopilot/.next/server/chunks/[root-of-the-server]__1jlk8z1._.js:2:54347\n    at Object.with (/Users/ofir/kenyonexpress-autopilot/.next/server/chunks/[root-of-the-server]__1jlk8z1._.js:2:4124)\n    at S.with (/Users/ofir/kenyonexpress-autopilot/.next/server/chunks/[root-of-the-server]__1jlk8z1._.js:2:4450)\n    at G.startActiveSpan (/Users/ofir/kenyonexpress-autopilot/.next/server/chunks/[root-of-the-server]__1jlk8z1._.js:2:6806)\n    at H.startActiveSpan (/Users/ofir/kenyonexpress-autopilot/.next/server/chunks/[root-of-the-server]__1jlk8z1._.js:2:7045)\n    at e.runWithActiveSpan (/Users/ofir/kenyonexpress-autopilot/.next/server/chunks/[root-of-the-server]__1jlk8z1._.js:2:54324)\n    at /Users/ofir/kenyonexpress-autopilot/.next/server/chunks/[root-of-the-server]__1jlk8z1._.js:2:53577\n    at Object.with (/Users/ofir/kenyonexpress-autopilot/.next/server/chunks/[root-of-the-server]__1jlk8z1._.js:2:4124)\n    at S.with (/Users/ofir/kenyonexpress-autopilot/.next/server/chunks/[root-of-the-server]__1jlk8z1._.js:2:4450)\n    at e.trace (/Users/ofir/kenyonexpress-autopilot/.next/server/chunks/[root-of-the-server]__1jlk8z1._.js:2:53551)\n    at fetch (/Users/ofir/kenyonexpress-autopilot/.next/server/chunks/[root-of-the-server]__1jlk8z1._.js:2:84044)\n    at /Users/ofir/kenyonexpress-autopilot/.next/server/chun","digest":"HANGING_PROMISE_REJECTION"}}
{"ts":"2026-10-07T18:55:16.633Z","level":"warn","event":"stock.available_read_failed","request_id":null,"productId":"933e28bb-5476-4250-8072-6dca2751102e","reason":"Error: During prerendering, fetch() rejects when the prerender is complete. Typically these errors are handled by React but if you move fetch() to a different context by using `setTimeout`, `after`, or similar functions you may observe this error and you should handle it in that context. This occurred at route \"/product/[slug]\"."}
✓ Generating static pages using 7 workers (295/295) in 12.2s
Turbopack build encountered 2 warnings:
./src/lib/images/watermark.ts:33:21
Warning: The file pattern ('/ROOT/' <dynamic> | '/ROOT' <dynamic>) matches 10580 files in [project]/
  [90m31 |[0m   [36mif[0m (cached && cachedFor === file) [36mreturn[0m cached
  [90m32 |[0m   cachedFor = file
[33m[1m>[0m [90m33 |[0m   cached = readFile(resolve(process.cwd(), file))
  [90m   |[0m                     [33m[1m^^^^^^^^^^^^^^^^^^^^^^^^^^^^[0m
  [90m34 |[0m     .then((image) => ({ image, opacity: parseOpacity(env.[33mIMAGE_WATERMARK_OPACITY[0m) }))
  [90m35 |[0m     .[36mcatch[0m((error: unknown) => {
  [90m36 |[0m       log.warn([32m'images.watermark.unreadable'[0m, {

Overly broad patterns can lead to build performance issues and over bundling.

Import trace:
  Server Component:
    ./src/lib/images/watermark.ts
    ./src/server/actions/admin/images.ts


./src/lib/images/watermark.ts:33:21
Warning: Dynamic filesystem access causes tracing of the whole project
  [90m31 |[0m   [36mif[0m (cached && cachedFor === file) [36mreturn[0m cached
  [90m32 |[0m   cachedFor = file
[33m[1m>[0m [90m33 |[0m   cached = readFile(resolve(process.cwd(), file))
  [90m   |[0m                     [33m[1m^^^^^^^^^^^^^^^^^^^^^^^^^^^^[0m
  [90m34 |[0m     .then((image) => ({ image, opacity: parseOpacity(env.[33mIMAGE_WATERMARK_OPACITY[0m) }))
  [90m35 |[0m     .[36mcatch[0m((error: unknown) => {
  [90m36 |[0m       log.warn([32m'images.watermark.unreadable'[0m, {

Static analysis determined that this filesystem access causes the whole project to be traced and included in the output.
This is usually unintentional and leads to all source files (including the public folder) to be deployed as part of the server code.
This can slow down deployments or lead to failures when size limits are exceeded.
To resolve this, you can
- make sure the path is statically scoped to some subfolder, for example path.join(process.cwd(), 'data', bar), or
- only use them in development, or
- opt out by adding an ignore comment to the highlighted call: path.resolve(/*turbopackIgnore: true*/ ...), or
- remove them.

Import trace:
  Server Component:
    ./src/lib/images/watermark.ts
    ./src/server/actions/admin/images.ts


  Finalizing page optimization ...

Route (app)                                          Revalidate  Expire
┌ ◐ /                                                        2m      1d
├ ◐ /_not-found
├ ◐ /about
├ ◐ /accessibility
├ ◐ /account
├ ◐ /account/addresses
├ ◐ /account/cashback
├ ◐ /account/coupons
├ ◐ /account/details
├ ◐ /account/my-vouchers
├ ◐ /account/notifications
├ ◐ /account/orders
├   /account/orders/[id]
│ └ ◐ /account/orders/[id]
├ ƒ /account/orders/[id]/invoice
├ ƒ /account/orders/[id]/receipt
├ ◐ /account/privacy
├ ◐ /account/referrals
├ ◐ /account/saved-searches
├ ◐ /account/security
├ ◐ /account/subscriptions
├ ◐ /account/tokens
├ ◐ /account/vouchers
├ ◐ /account/wallet
├ ◐ /account/wishlist
├ ◐ /admin
├ ◐ /admin-mfa
├ ◐ /admin/affiliates
├ ◐ /admin/analytics
├ ◐ /admin/approvals
├ ◐ /admin/audit-log
├ ◐ /admin/cashback
├ ◐ /admin/categories
├   /admin/categories/[id]
│ └ ◐ /admin/categories/[id]
├ ◐ /admin/categories/new
├ ◐ /admin/coupons
├   /admin/coupons/[id]
│ └ ◐ /admin/coupons/[id]
├ ◐ /admin/coupons/codes
├   /admin/coupons/codes/[id]
│ └ ◐ /admin/coupons/codes/[id]
├ ◐ /admin/coupons/lookup
├ ◐ /admin/coupons/new
├ ◐ /admin/dashboard
├ ◐ /admin/discounts
├   /admin/discounts/[id]
│ └ ◐ /admin/discounts/[id]
├ ◐ /admin/discounts/new
├ ◐ /admin/feature-flags
├ ◐ /admin/fraud
├ ◐ /admin/growth
├ ◐ /admin/orders
├   /admin/orders/[id]
│ └ ◐ /admin/orders/[id]
├ ◐ /admin/payments
├ ◐ /admin/payouts
├ ◐ /admin/products
├   /admin/products/[id]/edit
│ └ ◐ /admin/products/[id]/edit
├ ◐ /admin/products/bulk
├ ◐ /admin/products/import
├ ◐ /admin/products/import/history
├ ◐ /admin/products/new
├ ◐ /admin/queues
├ ◐ /admin/referrals
├ ◐ /admin/reports
├ ◐ /admin/reviews
├ ◐ /admin/search
├ ◐ /admin/status
├ ◐ /admin/suppliers
├   /admin/suppliers/[id]
│ └ ◐ /admin/suppliers/[id]
├ ◐ /admin/suppliers/new
├ ◐ /admin/users
├   /admin/users/[id]
│ └ ◐ /admin/users/[id]
├ ◐ /admin/vendors
├   /admin/vendors/[id]
│ └ ◐ /admin/vendors/[id]
├ ◐ /admin/vendors/new
├ ƒ /api/a
├ ƒ /api/account/export
├ ƒ /api/admin/coupon-qr/[id]/pdf
├ ƒ /api/admin/coupon-qr/redeem
├ ƒ /api/admin/orders/export
├ ƒ /api/admin/reports/[report]
├ ƒ /api/alerts/sentry
├ ƒ /api/alerts/uptimerobot
├ ƒ /api/app/push-tokens
├ ƒ /api/app/session
├ ƒ /api/cart
├ ƒ /api/cart/sync
├ ƒ /api/checkout/postal-code
├ ƒ /api/cron/abandoned-cart
├ ƒ /api/cron/analytics-rollup
├ ƒ /api/cron/backup
├ ƒ /api/cron/cashback-settlement
├ ƒ /api/cron/daily-deals
├ ƒ /api/cron/email-retry
├ ƒ /api/cron/expire-cashback
├ ƒ /api/cron/expire-coupons
├ ƒ /api/cron/expire-vouchers
├ ƒ /api/cron/health
├ ƒ /api/cron/invoices
├ ƒ /api/cron/job-dlq
├ ƒ /api/cron/log-cleanup
├ ƒ /api/cron/notifications
├ ƒ /api/cron/reap-carts
├ ƒ /api/cron/reconcile
├ ƒ /api/cron/retention
├ ƒ /api/cron/search-outbox
├ ƒ /api/cron/search-reindex
├ ƒ /api/cron/sitemap-regen
├ ƒ /api/cron/slow-statements
├ ƒ /api/cron/stock
├ ƒ /api/cron/stranded-payments
├ ƒ /api/cron/subscriptions
├ ƒ /api/cron/webhook-dlq
├ ƒ /api/cron/weekly-digest
├ ƒ /api/cron/whatsapp
├ ƒ /api/cron/wishlist-alerts
├ ƒ /api/cron/wishlist-digest
├ ƒ /api/debug/sentry
├ ƒ /api/health
├ ƒ /api/jobs/dlq
├ ƒ /api/jobs/run
├ ƒ /api/payments/cardcom/webhook
├ ƒ /api/ready
├ ƒ /api/revalidate
├ ƒ /api/search
├ ƒ /api/search/facets
├ ƒ /api/search/index-dlq
├ ƒ /api/search/index-job
├ ƒ /api/search/quick-links
├ ƒ /api/search/suggest
├ ƒ /api/supplier/app/pin
├ ƒ /api/supplier/payouts/csv
├ ƒ /api/supplier/redeem
├ ƒ /api/supplier/vouchers/lookup
├ ƒ /api/supplier/vouchers/redeem
├ ƒ /api/supplier/vouchers/redeem-batch
├ ƒ /api/wallet/apple/[id]
├ ƒ /api/webhooks/images/purge
├ ƒ /api/webhooks/products
├ ƒ /api/webhooks/twilio-sms
├ ƒ /api/webhooks/whatsapp
├ ƒ /auth/callback
├ ◐ /blog
├ ◐ /blog/how-coupons-work
├ ƒ /c/[code]
├ ◐ /cart
├   /category/[slug]
│ ├ ◐ /category/[slug]
│ ├ ◐ /category/hot-deals                                    5m      1d
│ ├ ◐ /category/under-99                                     5m      1d
│ └ ◐ [+11 more paths]
├ ◐ /checkout
├ ◐ /checkout/app-return
├ ◐ /checkout/confirmation
├ ◐ /checkout/failed
├ ◐ /checkout/frame-return
├ ◐ /checkout/return
├   /city/[slug]
│ ├ ◐ /city/[slug]
│ ├ ◐ /city/תל-אביב
│ ├ ◐ /city/רמת-גן-גבעתיים-בני-ברק
│ └ ◐ [+15 more paths]
├ ◐ /contact
├   /coupon/[slug]
│ ├ ◐ /coupon/[slug]
│ ├ ◐ /coupon/e2e-test-coupon                                2m      1d
│ ├ ◐ /coupon/barbecue                                       2m      1d
│ └ ◐ [+2 more paths]
├ ◐ /coupons                                                 1d      1w
├   /coupons/[id]                                            1d      1w
│ ├ ◐ /coupons/[id]                                          1d      1w
│ ├ ◐ /coupons/b787a850-e9e5-4d6a-951c-d9dc18ced87f          2m      1d
│ ├ ◐ /coupons/392bb808-dd50-423f-b118-9f2e93aada75          2m      1d
│ └ ◐ [+6 more paths]
├ ◐ /debug/sentry
├ ◐ /debug/sentry/render
├ ◐ /faq
├ ƒ /feed.xml
├ ◐ /forgot-password
├ ◐ /gift-card
├   /gift/[token]
│ └ ◐ /gift/[token]
├ ƒ /images/r2/[...key]
├ ◐ /legal/accessibility
├ ◐ /legal/privacy
├ ◐ /legal/returns
├ ◐ /legal/terms
├ ◐ /login
├ ○ /manifest.webmanifest
├ ƒ /merchant.xml
├ ○ /merchant/manifest.webmanifest
├ ◐ /merchant/scan
├ ◐ /mfa
├ ◐ /newsletter/confirm                                      1d      1w
├ ◐ /newsletter/unsubscribe                                  1d      1w
├ ◐ /offline
├ ƒ /opengraph-image
├ ◐ /privacy-policy
├   /product/[slug]
│ ├ ◐ /product/[slug]
│ ├ ◐ /product/e2e-test-physical                             2m      1d
│ ├ ◐ /product/e2e-test-coupon                               2m      1d
│ └ ◐ [+44 more paths]
├ ƒ /product/[slug]/opengraph-image-1r2n5f
├ ◐ /products                                                5m      1d
├   /redeem/[token]
│ └ ◐ /redeem/[token]
├ ◐ /refund_returns
├ ◐ /reset-password
├ ○ /robots.txt
├   /s/[id]
│ ├ ◐ /s/[id]
│ ├ ◐ /s/ce85543d-e102-4ff1-b6dc-06799ca9d5a0                5m      1d
│ ├ ◐ /s/bef951ff-93bd-4064-985a-3ed6829d12d6                5m      1d
│ └ ◐ [+5 more paths]
├ ◐ /scan
├ ◐ /search
├ ◐ /signup
├ ◐ /signup/confirm
├ ◐ /signup/verify-phone
├ ○ /sitemap.xml                                             1h      1d
├ ◐ /supplier
├ ◐ /supplier/access-denied
├ ◐ /supplier/login
├ ◐ /supplier/orders
├ ◐ /supplier/payouts
├ ◐ /supplier/products
├ ◐ /supplier/redemptions
├ ◐ /supplier/scan
├ ◐ /suppliers
├ ◐ /terms-and-conditions
├   /voucher/[id]
│ └ ◐ /voucher/[id]
├ ◐ /wallet
├ ◐ /wishlist
├ ◐ /wishlist-alerts/unsubscribe                             1d      1w
└   /wishlist/shared/[token]
  └ ◐ /wishlist/shared/[token]


ƒ Proxy (Middleware)

○  (Static)             prerendered as static content
◐  (Partial Prerender)  prerendered as static HTML with dynamic server-streamed content
ƒ  (Dynamic)            server-rendered on demand

csp shell gate: clean (223 shells, every inline script hashed, every page on the resume path)
BUILD_EXIT=0
